// Generated from captured_packets.hpp for Minecraft 26.x
#pragma once

#include <cstdint>
#include <cstddef>

namespace waiting_server {

struct PacketBlob {
    const uint8_t* data;
    size_t size;
};

inline constexpr uint8_t config_packet_00[] = { 0x19, 0x01, 0x0F, 0x6D, 0x69, 0x6E, 0x65, 0x63, 0x72, 0x61, 0x66, 0x74, 0x3A, 0x62, 0x72, 0x61, 0x6E, 0x64, 0x07, 0x76, 0x61, 0x6E, 0x69, 0x6C, 0x6C, 0x61 };

inline constexpr uint8_t config_packet_01[] = { 0x14, 0x0C, 0x01, 0x11, 0x6D, 0x69, 0x6E, 0x65, 0x63, 0x72, 0x61, 0x66, 0x74, 0x3A, 0x76, 0x61, 0x6E, 0x69, 0x6C, 0x6C, 0x61 };

inline constexpr uint8_t config_packet_02[] = { 0x18, 0x0E, 0x01, 0x09, 0x6D, 0x69, 0x6E, 0x65, 0x63, 0x72, 0x61, 0x66, 0x74, 0x04, 0x63, 0x6F, 0x72, 0x65, 0x06, 0x32, 0x36, 0x2E, 0x31, 0x2E, 0x32 };

inline constexpr uint8_t config_packet_03[] = {
    0x8F, 0x9E, 0x01, 0x07, 0x18, 0x6D, 0x69, 0x6E, 0x65, 0x63, 0x72, 0x61, 0x66, 0x74, 0x3A, 0x77, 0x6F, 0x72, 0x6C, 0x64,
    0x67, 0x65, 0x6E, 0x2F, 0x62, 0x69, 0x6F, 0x6D, 0x65, 0x42, 0x12, 0x6D, 0x69, 0x6E, 0x65, 0x63, 0x72, 0x61, 0x66, 0x74,
    0x3A, 0x62, 0x61, 0x64, 0x6C, 0x61, 0x6E, 0x64, 0x73, 0x01, 0x0A, 0x0A, 0x00, 0x07, 0x65, 0x66, 0x66, 0x65, 0x63, 0x74,
    0x73, 0x08, 0x00, 0x0B, 0x67, 0x72, 0x61, 0x73, 0x73, 0x5F, 0x63, 0x6F, 0x6C, 0x6F, 0x72, 0x00, 0x07, 0x23, 0x39, 0x30,
    0x38, 0x31, 0x34, 0x64, 0x08, 0x00, 0x0D, 0x66, 0x6F, 0x6C, 0x69, 0x61, 0x67, 0x65, 0x5F, 0x63, 0x6F, 0x6C, 0x6F, 0x72,
    0x00, 0x07, 0x23, 0x39, 0x65, 0x38, 0x31, 0x34, 0x64, 0x08, 0x00, 0x0B, 0x77, 0x61, 0x74, 0x65, 0x72, 0x5F, 0x63, 0x6F,
    0x6C, 0x6F, 0x72, 0x00, 0x07, 0x23, 0x33, 0x66, 0x37, 0x36, 0x65, 0x34, 0x00, 0x01, 0x00, 0x11, 0x68, 0x61, 0x73, 0x5F,
    0x70, 0x72, 0x65, 0x63, 0x69, 0x70, 0x69, 0x74, 0x61, 0x74, 0x69, 0x6F, 0x6E, 0x00, 0x05, 0x00, 0x0B, 0x74, 0x65, 0x6D,
    0x70, 0x65, 0x72, 0x61, 0x74, 0x75, 0x72, 0x65, 0x40, 0x00, 0x00, 0x00, 0x05, 0x00, 0x08, 0x64, 0x6F, 0x77, 0x6E, 0x66,
    0x61, 0x6C, 0x6C, 0x00, 0x00, 0x00, 0x00, 0x0A, 0x00, 0x0A, 0x61, 0x74, 0x74, 0x72, 0x69, 0x62, 0x75, 0x74, 0x65, 0x73,
    0x0A, 0x00, 0x20, 0x6D, 0x69, 0x6E, 0x65, 0x63, 0x72, 0x61, 0x66, 0x74, 0x3A, 0x61, 0x75, 0x64, 0x69, 0x6F, 0x2F, 0x62,
    0x61, 0x63, 0x6B, 0x67, 0x72, 0x6F, 0x75, 0x6E, 0x64, 0x5F, 0x6D, 0x75, 0x73, 0x69, 0x63, 0x0A, 0x00, 0x07, 0x64, 0x65,
    0x66, 0x61, 0x75, 0x6C, 0x74, 0x03, 0x00, 0x09, 0x6D, 0x61, 0x78, 0x5F, 0x64, 0x65, 0x6C, 0x61, 0x79, 0x00, 0x00, 0x5D,
    0xC0, 0x08, 0x00, 0x05, 0x73, 0x6F, 0x75, 0x6E, 0x64, 0x00, 0x22, 0x6D, 0x69, 0x6E, 0x65, 0x63, 0x72, 0x61, 0x66, 0x74,
    0x3A, 0x6D, 0x75, 0x73, 0x69, 0x63, 0x2E, 0x6F, 0x76, 0x65, 0x72, 0x77, 0x6F, 0x72, 0x6C, 0x64, 0x2E, 0x62, 0x61, 0x64,
    0x6C, 0x61, 0x6E, 0x64, 0x73, 0x03, 0x00, 0x09, 0x6D, 0x69, 0x6E, 0x5F, 0x64, 0x65, 0x6C, 0x61, 0x79, 0x00, 0x00, 0x2E,
    0xE0, 0x00, 0x00, 0x08, 0x00, 0x1A, 0x6D, 0x69, 0x6E, 0x65, 0x63, 0x72, 0x61, 0x66, 0x74, 0x3A, 0x76, 0x69, 0x73, 0x75,
    0x61, 0x6C, 0x2F, 0x73, 0x6B, 0x79, 0x5F, 0x63, 0x6F, 0x6C, 0x6F, 0x72, 0x00, 0x07, 0x23, 0x36, 0x65, 0x62, 0x31, 0x66,
    0x66, 0x00, 0x00, 0x17, 0x6D, 0x69, 0x6E, 0x65, 0x63, 0x72, 0x61, 0x66, 0x74, 0x3A, 0x62, 0x61, 0x6D, 0x62, 0x6F, 0x6F,
    0x5F, 0x6A, 0x75, 0x6E, 0x67, 0x6C, 0x65, 0x01, 0x0A, 0x0A, 0x00, 0x07, 0x65, 0x66, 0x66, 0x65, 0x63, 0x74, 0x73, 0x08,
    0x00, 0x0B, 0x77, 0x61, 0x74, 0x65, 0x72, 0x5F, 0x63, 0x6F, 0x6C, 0x6F, 0x72, 0x00, 0x07, 0x23, 0x33, 0x66, 0x37, 0x36,
    0x65, 0x34, 0x00, 0x01, 0x00, 0x11, 0x68, 0x61, 0x73, 0x5F, 0x70, 0x72, 0x65, 0x63, 0x69, 0x70, 0x69, 0x74, 0x61, 0x74,
    0x69, 0x6F, 0x6E, 0x01, 0x05, 0x00, 0x0B, 0x74, 0x65, 0x6D, 0x70, 0x65, 0x72, 0x61, 0x74, 0x75, 0x72, 0x65, 0x3F, 0x73,
    0x33, 0x33, 0x05, 0x00, 0x08, 0x64, 0x6F, 0x77, 0x6E, 0x66, 0x61, 0x6C, 0x6C, 0x3F, 0x66, 0x66, 0x66, 0x0A, 0x00, 0x0A,
    0x61, 0x74, 0x74, 0x72, 0x69, 0x62, 0x75, 0x74, 0x65, 0x73, 0x0A, 0x00, 0x20, 0x6D, 0x69, 0x6E, 0x65, 0x63, 0x72, 0x61,
    0x66, 0x74, 0x3A, 0x61, 0x75, 0x64, 0x69, 0x6F, 0x2F, 0x62, 0x61, 0x63, 0x6B, 0x67, 0x72, 0x6F, 0x75, 0x6E, 0x64, 0x5F,
    0x6D, 0x75, 0x73, 0x69, 0x63, 0x0A, 0x00, 0x07, 0x64, 0x65, 0x66, 0x61, 0x75, 0x6C, 0x74, 0x03, 0x00, 0x09, 0x6D, 0x61,
    0x78, 0x5F, 0x64, 0x65, 0x6C, 0x61, 0x79, 0x00, 0x00, 0x5D, 0xC0, 0x08, 0x00, 0x05, 0x73, 0x6F, 0x75, 0x6E, 0x64, 0x00,
    0x27, 0x6D, 0x69, 0x6E, 0x65, 0x63, 0x72, 0x61, 0x66, 0x74, 0x3A, 0x6D, 0x75, 0x73, 0x69, 0x63, 0x2E, 0x6F, 0x76, 0x65,
    0x72, 0x77, 0x6F, 0x72, 0x6C, 0x64, 0x2E, 0x62, 0x61, 0x6D, 0x62, 0x6F, 0x6F, 0x5F, 0x6A, 0x75, 0x6E, 0x67, 0x6C, 0x65,
    0x03, 0x00, 0x09, 0x6D, 0x69, 0x6E, 0x5F, 0x64, 0x65, 0x6C, 0x61, 0x79, 0x00, 0x00, 0x2E, 0xE0, 0x00, 0x00, 0x08, 0x00,
    0x1A, 0x6D, 0x69, 0x6E, 0x65, 0x63, 0x72, 0x61, 0x66, 0x74, 0x3A, 0x76, 0x69, 0x73, 0x75, 0x61, 0x6C, 0x2F, 0x73, 0x6B,
    0x79, 0x5F, 0x63, 0x6F, 0x6C, 0x6F, 0x72, 0x00, 0x07, 0x23, 0x37, 0x37, 0x61, 0x38, 0x66, 0x66, 0x00, 0x00, 0x17, 0x6D,
    0x69, 0x6E, 0x65, 0x63, 0x72, 0x61, 0x66, 0x74, 0x3A, 0x62, 0x61, 0x73, 0x61, 0x6C, 0x74, 0x5F, 0x64, 0x65, 0x6C, 0x74,
    0x61, 0x73, 0x01, 0x0A, 0x0A, 0x00, 0x07, 0x65, 0x66, 0x66, 0x65, 0x63, 0x74, 0x73, 0x08, 0x00, 0x0B, 0x77, 0x61, 0x74,
    0x65, 0x72, 0x5F, 0x63, 0x6F, 0x6C, 0x6F, 0x72, 0x00, 0x07, 0x23, 0x33, 0x66, 0x37, 0x36, 0x65, 0x34, 0x00, 0x01, 0x00,
    0x11, 0x68, 0x61, 0x73, 0x5F, 0x70, 0x72, 0x65, 0x63, 0x69, 0x70, 0x69, 0x74, 0x61, 0x74, 0x69, 0x6F, 0x6E, 0x00, 0x05,
    0x00, 0x0B, 0x74, 0x65, 0x6D, 0x70, 0x65, 0x72, 0x61, 0x74, 0x75, 0x72, 0x65, 0x40, 0x00, 0x00, 0x00, 0x05, 0x00, 0x08,
    0x64, 0x6F, 0x77, 0x6E, 0x66, 0x61, 0x6C, 0x6C, 0x00, 0x00, 0x00, 0x00, 0x0A, 0x00, 0x0A, 0x61, 0x74, 0x74, 0x72, 0x69,
    0x62, 0x75, 0x74, 0x65, 0x73, 0x0A, 0x00, 0x20, 0x6D, 0x69, 0x6E, 0x65, 0x63, 0x72, 0x61, 0x66, 0x74, 0x3A, 0x61, 0x75,
    0x64, 0x69, 0x6F, 0x2F, 0x62, 0x61, 0x63, 0x6B, 0x67, 0x72, 0x6F, 0x75, 0x6E, 0x64, 0x5F, 0x6D, 0x75, 0x73, 0x69, 0x63,
    0x0A, 0x00, 0x07, 0x64, 0x65, 0x66, 0x61, 0x75, 0x6C, 0x74, 0x03, 0x00, 0x09, 0x6D, 0x61, 0x78, 0x5F, 0x64, 0x65, 0x6C,
    0x61, 0x79, 0x00, 0x00, 0x5D, 0xC0, 0x08, 0x00, 0x05, 0x73, 0x6F, 0x75, 0x6E, 0x64, 0x00, 0x24, 0x6D, 0x69, 0x6E, 0x65,
    0x63, 0x72, 0x61, 0x66, 0x74, 0x3A, 0x6D, 0x75, 0x73, 0x69, 0x63, 0x2E, 0x6E, 0x65, 0x74, 0x68, 0x65, 0x72, 0x2E, 0x62,
    0x61, 0x73, 0x61, 0x6C, 0x74, 0x5F, 0x64, 0x65, 0x6C, 0x74, 0x61, 0x73, 0x03, 0x00, 0x09, 0x6D, 0x69, 0x6E, 0x5F, 0x64,
    0x65, 0x6C, 0x61, 0x79, 0x00, 0x00, 0x2E, 0xE0, 0x00, 0x00, 0x08, 0x00, 0x1A, 0x6D, 0x69, 0x6E, 0x65, 0x63, 0x72, 0x61,
    0x66, 0x74, 0x3A, 0x76, 0x69, 0x73, 0x75, 0x61, 0x6C, 0x2F, 0x66, 0x6F, 0x67, 0x5F, 0x63, 0x6F, 0x6C, 0x6F, 0x72, 0x00,
    0x07, 0x23, 0x36, 0x38, 0x35, 0x66, 0x37, 0x30, 0x0A, 0x00, 0x1E, 0x6D, 0x69, 0x6E, 0x65, 0x63, 0x72, 0x61, 0x66, 0x74,
    0x3A, 0x61, 0x75, 0x64, 0x69, 0x6F, 0x2F, 0x61, 0x6D, 0x62, 0x69, 0x65, 0x6E, 0x74, 0x5F, 0x73, 0x6F, 0x75, 0x6E, 0x64,
    0x73, 0x0A, 0x00, 0x04, 0x6D, 0x6F, 0x6F, 0x64, 0x03, 0x00, 0x0A, 0x74, 0x69, 0x63, 0x6B, 0x5F, 0x64, 0x65, 0x6C, 0x61,
    0x79, 0x00, 0x00, 0x17, 0x70, 0x06, 0x00, 0x06, 0x6F, 0x66, 0x66, 0x73, 0x65, 0x74, 0x40, 0x00, 0x00, 0x00, 0x00, 0x00,
    0x00, 0x00, 0x08, 0x00, 0x05, 0x73, 0x6F, 0x75, 0x6E, 0x64, 0x00, 0x24, 0x6D, 0x69, 0x6E, 0x65, 0x63, 0x72, 0x61, 0x66,
    0x74, 0x3A, 0x61, 0x6D, 0x62, 0x69, 0x65, 0x6E, 0x74, 0x2E, 0x62, 0x61, 0x73, 0x61, 0x6C, 0x74, 0x5F, 0x64, 0x65, 0x6C,
    0x74, 0x61, 0x73, 0x2E, 0x6D, 0x6F, 0x6F, 0x64, 0x03, 0x00, 0x13, 0x62, 0x6C, 0x6F, 0x63, 0x6B, 0x5F, 0x73, 0x65, 0x61,
    0x72, 0x63, 0x68, 0x5F, 0x65, 0x78, 0x74, 0x65, 0x6E, 0x74, 0x00, 0x00, 0x00, 0x08, 0x00, 0x0A, 0x00, 0x09, 0x61, 0x64,
    0x64, 0x69, 0x74, 0x69, 0x6F, 0x6E, 0x73, 0x08, 0x00, 0x05, 0x73, 0x6F, 0x75, 0x6E, 0x64, 0x00, 0x29, 0x6D, 0x69, 0x6E,
    0x65, 0x63, 0x72, 0x61, 0x66, 0x74, 0x3A, 0x61, 0x6D, 0x62, 0x69, 0x65, 0x6E, 0x74, 0x2E, 0x62, 0x61, 0x73, 0x61, 0x6C,
    0x74, 0x5F, 0x64, 0x65, 0x6C, 0x74, 0x61, 0x73, 0x2E, 0x61, 0x64, 0x64, 0x69, 0x74, 0x69, 0x6F, 0x6E, 0x73, 0x06, 0x00,
    0x0B, 0x74, 0x69, 0x63, 0x6B, 0x5F, 0x63, 0x68, 0x61, 0x6E, 0x63, 0x65, 0x3F, 0x86, 0xBB, 0x98, 0xC7, 0xE2, 0x82, 0x41,
    0x00, 0x08, 0x00, 0x04, 0x6C, 0x6F, 0x6F, 0x70, 0x00, 0x24, 0x6D, 0x69, 0x6E, 0x65, 0x63, 0x72, 0x61, 0x66, 0x74, 0x3A,
    0x61, 0x6D, 0x62, 0x69, 0x65, 0x6E, 0x74, 0x2E, 0x62, 0x61, 0x73, 0x61, 0x6C, 0x74, 0x5F, 0x64, 0x65, 0x6C, 0x74, 0x61,
    0x73, 0x2E, 0x6C, 0x6F, 0x6F, 0x70, 0x00, 0x09, 0x00, 0x22, 0x6D, 0x69, 0x6E, 0x65, 0x63, 0x72, 0x61, 0x66, 0x74, 0x3A,
    0x76, 0x69, 0x73, 0x75, 0x61, 0x6C, 0x2F, 0x61, 0x6D, 0x62, 0x69, 0x65, 0x6E, 0x74, 0x5F, 0x70, 0x61, 0x72, 0x74, 0x69,
    0x63, 0x6C, 0x65, 0x73, 0x0A, 0x00, 0x00, 0x00, 0x01, 0x05, 0x00, 0x0B, 0x70, 0x72, 0x6F, 0x62, 0x61, 0x62, 0x69, 0x6C,
    0x69, 0x74, 0x79, 0x3D, 0xF1, 0xDA, 0xEB, 0x0A, 0x00, 0x08, 0x70, 0x61, 0x72, 0x74, 0x69, 0x63, 0x6C, 0x65, 0x08, 0x00,
    0x04, 0x74, 0x79, 0x70, 0x65, 0x00, 0x13, 0x6D, 0x69, 0x6E, 0x65, 0x63, 0x72, 0x61, 0x66, 0x74, 0x3A, 0x77, 0x68, 0x69,
    0x74, 0x65, 0x5F, 0x61, 0x73, 0x68, 0x00, 0x00, 0x00, 0x00, 0x0F, 0x6D, 0x69, 0x6E, 0x65, 0x63, 0x72, 0x61, 0x66, 0x74,
    0x3A, 0x62, 0x65, 0x61, 0x63, 0x68, 0x01, 0x0A, 0x0A, 0x00, 0x07, 0x65, 0x66, 0x66, 0x65, 0x63, 0x74, 0x73, 0x08, 0x00,
    0x0B, 0x77, 0x61, 0x74, 0x65, 0x72, 0x5F, 0x63, 0x6F, 0x6C, 0x6F, 0x72, 0x00, 0x07, 0x23, 0x33, 0x66, 0x37, 0x36, 0x65,
    0x34, 0x00, 0x01, 0x00, 0x11, 0x68, 0x61, 0x73, 0x5F, 0x70, 0x72, 0x65, 0x63, 0x69, 0x70, 0x69, 0x74, 0x61, 0x74, 0x69,
    0x6F, 0x6E, 0x01, 0x05, 0x00, 0x0B, 0x74, 0x65, 0x6D, 0x70, 0x65, 0x72, 0x61, 0x74, 0x75, 0x72, 0x65, 0x3F, 0x4C, 0xCC,
    0xCD, 0x05, 0x00, 0x08, 0x64, 0x6F, 0x77, 0x6E, 0x66, 0x61, 0x6C, 0x6C, 0x3E, 0xCC, 0xCC, 0xCD, 0x0A, 0x00, 0x0A, 0x61,
    0x74, 0x74, 0x72, 0x69, 0x62, 0x75, 0x74, 0x65, 0x73, 0x08, 0x00, 0x1A, 0x6D, 0x69, 0x6E, 0x65, 0x63, 0x72, 0x61, 0x66,
    0x74, 0x3A, 0x76, 0x69, 0x73, 0x75, 0x61, 0x6C, 0x2F, 0x73, 0x6B, 0x79, 0x5F, 0x63, 0x6F, 0x6C, 0x6F, 0x72, 0x00, 0x07,
    0x23, 0x37, 0x38, 0x61, 0x37, 0x66, 0x66, 0x00, 0x00, 0x16, 0x6D, 0x69, 0x6E, 0x65, 0x63, 0x72, 0x61, 0x66, 0x74, 0x3A,
    0x62, 0x69, 0x72, 0x63, 0x68, 0x5F, 0x66, 0x6F, 0x72, 0x65, 0x73, 0x74, 0x01, 0x0A, 0x0A, 0x00, 0x07, 0x65, 0x66, 0x66,
    0x65, 0x63, 0x74, 0x73, 0x08, 0x00, 0x0B, 0x77, 0x61, 0x74, 0x65, 0x72, 0x5F, 0x63, 0x6F, 0x6C, 0x6F, 0x72, 0x00, 0x07,
    0x23, 0x33, 0x66, 0x37, 0x36, 0x65, 0x34, 0x00, 0x01, 0x00, 0x11, 0x68, 0x61, 0x73, 0x5F, 0x70, 0x72, 0x65, 0x63, 0x69,
    0x70, 0x69, 0x74, 0x61, 0x74, 0x69, 0x6F, 0x6E, 0x01, 0x05, 0x00, 0x0B, 0x74, 0x65, 0x6D, 0x70, 0x65, 0x72, 0x61, 0x74,
    0x75, 0x72, 0x65, 0x3F, 0x19, 0x99, 0x9A, 0x05, 0x00, 0x08, 0x64, 0x6F, 0x77, 0x6E, 0x66, 0x61, 0x6C, 0x6C, 0x3F, 0x19,
    0x99, 0x9A, 0x0A, 0x00, 0x0A, 0x61, 0x74, 0x74, 0x72, 0x69, 0x62, 0x75, 0x74, 0x65, 0x73, 0x0A, 0x00, 0x20, 0x6D, 0x69,
    0x6E, 0x65, 0x63, 0x72, 0x61, 0x66, 0x74, 0x3A, 0x61, 0x75, 0x64, 0x69, 0x6F, 0x2F, 0x62, 0x61, 0x63, 0x6B, 0x67, 0x72,
    0x6F, 0x75, 0x6E, 0x64, 0x5F, 0x6D, 0x75, 0x73, 0x69, 0x63, 0x0A, 0x00, 0x07, 0x64, 0x65, 0x66, 0x61, 0x75, 0x6C, 0x74,
    0x03, 0x00, 0x09, 0x6D, 0x61, 0x78, 0x5F, 0x64, 0x65, 0x6C, 0x61, 0x79, 0x00, 0x00, 0x5D, 0xC0, 0x08, 0x00, 0x05, 0x73,
    0x6F, 0x75, 0x6E, 0x64, 0x00, 0x20, 0x6D, 0x69, 0x6E, 0x65, 0x63, 0x72, 0x61, 0x66, 0x74, 0x3A, 0x6D, 0x75, 0x73, 0x69,
    0x63, 0x2E, 0x6F, 0x76, 0x65, 0x72, 0x77, 0x6F, 0x72, 0x6C, 0x64, 0x2E, 0x66, 0x6F, 0x72, 0x65, 0x73, 0x74, 0x03, 0x00,
    0x09, 0x6D, 0x69, 0x6E, 0x5F, 0x64, 0x65, 0x6C, 0x61, 0x79, 0x00, 0x00, 0x2E, 0xE0, 0x00, 0x00, 0x08, 0x00, 0x1A, 0x6D,
    0x69, 0x6E, 0x65, 0x63, 0x72, 0x61, 0x66, 0x74, 0x3A, 0x76, 0x69, 0x73, 0x75, 0x61, 0x6C, 0x2F, 0x73, 0x6B, 0x79, 0x5F,
    0x63, 0x6F, 0x6C, 0x6F, 0x72, 0x00, 0x07, 0x23, 0x37, 0x61, 0x61, 0x35, 0x66, 0x66, 0x00, 0x00, 0x16, 0x6D, 0x69, 0x6E,
    0x65, 0x63, 0x72, 0x61, 0x66, 0x74, 0x3A, 0x63, 0x68, 0x65, 0x72, 0x72, 0x79, 0x5F, 0x67, 0x72, 0x6F, 0x76, 0x65, 0x01,
    0x0A, 0x0A, 0x00, 0x07, 0x65, 0x66, 0x66, 0x65, 0x63, 0x74, 0x73, 0x08, 0x00, 0x0B, 0x67, 0x72, 0x61, 0x73, 0x73, 0x5F,
    0x63, 0x6F, 0x6C, 0x6F, 0x72, 0x00, 0x07, 0x23, 0x62, 0x36, 0x64, 0x62, 0x36, 0x31, 0x08, 0x00, 0x0D, 0x66, 0x6F, 0x6C,
    0x69, 0x61, 0x67, 0x65, 0x5F, 0x63, 0x6F, 0x6C, 0x6F, 0x72, 0x00, 0x07, 0x23, 0x62, 0x36, 0x64, 0x62, 0x36, 0x31, 0x08,
    0x00, 0x0B, 0x77, 0x61, 0x74, 0x65, 0x72, 0x5F, 0x63, 0x6F, 0x6C, 0x6F, 0x72, 0x00, 0x07, 0x23, 0x35, 0x64, 0x62, 0x37,
    0x65, 0x66, 0x00, 0x01, 0x00, 0x11, 0x68, 0x61, 0x73, 0x5F, 0x70, 0x72, 0x65, 0x63, 0x69, 0x70, 0x69, 0x74, 0x61, 0x74,
    0x69, 0x6F, 0x6E, 0x01, 0x05, 0x00, 0x0B, 0x74, 0x65, 0x6D, 0x70, 0x65, 0x72, 0x61, 0x74, 0x75, 0x72, 0x65, 0x3F, 0x00,
    0x00, 0x00, 0x05, 0x00, 0x08, 0x64, 0x6F, 0x77, 0x6E, 0x66, 0x61, 0x6C, 0x6C, 0x3F, 0x4C, 0xCC, 0xCD, 0x0A, 0x00, 0x0A,
    0x61, 0x74, 0x74, 0x72, 0x69, 0x62, 0x75, 0x74, 0x65, 0x73, 0x0A, 0x00, 0x20, 0x6D, 0x69, 0x6E, 0x65, 0x63, 0x72, 0x61,
    0x66, 0x74, 0x3A, 0x61, 0x75, 0x64, 0x69, 0x6F, 0x2F, 0x62, 0x61, 0x63, 0x6B, 0x67, 0x72, 0x6F, 0x75, 0x6E, 0x64, 0x5F,
    0x6D, 0x75, 0x73, 0x69, 0x63, 0x0A, 0x00, 0x07, 0x64, 0x65, 0x66, 0x61, 0x75, 0x6C, 0x74, 0x03, 0x00, 0x09, 0x6D, 0x61,
    0x78, 0x5F, 0x64, 0x65, 0x6C, 0x61, 0x79, 0x00, 0x00, 0x5D, 0xC0, 0x08, 0x00, 0x05, 0x73, 0x6F, 0x75, 0x6E, 0x64, 0x00,
    0x26, 0x6D, 0x69, 0x6E, 0x65, 0x63, 0x72, 0x61, 0x66, 0x74, 0x3A, 0x6D, 0x75, 0x73, 0x69, 0x63, 0x2E, 0x6F, 0x76, 0x65,
    0x72, 0x77, 0x6F, 0x72, 0x6C, 0x64, 0x2E, 0x63, 0x68, 0x65, 0x72, 0x72, 0x79, 0x5F, 0x67, 0x72, 0x6F, 0x76, 0x65, 0x03,
    0x00, 0x09, 0x6D, 0x69, 0x6E, 0x5F, 0x64, 0x65, 0x6C, 0x61, 0x79, 0x00, 0x00, 0x2E, 0xE0, 0x00, 0x00, 0x08, 0x00, 0x20,
    0x6D, 0x69, 0x6E, 0x65, 0x63, 0x72, 0x61, 0x66, 0x74, 0x3A, 0x76, 0x69, 0x73, 0x75, 0x61, 0x6C, 0x2F, 0x77, 0x61, 0x74,
    0x65, 0x72, 0x5F, 0x66, 0x6F, 0x67, 0x5F, 0x63, 0x6F, 0x6C, 0x6F, 0x72, 0x00, 0x07, 0x23, 0x35, 0x64, 0x62, 0x37, 0x65,
    0x66, 0x08, 0x00, 0x1A, 0x6D, 0x69, 0x6E, 0x65, 0x63, 0x72, 0x61, 0x66, 0x74, 0x3A, 0x76, 0x69, 0x73, 0x75, 0x61, 0x6C,
    0x2F, 0x73, 0x6B, 0x79, 0x5F, 0x63, 0x6F, 0x6C, 0x6F, 0x72, 0x00, 0x07, 0x23, 0x37, 0x62, 0x61, 0x34, 0x66, 0x66, 0x00,
    0x00, 0x14, 0x6D, 0x69, 0x6E, 0x65, 0x63, 0x72, 0x61, 0x66, 0x74, 0x3A, 0x63, 0x6F, 0x6C, 0x64, 0x5F, 0x6F, 0x63, 0x65,
    0x61, 0x6E, 0x01, 0x0A, 0x0A, 0x00, 0x07, 0x65, 0x66, 0x66, 0x65, 0x63, 0x74, 0x73, 0x08, 0x00, 0x0B, 0x77, 0x61, 0x74,
    0x65, 0x72, 0x5F, 0x63, 0x6F, 0x6C, 0x6F, 0x72, 0x00, 0x07, 0x23, 0x33, 0x64, 0x35, 0x37, 0x64, 0x36, 0x00, 0x01, 0x00,
    0x11, 0x68, 0x61, 0x73, 0x5F, 0x70, 0x72, 0x65, 0x63, 0x69, 0x70, 0x69, 0x74, 0x61, 0x74, 0x69, 0x6F, 0x6E, 0x01, 0x05,
    0x00, 0x0B, 0x74, 0x65, 0x6D, 0x70, 0x65, 0x72, 0x61, 0x74, 0x75, 0x72, 0x65, 0x3F, 0x00, 0x00, 0x00, 0x05, 0x00, 0x08,
    0x64, 0x6F, 0x77, 0x6E, 0x66, 0x61, 0x6C, 0x6C, 0x3F, 0x00, 0x00, 0x00, 0x0A, 0x00, 0x0A, 0x61, 0x74, 0x74, 0x72, 0x69,
    0x62, 0x75, 0x74, 0x65, 0x73, 0x0A, 0x00, 0x20, 0x6D, 0x69, 0x6E, 0x65, 0x63, 0x72, 0x61, 0x66, 0x74, 0x3A, 0x61, 0x75,
    0x64, 0x69, 0x6F, 0x2F, 0x62, 0x61, 0x63, 0x6B, 0x67, 0x72, 0x6F, 0x75, 0x6E, 0x64, 0x5F, 0x6D, 0x75, 0x73, 0x69, 0x63,
    0x0A, 0x00, 0x07, 0x64, 0x65, 0x66, 0x61, 0x75, 0x6C, 0x74, 0x03, 0x00, 0x09, 0x6D, 0x61, 0x78, 0x5F, 0x64, 0x65, 0x6C,
    0x61, 0x79, 0x00, 0x00, 0x5D, 0xC0, 0x08, 0x00, 0x05, 0x73, 0x6F, 0x75, 0x6E, 0x64, 0x00, 0x14, 0x6D, 0x69, 0x6E, 0x65,
    0x63, 0x72, 0x61, 0x66, 0x74, 0x3A, 0x6D, 0x75, 0x73, 0x69, 0x63, 0x2E, 0x67, 0x61, 0x6D, 0x65, 0x03, 0x00, 0x09, 0x6D,
    0x69, 0x6E, 0x5F, 0x64, 0x65, 0x6C, 0x61, 0x79, 0x00, 0x00, 0x2E, 0xE0, 0x00, 0x0A, 0x00, 0x0A, 0x75, 0x6E, 0x64, 0x65,
    0x72, 0x77, 0x61, 0x74, 0x65, 0x72, 0x03, 0x00, 0x09, 0x6D, 0x61, 0x78, 0x5F, 0x64, 0x65, 0x6C, 0x61, 0x79, 0x00, 0x00,
    0x5D, 0xC0, 0x08, 0x00, 0x05, 0x73, 0x6F, 0x75, 0x6E, 0x64, 0x00, 0x1B, 0x6D, 0x69, 0x6E, 0x65, 0x63, 0x72, 0x61, 0x66,
    0x74, 0x3A, 0x6D, 0x75, 0x73, 0x69, 0x63, 0x2E, 0x75, 0x6E, 0x64, 0x65, 0x72, 0x5F, 0x77, 0x61, 0x74, 0x65, 0x72, 0x03,
    0x00, 0x09, 0x6D, 0x69, 0x6E, 0x5F, 0x64, 0x65, 0x6C, 0x61, 0x79, 0x00, 0x00, 0x2E, 0xE0, 0x00, 0x0A, 0x00, 0x08, 0x63,
    0x72, 0x65, 0x61, 0x74, 0x69, 0x76, 0x65, 0x03, 0x00, 0x09, 0x6D, 0x61, 0x78, 0x5F, 0x64, 0x65, 0x6C, 0x61, 0x79, 0x00,
    0x00, 0x5D, 0xC0, 0x08, 0x00, 0x05, 0x73, 0x6F, 0x75, 0x6E, 0x64, 0x00, 0x18, 0x6D, 0x69, 0x6E, 0x65, 0x63, 0x72, 0x61,
    0x66, 0x74, 0x3A, 0x6D, 0x75, 0x73, 0x69, 0x63, 0x2E, 0x63, 0x72, 0x65, 0x61, 0x74, 0x69, 0x76, 0x65, 0x03, 0x00, 0x09,
    0x6D, 0x69, 0x6E, 0x5F, 0x64, 0x65, 0x6C, 0x61, 0x79, 0x00, 0x00, 0x2E, 0xE0, 0x00, 0x00, 0x08, 0x00, 0x1A, 0x6D, 0x69,
    0x6E, 0x65, 0x63, 0x72, 0x61, 0x66, 0x74, 0x3A, 0x76, 0x69, 0x73, 0x75, 0x61, 0x6C, 0x2F, 0x73, 0x6B, 0x79, 0x5F, 0x63,
    0x6F, 0x6C, 0x6F, 0x72, 0x00, 0x07, 0x23, 0x37, 0x62, 0x61, 0x34, 0x66, 0x66, 0x00, 0x00, 0x18, 0x6D, 0x69, 0x6E, 0x65,
    0x63, 0x72, 0x61, 0x66, 0x74, 0x3A, 0x63, 0x72, 0x69, 0x6D, 0x73, 0x6F, 0x6E, 0x5F, 0x66, 0x6F, 0x72, 0x65, 0x73, 0x74,
    0x01, 0x0A, 0x0A, 0x00, 0x07, 0x65, 0x66, 0x66, 0x65, 0x63, 0x74, 0x73, 0x08, 0x00, 0x0B, 0x77, 0x61, 0x74, 0x65, 0x72,
    0x5F, 0x63, 0x6F, 0x6C, 0x6F, 0x72, 0x00, 0x07, 0x23, 0x33, 0x66, 0x37, 0x36, 0x65, 0x34, 0x00, 0x01, 0x00, 0x11, 0x68,
    0x61, 0x73, 0x5F, 0x70, 0x72, 0x65, 0x63, 0x69, 0x70, 0x69, 0x74, 0x61, 0x74, 0x69, 0x6F, 0x6E, 0x00, 0x05, 0x00, 0x0B,
    0x74, 0x65, 0x6D, 0x70, 0x65, 0x72, 0x61, 0x74, 0x75, 0x72, 0x65, 0x40, 0x00, 0x00, 0x00, 0x05, 0x00, 0x08, 0x64, 0x6F,
    0x77, 0x6E, 0x66, 0x61, 0x6C, 0x6C, 0x00, 0x00, 0x00, 0x00, 0x0A, 0x00, 0x0A, 0x61, 0x74, 0x74, 0x72, 0x69, 0x62, 0x75,
    0x74, 0x65, 0x73, 0x0A, 0x00, 0x20, 0x6D, 0x69, 0x6E, 0x65, 0x63, 0x72, 0x61, 0x66, 0x74, 0x3A, 0x61, 0x75, 0x64, 0x69,
    0x6F, 0x2F, 0x62, 0x61, 0x63, 0x6B, 0x67, 0x72, 0x6F, 0x75, 0x6E, 0x64, 0x5F, 0x6D, 0x75, 0x73, 0x69, 0x63, 0x0A, 0x00,
    0x07, 0x64, 0x65, 0x66, 0x61, 0x75, 0x6C, 0x74, 0x03, 0x00, 0x09, 0x6D, 0x61, 0x78, 0x5F, 0x64, 0x65, 0x6C, 0x61, 0x79,
    0x00, 0x00, 0x5D, 0xC0, 0x08, 0x00, 0x05, 0x73, 0x6F, 0x75, 0x6E, 0x64, 0x00, 0x25, 0x6D, 0x69, 0x6E, 0x65, 0x63, 0x72,
    0x61, 0x66, 0x74, 0x3A, 0x6D, 0x75, 0x73, 0x69, 0x63, 0x2E, 0x6E, 0x65, 0x74, 0x68, 0x65, 0x72, 0x2E, 0x63, 0x72, 0x69,
    0x6D, 0x73, 0x6F, 0x6E, 0x5F, 0x66, 0x6F, 0x72, 0x65, 0x73, 0x74, 0x03, 0x00, 0x09, 0x6D, 0x69, 0x6E, 0x5F, 0x64, 0x65,
    0x6C, 0x61, 0x79, 0x00, 0x00, 0x2E, 0xE0, 0x00, 0x00, 0x08, 0x00, 0x1A, 0x6D, 0x69, 0x6E, 0x65, 0x63, 0x72, 0x61, 0x66,
    0x74, 0x3A, 0x76, 0x69, 0x73, 0x75, 0x61, 0x6C, 0x2F, 0x66, 0x6F, 0x67, 0x5F, 0x63, 0x6F, 0x6C, 0x6F, 0x72, 0x00, 0x07,
    0x23, 0x33, 0x33, 0x30, 0x33, 0x30, 0x33, 0x0A, 0x00, 0x1E, 0x6D, 0x69, 0x6E, 0x65, 0x63, 0x72, 0x61, 0x66, 0x74, 0x3A,
    0x61, 0x75, 0x64, 0x69, 0x6F, 0x2F, 0x61, 0x6D, 0x62, 0x69, 0x65, 0x6E, 0x74, 0x5F, 0x73, 0x6F, 0x75, 0x6E, 0x64, 0x73,
    0x0A, 0x00, 0x04, 0x6D, 0x6F, 0x6F, 0x64, 0x03, 0x00, 0x0A, 0x74, 0x69, 0x63, 0x6B, 0x5F, 0x64, 0x65, 0x6C, 0x61, 0x79,
    0x00, 0x00, 0x17, 0x70, 0x06, 0x00, 0x06, 0x6F, 0x66, 0x66, 0x73, 0x65, 0x74, 0x40, 0x00, 0x00, 0x00, 0x00, 0x00, 0x00,
    0x00, 0x08, 0x00, 0x05, 0x73, 0x6F, 0x75, 0x6E, 0x64, 0x00, 0x25, 0x6D, 0x69, 0x6E, 0x65, 0x63, 0x72, 0x61, 0x66, 0x74,
    0x3A, 0x61, 0x6D, 0x62, 0x69, 0x65, 0x6E, 0x74, 0x2E, 0x63, 0x72, 0x69, 0x6D, 0x73, 0x6F, 0x6E, 0x5F, 0x66, 0x6F, 0x72,
    0x65, 0x73, 0x74, 0x2E, 0x6D, 0x6F, 0x6F, 0x64, 0x03, 0x00, 0x13, 0x62, 0x6C, 0x6F, 0x63, 0x6B, 0x5F, 0x73, 0x65, 0x61,
    0x72, 0x63, 0x68, 0x5F, 0x65, 0x78, 0x74, 0x65, 0x6E, 0x74, 0x00, 0x00, 0x00, 0x08, 0x00, 0x0A, 0x00, 0x09, 0x61, 0x64,
    0x64, 0x69, 0x74, 0x69, 0x6F, 0x6E, 0x73, 0x08, 0x00, 0x05, 0x73, 0x6F, 0x75, 0x6E, 0x64, 0x00, 0x2A, 0x6D, 0x69, 0x6E,
    0x65, 0x63, 0x72, 0x61, 0x66, 0x74, 0x3A, 0x61, 0x6D, 0x62, 0x69, 0x65, 0x6E, 0x74, 0x2E, 0x63, 0x72, 0x69, 0x6D, 0x73,
    0x6F, 0x6E, 0x5F, 0x66, 0x6F, 0x72, 0x65, 0x73, 0x74, 0x2E, 0x61, 0x64, 0x64, 0x69, 0x74, 0x69, 0x6F, 0x6E, 0x73, 0x06,
    0x00, 0x0B, 0x74, 0x69, 0x63, 0x6B, 0x5F, 0x63, 0x68, 0x61, 0x6E, 0x63, 0x65, 0x3F, 0x86, 0xBB, 0x98, 0xC7, 0xE2, 0x82,
    0x41, 0x00, 0x08, 0x00, 0x04, 0x6C, 0x6F, 0x6F, 0x70, 0x00, 0x25, 0x6D, 0x69, 0x6E, 0x65, 0x63, 0x72, 0x61, 0x66, 0x74,
    0x3A, 0x61, 0x6D, 0x62, 0x69, 0x65, 0x6E, 0x74, 0x2E, 0x63, 0x72, 0x69, 0x6D, 0x73, 0x6F, 0x6E, 0x5F, 0x66, 0x6F, 0x72,
    0x65, 0x73, 0x74, 0x2E, 0x6C, 0x6F, 0x6F, 0x70, 0x00, 0x09, 0x00, 0x22, 0x6D, 0x69, 0x6E, 0x65, 0x63, 0x72, 0x61, 0x66,
    0x74, 0x3A, 0x76, 0x69, 0x73, 0x75, 0x61, 0x6C, 0x2F, 0x61, 0x6D, 0x62, 0x69, 0x65, 0x6E, 0x74, 0x5F, 0x70, 0x61, 0x72,
    0x74, 0x69, 0x63, 0x6C, 0x65, 0x73, 0x0A, 0x00, 0x00, 0x00, 0x01, 0x05, 0x00, 0x0B, 0x70, 0x72, 0x6F, 0x62, 0x61, 0x62,
    0x69, 0x6C, 0x69, 0x74, 0x79, 0x3C, 0xCC, 0xCC, 0xCD, 0x0A, 0x00, 0x08, 0x70, 0x61, 0x72, 0x74, 0x69, 0x63, 0x6C, 0x65,
    0x08, 0x00, 0x04, 0x74, 0x79, 0x70, 0x65, 0x00, 0x17, 0x6D, 0x69, 0x6E, 0x65, 0x63, 0x72, 0x61, 0x66, 0x74, 0x3A, 0x63,
    0x72, 0x69, 0x6D, 0x73, 0x6F, 0x6E, 0x5F, 0x73, 0x70, 0x6F, 0x72, 0x65, 0x00, 0x00, 0x00, 0x00, 0x15, 0x6D, 0x69, 0x6E,
    0x65, 0x63, 0x72, 0x61, 0x66, 0x74, 0x3A, 0x64, 0x61, 0x72, 0x6B, 0x5F, 0x66, 0x6F, 0x72, 0x65, 0x73, 0x74, 0x01, 0x0A,
    0x0A, 0x00, 0x07, 0x65, 0x66, 0x66, 0x65, 0x63, 0x74, 0x73, 0x08, 0x00, 0x11, 0x64, 0x72, 0x79, 0x5F, 0x66, 0x6F, 0x6C,
    0x69, 0x61, 0x67, 0x65, 0x5F, 0x63, 0x6F, 0x6C, 0x6F, 0x72, 0x00, 0x07, 0x23, 0x37, 0x62, 0x35, 0x33, 0x33, 0x34, 0x08,
    0x00, 0x14, 0x67, 0x72, 0x61, 0x73, 0x73, 0x5F, 0x63, 0x6F, 0x6C, 0x6F, 0x72, 0x5F, 0x6D, 0x6F, 0x64, 0x69, 0x66, 0x69,
    0x65, 0x72, 0x00, 0x0B, 0x64, 0x61, 0x72, 0x6B, 0x5F, 0x66, 0x6F, 0x72, 0x65, 0x73, 0x74, 0x08, 0x00, 0x0B, 0x77, 0x61,
    0x74, 0x65, 0x72, 0x5F, 0x63, 0x6F, 0x6C, 0x6F, 0x72, 0x00, 0x07, 0x23, 0x33, 0x66, 0x37, 0x36, 0x65, 0x34, 0x00, 0x01,
    0x00, 0x11, 0x68, 0x61, 0x73, 0x5F, 0x70, 0x72, 0x65, 0x63, 0x69, 0x70, 0x69, 0x74, 0x61, 0x74, 0x69, 0x6F, 0x6E, 0x01,
    0x05, 0x00, 0x0B, 0x74, 0x65, 0x6D, 0x70, 0x65, 0x72, 0x61, 0x74, 0x75, 0x72, 0x65, 0x3F, 0x33, 0x33, 0x33, 0x05, 0x00,
    0x08, 0x64, 0x6F, 0x77, 0x6E, 0x66, 0x61, 0x6C, 0x6C, 0x3F, 0x4C, 0xCC, 0xCD, 0x0A, 0x00, 0x0A, 0x61, 0x74, 0x74, 0x72,
    0x69, 0x62, 0x75, 0x74, 0x65, 0x73, 0x0A, 0x00, 0x20, 0x6D, 0x69, 0x6E, 0x65, 0x63, 0x72, 0x61, 0x66, 0x74, 0x3A, 0x61,
    0x75, 0x64, 0x69, 0x6F, 0x2F, 0x62, 0x61, 0x63, 0x6B, 0x67, 0x72, 0x6F, 0x75, 0x6E, 0x64, 0x5F, 0x6D, 0x75, 0x73, 0x69,
    0x63, 0x0A, 0x00, 0x07, 0x64, 0x65, 0x66, 0x61, 0x75, 0x6C, 0x74, 0x03, 0x00, 0x09, 0x6D, 0x61, 0x78, 0x5F, 0x64, 0x65,
    0x6C, 0x61, 0x79, 0x00, 0x00, 0x5D, 0xC0, 0x08, 0x00, 0x05, 0x73, 0x6F, 0x75, 0x6E, 0x64, 0x00, 0x20, 0x6D, 0x69, 0x6E,
    0x65, 0x63, 0x72, 0x61, 0x66, 0x74, 0x3A, 0x6D, 0x75, 0x73, 0x69, 0x63, 0x2E, 0x6F, 0x76, 0x65, 0x72, 0x77, 0x6F, 0x72,
    0x6C, 0x64, 0x2E, 0x66, 0x6F, 0x72, 0x65, 0x73, 0x74, 0x03, 0x00, 0x09, 0x6D, 0x69, 0x6E, 0x5F, 0x64, 0x65, 0x6C, 0x61,
    0x79, 0x00, 0x00, 0x2E, 0xE0, 0x00, 0x00, 0x08, 0x00, 0x1A, 0x6D, 0x69, 0x6E, 0x65, 0x63, 0x72, 0x61, 0x66, 0x74, 0x3A,
    0x76, 0x69, 0x73, 0x75, 0x61, 0x6C, 0x2F, 0x73, 0x6B, 0x79, 0x5F, 0x63, 0x6F, 0x6C, 0x6F, 0x72, 0x00, 0x07, 0x23, 0x37,
    0x39, 0x61, 0x36, 0x66, 0x66, 0x00, 0x00, 0x19, 0x6D, 0x69, 0x6E, 0x65, 0x63, 0x72, 0x61, 0x66, 0x74, 0x3A, 0x64, 0x65,
    0x65, 0x70, 0x5F, 0x63, 0x6F, 0x6C, 0x64, 0x5F, 0x6F, 0x63, 0x65, 0x61, 0x6E, 0x01, 0x0A, 0x0A, 0x00, 0x07, 0x65, 0x66,
    0x66, 0x65, 0x63, 0x74, 0x73, 0x08, 0x00, 0x0B, 0x77, 0x61, 0x74, 0x65, 0x72, 0x5F, 0x63, 0x6F, 0x6C, 0x6F, 0x72, 0x00,
    0x07, 0x23, 0x33, 0x64, 0x35, 0x37, 0x64, 0x36, 0x00, 0x01, 0x00, 0x11, 0x68, 0x61, 0x73, 0x5F, 0x70, 0x72, 0x65, 0x63,
    0x69, 0x70, 0x69, 0x74, 0x61, 0x74, 0x69, 0x6F, 0x6E, 0x01, 0x05, 0x00, 0x0B, 0x74, 0x65, 0x6D, 0x70, 0x65, 0x72, 0x61,
    0x74, 0x75, 0x72, 0x65, 0x3F, 0x00, 0x00, 0x00, 0x05, 0x00, 0x08, 0x64, 0x6F, 0x77, 0x6E, 0x66, 0x61, 0x6C, 0x6C, 0x3F,
    0x00, 0x00, 0x00, 0x0A, 0x00, 0x0A, 0x61, 0x74, 0x74, 0x72, 0x69, 0x62, 0x75, 0x74, 0x65, 0x73, 0x0A, 0x00, 0x20, 0x6D,
    0x69, 0x6E, 0x65, 0x63, 0x72, 0x61, 0x66, 0x74, 0x3A, 0x61, 0x75, 0x64, 0x69, 0x6F, 0x2F, 0x62, 0x61, 0x63, 0x6B, 0x67,
    0x72, 0x6F, 0x75, 0x6E, 0x64, 0x5F, 0x6D, 0x75, 0x73, 0x69, 0x63, 0x0A, 0x00, 0x07, 0x64, 0x65, 0x66, 0x61, 0x75, 0x6C,
    0x74, 0x03, 0x00, 0x09, 0x6D, 0x61, 0x78, 0x5F, 0x64, 0x65, 0x6C, 0x61, 0x79, 0x00, 0x00, 0x5D, 0xC0, 0x08, 0x00, 0x05,
    0x73, 0x6F, 0x75, 0x6E, 0x64, 0x00, 0x14, 0x6D, 0x69, 0x6E, 0x65, 0x63, 0x72, 0x61, 0x66, 0x74, 0x3A, 0x6D, 0x75, 0x73,
    0x69, 0x63, 0x2E, 0x67, 0x61, 0x6D, 0x65, 0x03, 0x00, 0x09, 0x6D, 0x69, 0x6E, 0x5F, 0x64, 0x65, 0x6C, 0x61, 0x79, 0x00,
    0x00, 0x2E, 0xE0, 0x00, 0x0A, 0x00, 0x0A, 0x75, 0x6E, 0x64, 0x65, 0x72, 0x77, 0x61, 0x74, 0x65, 0x72, 0x03, 0x00, 0x09,
    0x6D, 0x61, 0x78, 0x5F, 0x64, 0x65, 0x6C, 0x61, 0x79, 0x00, 0x00, 0x5D, 0xC0, 0x08, 0x00, 0x05, 0x73, 0x6F, 0x75, 0x6E,
    0x64, 0x00, 0x1B, 0x6D, 0x69, 0x6E, 0x65, 0x63, 0x72, 0x61, 0x66, 0x74, 0x3A, 0x6D, 0x75, 0x73, 0x69, 0x63, 0x2E, 0x75,
    0x6E, 0x64, 0x65, 0x72, 0x5F, 0x77, 0x61, 0x74, 0x65, 0x72, 0x03, 0x00, 0x09, 0x6D, 0x69, 0x6E, 0x5F, 0x64, 0x65, 0x6C,
    0x61, 0x79, 0x00, 0x00, 0x2E, 0xE0, 0x00, 0x0A, 0x00, 0x08, 0x63, 0x72, 0x65, 0x61, 0x74, 0x69, 0x76, 0x65, 0x03, 0x00,
    0x09, 0x6D, 0x61, 0x78, 0x5F, 0x64, 0x65, 0x6C, 0x61, 0x79, 0x00, 0x00, 0x5D, 0xC0, 0x08, 0x00, 0x05, 0x73, 0x6F, 0x75,
    0x6E, 0x64, 0x00, 0x18, 0x6D, 0x69, 0x6E, 0x65, 0x63, 0x72, 0x61, 0x66, 0x74, 0x3A, 0x6D, 0x75, 0x73, 0x69, 0x63, 0x2E,
    0x63, 0x72, 0x65, 0x61, 0x74, 0x69, 0x76, 0x65, 0x03, 0x00, 0x09, 0x6D, 0x69, 0x6E, 0x5F, 0x64, 0x65, 0x6C, 0x61, 0x79,
    0x00, 0x00, 0x2E, 0xE0, 0x00, 0x00, 0x08, 0x00, 0x1A, 0x6D, 0x69, 0x6E, 0x65, 0x63, 0x72, 0x61, 0x66, 0x74, 0x3A, 0x76,
    0x69, 0x73, 0x75, 0x61, 0x6C, 0x2F, 0x73, 0x6B, 0x79, 0x5F, 0x63, 0x6F, 0x6C, 0x6F, 0x72, 0x00, 0x07, 0x23, 0x37, 0x62,
    0x61, 0x34, 0x66, 0x66, 0x00, 0x00, 0x13, 0x6D, 0x69, 0x6E, 0x65, 0x63, 0x72, 0x61, 0x66, 0x74, 0x3A, 0x64, 0x65, 0x65,
    0x70, 0x5F, 0x64, 0x61, 0x72, 0x6B, 0x01, 0x0A, 0x0A, 0x00, 0x07, 0x65, 0x66, 0x66, 0x65, 0x63, 0x74, 0x73, 0x08, 0x00,
    0x0B, 0x77, 0x61, 0x74, 0x65, 0x72, 0x5F, 0x63, 0x6F, 0x6C, 0x6F, 0x72, 0x00, 0x07, 0x23, 0x33, 0x66, 0x37, 0x36, 0x65,
    0x34, 0x00, 0x01, 0x00, 0x11, 0x68, 0x61, 0x73, 0x5F, 0x70, 0x72, 0x65, 0x63, 0x69, 0x70, 0x69, 0x74, 0x61, 0x74, 0x69,
    0x6F, 0x6E, 0x01, 0x05, 0x00, 0x0B, 0x74, 0x65, 0x6D, 0x70, 0x65, 0x72, 0x61, 0x74, 0x75, 0x72, 0x65, 0x3F, 0x4C, 0xCC,
    0xCD, 0x05, 0x00, 0x08, 0x64, 0x6F, 0x77, 0x6E, 0x66, 0x61, 0x6C, 0x6C, 0x3E, 0xCC, 0xCC, 0xCD, 0x0A, 0x00, 0x0A, 0x61,
    0x74, 0x74, 0x72, 0x69, 0x62, 0x75, 0x74, 0x65, 0x73, 0x0A, 0x00, 0x20, 0x6D, 0x69, 0x6E, 0x65, 0x63, 0x72, 0x61, 0x66,
    0x74, 0x3A, 0x61, 0x75, 0x64, 0x69, 0x6F, 0x2F, 0x62, 0x61, 0x63, 0x6B, 0x67, 0x72, 0x6F, 0x75, 0x6E, 0x64, 0x5F, 0x6D,
    0x75, 0x73, 0x69, 0x63, 0x0A, 0x00, 0x07, 0x64, 0x65, 0x66, 0x61, 0x75, 0x6C, 0x74, 0x03, 0x00, 0x09, 0x6D, 0x61, 0x78,
    0x5F, 0x64, 0x65, 0x6C, 0x61, 0x79, 0x00, 0x00, 0x5D, 0xC0, 0x08, 0x00, 0x05, 0x73, 0x6F, 0x75, 0x6E, 0x64, 0x00, 0x23,
    0x6D, 0x69, 0x6E, 0x65, 0x63, 0x72, 0x61, 0x66, 0x74, 0x3A, 0x6D, 0x75, 0x73, 0x69, 0x63, 0x2E, 0x6F, 0x76, 0x65, 0x72,
    0x77, 0x6F, 0x72, 0x6C, 0x64, 0x2E, 0x64, 0x65, 0x65, 0x70, 0x5F, 0x64, 0x61, 0x72, 0x6B, 0x03, 0x00, 0x09, 0x6D, 0x69,
    0x6E, 0x5F, 0x64, 0x65, 0x6C, 0x61, 0x79, 0x00, 0x00, 0x2E, 0xE0, 0x00, 0x00, 0x08, 0x00, 0x1A, 0x6D, 0x69, 0x6E, 0x65,
    0x63, 0x72, 0x61, 0x66, 0x74, 0x3A, 0x76, 0x69, 0x73, 0x75, 0x61, 0x6C, 0x2F, 0x73, 0x6B, 0x79, 0x5F, 0x63, 0x6F, 0x6C,
    0x6F, 0x72, 0x00, 0x07, 0x23, 0x37, 0x38, 0x61, 0x37, 0x66, 0x66, 0x00, 0x00, 0x1B, 0x6D, 0x69, 0x6E, 0x65, 0x63, 0x72,
    0x61, 0x66, 0x74, 0x3A, 0x64, 0x65, 0x65, 0x70, 0x5F, 0x66, 0x72, 0x6F, 0x7A, 0x65, 0x6E, 0x5F, 0x6F, 0x63, 0x65, 0x61,
    0x6E, 0x01, 0x0A, 0x0A, 0x00, 0x07, 0x65, 0x66, 0x66, 0x65, 0x63, 0x74, 0x73, 0x08, 0x00, 0x0B, 0x77, 0x61, 0x74, 0x65,
    0x72, 0x5F, 0x63, 0x6F, 0x6C, 0x6F, 0x72, 0x00, 0x07, 0x23, 0x33, 0x39, 0x33, 0x38, 0x63, 0x39, 0x00, 0x01, 0x00, 0x11,
    0x68, 0x61, 0x73, 0x5F, 0x70, 0x72, 0x65, 0x63, 0x69, 0x70, 0x69, 0x74, 0x61, 0x74, 0x69, 0x6F, 0x6E, 0x01, 0x05, 0x00,
    0x0B, 0x74, 0x65, 0x6D, 0x70, 0x65, 0x72, 0x61, 0x74, 0x75, 0x72, 0x65, 0x3F, 0x00, 0x00, 0x00, 0x05, 0x00, 0x08, 0x64,
    0x6F, 0x77, 0x6E, 0x66, 0x61, 0x6C, 0x6C, 0x3F, 0x00, 0x00, 0x00, 0x0A, 0x00, 0x0A, 0x61, 0x74, 0x74, 0x72, 0x69, 0x62,
    0x75, 0x74, 0x65, 0x73, 0x08, 0x00, 0x1A, 0x6D, 0x69, 0x6E, 0x65, 0x63, 0x72, 0x61, 0x66, 0x74, 0x3A, 0x76, 0x69, 0x73,
    0x75, 0x61, 0x6C, 0x2F, 0x73, 0x6B, 0x79, 0x5F, 0x63, 0x6F, 0x6C, 0x6F, 0x72, 0x00, 0x07, 0x23, 0x37, 0x62, 0x61, 0x34,
    0x66, 0x66, 0x00, 0x08, 0x00, 0x14, 0x74, 0x65, 0x6D, 0x70, 0x65, 0x72, 0x61, 0x74, 0x75, 0x72, 0x65, 0x5F, 0x6D, 0x6F,
    0x64, 0x69, 0x66, 0x69, 0x65, 0x72, 0x00, 0x06, 0x66, 0x72, 0x6F, 0x7A, 0x65, 0x6E, 0x00, 0x1D, 0x6D, 0x69, 0x6E, 0x65,
    0x63, 0x72, 0x61, 0x66, 0x74, 0x3A, 0x64, 0x65, 0x65, 0x70, 0x5F, 0x6C, 0x75, 0x6B, 0x65, 0x77, 0x61, 0x72, 0x6D, 0x5F,
    0x6F, 0x63, 0x65, 0x61, 0x6E, 0x01, 0x0A, 0x0A, 0x00, 0x07, 0x65, 0x66, 0x66, 0x65, 0x63, 0x74, 0x73, 0x08, 0x00, 0x0B,
    0x77, 0x61, 0x74, 0x65, 0x72, 0x5F, 0x63, 0x6F, 0x6C, 0x6F, 0x72, 0x00, 0x07, 0x23, 0x34, 0x35, 0x61, 0x64, 0x66, 0x32,
    0x00, 0x01, 0x00, 0x11, 0x68, 0x61, 0x73, 0x5F, 0x70, 0x72, 0x65, 0x63, 0x69, 0x70, 0x69, 0x74, 0x61, 0x74, 0x69, 0x6F,
    0x6E, 0x01, 0x05, 0x00, 0x0B, 0x74, 0x65, 0x6D, 0x70, 0x65, 0x72, 0x61, 0x74, 0x75, 0x72, 0x65, 0x3F, 0x00, 0x00, 0x00,
    0x05, 0x00, 0x08, 0x64, 0x6F, 0x77, 0x6E, 0x66, 0x61, 0x6C, 0x6C, 0x3F, 0x00, 0x00, 0x00, 0x0A, 0x00, 0x0A, 0x61, 0x74,
    0x74, 0x72, 0x69, 0x62, 0x75, 0x74, 0x65, 0x73, 0x0A, 0x00, 0x20, 0x6D, 0x69, 0x6E, 0x65, 0x63, 0x72, 0x61, 0x66, 0x74,
    0x3A, 0x61, 0x75, 0x64, 0x69, 0x6F, 0x2F, 0x62, 0x61, 0x63, 0x6B, 0x67, 0x72, 0x6F, 0x75, 0x6E, 0x64, 0x5F, 0x6D, 0x75,
    0x73, 0x69, 0x63, 0x0A, 0x00, 0x07, 0x64, 0x65, 0x66, 0x61, 0x75, 0x6C, 0x74, 0x03, 0x00, 0x09, 0x6D, 0x61, 0x78, 0x5F,
    0x64, 0x65, 0x6C, 0x61, 0x79, 0x00, 0x00, 0x5D, 0xC0, 0x08, 0x00, 0x05, 0x73, 0x6F, 0x75, 0x6E, 0x64, 0x00, 0x14, 0x6D,
    0x69, 0x6E, 0x65, 0x63, 0x72, 0x61, 0x66, 0x74, 0x3A, 0x6D, 0x75, 0x73, 0x69, 0x63, 0x2E, 0x67, 0x61, 0x6D, 0x65, 0x03,
    0x00, 0x09, 0x6D, 0x69, 0x6E, 0x5F, 0x64, 0x65, 0x6C, 0x61, 0x79, 0x00, 0x00, 0x2E, 0xE0, 0x00, 0x0A, 0x00, 0x0A, 0x75,
    0x6E, 0x64, 0x65, 0x72, 0x77, 0x61, 0x74, 0x65, 0x72, 0x03, 0x00, 0x09, 0x6D, 0x61, 0x78, 0x5F, 0x64, 0x65, 0x6C, 0x61,
    0x79, 0x00, 0x00, 0x5D, 0xC0, 0x08, 0x00, 0x05, 0x73, 0x6F, 0x75, 0x6E, 0x64, 0x00, 0x1B, 0x6D, 0x69, 0x6E, 0x65, 0x63,
    0x72, 0x61, 0x66, 0x74, 0x3A, 0x6D, 0x75, 0x73, 0x69, 0x63, 0x2E, 0x75, 0x6E, 0x64, 0x65, 0x72, 0x5F, 0x77, 0x61, 0x74,
    0x65, 0x72, 0x03, 0x00, 0x09, 0x6D, 0x69, 0x6E, 0x5F, 0x64, 0x65, 0x6C, 0x61, 0x79, 0x00, 0x00, 0x2E, 0xE0, 0x00, 0x0A,
    0x00, 0x08, 0x63, 0x72, 0x65, 0x61, 0x74, 0x69, 0x76, 0x65, 0x03, 0x00, 0x09, 0x6D, 0x61, 0x78, 0x5F, 0x64, 0x65, 0x6C,
    0x61, 0x79, 0x00, 0x00, 0x5D, 0xC0, 0x08, 0x00, 0x05, 0x73, 0x6F, 0x75, 0x6E, 0x64, 0x00, 0x18, 0x6D, 0x69, 0x6E, 0x65,
    0x63, 0x72, 0x61, 0x66, 0x74, 0x3A, 0x6D, 0x75, 0x73, 0x69, 0x63, 0x2E, 0x63, 0x72, 0x65, 0x61, 0x74, 0x69, 0x76, 0x65,
    0x03, 0x00, 0x09, 0x6D, 0x69, 0x6E, 0x5F, 0x64, 0x65, 0x6C, 0x61, 0x79, 0x00, 0x00, 0x2E, 0xE0, 0x00, 0x00, 0x08, 0x00,
    0x20, 0x6D, 0x69, 0x6E, 0x65, 0x63, 0x72, 0x61, 0x66, 0x74, 0x3A, 0x76, 0x69, 0x73, 0x75, 0x61, 0x6C, 0x2F, 0x77, 0x61,
    0x74, 0x65, 0x72, 0x5F, 0x66, 0x6F, 0x67, 0x5F, 0x63, 0x6F, 0x6C, 0x6F, 0x72, 0x00, 0x07, 0x23, 0x30, 0x34, 0x31, 0x36,
    0x33, 0x33, 0x08, 0x00, 0x1A, 0x6D, 0x69, 0x6E, 0x65, 0x63, 0x72, 0x61, 0x66, 0x74, 0x3A, 0x76, 0x69, 0x73, 0x75, 0x61,
    0x6C, 0x2F, 0x73, 0x6B, 0x79, 0x5F, 0x63, 0x6F, 0x6C, 0x6F, 0x72, 0x00, 0x07, 0x23, 0x37, 0x62, 0x61, 0x34, 0x66, 0x66,
    0x00, 0x00, 0x14, 0x6D, 0x69, 0x6E, 0x65, 0x63, 0x72, 0x61, 0x66, 0x74, 0x3A, 0x64, 0x65, 0x65, 0x70, 0x5F, 0x6F, 0x63,
    0x65, 0x61, 0x6E, 0x01, 0x0A, 0x0A, 0x00, 0x07, 0x65, 0x66, 0x66, 0x65, 0x63, 0x74, 0x73, 0x08, 0x00, 0x0B, 0x77, 0x61,
    0x74, 0x65, 0x72, 0x5F, 0x63, 0x6F, 0x6C, 0x6F, 0x72, 0x00, 0x07, 0x23, 0x33, 0x66, 0x37, 0x36, 0x65, 0x34, 0x00, 0x01,
    0x00, 0x11, 0x68, 0x61, 0x73, 0x5F, 0x70, 0x72, 0x65, 0x63, 0x69, 0x70, 0x69, 0x74, 0x61, 0x74, 0x69, 0x6F, 0x6E, 0x01,
    0x05, 0x00, 0x0B, 0x74, 0x65, 0x6D, 0x70, 0x65, 0x72, 0x61, 0x74, 0x75, 0x72, 0x65, 0x3F, 0x00, 0x00, 0x00, 0x05, 0x00,
    0x08, 0x64, 0x6F, 0x77, 0x6E, 0x66, 0x61, 0x6C, 0x6C, 0x3F, 0x00, 0x00, 0x00, 0x0A, 0x00, 0x0A, 0x61, 0x74, 0x74, 0x72,
    0x69, 0x62, 0x75, 0x74, 0x65, 0x73, 0x0A, 0x00, 0x20, 0x6D, 0x69, 0x6E, 0x65, 0x63, 0x72, 0x61, 0x66, 0x74, 0x3A, 0x61,
    0x75, 0x64, 0x69, 0x6F, 0x2F, 0x62, 0x61, 0x63, 0x6B, 0x67, 0x72, 0x6F, 0x75, 0x6E, 0x64, 0x5F, 0x6D, 0x75, 0x73, 0x69,
    0x63, 0x0A, 0x00, 0x07, 0x64, 0x65, 0x66, 0x61, 0x75, 0x6C, 0x74, 0x03, 0x00, 0x09, 0x6D, 0x61, 0x78, 0x5F, 0x64, 0x65,
    0x6C, 0x61, 0x79, 0x00, 0x00, 0x5D, 0xC0, 0x08, 0x00, 0x05, 0x73, 0x6F, 0x75, 0x6E, 0x64, 0x00, 0x14, 0x6D, 0x69, 0x6E,
    0x65, 0x63, 0x72, 0x61, 0x66, 0x74, 0x3A, 0x6D, 0x75, 0x73, 0x69, 0x63, 0x2E, 0x67, 0x61, 0x6D, 0x65, 0x03, 0x00, 0x09,
    0x6D, 0x69, 0x6E, 0x5F, 0x64, 0x65, 0x6C, 0x61, 0x79, 0x00, 0x00, 0x2E, 0xE0, 0x00, 0x0A, 0x00, 0x0A, 0x75, 0x6E, 0x64,
    0x65, 0x72, 0x77, 0x61, 0x74, 0x65, 0x72, 0x03, 0x00, 0x09, 0x6D, 0x61, 0x78, 0x5F, 0x64, 0x65, 0x6C, 0x61, 0x79, 0x00,
    0x00, 0x5D, 0xC0, 0x08, 0x00, 0x05, 0x73, 0x6F, 0x75, 0x6E, 0x64, 0x00, 0x1B, 0x6D, 0x69, 0x6E, 0x65, 0x63, 0x72, 0x61,
    0x66, 0x74, 0x3A, 0x6D, 0x75, 0x73, 0x69, 0x63, 0x2E, 0x75, 0x6E, 0x64, 0x65, 0x72, 0x5F, 0x77, 0x61, 0x74, 0x65, 0x72,
    0x03, 0x00, 0x09, 0x6D, 0x69, 0x6E, 0x5F, 0x64, 0x65, 0x6C, 0x61, 0x79, 0x00, 0x00, 0x2E, 0xE0, 0x00, 0x0A, 0x00, 0x08,
    0x63, 0x72, 0x65, 0x61, 0x74, 0x69, 0x76, 0x65, 0x03, 0x00, 0x09, 0x6D, 0x61, 0x78, 0x5F, 0x64, 0x65, 0x6C, 0x61, 0x79,
    0x00, 0x00, 0x5D, 0xC0, 0x08, 0x00, 0x05, 0x73, 0x6F, 0x75, 0x6E, 0x64, 0x00, 0x18, 0x6D, 0x69, 0x6E, 0x65, 0x63, 0x72,
    0x61, 0x66, 0x74, 0x3A, 0x6D, 0x75, 0x73, 0x69, 0x63, 0x2E, 0x63, 0x72, 0x65, 0x61, 0x74, 0x69, 0x76, 0x65, 0x03, 0x00,
    0x09, 0x6D, 0x69, 0x6E, 0x5F, 0x64, 0x65, 0x6C, 0x61, 0x79, 0x00, 0x00, 0x2E, 0xE0, 0x00, 0x00, 0x08, 0x00, 0x1A, 0x6D,
    0x69, 0x6E, 0x65, 0x63, 0x72, 0x61, 0x66, 0x74, 0x3A, 0x76, 0x69, 0x73, 0x75, 0x61, 0x6C, 0x2F, 0x73, 0x6B, 0x79, 0x5F,
    0x63, 0x6F, 0x6C, 0x6F, 0x72, 0x00, 0x07, 0x23, 0x37, 0x62, 0x61, 0x34, 0x66, 0x66, 0x00, 0x00, 0x10, 0x6D, 0x69, 0x6E,
    0x65, 0x63, 0x72, 0x61, 0x66, 0x74, 0x3A, 0x64, 0x65, 0x73, 0x65, 0x72, 0x74, 0x01, 0x0A, 0x0A, 0x00, 0x07, 0x65, 0x66,
    0x66, 0x65, 0x63, 0x74, 0x73, 0x08, 0x00, 0x0B, 0x77, 0x61, 0x74, 0x65, 0x72, 0x5F, 0x63, 0x6F, 0x6C, 0x6F, 0x72, 0x00,
    0x07, 0x23, 0x33, 0x66, 0x37, 0x36, 0x65, 0x34, 0x00, 0x01, 0x00, 0x11, 0x68, 0x61, 0x73, 0x5F, 0x70, 0x72, 0x65, 0x63,
    0x69, 0x70, 0x69, 0x74, 0x61, 0x74, 0x69, 0x6F, 0x6E, 0x00, 0x05, 0x00, 0x0B, 0x74, 0x65, 0x6D, 0x70, 0x65, 0x72, 0x61,
    0x74, 0x75, 0x72, 0x65, 0x40, 0x00, 0x00, 0x00, 0x05, 0x00, 0x08, 0x64, 0x6F, 0x77, 0x6E, 0x66, 0x61, 0x6C, 0x6C, 0x00,
    0x00, 0x00, 0x00, 0x0A, 0x00, 0x0A, 0x61, 0x74, 0x74, 0x72, 0x69, 0x62, 0x75, 0x74, 0x65, 0x73, 0x0A, 0x00, 0x20, 0x6D,
    0x69, 0x6E, 0x65, 0x63, 0x72, 0x61, 0x66, 0x74, 0x3A, 0x61, 0x75, 0x64, 0x69, 0x6F, 0x2F, 0x62, 0x61, 0x63, 0x6B, 0x67,
    0x72, 0x6F, 0x75, 0x6E, 0x64, 0x5F, 0x6D, 0x75, 0x73, 0x69, 0x63, 0x0A, 0x00, 0x07, 0x64, 0x65, 0x66, 0x61, 0x75, 0x6C,
    0x74, 0x03, 0x00, 0x09, 0x6D, 0x61, 0x78, 0x5F, 0x64, 0x65, 0x6C, 0x61, 0x79, 0x00, 0x00, 0x5D, 0xC0, 0x08, 0x00, 0x05,
    0x73, 0x6F, 0x75, 0x6E, 0x64, 0x00, 0x20, 0x6D, 0x69, 0x6E, 0x65, 0x63, 0x72, 0x61, 0x66, 0x74, 0x3A, 0x6D, 0x75, 0x73,
    0x69, 0x63, 0x2E, 0x6F, 0x76, 0x65, 0x72, 0x77, 0x6F, 0x72, 0x6C, 0x64, 0x2E, 0x64, 0x65, 0x73, 0x65, 0x72, 0x74, 0x03,
    0x00, 0x09, 0x6D, 0x69, 0x6E, 0x5F, 0x64, 0x65, 0x6C, 0x61, 0x79, 0x00, 0x00, 0x2E, 0xE0, 0x00, 0x00, 0x08, 0x00, 0x1A,
    0x6D, 0x69, 0x6E, 0x65, 0x63, 0x72, 0x61, 0x66, 0x74, 0x3A, 0x76, 0x69, 0x73, 0x75, 0x61, 0x6C, 0x2F, 0x73, 0x6B, 0x79,
    0x5F, 0x63, 0x6F, 0x6C, 0x6F, 0x72, 0x00, 0x07, 0x23, 0x36, 0x65, 0x62, 0x31, 0x66, 0x66, 0x00, 0x00, 0x19, 0x6D, 0x69,
    0x6E, 0x65, 0x63, 0x72, 0x61, 0x66, 0x74, 0x3A, 0x64, 0x72, 0x69, 0x70, 0x73, 0x74, 0x6F, 0x6E, 0x65, 0x5F, 0x63, 0x61,
    0x76, 0x65, 0x73, 0x01, 0x0A, 0x0A, 0x00, 0x07, 0x65, 0x66, 0x66, 0x65, 0x63, 0x74, 0x73, 0x08, 0x00, 0x0B, 0x77, 0x61,
    0x74, 0x65, 0x72, 0x5F, 0x63, 0x6F, 0x6C, 0x6F, 0x72, 0x00, 0x07, 0x23, 0x33, 0x66, 0x37, 0x36, 0x65, 0x34, 0x00, 0x01,
    0x00, 0x11, 0x68, 0x61, 0x73, 0x5F, 0x70, 0x72, 0x65, 0x63, 0x69, 0x70, 0x69, 0x74, 0x61, 0x74, 0x69, 0x6F, 0x6E, 0x01,
    0x05, 0x00, 0x0B, 0x74, 0x65, 0x6D, 0x70, 0x65, 0x72, 0x61, 0x74, 0x75, 0x72, 0x65, 0x3F, 0x4C, 0xCC, 0xCD, 0x05, 0x00,
    0x08, 0x64, 0x6F, 0x77, 0x6E, 0x66, 0x61, 0x6C, 0x6C, 0x3E, 0xCC, 0xCC, 0xCD, 0x0A, 0x00, 0x0A, 0x61, 0x74, 0x74, 0x72,
    0x69, 0x62, 0x75, 0x74, 0x65, 0x73, 0x0A, 0x00, 0x20, 0x6D, 0x69, 0x6E, 0x65, 0x63, 0x72, 0x61, 0x66, 0x74, 0x3A, 0x61,
    0x75, 0x64, 0x69, 0x6F, 0x2F, 0x62, 0x61, 0x63, 0x6B, 0x67, 0x72, 0x6F, 0x75, 0x6E, 0x64, 0x5F, 0x6D, 0x75, 0x73, 0x69,
    0x63, 0x0A, 0x00, 0x07, 0x64, 0x65, 0x66, 0x61, 0x75, 0x6C, 0x74, 0x03, 0x00, 0x09, 0x6D, 0x61, 0x78, 0x5F, 0x64, 0x65,
    0x6C, 0x61, 0x79, 0x00, 0x00, 0x5D, 0xC0, 0x08, 0x00, 0x05, 0x73, 0x6F, 0x75, 0x6E, 0x64, 0x00, 0x29, 0x6D, 0x69, 0x6E,
    0x65, 0x63, 0x72, 0x61, 0x66, 0x74, 0x3A, 0x6D, 0x75, 0x73, 0x69, 0x63, 0x2E, 0x6F, 0x76, 0x65, 0x72, 0x77, 0x6F, 0x72,
    0x6C, 0x64, 0x2E, 0x64, 0x72, 0x69, 0x70, 0x73, 0x74, 0x6F, 0x6E, 0x65, 0x5F, 0x63, 0x61, 0x76, 0x65, 0x73, 0x03, 0x00,
    0x09, 0x6D, 0x69, 0x6E, 0x5F, 0x64, 0x65, 0x6C, 0x61, 0x79, 0x00, 0x00, 0x2E, 0xE0, 0x00, 0x00, 0x08, 0x00, 0x1A, 0x6D,
    0x69, 0x6E, 0x65, 0x63, 0x72, 0x61, 0x66, 0x74, 0x3A, 0x76, 0x69, 0x73, 0x75, 0x61, 0x6C, 0x2F, 0x73, 0x6B, 0x79, 0x5F,
    0x63, 0x6F, 0x6C, 0x6F, 0x72, 0x00, 0x07, 0x23, 0x37, 0x38, 0x61, 0x37, 0x66, 0x66, 0x00, 0x00, 0x15, 0x6D, 0x69, 0x6E,
    0x65, 0x63, 0x72, 0x61, 0x66, 0x74, 0x3A, 0x65, 0x6E, 0x64, 0x5F, 0x62, 0x61, 0x72, 0x72, 0x65, 0x6E, 0x73, 0x01, 0x0A,
    0x0A, 0x00, 0x07, 0x65, 0x66, 0x66, 0x65, 0x63, 0x74, 0x73, 0x08, 0x00, 0x0B, 0x77, 0x61, 0x74, 0x65, 0x72, 0x5F, 0x63,
    0x6F, 0x6C, 0x6F, 0x72, 0x00, 0x07, 0x23, 0x33, 0x66, 0x37, 0x36, 0x65, 0x34, 0x00, 0x01, 0x00, 0x11, 0x68, 0x61, 0x73,
    0x5F, 0x70, 0x72, 0x65, 0x63, 0x69, 0x70, 0x69, 0x74, 0x61, 0x74, 0x69, 0x6F, 0x6E, 0x00, 0x05, 0x00, 0x0B, 0x74, 0x65,
    0x6D, 0x70, 0x65, 0x72, 0x61, 0x74, 0x75, 0x72, 0x65, 0x3F, 0x00, 0x00, 0x00, 0x05, 0x00, 0x08, 0x64, 0x6F, 0x77, 0x6E,
    0x66, 0x61, 0x6C, 0x6C, 0x3F, 0x00, 0x00, 0x00, 0x00, 0x17, 0x6D, 0x69, 0x6E, 0x65, 0x63, 0x72, 0x61, 0x66, 0x74, 0x3A,
    0x65, 0x6E, 0x64, 0x5F, 0x68, 0x69, 0x67, 0x68, 0x6C, 0x61, 0x6E, 0x64, 0x73, 0x01, 0x0A, 0x0A, 0x00, 0x07, 0x65, 0x66,
    0x66, 0x65, 0x63, 0x74, 0x73, 0x08, 0x00, 0x0B, 0x77, 0x61, 0x74, 0x65, 0x72, 0x5F, 0x63, 0x6F, 0x6C, 0x6F, 0x72, 0x00,
    0x07, 0x23, 0x33, 0x66, 0x37, 0x36, 0x65, 0x34, 0x00, 0x01, 0x00, 0x11, 0x68, 0x61, 0x73, 0x5F, 0x70, 0x72, 0x65, 0x63,
    0x69, 0x70, 0x69, 0x74, 0x61, 0x74, 0x69, 0x6F, 0x6E, 0x00, 0x05, 0x00, 0x0B, 0x74, 0x65, 0x6D, 0x70, 0x65, 0x72, 0x61,
    0x74, 0x75, 0x72, 0x65, 0x3F, 0x00, 0x00, 0x00, 0x05, 0x00, 0x08, 0x64, 0x6F, 0x77, 0x6E, 0x66, 0x61, 0x6C, 0x6C, 0x3F,
    0x00, 0x00, 0x00, 0x00, 0x16, 0x6D, 0x69, 0x6E, 0x65, 0x63, 0x72, 0x61, 0x66, 0x74, 0x3A, 0x65, 0x6E, 0x64, 0x5F, 0x6D,
    0x69, 0x64, 0x6C, 0x61, 0x6E, 0x64, 0x73, 0x01, 0x0A, 0x0A, 0x00, 0x07, 0x65, 0x66, 0x66, 0x65, 0x63, 0x74, 0x73, 0x08,
    0x00, 0x0B, 0x77, 0x61, 0x74, 0x65, 0x72, 0x5F, 0x63, 0x6F, 0x6C, 0x6F, 0x72, 0x00, 0x07, 0x23, 0x33, 0x66, 0x37, 0x36,
    0x65, 0x34, 0x00, 0x01, 0x00, 0x11, 0x68, 0x61, 0x73, 0x5F, 0x70, 0x72, 0x65, 0x63, 0x69, 0x70, 0x69, 0x74, 0x61, 0x74,
    0x69, 0x6F, 0x6E, 0x00, 0x05, 0x00, 0x0B, 0x74, 0x65, 0x6D, 0x70, 0x65, 0x72, 0x61, 0x74, 0x75, 0x72, 0x65, 0x3F, 0x00,
    0x00, 0x00, 0x05, 0x00, 0x08, 0x64, 0x6F, 0x77, 0x6E, 0x66, 0x61, 0x6C, 0x6C, 0x3F, 0x00, 0x00, 0x00, 0x00, 0x19, 0x6D,
    0x69, 0x6E, 0x65, 0x63, 0x72, 0x61, 0x66, 0x74, 0x3A, 0x65, 0x72, 0x6F, 0x64, 0x65, 0x64, 0x5F, 0x62, 0x61, 0x64, 0x6C,
    0x61, 0x6E, 0x64, 0x73, 0x01, 0x0A, 0x0A, 0x00, 0x07, 0x65, 0x66, 0x66, 0x65, 0x63, 0x74, 0x73, 0x08, 0x00, 0x0B, 0x67,
    0x72, 0x61, 0x73, 0x73, 0x5F, 0x63, 0x6F, 0x6C, 0x6F, 0x72, 0x00, 0x07, 0x23, 0x39, 0x30, 0x38, 0x31, 0x34, 0x64, 0x08,
    0x00, 0x0D, 0x66, 0x6F, 0x6C, 0x69, 0x61, 0x67, 0x65, 0x5F, 0x63, 0x6F, 0x6C, 0x6F, 0x72, 0x00, 0x07, 0x23, 0x39, 0x65,
    0x38, 0x31, 0x34, 0x64, 0x08, 0x00, 0x0B, 0x77, 0x61, 0x74, 0x65, 0x72, 0x5F, 0x63, 0x6F, 0x6C, 0x6F, 0x72, 0x00, 0x07,
    0x23, 0x33, 0x66, 0x37, 0x36, 0x65, 0x34, 0x00, 0x01, 0x00, 0x11, 0x68, 0x61, 0x73, 0x5F, 0x70, 0x72, 0x65, 0x63, 0x69,
    0x70, 0x69, 0x74, 0x61, 0x74, 0x69, 0x6F, 0x6E, 0x00, 0x05, 0x00, 0x0B, 0x74, 0x65, 0x6D, 0x70, 0x65, 0x72, 0x61, 0x74,
    0x75, 0x72, 0x65, 0x40, 0x00, 0x00, 0x00, 0x05, 0x00, 0x08, 0x64, 0x6F, 0x77, 0x6E, 0x66, 0x61, 0x6C, 0x6C, 0x00, 0x00,
    0x00, 0x00, 0x0A, 0x00, 0x0A, 0x61, 0x74, 0x74, 0x72, 0x69, 0x62, 0x75, 0x74, 0x65, 0x73, 0x0A, 0x00, 0x20, 0x6D, 0x69,
    0x6E, 0x65, 0x63, 0x72, 0x61, 0x66, 0x74, 0x3A, 0x61, 0x75, 0x64, 0x69, 0x6F, 0x2F, 0x62, 0x61, 0x63, 0x6B, 0x67, 0x72,
    0x6F, 0x75, 0x6E, 0x64, 0x5F, 0x6D, 0x75, 0x73, 0x69, 0x63, 0x0A, 0x00, 0x07, 0x64, 0x65, 0x66, 0x61, 0x75, 0x6C, 0x74,
    0x03, 0x00, 0x09, 0x6D, 0x61, 0x78, 0x5F, 0x64, 0x65, 0x6C, 0x61, 0x79, 0x00, 0x00, 0x5D, 0xC0, 0x08, 0x00, 0x05, 0x73,
    0x6F, 0x75, 0x6E, 0x64, 0x00, 0x22, 0x6D, 0x69, 0x6E, 0x65, 0x63, 0x72, 0x61, 0x66, 0x74, 0x3A, 0x6D, 0x75, 0x73, 0x69,
    0x63, 0x2E, 0x6F, 0x76, 0x65, 0x72, 0x77, 0x6F, 0x72, 0x6C, 0x64, 0x2E, 0x62, 0x61, 0x64, 0x6C, 0x61, 0x6E, 0x64, 0x73,
    0x03, 0x00, 0x09, 0x6D, 0x69, 0x6E, 0x5F, 0x64, 0x65, 0x6C, 0x61, 0x79, 0x00, 0x00, 0x2E, 0xE0, 0x00, 0x00, 0x08, 0x00,
    0x1A, 0x6D, 0x69, 0x6E, 0x65, 0x63, 0x72, 0x61, 0x66, 0x74, 0x3A, 0x76, 0x69, 0x73, 0x75, 0x61, 0x6C, 0x2F, 0x73, 0x6B,
    0x79, 0x5F, 0x63, 0x6F, 0x6C, 0x6F, 0x72, 0x00, 0x07, 0x23, 0x36, 0x65, 0x62, 0x31, 0x66, 0x66, 0x00, 0x00, 0x17, 0x6D,
    0x69, 0x6E, 0x65, 0x63, 0x72, 0x61, 0x66, 0x74, 0x3A, 0x66, 0x6C, 0x6F, 0x77, 0x65, 0x72, 0x5F, 0x66, 0x6F, 0x72, 0x65,
    0x73, 0x74, 0x01, 0x0A, 0x0A, 0x00, 0x07, 0x65, 0x66, 0x66, 0x65, 0x63, 0x74, 0x73, 0x08, 0x00, 0x0B, 0x77, 0x61, 0x74,
    0x65, 0x72, 0x5F, 0x63, 0x6F, 0x6C, 0x6F, 0x72, 0x00, 0x07, 0x23, 0x33, 0x66, 0x37, 0x36, 0x65, 0x34, 0x00, 0x01, 0x00,
    0x11, 0x68, 0x61, 0x73, 0x5F, 0x70, 0x72, 0x65, 0x63, 0x69, 0x70, 0x69, 0x74, 0x61, 0x74, 0x69, 0x6F, 0x6E, 0x01, 0x05,
    0x00, 0x0B, 0x74, 0x65, 0x6D, 0x70, 0x65, 0x72, 0x61, 0x74, 0x75, 0x72, 0x65, 0x3F, 0x33, 0x33, 0x33, 0x05, 0x00, 0x08,
    0x64, 0x6F, 0x77, 0x6E, 0x66, 0x61, 0x6C, 0x6C, 0x3F, 0x4C, 0xCC, 0xCD, 0x0A, 0x00, 0x0A, 0x61, 0x74, 0x74, 0x72, 0x69,
    0x62, 0x75, 0x74, 0x65, 0x73, 0x0A, 0x00, 0x20, 0x6D, 0x69, 0x6E, 0x65, 0x63, 0x72, 0x61, 0x66, 0x74, 0x3A, 0x61, 0x75,
    0x64, 0x69, 0x6F, 0x2F, 0x62, 0x61, 0x63, 0x6B, 0x67, 0x72, 0x6F, 0x75, 0x6E, 0x64, 0x5F, 0x6D, 0x75, 0x73, 0x69, 0x63,
    0x0A, 0x00, 0x07, 0x64, 0x65, 0x66, 0x61, 0x75, 0x6C, 0x74, 0x03, 0x00, 0x09, 0x6D, 0x61, 0x78, 0x5F, 0x64, 0x65, 0x6C,
    0x61, 0x79, 0x00, 0x00, 0x5D, 0xC0, 0x08, 0x00, 0x05, 0x73, 0x6F, 0x75, 0x6E, 0x64, 0x00, 0x27, 0x6D, 0x69, 0x6E, 0x65,
    0x63, 0x72, 0x61, 0x66, 0x74, 0x3A, 0x6D, 0x75, 0x73, 0x69, 0x63, 0x2E, 0x6F, 0x76, 0x65, 0x72, 0x77, 0x6F, 0x72, 0x6C,
    0x64, 0x2E, 0x66, 0x6C, 0x6F, 0x77, 0x65, 0x72, 0x5F, 0x66, 0x6F, 0x72, 0x65, 0x73, 0x74, 0x03, 0x00, 0x09, 0x6D, 0x69,
    0x6E, 0x5F, 0x64, 0x65, 0x6C, 0x61, 0x79, 0x00, 0x00, 0x2E, 0xE0, 0x00, 0x00, 0x08, 0x00, 0x1A, 0x6D, 0x69, 0x6E, 0x65,
    0x63, 0x72, 0x61, 0x66, 0x74, 0x3A, 0x76, 0x69, 0x73, 0x75, 0x61, 0x6C, 0x2F, 0x73, 0x6B, 0x79, 0x5F, 0x63, 0x6F, 0x6C,
    0x6F, 0x72, 0x00, 0x07, 0x23, 0x37, 0x39, 0x61, 0x36, 0x66, 0x66, 0x00, 0x00, 0x10, 0x6D, 0x69, 0x6E, 0x65, 0x63, 0x72,
    0x61, 0x66, 0x74, 0x3A, 0x66, 0x6F, 0x72, 0x65, 0x73, 0x74, 0x01, 0x0A, 0x0A, 0x00, 0x07, 0x65, 0x66, 0x66, 0x65, 0x63,
    0x74, 0x73, 0x08, 0x00, 0x0B, 0x77, 0x61, 0x74, 0x65, 0x72, 0x5F, 0x63, 0x6F, 0x6C, 0x6F, 0x72, 0x00, 0x07, 0x23, 0x33,
    0x66, 0x37, 0x36, 0x65, 0x34, 0x00, 0x01, 0x00, 0x11, 0x68, 0x61, 0x73, 0x5F, 0x70, 0x72, 0x65, 0x63, 0x69, 0x70, 0x69,
    0x74, 0x61, 0x74, 0x69, 0x6F, 0x6E, 0x01, 0x05, 0x00, 0x0B, 0x74, 0x65, 0x6D, 0x70, 0x65, 0x72, 0x61, 0x74, 0x75, 0x72,
    0x65, 0x3F, 0x33, 0x33, 0x33, 0x05, 0x00, 0x08, 0x64, 0x6F, 0x77, 0x6E, 0x66, 0x61, 0x6C, 0x6C, 0x3F, 0x4C, 0xCC, 0xCD,
    0x0A, 0x00, 0x0A, 0x61, 0x74, 0x74, 0x72, 0x69, 0x62, 0x75, 0x74, 0x65, 0x73, 0x0A, 0x00, 0x20, 0x6D, 0x69, 0x6E, 0x65,
    0x63, 0x72, 0x61, 0x66, 0x74, 0x3A, 0x61, 0x75, 0x64, 0x69, 0x6F, 0x2F, 0x62, 0x61, 0x63, 0x6B, 0x67, 0x72, 0x6F, 0x75,
    0x6E, 0x64, 0x5F, 0x6D, 0x75, 0x73, 0x69, 0x63, 0x0A, 0x00, 0x07, 0x64, 0x65, 0x66, 0x61, 0x75, 0x6C, 0x74, 0x03, 0x00,
    0x09, 0x6D, 0x61, 0x78, 0x5F, 0x64, 0x65, 0x6C, 0x61, 0x79, 0x00, 0x00, 0x5D, 0xC0, 0x08, 0x00, 0x05, 0x73, 0x6F, 0x75,
    0x6E, 0x64, 0x00, 0x20, 0x6D, 0x69, 0x6E, 0x65, 0x63, 0x72, 0x61, 0x66, 0x74, 0x3A, 0x6D, 0x75, 0x73, 0x69, 0x63, 0x2E,
    0x6F, 0x76, 0x65, 0x72, 0x77, 0x6F, 0x72, 0x6C, 0x64, 0x2E, 0x66, 0x6F, 0x72, 0x65, 0x73, 0x74, 0x03, 0x00, 0x09, 0x6D,
    0x69, 0x6E, 0x5F, 0x64, 0x65, 0x6C, 0x61, 0x79, 0x00, 0x00, 0x2E, 0xE0, 0x00, 0x00, 0x08, 0x00, 0x1A, 0x6D, 0x69, 0x6E,
    0x65, 0x63, 0x72, 0x61, 0x66, 0x74, 0x3A, 0x76, 0x69, 0x73, 0x75, 0x61, 0x6C, 0x2F, 0x73, 0x6B, 0x79, 0x5F, 0x63, 0x6F,
    0x6C, 0x6F, 0x72, 0x00, 0x07, 0x23, 0x37, 0x39, 0x61, 0x36, 0x66, 0x66, 0x00, 0x00, 0x16, 0x6D, 0x69, 0x6E, 0x65, 0x63,
    0x72, 0x61, 0x66, 0x74, 0x3A, 0x66, 0x72, 0x6F, 0x7A, 0x65, 0x6E, 0x5F, 0x6F, 0x63, 0x65, 0x61, 0x6E, 0x01, 0x0A, 0x0A,
    0x00, 0x07, 0x65, 0x66, 0x66, 0x65, 0x63, 0x74, 0x73, 0x08, 0x00, 0x0B, 0x77, 0x61, 0x74, 0x65, 0x72, 0x5F, 0x63, 0x6F,
    0x6C, 0x6F, 0x72, 0x00, 0x07, 0x23, 0x33, 0x39, 0x33, 0x38, 0x63, 0x39, 0x00, 0x01, 0x00, 0x11, 0x68, 0x61, 0x73, 0x5F,
    0x70, 0x72, 0x65, 0x63, 0x69, 0x70, 0x69, 0x74, 0x61, 0x74, 0x69, 0x6F, 0x6E, 0x01, 0x05, 0x00, 0x0B, 0x74, 0x65, 0x6D,
    0x70, 0x65, 0x72, 0x61, 0x74, 0x75, 0x72, 0x65, 0x00, 0x00, 0x00, 0x00, 0x05, 0x00, 0x08, 0x64, 0x6F, 0x77, 0x6E, 0x66,
    0x61, 0x6C, 0x6C, 0x3F, 0x00, 0x00, 0x00, 0x0A, 0x00, 0x0A, 0x61, 0x74, 0x74, 0x72, 0x69, 0x62, 0x75, 0x74, 0x65, 0x73,
    0x08, 0x00, 0x1A, 0x6D, 0x69, 0x6E, 0x65, 0x63, 0x72, 0x61, 0x66, 0x74, 0x3A, 0x76, 0x69, 0x73, 0x75, 0x61, 0x6C, 0x2F,
    0x73, 0x6B, 0x79, 0x5F, 0x63, 0x6F, 0x6C, 0x6F, 0x72, 0x00, 0x07, 0x23, 0x37, 0x66, 0x61, 0x31, 0x66, 0x66, 0x00, 0x08,
    0x00, 0x14, 0x74, 0x65, 0x6D, 0x70, 0x65, 0x72, 0x61, 0x74, 0x75, 0x72, 0x65, 0x5F, 0x6D, 0x6F, 0x64, 0x69, 0x66, 0x69,
    0x65, 0x72, 0x00, 0x06, 0x66, 0x72, 0x6F, 0x7A, 0x65, 0x6E, 0x00, 0x16, 0x6D, 0x69, 0x6E, 0x65, 0x63, 0x72, 0x61, 0x66,
    0x74, 0x3A, 0x66, 0x72, 0x6F, 0x7A, 0x65, 0x6E, 0x5F, 0x70, 0x65, 0x61, 0x6B, 0x73, 0x01, 0x0A, 0x0A, 0x00, 0x07, 0x65,
    0x66, 0x66, 0x65, 0x63, 0x74, 0x73, 0x08, 0x00, 0x0B, 0x77, 0x61, 0x74, 0x65, 0x72, 0x5F, 0x63, 0x6F, 0x6C, 0x6F, 0x72,
    0x00, 0x07, 0x23, 0x33, 0x66, 0x37, 0x36, 0x65, 0x34, 0x00, 0x01, 0x00, 0x11, 0x68, 0x61, 0x73, 0x5F, 0x70, 0x72, 0x65,
    0x63, 0x69, 0x70, 0x69, 0x74, 0x61, 0x74, 0x69, 0x6F, 0x6E, 0x01, 0x05, 0x00, 0x0B, 0x74, 0x65, 0x6D, 0x70, 0x65, 0x72,
    0x61, 0x74, 0x75, 0x72, 0x65, 0xBF, 0x33, 0x33, 0x33, 0x05, 0x00, 0x08, 0x64, 0x6F, 0x77, 0x6E, 0x66, 0x61, 0x6C, 0x6C,
    0x3F, 0x66, 0x66, 0x66, 0x0A, 0x00, 0x0A, 0x61, 0x74, 0x74, 0x72, 0x69, 0x62, 0x75, 0x74, 0x65, 0x73, 0x0A, 0x00, 0x20,
    0x6D, 0x69, 0x6E, 0x65, 0x63, 0x72, 0x61, 0x66, 0x74, 0x3A, 0x61, 0x75, 0x64, 0x69, 0x6F, 0x2F, 0x62, 0x61, 0x63, 0x6B,
    0x67, 0x72, 0x6F, 0x75, 0x6E, 0x64, 0x5F, 0x6D, 0x75, 0x73, 0x69, 0x63, 0x0A, 0x00, 0x07, 0x64, 0x65, 0x66, 0x61, 0x75,
    0x6C, 0x74, 0x03, 0x00, 0x09, 0x6D, 0x61, 0x78, 0x5F, 0x64, 0x65, 0x6C, 0x61, 0x79, 0x00, 0x00, 0x5D, 0xC0, 0x08, 0x00,
    0x05, 0x73, 0x6F, 0x75, 0x6E, 0x64, 0x00, 0x26, 0x6D, 0x69, 0x6E, 0x65, 0x63, 0x72, 0x61, 0x66, 0x74, 0x3A, 0x6D, 0x75,
    0x73, 0x69, 0x63, 0x2E, 0x6F, 0x76, 0x65, 0x72, 0x77, 0x6F, 0x72, 0x6C, 0x64, 0x2E, 0x66, 0x72, 0x6F, 0x7A, 0x65, 0x6E,
    0x5F, 0x70, 0x65, 0x61, 0x6B, 0x73, 0x03, 0x00, 0x09, 0x6D, 0x69, 0x6E, 0x5F, 0x64, 0x65, 0x6C, 0x61, 0x79, 0x00, 0x00,
    0x2E, 0xE0, 0x00, 0x00, 0x08, 0x00, 0x1A, 0x6D, 0x69, 0x6E, 0x65, 0x63, 0x72, 0x61, 0x66, 0x74, 0x3A, 0x76, 0x69, 0x73,
    0x75, 0x61, 0x6C, 0x2F, 0x73, 0x6B, 0x79, 0x5F, 0x63, 0x6F, 0x6C, 0x6F, 0x72, 0x00, 0x07, 0x23, 0x38, 0x35, 0x39, 0x64,
    0x66, 0x66, 0x00, 0x00, 0x16, 0x6D, 0x69, 0x6E, 0x65, 0x63, 0x72, 0x61, 0x66, 0x74, 0x3A, 0x66, 0x72, 0x6F, 0x7A, 0x65,
    0x6E, 0x5F, 0x72, 0x69, 0x76, 0x65, 0x72, 0x01, 0x0A, 0x0A, 0x00, 0x07, 0x65, 0x66, 0x66, 0x65, 0x63, 0x74, 0x73, 0x08,
    0x00, 0x0B, 0x77, 0x61, 0x74, 0x65, 0x72, 0x5F, 0x63, 0x6F, 0x6C, 0x6F, 0x72, 0x00, 0x07, 0x23, 0x33, 0x39, 0x33, 0x38,
    0x63, 0x39, 0x00, 0x01, 0x00, 0x11, 0x68, 0x61, 0x73, 0x5F, 0x70, 0x72, 0x65, 0x63, 0x69, 0x70, 0x69, 0x74, 0x61, 0x74,
    0x69, 0x6F, 0x6E, 0x01, 0x05, 0x00, 0x0B, 0x74, 0x65, 0x6D, 0x70, 0x65, 0x72, 0x61, 0x74, 0x75, 0x72, 0x65, 0x00, 0x00,
    0x00, 0x00, 0x05, 0x00, 0x08, 0x64, 0x6F, 0x77, 0x6E, 0x66, 0x61, 0x6C, 0x6C, 0x3F, 0x00, 0x00, 0x00, 0x0A, 0x00, 0x0A,
    0x61, 0x74, 0x74, 0x72, 0x69, 0x62, 0x75, 0x74, 0x65, 0x73, 0x0A, 0x00, 0x20, 0x6D, 0x69, 0x6E, 0x65, 0x63, 0x72, 0x61,
    0x66, 0x74, 0x3A, 0x61, 0x75, 0x64, 0x69, 0x6F, 0x2F, 0x62, 0x61, 0x63, 0x6B, 0x67, 0x72, 0x6F, 0x75, 0x6E, 0x64, 0x5F,
    0x6D, 0x75, 0x73, 0x69, 0x63, 0x0A, 0x00, 0x07, 0x64, 0x65, 0x66, 0x61, 0x75, 0x6C, 0x74, 0x03, 0x00, 0x09, 0x6D, 0x61,
    0x78, 0x5F, 0x64, 0x65, 0x6C, 0x61, 0x79, 0x00, 0x00, 0x5D, 0xC0, 0x08, 0x00, 0x05, 0x73, 0x6F, 0x75, 0x6E, 0x64, 0x00,
    0x14, 0x6D, 0x69, 0x6E, 0x65, 0x63, 0x72, 0x61, 0x66, 0x74, 0x3A, 0x6D, 0x75, 0x73, 0x69, 0x63, 0x2E, 0x67, 0x61, 0x6D,
    0x65, 0x03, 0x00, 0x09, 0x6D, 0x69, 0x6E, 0x5F, 0x64, 0x65, 0x6C, 0x61, 0x79, 0x00, 0x00, 0x2E, 0xE0, 0x00, 0x0A, 0x00,
    0x0A, 0x75, 0x6E, 0x64, 0x65, 0x72, 0x77, 0x61, 0x74, 0x65, 0x72, 0x03, 0x00, 0x09, 0x6D, 0x61, 0x78, 0x5F, 0x64, 0x65,
    0x6C, 0x61, 0x79, 0x00, 0x00, 0x5D, 0xC0, 0x08, 0x00, 0x05, 0x73, 0x6F, 0x75, 0x6E, 0x64, 0x00, 0x1B, 0x6D, 0x69, 0x6E,
    0x65, 0x63, 0x72, 0x61, 0x66, 0x74, 0x3A, 0x6D, 0x75, 0x73, 0x69, 0x63, 0x2E, 0x75, 0x6E, 0x64, 0x65, 0x72, 0x5F, 0x77,
    0x61, 0x74, 0x65, 0x72, 0x03, 0x00, 0x09, 0x6D, 0x69, 0x6E, 0x5F, 0x64, 0x65, 0x6C, 0x61, 0x79, 0x00, 0x00, 0x2E, 0xE0,
    0x00, 0x0A, 0x00, 0x08, 0x63, 0x72, 0x65, 0x61, 0x74, 0x69, 0x76, 0x65, 0x03, 0x00, 0x09, 0x6D, 0x61, 0x78, 0x5F, 0x64,
    0x65, 0x6C, 0x61, 0x79, 0x00, 0x00, 0x5D, 0xC0, 0x08, 0x00, 0x05, 0x73, 0x6F, 0x75, 0x6E, 0x64, 0x00, 0x18, 0x6D, 0x69,
    0x6E, 0x65, 0x63, 0x72, 0x61, 0x66, 0x74, 0x3A, 0x6D, 0x75, 0x73, 0x69, 0x63, 0x2E, 0x63, 0x72, 0x65, 0x61, 0x74, 0x69,
    0x76, 0x65, 0x03, 0x00, 0x09, 0x6D, 0x69, 0x6E, 0x5F, 0x64, 0x65, 0x6C, 0x61, 0x79, 0x00, 0x00, 0x2E, 0xE0, 0x00, 0x00,
    0x08, 0x00, 0x1A, 0x6D, 0x69, 0x6E, 0x65, 0x63, 0x72, 0x61, 0x66, 0x74, 0x3A, 0x76, 0x69, 0x73, 0x75, 0x61, 0x6C, 0x2F,
    0x73, 0x6B, 0x79, 0x5F, 0x63, 0x6F, 0x6C, 0x6F, 0x72, 0x00, 0x07, 0x23, 0x37, 0x66, 0x61, 0x31, 0x66, 0x66, 0x00, 0x00,
    0x0F, 0x6D, 0x69, 0x6E, 0x65, 0x63, 0x72, 0x61, 0x66, 0x74, 0x3A, 0x67, 0x72, 0x6F, 0x76, 0x65, 0x01, 0x0A, 0x0A, 0x00,
    0x07, 0x65, 0x66, 0x66, 0x65, 0x63, 0x74, 0x73, 0x08, 0x00, 0x0B, 0x77, 0x61, 0x74, 0x65, 0x72, 0x5F, 0x63, 0x6F, 0x6C,
    0x6F, 0x72, 0x00, 0x07, 0x23, 0x33, 0x66, 0x37, 0x36, 0x65, 0x34, 0x00, 0x01, 0x00, 0x11, 0x68, 0x61, 0x73, 0x5F, 0x70,
    0x72, 0x65, 0x63, 0x69, 0x70, 0x69, 0x74, 0x61, 0x74, 0x69, 0x6F, 0x6E, 0x01, 0x05, 0x00, 0x0B, 0x74, 0x65, 0x6D, 0x70,
    0x65, 0x72, 0x61, 0x74, 0x75, 0x72, 0x65, 0xBE, 0x4C, 0xCC, 0xCD, 0x05, 0x00, 0x08, 0x64, 0x6F, 0x77, 0x6E, 0x66, 0x61,
    0x6C, 0x6C, 0x3F, 0x4C, 0xCC, 0xCD, 0x0A, 0x00, 0x0A, 0x61, 0x74, 0x74, 0x72, 0x69, 0x62, 0x75, 0x74, 0x65, 0x73, 0x0A,
    0x00, 0x20, 0x6D, 0x69, 0x6E, 0x65, 0x63, 0x72, 0x61, 0x66, 0x74, 0x3A, 0x61, 0x75, 0x64, 0x69, 0x6F, 0x2F, 0x62, 0x61,
    0x63, 0x6B, 0x67, 0x72, 0x6F, 0x75, 0x6E, 0x64, 0x5F, 0x6D, 0x75, 0x73, 0x69, 0x63, 0x0A, 0x00, 0x07, 0x64, 0x65, 0x66,
    0x61, 0x75, 0x6C, 0x74, 0x03, 0x00, 0x09, 0x6D, 0x61, 0x78, 0x5F, 0x64, 0x65, 0x6C, 0x61, 0x79, 0x00, 0x00, 0x5D, 0xC0,
    0x08, 0x00, 0x05, 0x73, 0x6F, 0x75, 0x6E, 0x64, 0x00, 0x1F, 0x6D, 0x69, 0x6E, 0x65, 0x63, 0x72, 0x61, 0x66, 0x74, 0x3A,
    0x6D, 0x75, 0x73, 0x69, 0x63, 0x2E, 0x6F, 0x76, 0x65, 0x72, 0x77, 0x6F, 0x72, 0x6C, 0x64, 0x2E, 0x67, 0x72, 0x6F, 0x76,
    0x65, 0x03, 0x00, 0x09, 0x6D, 0x69, 0x6E, 0x5F, 0x64, 0x65, 0x6C, 0x61, 0x79, 0x00, 0x00, 0x2E, 0xE0, 0x00, 0x00, 0x08,
    0x00, 0x1A, 0x6D, 0x69, 0x6E, 0x65, 0x63, 0x72, 0x61, 0x66, 0x74, 0x3A, 0x76, 0x69, 0x73, 0x75, 0x61, 0x6C, 0x2F, 0x73,
    0x6B, 0x79, 0x5F, 0x63, 0x6F, 0x6C, 0x6F, 0x72, 0x00, 0x07, 0x23, 0x38, 0x31, 0x61, 0x30, 0x66, 0x66, 0x00, 0x00, 0x14,
    0x6D, 0x69, 0x6E, 0x65, 0x63, 0x72, 0x61, 0x66, 0x74, 0x3A, 0x69, 0x63, 0x65, 0x5F, 0x73, 0x70, 0x69, 0x6B, 0x65, 0x73,
    0x01, 0x0A, 0x0A, 0x00, 0x07, 0x65, 0x66, 0x66, 0x65, 0x63, 0x74, 0x73, 0x08, 0x00, 0x0B, 0x77, 0x61, 0x74, 0x65, 0x72,
    0x5F, 0x63, 0x6F, 0x6C, 0x6F, 0x72, 0x00, 0x07, 0x23, 0x33, 0x66, 0x37, 0x36, 0x65, 0x34, 0x00, 0x01, 0x00, 0x11, 0x68,
    0x61, 0x73, 0x5F, 0x70, 0x72, 0x65, 0x63, 0x69, 0x70, 0x69, 0x74, 0x61, 0x74, 0x69, 0x6F, 0x6E, 0x01, 0x05, 0x00, 0x0B,
    0x74, 0x65, 0x6D, 0x70, 0x65, 0x72, 0x61, 0x74, 0x75, 0x72, 0x65, 0x00, 0x00, 0x00, 0x00, 0x05, 0x00, 0x08, 0x64, 0x6F,
    0x77, 0x6E, 0x66, 0x61, 0x6C, 0x6C, 0x3F, 0x00, 0x00, 0x00, 0x0A, 0x00, 0x0A, 0x61, 0x74, 0x74, 0x72, 0x69, 0x62, 0x75,
    0x74, 0x65, 0x73, 0x08, 0x00, 0x1A, 0x6D, 0x69, 0x6E, 0x65, 0x63, 0x72, 0x61, 0x66, 0x74, 0x3A, 0x76, 0x69, 0x73, 0x75,
    0x61, 0x6C, 0x2F, 0x73, 0x6B, 0x79, 0x5F, 0x63, 0x6F, 0x6C, 0x6F, 0x72, 0x00, 0x07, 0x23, 0x37, 0x66, 0x61, 0x31, 0x66,
    0x66, 0x00, 0x00, 0x16, 0x6D, 0x69, 0x6E, 0x65, 0x63, 0x72, 0x61, 0x66, 0x74, 0x3A, 0x6A, 0x61, 0x67, 0x67, 0x65, 0x64,
    0x5F, 0x70, 0x65, 0x61, 0x6B, 0x73, 0x01, 0x0A, 0x0A, 0x00, 0x07, 0x65, 0x66, 0x66, 0x65, 0x63, 0x74, 0x73, 0x08, 0x00,
    0x0B, 0x77, 0x61, 0x74, 0x65, 0x72, 0x5F, 0x63, 0x6F, 0x6C, 0x6F, 0x72, 0x00, 0x07, 0x23, 0x33, 0x66, 0x37, 0x36, 0x65,
    0x34, 0x00, 0x01, 0x00, 0x11, 0x68, 0x61, 0x73, 0x5F, 0x70, 0x72, 0x65, 0x63, 0x69, 0x70, 0x69, 0x74, 0x61, 0x74, 0x69,
    0x6F, 0x6E, 0x01, 0x05, 0x00, 0x0B, 0x74, 0x65, 0x6D, 0x70, 0x65, 0x72, 0x61, 0x74, 0x75, 0x72, 0x65, 0xBF, 0x33, 0x33,
    0x33, 0x05, 0x00, 0x08, 0x64, 0x6F, 0x77, 0x6E, 0x66, 0x61, 0x6C, 0x6C, 0x3F, 0x66, 0x66, 0x66, 0x0A, 0x00, 0x0A, 0x61,
    0x74, 0x74, 0x72, 0x69, 0x62, 0x75, 0x74, 0x65, 0x73, 0x0A, 0x00, 0x20, 0x6D, 0x69, 0x6E, 0x65, 0x63, 0x72, 0x61, 0x66,
    0x74, 0x3A, 0x61, 0x75, 0x64, 0x69, 0x6F, 0x2F, 0x62, 0x61, 0x63, 0x6B, 0x67, 0x72, 0x6F, 0x75, 0x6E, 0x64, 0x5F, 0x6D,
    0x75, 0x73, 0x69, 0x63, 0x0A, 0x00, 0x07, 0x64, 0x65, 0x66, 0x61, 0x75, 0x6C, 0x74, 0x03, 0x00, 0x09, 0x6D, 0x61, 0x78,
    0x5F, 0x64, 0x65, 0x6C, 0x61, 0x79, 0x00, 0x00, 0x5D, 0xC0, 0x08, 0x00, 0x05, 0x73, 0x6F, 0x75, 0x6E, 0x64, 0x00, 0x26,
    0x6D, 0x69, 0x6E, 0x65, 0x63, 0x72, 0x61, 0x66, 0x74, 0x3A, 0x6D, 0x75, 0x73, 0x69, 0x63, 0x2E, 0x6F, 0x76, 0x65, 0x72,
    0x77, 0x6F, 0x72, 0x6C, 0x64, 0x2E, 0x6A, 0x61, 0x67, 0x67, 0x65, 0x64, 0x5F, 0x70, 0x65, 0x61, 0x6B, 0x73, 0x03, 0x00,
    0x09, 0x6D, 0x69, 0x6E, 0x5F, 0x64, 0x65, 0x6C, 0x61, 0x79, 0x00, 0x00, 0x2E, 0xE0, 0x00, 0x00, 0x08, 0x00, 0x1A, 0x6D,
    0x69, 0x6E, 0x65, 0x63, 0x72, 0x61, 0x66, 0x74, 0x3A, 0x76, 0x69, 0x73, 0x75, 0x61, 0x6C, 0x2F, 0x73, 0x6B, 0x79, 0x5F,
    0x63, 0x6F, 0x6C, 0x6F, 0x72, 0x00, 0x07, 0x23, 0x38, 0x35, 0x39, 0x64, 0x66, 0x66, 0x00, 0x00, 0x10, 0x6D, 0x69, 0x6E,
    0x65, 0x63, 0x72, 0x61, 0x66, 0x74, 0x3A, 0x6A, 0x75, 0x6E, 0x67, 0x6C, 0x65, 0x01, 0x0A, 0x0A, 0x00, 0x07, 0x65, 0x66,
    0x66, 0x65, 0x63, 0x74, 0x73, 0x08, 0x00, 0x0B, 0x77, 0x61, 0x74, 0x65, 0x72, 0x5F, 0x63, 0x6F, 0x6C, 0x6F, 0x72, 0x00,
    0x07, 0x23, 0x33, 0x66, 0x37, 0x36, 0x65, 0x34, 0x00, 0x01, 0x00, 0x11, 0x68, 0x61, 0x73, 0x5F, 0x70, 0x72, 0x65, 0x63,
    0x69, 0x70, 0x69, 0x74, 0x61, 0x74, 0x69, 0x6F, 0x6E, 0x01, 0x05, 0x00, 0x0B, 0x74, 0x65, 0x6D, 0x70, 0x65, 0x72, 0x61,
    0x74, 0x75, 0x72, 0x65, 0x3F, 0x73, 0x33, 0x33, 0x05, 0x00, 0x08, 0x64, 0x6F, 0x77, 0x6E, 0x66, 0x61, 0x6C, 0x6C, 0x3F,
    0x66, 0x66, 0x66, 0x0A, 0x00, 0x0A, 0x61, 0x74, 0x74, 0x72, 0x69, 0x62, 0x75, 0x74, 0x65, 0x73, 0x0A, 0x00, 0x20, 0x6D,
    0x69, 0x6E, 0x65, 0x63, 0x72, 0x61, 0x66, 0x74, 0x3A, 0x61, 0x75, 0x64, 0x69, 0x6F, 0x2F, 0x62, 0x61, 0x63, 0x6B, 0x67,
    0x72, 0x6F, 0x75, 0x6E, 0x64, 0x5F, 0x6D, 0x75, 0x73, 0x69, 0x63, 0x0A, 0x00, 0x07, 0x64, 0x65, 0x66, 0x61, 0x75, 0x6C,
    0x74, 0x03, 0x00, 0x09, 0x6D, 0x61, 0x78, 0x5F, 0x64, 0x65, 0x6C, 0x61, 0x79, 0x00, 0x00, 0x5D, 0xC0, 0x08, 0x00, 0x05,
    0x73, 0x6F, 0x75, 0x6E, 0x64, 0x00, 0x20, 0x6D, 0x69, 0x6E, 0x65, 0x63, 0x72, 0x61, 0x66, 0x74, 0x3A, 0x6D, 0x75, 0x73,
    0x69, 0x63, 0x2E, 0x6F, 0x76, 0x65, 0x72, 0x77, 0x6F, 0x72, 0x6C, 0x64, 0x2E, 0x6A, 0x75, 0x6E, 0x67, 0x6C, 0x65, 0x03,
    0x00, 0x09, 0x6D, 0x69, 0x6E, 0x5F, 0x64, 0x65, 0x6C, 0x61, 0x79, 0x00, 0x00, 0x2E, 0xE0, 0x00, 0x00, 0x08, 0x00, 0x1A,
    0x6D, 0x69, 0x6E, 0x65, 0x63, 0x72, 0x61, 0x66, 0x74, 0x3A, 0x76, 0x69, 0x73, 0x75, 0x61, 0x6C, 0x2F, 0x73, 0x6B, 0x79,
    0x5F, 0x63, 0x6F, 0x6C, 0x6F, 0x72, 0x00, 0x07, 0x23, 0x37, 0x37, 0x61, 0x38, 0x66, 0x66, 0x00, 0x00, 0x18, 0x6D, 0x69,
    0x6E, 0x65, 0x63, 0x72, 0x61, 0x66, 0x74, 0x3A, 0x6C, 0x75, 0x6B, 0x65, 0x77, 0x61, 0x72, 0x6D, 0x5F, 0x6F, 0x63, 0x65,
    0x61, 0x6E, 0x01, 0x0A, 0x0A, 0x00, 0x07, 0x65, 0x66, 0x66, 0x65, 0x63, 0x74, 0x73, 0x08, 0x00, 0x0B, 0x77, 0x61, 0x74,
    0x65, 0x72, 0x5F, 0x63, 0x6F, 0x6C, 0x6F, 0x72, 0x00, 0x07, 0x23, 0x34, 0x35, 0x61, 0x64, 0x66, 0x32, 0x00, 0x01, 0x00,
    0x11, 0x68, 0x61, 0x73, 0x5F, 0x70, 0x72, 0x65, 0x63, 0x69, 0x70, 0x69, 0x74, 0x61, 0x74, 0x69, 0x6F, 0x6E, 0x01, 0x05,
    0x00, 0x0B, 0x74, 0x65, 0x6D, 0x70, 0x65, 0x72, 0x61, 0x74, 0x75, 0x72, 0x65, 0x3F, 0x00, 0x00, 0x00, 0x05, 0x00, 0x08,
    0x64, 0x6F, 0x77, 0x6E, 0x66, 0x61, 0x6C, 0x6C, 0x3F, 0x00, 0x00, 0x00, 0x0A, 0x00, 0x0A, 0x61, 0x74, 0x74, 0x72, 0x69,
    0x62, 0x75, 0x74, 0x65, 0x73, 0x0A, 0x00, 0x20, 0x6D, 0x69, 0x6E, 0x65, 0x63, 0x72, 0x61, 0x66, 0x74, 0x3A, 0x61, 0x75,
    0x64, 0x69, 0x6F, 0x2F, 0x62, 0x61, 0x63, 0x6B, 0x67, 0x72, 0x6F, 0x75, 0x6E, 0x64, 0x5F, 0x6D, 0x75, 0x73, 0x69, 0x63,
    0x0A, 0x00, 0x07, 0x64, 0x65, 0x66, 0x61, 0x75, 0x6C, 0x74, 0x03, 0x00, 0x09, 0x6D, 0x61, 0x78, 0x5F, 0x64, 0x65, 0x6C,
    0x61, 0x79, 0x00, 0x00, 0x5D, 0xC0, 0x08, 0x00, 0x05, 0x73, 0x6F, 0x75, 0x6E, 0x64, 0x00, 0x14, 0x6D, 0x69, 0x6E, 0x65,
    0x63, 0x72, 0x61, 0x66, 0x74, 0x3A, 0x6D, 0x75, 0x73, 0x69, 0x63, 0x2E, 0x67, 0x61, 0x6D, 0x65, 0x03, 0x00, 0x09, 0x6D,
    0x69, 0x6E, 0x5F, 0x64, 0x65, 0x6C, 0x61, 0x79, 0x00, 0x00, 0x2E, 0xE0, 0x00, 0x0A, 0x00, 0x0A, 0x75, 0x6E, 0x64, 0x65,
    0x72, 0x77, 0x61, 0x74, 0x65, 0x72, 0x03, 0x00, 0x09, 0x6D, 0x61, 0x78, 0x5F, 0x64, 0x65, 0x6C, 0x61, 0x79, 0x00, 0x00,
    0x5D, 0xC0, 0x08, 0x00, 0x05, 0x73, 0x6F, 0x75, 0x6E, 0x64, 0x00, 0x1B, 0x6D, 0x69, 0x6E, 0x65, 0x63, 0x72, 0x61, 0x66,
    0x74, 0x3A, 0x6D, 0x75, 0x73, 0x69, 0x63, 0x2E, 0x75, 0x6E, 0x64, 0x65, 0x72, 0x5F, 0x77, 0x61, 0x74, 0x65, 0x72, 0x03,
    0x00, 0x09, 0x6D, 0x69, 0x6E, 0x5F, 0x64, 0x65, 0x6C, 0x61, 0x79, 0x00, 0x00, 0x2E, 0xE0, 0x00, 0x0A, 0x00, 0x08, 0x63,
    0x72, 0x65, 0x61, 0x74, 0x69, 0x76, 0x65, 0x03, 0x00, 0x09, 0x6D, 0x61, 0x78, 0x5F, 0x64, 0x65, 0x6C, 0x61, 0x79, 0x00,
    0x00, 0x5D, 0xC0, 0x08, 0x00, 0x05, 0x73, 0x6F, 0x75, 0x6E, 0x64, 0x00, 0x18, 0x6D, 0x69, 0x6E, 0x65, 0x63, 0x72, 0x61,
    0x66, 0x74, 0x3A, 0x6D, 0x75, 0x73, 0x69, 0x63, 0x2E, 0x63, 0x72, 0x65, 0x61, 0x74, 0x69, 0x76, 0x65, 0x03, 0x00, 0x09,
    0x6D, 0x69, 0x6E, 0x5F, 0x64, 0x65, 0x6C, 0x61, 0x79, 0x00, 0x00, 0x2E, 0xE0, 0x00, 0x00, 0x08, 0x00, 0x20, 0x6D, 0x69,
    0x6E, 0x65, 0x63, 0x72, 0x61, 0x66, 0x74, 0x3A, 0x76, 0x69, 0x73, 0x75, 0x61, 0x6C, 0x2F, 0x77, 0x61, 0x74, 0x65, 0x72,
    0x5F, 0x66, 0x6F, 0x67, 0x5F, 0x63, 0x6F, 0x6C, 0x6F, 0x72, 0x00, 0x07, 0x23, 0x30, 0x34, 0x31, 0x36, 0x33, 0x33, 0x08,
    0x00, 0x1A, 0x6D, 0x69, 0x6E, 0x65, 0x63, 0x72, 0x61, 0x66, 0x74, 0x3A, 0x76, 0x69, 0x73, 0x75, 0x61, 0x6C, 0x2F, 0x73,
    0x6B, 0x79, 0x5F, 0x63, 0x6F, 0x6C, 0x6F, 0x72, 0x00, 0x07, 0x23, 0x37, 0x62, 0x61, 0x34, 0x66, 0x66, 0x00, 0x00, 0x14,
    0x6D, 0x69, 0x6E, 0x65, 0x63, 0x72, 0x61, 0x66, 0x74, 0x3A, 0x6C, 0x75, 0x73, 0x68, 0x5F, 0x63, 0x61, 0x76, 0x65, 0x73,
    0x01, 0x0A, 0x0A, 0x00, 0x07, 0x65, 0x66, 0x66, 0x65, 0x63, 0x74, 0x73, 0x08, 0x00, 0x0B, 0x77, 0x61, 0x74, 0x65, 0x72,
    0x5F, 0x63, 0x6F, 0x6C, 0x6F, 0x72, 0x00, 0x07, 0x23, 0x33, 0x66, 0x37, 0x36, 0x65, 0x34, 0x00, 0x01, 0x00, 0x11, 0x68,
    0x61, 0x73, 0x5F, 0x70, 0x72, 0x65, 0x63, 0x69, 0x70, 0x69, 0x74, 0x61, 0x74, 0x69, 0x6F, 0x6E, 0x01, 0x05, 0x00, 0x0B,
    0x74, 0x65, 0x6D, 0x70, 0x65, 0x72, 0x61, 0x74, 0x75, 0x72, 0x65, 0x3F, 0x00, 0x00, 0x00, 0x05, 0x00, 0x08, 0x64, 0x6F,
    0x77, 0x6E, 0x66, 0x61, 0x6C, 0x6C, 0x3F, 0x00, 0x00, 0x00, 0x0A, 0x00, 0x0A, 0x61, 0x74, 0x74, 0x72, 0x69, 0x62, 0x75,
    0x74, 0x65, 0x73, 0x0A, 0x00, 0x20, 0x6D, 0x69, 0x6E, 0x65, 0x63, 0x72, 0x61, 0x66, 0x74, 0x3A, 0x61, 0x75, 0x64, 0x69,
    0x6F, 0x2F, 0x62, 0x61, 0x63, 0x6B, 0x67, 0x72, 0x6F, 0x75, 0x6E, 0x64, 0x5F, 0x6D, 0x75, 0x73, 0x69, 0x63, 0x0A, 0x00,
    0x07, 0x64, 0x65, 0x66, 0x61, 0x75, 0x6C, 0x74, 0x03, 0x00, 0x09, 0x6D, 0x61, 0x78, 0x5F, 0x64, 0x65, 0x6C, 0x61, 0x79,
    0x00, 0x00, 0x5D, 0xC0, 0x08, 0x00, 0x05, 0x73, 0x6F, 0x75, 0x6E, 0x64, 0x00, 0x24, 0x6D, 0x69, 0x6E, 0x65, 0x63, 0x72,
    0x61, 0x66, 0x74, 0x3A, 0x6D, 0x75, 0x73, 0x69, 0x63, 0x2E, 0x6F, 0x76, 0x65, 0x72, 0x77, 0x6F, 0x72, 0x6C, 0x64, 0x2E,
    0x6C, 0x75, 0x73, 0x68, 0x5F, 0x63, 0x61, 0x76, 0x65, 0x73, 0x03, 0x00, 0x09, 0x6D, 0x69, 0x6E, 0x5F, 0x64, 0x65, 0x6C,
    0x61, 0x79, 0x00, 0x00, 0x2E, 0xE0, 0x00, 0x00, 0x08, 0x00, 0x1A, 0x6D, 0x69, 0x6E, 0x65, 0x63, 0x72, 0x61, 0x66, 0x74,
    0x3A, 0x76, 0x69, 0x73, 0x75, 0x61, 0x6C, 0x2F, 0x73, 0x6B, 0x79, 0x5F, 0x63, 0x6F, 0x6C, 0x6F, 0x72, 0x00, 0x07, 0x23,
    0x37, 0x62, 0x61, 0x34, 0x66, 0x66, 0x00, 0x00, 0x18, 0x6D, 0x69, 0x6E, 0x65, 0x63, 0x72, 0x61, 0x66, 0x74, 0x3A, 0x6D,
    0x61, 0x6E, 0x67, 0x72, 0x6F, 0x76, 0x65, 0x5F, 0x73, 0x77, 0x61, 0x6D, 0x70, 0x01, 0x0A, 0x0A, 0x00, 0x07, 0x65, 0x66,
    0x66, 0x65, 0x63, 0x74, 0x73, 0x08, 0x00, 0x11, 0x64, 0x72, 0x79, 0x5F, 0x66, 0x6F, 0x6C, 0x69, 0x61, 0x67, 0x65, 0x5F,
    0x63, 0x6F, 0x6C, 0x6F, 0x72, 0x00, 0x07, 0x23, 0x37, 0x62, 0x35, 0x33, 0x33, 0x34, 0x08, 0x00, 0x14, 0x67, 0x72, 0x61,
    0x73, 0x73, 0x5F, 0x63, 0x6F, 0x6C, 0x6F, 0x72, 0x5F, 0x6D, 0x6F, 0x64, 0x69, 0x66, 0x69, 0x65, 0x72, 0x00, 0x05, 0x73,
    0x77, 0x61, 0x6D, 0x70, 0x08, 0x00, 0x0D, 0x66, 0x6F, 0x6C, 0x69, 0x61, 0x67, 0x65, 0x5F, 0x63, 0x6F, 0x6C, 0x6F, 0x72,
    0x00, 0x07, 0x23, 0x38, 0x64, 0x62, 0x31, 0x32, 0x37, 0x08, 0x00, 0x0B, 0x77, 0x61, 0x74, 0x65, 0x72, 0x5F, 0x63, 0x6F,
    0x6C, 0x6F, 0x72, 0x00, 0x07, 0x23, 0x33, 0x61, 0x37, 0x61, 0x36, 0x61, 0x00, 0x01, 0x00, 0x11, 0x68, 0x61, 0x73, 0x5F,
    0x70, 0x72, 0x65, 0x63, 0x69, 0x70, 0x69, 0x74, 0x61, 0x74, 0x69, 0x6F, 0x6E, 0x01, 0x05, 0x00, 0x0B, 0x74, 0x65, 0x6D,
    0x70, 0x65, 0x72, 0x61, 0x74, 0x75, 0x72, 0x65, 0x3F, 0x4C, 0xCC, 0xCD, 0x05, 0x00, 0x08, 0x64, 0x6F, 0x77, 0x6E, 0x66,
    0x61, 0x6C, 0x6C, 0x3F, 0x66, 0x66, 0x66, 0x0A, 0x00, 0x0A, 0x61, 0x74, 0x74, 0x72, 0x69, 0x62, 0x75, 0x74, 0x65, 0x73,
    0x0A, 0x00, 0x20, 0x6D, 0x69, 0x6E, 0x65, 0x63, 0x72, 0x61, 0x66, 0x74, 0x3A, 0x61, 0x75, 0x64, 0x69, 0x6F, 0x2F, 0x62,
    0x61, 0x63, 0x6B, 0x67, 0x72, 0x6F, 0x75, 0x6E, 0x64, 0x5F, 0x6D, 0x75, 0x73, 0x69, 0x63, 0x0A, 0x00, 0x07, 0x64, 0x65,
    0x66, 0x61, 0x75, 0x6C, 0x74, 0x03, 0x00, 0x09, 0x6D, 0x61, 0x78, 0x5F, 0x64, 0x65, 0x6C, 0x61, 0x79, 0x00, 0x00, 0x5D,
    0xC0, 0x08, 0x00, 0x05, 0x73, 0x6F, 0x75, 0x6E, 0x64, 0x00, 0x1F, 0x6D, 0x69, 0x6E, 0x65, 0x63, 0x72, 0x61, 0x66, 0x74,
    0x3A, 0x6D, 0x75, 0x73, 0x69, 0x63, 0x2E, 0x6F, 0x76, 0x65, 0x72, 0x77, 0x6F, 0x72, 0x6C, 0x64, 0x2E, 0x73, 0x77, 0x61,
    0x6D, 0x70, 0x03, 0x00, 0x09, 0x6D, 0x69, 0x6E, 0x5F, 0x64, 0x65, 0x6C, 0x61, 0x79, 0x00, 0x00, 0x2E, 0xE0, 0x00, 0x00,
    0x08, 0x00, 0x1A, 0x6D, 0x69, 0x6E, 0x65, 0x63, 0x72, 0x61, 0x66, 0x74, 0x3A, 0x76, 0x69, 0x73, 0x75, 0x61, 0x6C, 0x2F,
    0x66, 0x6F, 0x67, 0x5F, 0x63, 0x6F, 0x6C, 0x6F, 0x72, 0x00, 0x07, 0x23, 0x63, 0x30, 0x64, 0x38, 0x66, 0x66, 0x08, 0x00,
    0x1A, 0x6D, 0x69, 0x6E, 0x65, 0x63, 0x72, 0x61, 0x66, 0x74, 0x3A, 0x76, 0x69, 0x73, 0x75, 0x61, 0x6C, 0x2F, 0x73, 0x6B,
    0x79, 0x5F, 0x63, 0x6F, 0x6C, 0x6F, 0x72, 0x00, 0x07, 0x23, 0x37, 0x38, 0x61, 0x37, 0x66, 0x66, 0x08, 0x00, 0x20, 0x6D,
    0x69, 0x6E, 0x65, 0x63, 0x72, 0x61, 0x66, 0x74, 0x3A, 0x76, 0x69, 0x73, 0x75, 0x61, 0x6C, 0x2F, 0x77, 0x61, 0x74, 0x65,
    0x72, 0x5F, 0x66, 0x6F, 0x67, 0x5F, 0x63, 0x6F, 0x6C, 0x6F, 0x72, 0x00, 0x07, 0x23, 0x34, 0x64, 0x37, 0x61, 0x36, 0x30,
    0x0A, 0x00, 0x27, 0x6D, 0x69, 0x6E, 0x65, 0x63, 0x72, 0x61, 0x66, 0x74, 0x3A, 0x76, 0x69, 0x73, 0x75, 0x61, 0x6C, 0x2F,
    0x77, 0x61, 0x74, 0x65, 0x72, 0x5F, 0x66, 0x6F, 0x67, 0x5F, 0x65, 0x6E, 0x64, 0x5F, 0x64, 0x69, 0x73, 0x74, 0x61, 0x6E,
    0x63, 0x65, 0x05, 0x00, 0x08, 0x61, 0x72, 0x67, 0x75, 0x6D, 0x65, 0x6E, 0x74, 0x3F, 0x59, 0x99, 0x9A, 0x08, 0x00, 0x08,
    0x6D, 0x6F, 0x64, 0x69, 0x66, 0x69, 0x65, 0x72, 0x00, 0x08, 0x6D, 0x75, 0x6C, 0x74, 0x69, 0x70, 0x6C, 0x79, 0x00, 0x00,
    0x00, 0x10, 0x6D, 0x69, 0x6E, 0x65, 0x63, 0x72, 0x61, 0x66, 0x74, 0x3A, 0x6D, 0x65, 0x61, 0x64, 0x6F, 0x77, 0x01, 0x0A,
    0x0A, 0x00, 0x07, 0x65, 0x66, 0x66, 0x65, 0x63, 0x74, 0x73, 0x08, 0x00, 0x0B, 0x77, 0x61, 0x74, 0x65, 0x72, 0x5F, 0x63,
    0x6F, 0x6C, 0x6F, 0x72, 0x00, 0x07, 0x23, 0x30, 0x65, 0x34, 0x65, 0x63, 0x66, 0x00, 0x01, 0x00, 0x11, 0x68, 0x61, 0x73,
    0x5F, 0x70, 0x72, 0x65, 0x63, 0x69, 0x70, 0x69, 0x74, 0x61, 0x74, 0x69, 0x6F, 0x6E, 0x01, 0x05, 0x00, 0x0B, 0x74, 0x65,
    0x6D, 0x70, 0x65, 0x72, 0x61, 0x74, 0x75, 0x72, 0x65, 0x3F, 0x00, 0x00, 0x00, 0x05, 0x00, 0x08, 0x64, 0x6F, 0x77, 0x6E,
    0x66, 0x61, 0x6C, 0x6C, 0x3F, 0x4C, 0xCC, 0xCD, 0x0A, 0x00, 0x0A, 0x61, 0x74, 0x74, 0x72, 0x69, 0x62, 0x75, 0x74, 0x65,
    0x73, 0x0A, 0x00, 0x20, 0x6D, 0x69, 0x6E, 0x65, 0x63, 0x72, 0x61, 0x66, 0x74, 0x3A, 0x61, 0x75, 0x64, 0x69, 0x6F, 0x2F,
    0x62, 0x61, 0x63, 0x6B, 0x67, 0x72, 0x6F, 0x75, 0x6E, 0x64, 0x5F, 0x6D, 0x75, 0x73, 0x69, 0x63, 0x0A, 0x00, 0x07, 0x64,
    0x65, 0x66, 0x61, 0x75, 0x6C, 0x74, 0x03, 0x00, 0x09, 0x6D, 0x61, 0x78, 0x5F, 0x64, 0x65, 0x6C, 0x61, 0x79, 0x00, 0x00,
    0x5D, 0xC0, 0x08, 0x00, 0x05, 0x73, 0x6F, 0x75, 0x6E, 0x64, 0x00, 0x20, 0x6D, 0x69, 0x6E, 0x65, 0x63, 0x72, 0x61, 0x66,
    0x74, 0x3A, 0x6D, 0x75, 0x73, 0x69, 0x63, 0x2E, 0x6F, 0x76, 0x65, 0x72, 0x77, 0x6F, 0x72, 0x6C, 0x64, 0x2E, 0x6D, 0x65,
    0x61, 0x64, 0x6F, 0x77, 0x03, 0x00, 0x09, 0x6D, 0x69, 0x6E, 0x5F, 0x64, 0x65, 0x6C, 0x61, 0x79, 0x00, 0x00, 0x2E, 0xE0,
    0x00, 0x00, 0x08, 0x00, 0x1A, 0x6D, 0x69, 0x6E, 0x65, 0x63, 0x72, 0x61, 0x66, 0x74, 0x3A, 0x76, 0x69, 0x73, 0x75, 0x61,
    0x6C, 0x2F, 0x73, 0x6B, 0x79, 0x5F, 0x63, 0x6F, 0x6C, 0x6F, 0x72, 0x00, 0x07, 0x23, 0x37, 0x62, 0x61, 0x34, 0x66, 0x66,
    0x00, 0x00, 0x19, 0x6D, 0x69, 0x6E, 0x65, 0x63, 0x72, 0x61, 0x66, 0x74, 0x3A, 0x6D, 0x75, 0x73, 0x68, 0x72, 0x6F, 0x6F,
    0x6D, 0x5F, 0x66, 0x69, 0x65, 0x6C, 0x64, 0x73, 0x01, 0x0A, 0x0A, 0x00, 0x07, 0x65, 0x66, 0x66, 0x65, 0x63, 0x74, 0x73,
    0x08, 0x00, 0x0B, 0x77, 0x61, 0x74, 0x65, 0x72, 0x5F, 0x63, 0x6F, 0x6C, 0x6F, 0x72, 0x00, 0x07, 0x23, 0x33, 0x66, 0x37,
    0x36, 0x65, 0x34, 0x00, 0x01, 0x00, 0x11, 0x68, 0x61, 0x73, 0x5F, 0x70, 0x72, 0x65, 0x63, 0x69, 0x70, 0x69, 0x74, 0x61,
    0x74, 0x69, 0x6F, 0x6E, 0x01, 0x05, 0x00, 0x0B, 0x74, 0x65, 0x6D, 0x70, 0x65, 0x72, 0x61, 0x74, 0x75, 0x72, 0x65, 0x3F,
    0x66, 0x66, 0x66, 0x05, 0x00, 0x08, 0x64, 0x6F, 0x77, 0x6E, 0x66, 0x61, 0x6C, 0x6C, 0x3F, 0x80, 0x00, 0x00, 0x0A, 0x00,
    0x0A, 0x61, 0x74, 0x74, 0x72, 0x69, 0x62, 0x75, 0x74, 0x65, 0x73, 0x08, 0x00, 0x1A, 0x6D, 0x69, 0x6E, 0x65, 0x63, 0x72,
    0x61, 0x66, 0x74, 0x3A, 0x76, 0x69, 0x73, 0x75, 0x61, 0x6C, 0x2F, 0x73, 0x6B, 0x79, 0x5F, 0x63, 0x6F, 0x6C, 0x6F, 0x72,
    0x00, 0x07, 0x23, 0x37, 0x37, 0x61, 0x38, 0x66, 0x66, 0x00, 0x00, 0x17, 0x6D, 0x69, 0x6E, 0x65, 0x63, 0x72, 0x61, 0x66,
    0x74, 0x3A, 0x6E, 0x65, 0x74, 0x68, 0x65, 0x72, 0x5F, 0x77, 0x61, 0x73, 0x74, 0x65, 0x73, 0x01, 0x0A, 0x0A, 0x00, 0x07,
    0x65, 0x66, 0x66, 0x65, 0x63, 0x74, 0x73, 0x08, 0x00, 0x0B, 0x77, 0x61, 0x74, 0x65, 0x72, 0x5F, 0x63, 0x6F, 0x6C, 0x6F,
    0x72, 0x00, 0x07, 0x23, 0x33, 0x66, 0x37, 0x36, 0x65, 0x34, 0x00, 0x01, 0x00, 0x11, 0x68, 0x61, 0x73, 0x5F, 0x70, 0x72,
    0x65, 0x63, 0x69, 0x70, 0x69, 0x74, 0x61, 0x74, 0x69, 0x6F, 0x6E, 0x00, 0x05, 0x00, 0x0B, 0x74, 0x65, 0x6D, 0x70, 0x65,
    0x72, 0x61, 0x74, 0x75, 0x72, 0x65, 0x40, 0x00, 0x00, 0x00, 0x05, 0x00, 0x08, 0x64, 0x6F, 0x77, 0x6E, 0x66, 0x61, 0x6C,
    0x6C, 0x00, 0x00, 0x00, 0x00, 0x0A, 0x00, 0x0A, 0x61, 0x74, 0x74, 0x72, 0x69, 0x62, 0x75, 0x74, 0x65, 0x73, 0x0A, 0x00,
    0x20, 0x6D, 0x69, 0x6E, 0x65, 0x63, 0x72, 0x61, 0x66, 0x74, 0x3A, 0x61, 0x75, 0x64, 0x69, 0x6F, 0x2F, 0x62, 0x61, 0x63,
    0x6B, 0x67, 0x72, 0x6F, 0x75, 0x6E, 0x64, 0x5F, 0x6D, 0x75, 0x73, 0x69, 0x63, 0x0A, 0x00, 0x07, 0x64, 0x65, 0x66, 0x61,
    0x75, 0x6C, 0x74, 0x03, 0x00, 0x09, 0x6D, 0x61, 0x78, 0x5F, 0x64, 0x65, 0x6C, 0x61, 0x79, 0x00, 0x00, 0x5D, 0xC0, 0x08,
    0x00, 0x05, 0x73, 0x6F, 0x75, 0x6E, 0x64, 0x00, 0x24, 0x6D, 0x69, 0x6E, 0x65, 0x63, 0x72, 0x61, 0x66, 0x74, 0x3A, 0x6D,
    0x75, 0x73, 0x69, 0x63, 0x2E, 0x6E, 0x65, 0x74, 0x68, 0x65, 0x72, 0x2E, 0x6E, 0x65, 0x74, 0x68, 0x65, 0x72, 0x5F, 0x77,
    0x61, 0x73, 0x74, 0x65, 0x73, 0x03, 0x00, 0x09, 0x6D, 0x69, 0x6E, 0x5F, 0x64, 0x65, 0x6C, 0x61, 0x79, 0x00, 0x00, 0x2E,
    0xE0, 0x00, 0x00, 0x08, 0x00, 0x1A, 0x6D, 0x69, 0x6E, 0x65, 0x63, 0x72, 0x61, 0x66, 0x74, 0x3A, 0x76, 0x69, 0x73, 0x75,
    0x61, 0x6C, 0x2F, 0x66, 0x6F, 0x67, 0x5F, 0x63, 0x6F, 0x6C, 0x6F, 0x72, 0x00, 0x07, 0x23, 0x33, 0x33, 0x30, 0x38, 0x30,
    0x38, 0x0A, 0x00, 0x1E, 0x6D, 0x69, 0x6E, 0x65, 0x63, 0x72, 0x61, 0x66, 0x74, 0x3A, 0x61, 0x75, 0x64, 0x69, 0x6F, 0x2F,
    0x61, 0x6D, 0x62, 0x69, 0x65, 0x6E, 0x74, 0x5F, 0x73, 0x6F, 0x75, 0x6E, 0x64, 0x73, 0x0A, 0x00, 0x04, 0x6D, 0x6F, 0x6F,
    0x64, 0x03, 0x00, 0x0A, 0x74, 0x69, 0x63, 0x6B, 0x5F, 0x64, 0x65, 0x6C, 0x61, 0x79, 0x00, 0x00, 0x17, 0x70, 0x06, 0x00,
    0x06, 0x6F, 0x66, 0x66, 0x73, 0x65, 0x74, 0x40, 0x00, 0x00, 0x00, 0x00, 0x00, 0x00, 0x00, 0x08, 0x00, 0x05, 0x73, 0x6F,
    0x75, 0x6E, 0x64, 0x00, 0x24, 0x6D, 0x69, 0x6E, 0x65, 0x63, 0x72, 0x61, 0x66, 0x74, 0x3A, 0x61, 0x6D, 0x62, 0x69, 0x65,
    0x6E, 0x74, 0x2E, 0x6E, 0x65, 0x74, 0x68, 0x65, 0x72, 0x5F, 0x77, 0x61, 0x73, 0x74, 0x65, 0x73, 0x2E, 0x6D, 0x6F, 0x6F,
    0x64, 0x03, 0x00, 0x13, 0x62, 0x6C, 0x6F, 0x63, 0x6B, 0x5F, 0x73, 0x65, 0x61, 0x72, 0x63, 0x68, 0x5F, 0x65, 0x78, 0x74,
    0x65, 0x6E, 0x74, 0x00, 0x00, 0x00, 0x08, 0x00, 0x0A, 0x00, 0x09, 0x61, 0x64, 0x64, 0x69, 0x74, 0x69, 0x6F, 0x6E, 0x73,
    0x08, 0x00, 0x05, 0x73, 0x6F, 0x75, 0x6E, 0x64, 0x00, 0x29, 0x6D, 0x69, 0x6E, 0x65, 0x63, 0x72, 0x61, 0x66, 0x74, 0x3A,
    0x61, 0x6D, 0x62, 0x69, 0x65, 0x6E, 0x74, 0x2E, 0x6E, 0x65, 0x74, 0x68, 0x65, 0x72, 0x5F, 0x77, 0x61, 0x73, 0x74, 0x65,
    0x73, 0x2E, 0x61, 0x64, 0x64, 0x69, 0x74, 0x69, 0x6F, 0x6E, 0x73, 0x06, 0x00, 0x0B, 0x74, 0x69, 0x63, 0x6B, 0x5F, 0x63,
    0x68, 0x61, 0x6E, 0x63, 0x65, 0x3F, 0x86, 0xBB, 0x98, 0xC7, 0xE2, 0x82, 0x41, 0x00, 0x08, 0x00, 0x04, 0x6C, 0x6F, 0x6F,
    0x70, 0x00, 0x24, 0x6D, 0x69, 0x6E, 0x65, 0x63, 0x72, 0x61, 0x66, 0x74, 0x3A, 0x61, 0x6D, 0x62, 0x69, 0x65, 0x6E, 0x74,
    0x2E, 0x6E, 0x65, 0x74, 0x68, 0x65, 0x72, 0x5F, 0x77, 0x61, 0x73, 0x74, 0x65, 0x73, 0x2E, 0x6C, 0x6F, 0x6F, 0x70, 0x00,
    0x00, 0x00, 0x0F, 0x6D, 0x69, 0x6E, 0x65, 0x63, 0x72, 0x61, 0x66, 0x74, 0x3A, 0x6F, 0x63, 0x65, 0x61, 0x6E, 0x01, 0x0A,
    0x0A, 0x00, 0x07, 0x65, 0x66, 0x66, 0x65, 0x63, 0x74, 0x73, 0x08, 0x00, 0x0B, 0x77, 0x61, 0x74, 0x65, 0x72, 0x5F, 0x63,
    0x6F, 0x6C, 0x6F, 0x72, 0x00, 0x07, 0x23, 0x33, 0x66, 0x37, 0x36, 0x65, 0x34, 0x00, 0x01, 0x00, 0x11, 0x68, 0x61, 0x73,
    0x5F, 0x70, 0x72, 0x65, 0x63, 0x69, 0x70, 0x69, 0x74, 0x61, 0x74, 0x69, 0x6F, 0x6E, 0x01, 0x05, 0x00, 0x0B, 0x74, 0x65,
    0x6D, 0x70, 0x65, 0x72, 0x61, 0x74, 0x75, 0x72, 0x65, 0x3F, 0x00, 0x00, 0x00, 0x05, 0x00, 0x08, 0x64, 0x6F, 0x77, 0x6E,
    0x66, 0x61, 0x6C, 0x6C, 0x3F, 0x00, 0x00, 0x00, 0x0A, 0x00, 0x0A, 0x61, 0x74, 0x74, 0x72, 0x69, 0x62, 0x75, 0x74, 0x65,
    0x73, 0x0A, 0x00, 0x20, 0x6D, 0x69, 0x6E, 0x65, 0x63, 0x72, 0x61, 0x66, 0x74, 0x3A, 0x61, 0x75, 0x64, 0x69, 0x6F, 0x2F,
    0x62, 0x61, 0x63, 0x6B, 0x67, 0x72, 0x6F, 0x75, 0x6E, 0x64, 0x5F, 0x6D, 0x75, 0x73, 0x69, 0x63, 0x0A, 0x00, 0x07, 0x64,
    0x65, 0x66, 0x61, 0x75, 0x6C, 0x74, 0x03, 0x00, 0x09, 0x6D, 0x61, 0x78, 0x5F, 0x64, 0x65, 0x6C, 0x61, 0x79, 0x00, 0x00,
    0x5D, 0xC0, 0x08, 0x00, 0x05, 0x73, 0x6F, 0x75, 0x6E, 0x64, 0x00, 0x14, 0x6D, 0x69, 0x6E, 0x65, 0x63, 0x72, 0x61, 0x66,
    0x74, 0x3A, 0x6D, 0x75, 0x73, 0x69, 0x63, 0x2E, 0x67, 0x61, 0x6D, 0x65, 0x03, 0x00, 0x09, 0x6D, 0x69, 0x6E, 0x5F, 0x64,
    0x65, 0x6C, 0x61, 0x79, 0x00, 0x00, 0x2E, 0xE0, 0x00, 0x0A, 0x00, 0x0A, 0x75, 0x6E, 0x64, 0x65, 0x72, 0x77, 0x61, 0x74,
    0x65, 0x72, 0x03, 0x00, 0x09, 0x6D, 0x61, 0x78, 0x5F, 0x64, 0x65, 0x6C, 0x61, 0x79, 0x00, 0x00, 0x5D, 0xC0, 0x08, 0x00,
    0x05, 0x73, 0x6F, 0x75, 0x6E, 0x64, 0x00, 0x1B, 0x6D, 0x69, 0x6E, 0x65, 0x63, 0x72, 0x61, 0x66, 0x74, 0x3A, 0x6D, 0x75,
    0x73, 0x69, 0x63, 0x2E, 0x75, 0x6E, 0x64, 0x65, 0x72, 0x5F, 0x77, 0x61, 0x74, 0x65, 0x72, 0x03, 0x00, 0x09, 0x6D, 0x69,
    0x6E, 0x5F, 0x64, 0x65, 0x6C, 0x61, 0x79, 0x00, 0x00, 0x2E, 0xE0, 0x00, 0x0A, 0x00, 0x08, 0x63, 0x72, 0x65, 0x61, 0x74,
    0x69, 0x76, 0x65, 0x03, 0x00, 0x09, 0x6D, 0x61, 0x78, 0x5F, 0x64, 0x65, 0x6C, 0x61, 0x79, 0x00, 0x00, 0x5D, 0xC0, 0x08,
    0x00, 0x05, 0x73, 0x6F, 0x75, 0x6E, 0x64, 0x00, 0x18, 0x6D, 0x69, 0x6E, 0x65, 0x63, 0x72, 0x61, 0x66, 0x74, 0x3A, 0x6D,
    0x75, 0x73, 0x69, 0x63, 0x2E, 0x63, 0x72, 0x65, 0x61, 0x74, 0x69, 0x76, 0x65, 0x03, 0x00, 0x09, 0x6D, 0x69, 0x6E, 0x5F,
    0x64, 0x65, 0x6C, 0x61, 0x79, 0x00, 0x00, 0x2E, 0xE0, 0x00, 0x00, 0x08, 0x00, 0x1A, 0x6D, 0x69, 0x6E, 0x65, 0x63, 0x72,
    0x61, 0x66, 0x74, 0x3A, 0x76, 0x69, 0x73, 0x75, 0x61, 0x6C, 0x2F, 0x73, 0x6B, 0x79, 0x5F, 0x63, 0x6F, 0x6C, 0x6F, 0x72,
    0x00, 0x07, 0x23, 0x37, 0x62, 0x61, 0x34, 0x66, 0x66, 0x00, 0x00, 0x21, 0x6D, 0x69, 0x6E, 0x65, 0x63, 0x72, 0x61, 0x66,
    0x74, 0x3A, 0x6F, 0x6C, 0x64, 0x5F, 0x67, 0x72, 0x6F, 0x77, 0x74, 0x68, 0x5F, 0x62, 0x69, 0x72, 0x63, 0x68, 0x5F, 0x66,
    0x6F, 0x72, 0x65, 0x73, 0x74, 0x01, 0x0A, 0x0A, 0x00, 0x07, 0x65, 0x66, 0x66, 0x65, 0x63, 0x74, 0x73, 0x08, 0x00, 0x0B,
    0x77, 0x61, 0x74, 0x65, 0x72, 0x5F, 0x63, 0x6F, 0x6C, 0x6F, 0x72, 0x00, 0x07, 0x23, 0x33, 0x66, 0x37, 0x36, 0x65, 0x34,
    0x00, 0x01, 0x00, 0x11, 0x68, 0x61, 0x73, 0x5F, 0x70, 0x72, 0x65, 0x63, 0x69, 0x70, 0x69, 0x74, 0x61, 0x74, 0x69, 0x6F,
    0x6E, 0x01, 0x05, 0x00, 0x0B, 0x74, 0x65, 0x6D, 0x70, 0x65, 0x72, 0x61, 0x74, 0x75, 0x72, 0x65, 0x3F, 0x19, 0x99, 0x9A,
    0x05, 0x00, 0x08, 0x64, 0x6F, 0x77, 0x6E, 0x66, 0x61, 0x6C, 0x6C, 0x3F, 0x19, 0x99, 0x9A, 0x0A, 0x00, 0x0A, 0x61, 0x74,
    0x74, 0x72, 0x69, 0x62, 0x75, 0x74, 0x65, 0x73, 0x0A, 0x00, 0x20, 0x6D, 0x69, 0x6E, 0x65, 0x63, 0x72, 0x61, 0x66, 0x74,
    0x3A, 0x61, 0x75, 0x64, 0x69, 0x6F, 0x2F, 0x62, 0x61, 0x63, 0x6B, 0x67, 0x72, 0x6F, 0x75, 0x6E, 0x64, 0x5F, 0x6D, 0x75,
    0x73, 0x69, 0x63, 0x0A, 0x00, 0x07, 0x64, 0x65, 0x66, 0x61, 0x75, 0x6C, 0x74, 0x03, 0x00, 0x09, 0x6D, 0x61, 0x78, 0x5F,
    0x64, 0x65, 0x6C, 0x61, 0x79, 0x00, 0x00, 0x5D, 0xC0, 0x08, 0x00, 0x05, 0x73, 0x6F, 0x75, 0x6E, 0x64, 0x00, 0x20, 0x6D,
    0x69, 0x6E, 0x65, 0x63, 0x72, 0x61, 0x66, 0x74, 0x3A, 0x6D, 0x75, 0x73, 0x69, 0x63, 0x2E, 0x6F, 0x76, 0x65, 0x72, 0x77,
    0x6F, 0x72, 0x6C, 0x64, 0x2E, 0x66, 0x6F, 0x72, 0x65, 0x73, 0x74, 0x03, 0x00, 0x09, 0x6D, 0x69, 0x6E, 0x5F, 0x64, 0x65,
    0x6C, 0x61, 0x79, 0x00, 0x00, 0x2E, 0xE0, 0x00, 0x00, 0x08, 0x00, 0x1A, 0x6D, 0x69, 0x6E, 0x65, 0x63, 0x72, 0x61, 0x66,
    0x74, 0x3A, 0x76, 0x69, 0x73, 0x75, 0x61, 0x6C, 0x2F, 0x73, 0x6B, 0x79, 0x5F, 0x63, 0x6F, 0x6C, 0x6F, 0x72, 0x00, 0x07,
    0x23, 0x37, 0x61, 0x61, 0x35, 0x66, 0x66, 0x00, 0x00, 0x1F, 0x6D, 0x69, 0x6E, 0x65, 0x63, 0x72, 0x61, 0x66, 0x74, 0x3A,
    0x6F, 0x6C, 0x64, 0x5F, 0x67, 0x72, 0x6F, 0x77, 0x74, 0x68, 0x5F, 0x70, 0x69, 0x6E, 0x65, 0x5F, 0x74, 0x61, 0x69, 0x67,
    0x61, 0x01, 0x0A, 0x0A, 0x00, 0x07, 0x65, 0x66, 0x66, 0x65, 0x63, 0x74, 0x73, 0x08, 0x00, 0x0B, 0x77, 0x61, 0x74, 0x65,
    0x72, 0x5F, 0x63, 0x6F, 0x6C, 0x6F, 0x72, 0x00, 0x07, 0x23, 0x33, 0x66, 0x37, 0x36, 0x65, 0x34, 0x00, 0x01, 0x00, 0x11,
    0x68, 0x61, 0x73, 0x5F, 0x70, 0x72, 0x65, 0x63, 0x69, 0x70, 0x69, 0x74, 0x61, 0x74, 0x69, 0x6F, 0x6E, 0x01, 0x05, 0x00,
    0x0B, 0x74, 0x65, 0x6D, 0x70, 0x65, 0x72, 0x61, 0x74, 0x75, 0x72, 0x65, 0x3E, 0x99, 0x99, 0x9A, 0x05, 0x00, 0x08, 0x64,
    0x6F, 0x77, 0x6E, 0x66, 0x61, 0x6C, 0x6C, 0x3F, 0x4C, 0xCC, 0xCD, 0x0A, 0x00, 0x0A, 0x61, 0x74, 0x74, 0x72, 0x69, 0x62,
    0x75, 0x74, 0x65, 0x73, 0x0A, 0x00, 0x20, 0x6D, 0x69, 0x6E, 0x65, 0x63, 0x72, 0x61, 0x66, 0x74, 0x3A, 0x61, 0x75, 0x64,
    0x69, 0x6F, 0x2F, 0x62, 0x61, 0x63, 0x6B, 0x67, 0x72, 0x6F, 0x75, 0x6E, 0x64, 0x5F, 0x6D, 0x75, 0x73, 0x69, 0x63, 0x0A,
    0x00, 0x07, 0x64, 0x65, 0x66, 0x61, 0x75, 0x6C, 0x74, 0x03, 0x00, 0x09, 0x6D, 0x61, 0x78, 0x5F, 0x64, 0x65, 0x6C, 0x61,
    0x79, 0x00, 0x00, 0x5D, 0xC0, 0x08, 0x00, 0x05, 0x73, 0x6F, 0x75, 0x6E, 0x64, 0x00, 0x2A, 0x6D, 0x69, 0x6E, 0x65, 0x63,
    0x72, 0x61, 0x66, 0x74, 0x3A, 0x6D, 0x75, 0x73, 0x69, 0x63, 0x2E, 0x6F, 0x76, 0x65, 0x72, 0x77, 0x6F, 0x72, 0x6C, 0x64,
    0x2E, 0x6F, 0x6C, 0x64, 0x5F, 0x67, 0x72, 0x6F, 0x77, 0x74, 0x68, 0x5F, 0x74, 0x61, 0x69, 0x67, 0x61, 0x03, 0x00, 0x09,
    0x6D, 0x69, 0x6E, 0x5F, 0x64, 0x65, 0x6C, 0x61, 0x79, 0x00, 0x00, 0x2E, 0xE0, 0x00, 0x00, 0x08, 0x00, 0x1A, 0x6D, 0x69,
    0x6E, 0x65, 0x63, 0x72, 0x61, 0x66, 0x74, 0x3A, 0x76, 0x69, 0x73, 0x75, 0x61, 0x6C, 0x2F, 0x73, 0x6B, 0x79, 0x5F, 0x63,
    0x6F, 0x6C, 0x6F, 0x72, 0x00, 0x07, 0x23, 0x37, 0x63, 0x61, 0x33, 0x66, 0x66, 0x00, 0x00, 0x21, 0x6D, 0x69, 0x6E, 0x65,
    0x63, 0x72, 0x61, 0x66, 0x74, 0x3A, 0x6F, 0x6C, 0x64, 0x5F, 0x67, 0x72, 0x6F, 0x77, 0x74, 0x68, 0x5F, 0x73, 0x70, 0x72,
    0x75, 0x63, 0x65, 0x5F, 0x74, 0x61, 0x69, 0x67, 0x61, 0x01, 0x0A, 0x0A, 0x00, 0x07, 0x65, 0x66, 0x66, 0x65, 0x63, 0x74,
    0x73, 0x08, 0x00, 0x0B, 0x77, 0x61, 0x74, 0x65, 0x72, 0x5F, 0x63, 0x6F, 0x6C, 0x6F, 0x72, 0x00, 0x07, 0x23, 0x33, 0x66,
    0x37, 0x36, 0x65, 0x34, 0x00, 0x01, 0x00, 0x11, 0x68, 0x61, 0x73, 0x5F, 0x70, 0x72, 0x65, 0x63, 0x69, 0x70, 0x69, 0x74,
    0x61, 0x74, 0x69, 0x6F, 0x6E, 0x01, 0x05, 0x00, 0x0B, 0x74, 0x65, 0x6D, 0x70, 0x65, 0x72, 0x61, 0x74, 0x75, 0x72, 0x65,
    0x3E, 0x80, 0x00, 0x00, 0x05, 0x00, 0x08, 0x64, 0x6F, 0x77, 0x6E, 0x66, 0x61, 0x6C, 0x6C, 0x3F, 0x4C, 0xCC, 0xCD, 0x0A,
    0x00, 0x0A, 0x61, 0x74, 0x74, 0x72, 0x69, 0x62, 0x75, 0x74, 0x65, 0x73, 0x0A, 0x00, 0x20, 0x6D, 0x69, 0x6E, 0x65, 0x63,
    0x72, 0x61, 0x66, 0x74, 0x3A, 0x61, 0x75, 0x64, 0x69, 0x6F, 0x2F, 0x62, 0x61, 0x63, 0x6B, 0x67, 0x72, 0x6F, 0x75, 0x6E,
    0x64, 0x5F, 0x6D, 0x75, 0x73, 0x69, 0x63, 0x0A, 0x00, 0x07, 0x64, 0x65, 0x66, 0x61, 0x75, 0x6C, 0x74, 0x03, 0x00, 0x09,
    0x6D, 0x61, 0x78, 0x5F, 0x64, 0x65, 0x6C, 0x61, 0x79, 0x00, 0x00, 0x5D, 0xC0, 0x08, 0x00, 0x05, 0x73, 0x6F, 0x75, 0x6E,
    0x64, 0x00, 0x2A, 0x6D, 0x69, 0x6E, 0x65, 0x63, 0x72, 0x61, 0x66, 0x74, 0x3A, 0x6D, 0x75, 0x73, 0x69, 0x63, 0x2E, 0x6F,
    0x76, 0x65, 0x72, 0x77, 0x6F, 0x72, 0x6C, 0x64, 0x2E, 0x6F, 0x6C, 0x64, 0x5F, 0x67, 0x72, 0x6F, 0x77, 0x74, 0x68, 0x5F,
    0x74, 0x61, 0x69, 0x67, 0x61, 0x03, 0x00, 0x09, 0x6D, 0x69, 0x6E, 0x5F, 0x64, 0x65, 0x6C, 0x61, 0x79, 0x00, 0x00, 0x2E,
    0xE0, 0x00, 0x00, 0x08, 0x00, 0x1A, 0x6D, 0x69, 0x6E, 0x65, 0x63, 0x72, 0x61, 0x66, 0x74, 0x3A, 0x76, 0x69, 0x73, 0x75,
    0x61, 0x6C, 0x2F, 0x73, 0x6B, 0x79, 0x5F, 0x63, 0x6F, 0x6C, 0x6F, 0x72, 0x00, 0x07, 0x23, 0x37, 0x64, 0x61, 0x33, 0x66,
    0x66, 0x00, 0x00, 0x15, 0x6D, 0x69, 0x6E, 0x65, 0x63, 0x72, 0x61, 0x66, 0x74, 0x3A, 0x70, 0x61, 0x6C, 0x65, 0x5F, 0x67,
    0x61, 0x72, 0x64, 0x65, 0x6E, 0x01, 0x0A, 0x0A, 0x00, 0x07, 0x65, 0x66, 0x66, 0x65, 0x63, 0x74, 0x73, 0x08, 0x00, 0x11,
    0x64, 0x72, 0x79, 0x5F, 0x66, 0x6F, 0x6C, 0x69, 0x61, 0x67, 0x65, 0x5F, 0x63, 0x6F, 0x6C, 0x6F, 0x72, 0x00, 0x07, 0x23,
    0x61, 0x30, 0x61, 0x36, 0x39, 0x63, 0x08, 0x00, 0x0B, 0x67, 0x72, 0x61, 0x73, 0x73, 0x5F, 0x63, 0x6F, 0x6C, 0x6F, 0x72,
    0x00, 0x07, 0x23, 0x37, 0x37, 0x38, 0x32, 0x37, 0x32, 0x08, 0x00, 0x0D, 0x66, 0x6F, 0x6C, 0x69, 0x61, 0x67, 0x65, 0x5F,
    0x63, 0x6F, 0x6C, 0x6F, 0x72, 0x00, 0x07, 0x23, 0x38, 0x37, 0x38, 0x64, 0x37, 0x36, 0x08, 0x00, 0x0B, 0x77, 0x61, 0x74,
    0x65, 0x72, 0x5F, 0x63, 0x6F, 0x6C, 0x6F, 0x72, 0x00, 0x07, 0x23, 0x37, 0x36, 0x38, 0x38, 0x39, 0x64, 0x00, 0x01, 0x00,
    0x11, 0x68, 0x61, 0x73, 0x5F, 0x70, 0x72, 0x65, 0x63, 0x69, 0x70, 0x69, 0x74, 0x61, 0x74, 0x69, 0x6F, 0x6E, 0x01, 0x05,
    0x00, 0x0B, 0x74, 0x65, 0x6D, 0x70, 0x65, 0x72, 0x61, 0x74, 0x75, 0x72, 0x65, 0x3F, 0x33, 0x33, 0x33, 0x05, 0x00, 0x08,
    0x64, 0x6F, 0x77, 0x6E, 0x66, 0x61, 0x6C, 0x6C, 0x3F, 0x4C, 0xCC, 0xCD, 0x0A, 0x00, 0x0A, 0x61, 0x74, 0x74, 0x72, 0x69,
    0x62, 0x75, 0x74, 0x65, 0x73, 0x0A, 0x00, 0x20, 0x6D, 0x69, 0x6E, 0x65, 0x63, 0x72, 0x61, 0x66, 0x74, 0x3A, 0x61, 0x75,
    0x64, 0x69, 0x6F, 0x2F, 0x62, 0x61, 0x63, 0x6B, 0x67, 0x72, 0x6F, 0x75, 0x6E, 0x64, 0x5F, 0x6D, 0x75, 0x73, 0x69, 0x63,
    0x00, 0x08, 0x00, 0x1A, 0x6D, 0x69, 0x6E, 0x65, 0x63, 0x72, 0x61, 0x66, 0x74, 0x3A, 0x76, 0x69, 0x73, 0x75, 0x61, 0x6C,
    0x2F, 0x66, 0x6F, 0x67, 0x5F, 0x63, 0x6F, 0x6C, 0x6F, 0x72, 0x00, 0x07, 0x23, 0x38, 0x31, 0x37, 0x37, 0x37, 0x30, 0x08,
    0x00, 0x20, 0x6D, 0x69, 0x6E, 0x65, 0x63, 0x72, 0x61, 0x66, 0x74, 0x3A, 0x76, 0x69, 0x73, 0x75, 0x61, 0x6C, 0x2F, 0x77,
    0x61, 0x74, 0x65, 0x72, 0x5F, 0x66, 0x6F, 0x67, 0x5F, 0x63, 0x6F, 0x6C, 0x6F, 0x72, 0x00, 0x07, 0x23, 0x35, 0x35, 0x36,
    0x39, 0x38, 0x30, 0x08, 0x00, 0x1A, 0x6D, 0x69, 0x6E, 0x65, 0x63, 0x72, 0x61, 0x66, 0x74, 0x3A, 0x76, 0x69, 0x73, 0x75,
    0x61, 0x6C, 0x2F, 0x73, 0x6B, 0x79, 0x5F, 0x63, 0x6F, 0x6C, 0x6F, 0x72, 0x00, 0x07, 0x23, 0x62, 0x39, 0x62, 0x39, 0x62,
    0x39, 0x05, 0x00, 0x1C, 0x6D, 0x69, 0x6E, 0x65, 0x63, 0x72, 0x61, 0x66, 0x74, 0x3A, 0x61, 0x75, 0x64, 0x69, 0x6F, 0x2F,
    0x6D, 0x75, 0x73, 0x69, 0x63, 0x5F, 0x76, 0x6F, 0x6C, 0x75, 0x6D, 0x65, 0x00, 0x00, 0x00, 0x00, 0x00, 0x00, 0x10, 0x6D,
    0x69, 0x6E, 0x65, 0x63, 0x72, 0x61, 0x66, 0x74, 0x3A, 0x70, 0x6C, 0x61, 0x69, 0x6E, 0x73, 0x01, 0x0A, 0x0A, 0x00, 0x07,
    0x65, 0x66, 0x66, 0x65, 0x63, 0x74, 0x73, 0x08, 0x00, 0x0B, 0x77, 0x61, 0x74, 0x65, 0x72, 0x5F, 0x63, 0x6F, 0x6C, 0x6F,
    0x72, 0x00, 0x07, 0x23, 0x33, 0x66, 0x37, 0x36, 0x65, 0x34, 0x00, 0x01, 0x00, 0x11, 0x68, 0x61, 0x73, 0x5F, 0x70, 0x72,
    0x65, 0x63, 0x69, 0x70, 0x69, 0x74, 0x61, 0x74, 0x69, 0x6F, 0x6E, 0x01, 0x05, 0x00, 0x0B, 0x74, 0x65, 0x6D, 0x70, 0x65,
    0x72, 0x61, 0x74, 0x75, 0x72, 0x65, 0x3F, 0x4C, 0xCC, 0xCD, 0x05, 0x00, 0x08, 0x64, 0x6F, 0x77, 0x6E, 0x66, 0x61, 0x6C,
    0x6C, 0x3E, 0xCC, 0xCC, 0xCD, 0x0A, 0x00, 0x0A, 0x61, 0x74, 0x74, 0x72, 0x69, 0x62, 0x75, 0x74, 0x65, 0x73, 0x08, 0x00,
    0x1A, 0x6D, 0x69, 0x6E, 0x65, 0x63, 0x72, 0x61, 0x66, 0x74, 0x3A, 0x76, 0x69, 0x73, 0x75, 0x61, 0x6C, 0x2F, 0x73, 0x6B,
    0x79, 0x5F, 0x63, 0x6F, 0x6C, 0x6F, 0x72, 0x00, 0x07, 0x23, 0x37, 0x38, 0x61, 0x37, 0x66, 0x66, 0x00, 0x00, 0x0F, 0x6D,
    0x69, 0x6E, 0x65, 0x63, 0x72, 0x61, 0x66, 0x74, 0x3A, 0x72, 0x69, 0x76, 0x65, 0x72, 0x01, 0x0A, 0x0A, 0x00, 0x07, 0x65,
    0x66, 0x66, 0x65, 0x63, 0x74, 0x73, 0x08, 0x00, 0x0B, 0x77, 0x61, 0x74, 0x65, 0x72, 0x5F, 0x63, 0x6F, 0x6C, 0x6F, 0x72,
    0x00, 0x07, 0x23, 0x33, 0x66, 0x37, 0x36, 0x65, 0x34, 0x00, 0x01, 0x00, 0x11, 0x68, 0x61, 0x73, 0x5F, 0x70, 0x72, 0x65,
    0x63, 0x69, 0x70, 0x69, 0x74, 0x61, 0x74, 0x69, 0x6F, 0x6E, 0x01, 0x05, 0x00, 0x0B, 0x74, 0x65, 0x6D, 0x70, 0x65, 0x72,
    0x61, 0x74, 0x75, 0x72, 0x65, 0x3F, 0x00, 0x00, 0x00, 0x05, 0x00, 0x08, 0x64, 0x6F, 0x77, 0x6E, 0x66, 0x61, 0x6C, 0x6C,
    0x3F, 0x00, 0x00, 0x00, 0x0A, 0x00, 0x0A, 0x61, 0x74, 0x74, 0x72, 0x69, 0x62, 0x75, 0x74, 0x65, 0x73, 0x0A, 0x00, 0x20,
    0x6D, 0x69, 0x6E, 0x65, 0x63, 0x72, 0x61, 0x66, 0x74, 0x3A, 0x61, 0x75, 0x64, 0x69, 0x6F, 0x2F, 0x62, 0x61, 0x63, 0x6B,
    0x67, 0x72, 0x6F, 0x75, 0x6E, 0x64, 0x5F, 0x6D, 0x75, 0x73, 0x69, 0x63, 0x0A, 0x00, 0x07, 0x64, 0x65, 0x66, 0x61, 0x75,
    0x6C, 0x74, 0x03, 0x00, 0x09, 0x6D, 0x61, 0x78, 0x5F, 0x64, 0x65, 0x6C, 0x61, 0x79, 0x00, 0x00, 0x5D, 0xC0, 0x08, 0x00,
    0x05, 0x73, 0x6F, 0x75, 0x6E, 0x64, 0x00, 0x14, 0x6D, 0x69, 0x6E, 0x65, 0x63, 0x72, 0x61, 0x66, 0x74, 0x3A, 0x6D, 0x75,
    0x73, 0x69, 0x63, 0x2E, 0x67, 0x61, 0x6D, 0x65, 0x03, 0x00, 0x09, 0x6D, 0x69, 0x6E, 0x5F, 0x64, 0x65, 0x6C, 0x61, 0x79,
    0x00, 0x00, 0x2E, 0xE0, 0x00, 0x0A, 0x00, 0x0A, 0x75, 0x6E, 0x64, 0x65, 0x72, 0x77, 0x61, 0x74, 0x65, 0x72, 0x03, 0x00,
    0x09, 0x6D, 0x61, 0x78, 0x5F, 0x64, 0x65, 0x6C, 0x61, 0x79, 0x00, 0x00, 0x5D, 0xC0, 0x08, 0x00, 0x05, 0x73, 0x6F, 0x75,
    0x6E, 0x64, 0x00, 0x1B, 0x6D, 0x69, 0x6E, 0x65, 0x63, 0x72, 0x61, 0x66, 0x74, 0x3A, 0x6D, 0x75, 0x73, 0x69, 0x63, 0x2E,
    0x75, 0x6E, 0x64, 0x65, 0x72, 0x5F, 0x77, 0x61, 0x74, 0x65, 0x72, 0x03, 0x00, 0x09, 0x6D, 0x69, 0x6E, 0x5F, 0x64, 0x65,
    0x6C, 0x61, 0x79, 0x00, 0x00, 0x2E, 0xE0, 0x00, 0x0A, 0x00, 0x08, 0x63, 0x72, 0x65, 0x61, 0x74, 0x69, 0x76, 0x65, 0x03,
    0x00, 0x09, 0x6D, 0x61, 0x78, 0x5F, 0x64, 0x65, 0x6C, 0x61, 0x79, 0x00, 0x00, 0x5D, 0xC0, 0x08, 0x00, 0x05, 0x73, 0x6F,
    0x75, 0x6E, 0x64, 0x00, 0x18, 0x6D, 0x69, 0x6E, 0x65, 0x63, 0x72, 0x61, 0x66, 0x74, 0x3A, 0x6D, 0x75, 0x73, 0x69, 0x63,
    0x2E, 0x63, 0x72, 0x65, 0x61, 0x74, 0x69, 0x76, 0x65, 0x03, 0x00, 0x09, 0x6D, 0x69, 0x6E, 0x5F, 0x64, 0x65, 0x6C, 0x61,
    0x79, 0x00, 0x00, 0x2E, 0xE0, 0x00, 0x00, 0x08, 0x00, 0x1A, 0x6D, 0x69, 0x6E, 0x65, 0x63, 0x72, 0x61, 0x66, 0x74, 0x3A,
    0x76, 0x69, 0x73, 0x75, 0x61, 0x6C, 0x2F, 0x73, 0x6B, 0x79, 0x5F, 0x63, 0x6F, 0x6C, 0x6F, 0x72, 0x00, 0x07, 0x23, 0x37,
    0x62, 0x61, 0x34, 0x66, 0x66, 0x00, 0x00, 0x11, 0x6D, 0x69, 0x6E, 0x65, 0x63, 0x72, 0x61, 0x66, 0x74, 0x3A, 0x73, 0x61,
    0x76, 0x61, 0x6E, 0x6E, 0x61, 0x01, 0x0A, 0x0A, 0x00, 0x07, 0x65, 0x66, 0x66, 0x65, 0x63, 0x74, 0x73, 0x08, 0x00, 0x0B,
    0x77, 0x61, 0x74, 0x65, 0x72, 0x5F, 0x63, 0x6F, 0x6C, 0x6F, 0x72, 0x00, 0x07, 0x23, 0x33, 0x66, 0x37, 0x36, 0x65, 0x34,
    0x00, 0x01, 0x00, 0x11, 0x68, 0x61, 0x73, 0x5F, 0x70, 0x72, 0x65, 0x63, 0x69, 0x70, 0x69, 0x74, 0x61, 0x74, 0x69, 0x6F,
    0x6E, 0x00, 0x05, 0x00, 0x0B, 0x74, 0x65, 0x6D, 0x70, 0x65, 0x72, 0x61, 0x74, 0x75, 0x72, 0x65, 0x40, 0x00, 0x00, 0x00,
    0x05, 0x00, 0x08, 0x64, 0x6F, 0x77, 0x6E, 0x66, 0x61, 0x6C, 0x6C, 0x00, 0x00, 0x00, 0x00, 0x0A, 0x00, 0x0A, 0x61, 0x74,
    0x74, 0x72, 0x69, 0x62, 0x75, 0x74, 0x65, 0x73, 0x08, 0x00, 0x1A, 0x6D, 0x69, 0x6E, 0x65, 0x63, 0x72, 0x61, 0x66, 0x74,
    0x3A, 0x76, 0x69, 0x73, 0x75, 0x61, 0x6C, 0x2F, 0x73, 0x6B, 0x79, 0x5F, 0x63, 0x6F, 0x6C, 0x6F, 0x72, 0x00, 0x07, 0x23,
    0x36, 0x65, 0x62, 0x31, 0x66, 0x66, 0x00, 0x00, 0x19, 0x6D, 0x69, 0x6E, 0x65, 0x63, 0x72, 0x61, 0x66, 0x74, 0x3A, 0x73,
    0x61, 0x76, 0x61, 0x6E, 0x6E, 0x61, 0x5F, 0x70, 0x6C, 0x61, 0x74, 0x65, 0x61, 0x75, 0x01, 0x0A, 0x0A, 0x00, 0x07, 0x65,
    0x66, 0x66, 0x65, 0x63, 0x74, 0x73, 0x08, 0x00, 0x0B, 0x77, 0x61, 0x74, 0x65, 0x72, 0x5F, 0x63, 0x6F, 0x6C, 0x6F, 0x72,
    0x00, 0x07, 0x23, 0x33, 0x66, 0x37, 0x36, 0x65, 0x34, 0x00, 0x01, 0x00, 0x11, 0x68, 0x61, 0x73, 0x5F, 0x70, 0x72, 0x65,
    0x63, 0x69, 0x70, 0x69, 0x74, 0x61, 0x74, 0x69, 0x6F, 0x6E, 0x00, 0x05, 0x00, 0x0B, 0x74, 0x65, 0x6D, 0x70, 0x65, 0x72,
    0x61, 0x74, 0x75, 0x72, 0x65, 0x40, 0x00, 0x00, 0x00, 0x05, 0x00, 0x08, 0x64, 0x6F, 0x77, 0x6E, 0x66, 0x61, 0x6C, 0x6C,
    0x00, 0x00, 0x00, 0x00, 0x0A, 0x00, 0x0A, 0x61, 0x74, 0x74, 0x72, 0x69, 0x62, 0x75, 0x74, 0x65, 0x73, 0x08, 0x00, 0x1A,
    0x6D, 0x69, 0x6E, 0x65, 0x63, 0x72, 0x61, 0x66, 0x74, 0x3A, 0x76, 0x69, 0x73, 0x75, 0x61, 0x6C, 0x2F, 0x73, 0x6B, 0x79,
    0x5F, 0x63, 0x6F, 0x6C, 0x6F, 0x72, 0x00, 0x07, 0x23, 0x36, 0x65, 0x62, 0x31, 0x66, 0x66, 0x00, 0x00, 0x1B, 0x6D, 0x69,
    0x6E, 0x65, 0x63, 0x72, 0x61, 0x66, 0x74, 0x3A, 0x73, 0x6D, 0x61, 0x6C, 0x6C, 0x5F, 0x65, 0x6E, 0x64, 0x5F, 0x69, 0x73,
    0x6C, 0x61, 0x6E, 0x64, 0x73, 0x01, 0x0A, 0x0A, 0x00, 0x07, 0x65, 0x66, 0x66, 0x65, 0x63, 0x74, 0x73, 0x08, 0x00, 0x0B,
    0x77, 0x61, 0x74, 0x65, 0x72, 0x5F, 0x63, 0x6F, 0x6C, 0x6F, 0x72, 0x00, 0x07, 0x23, 0x33, 0x66, 0x37, 0x36, 0x65, 0x34,
    0x00, 0x01, 0x00, 0x11, 0x68, 0x61, 0x73, 0x5F, 0x70, 0x72, 0x65, 0x63, 0x69, 0x70, 0x69, 0x74, 0x61, 0x74, 0x69, 0x6F,
    0x6E, 0x00, 0x05, 0x00, 0x0B, 0x74, 0x65, 0x6D, 0x70, 0x65, 0x72, 0x61, 0x74, 0x75, 0x72, 0x65, 0x3F, 0x00, 0x00, 0x00,
    0x05, 0x00, 0x08, 0x64, 0x6F, 0x77, 0x6E, 0x66, 0x61, 0x6C, 0x6C, 0x3F, 0x00, 0x00, 0x00, 0x00, 0x15, 0x6D, 0x69, 0x6E,
    0x65, 0x63, 0x72, 0x61, 0x66, 0x74, 0x3A, 0x73, 0x6E, 0x6F, 0x77, 0x79, 0x5F, 0x62, 0x65, 0x61, 0x63, 0x68, 0x01, 0x0A,
    0x0A, 0x00, 0x07, 0x65, 0x66, 0x66, 0x65, 0x63, 0x74, 0x73, 0x08, 0x00, 0x0B, 0x77, 0x61, 0x74, 0x65, 0x72, 0x5F, 0x63,
    0x6F, 0x6C, 0x6F, 0x72, 0x00, 0x07, 0x23, 0x33, 0x64, 0x35, 0x37, 0x64, 0x36, 0x00, 0x01, 0x00, 0x11, 0x68, 0x61, 0x73,
    0x5F, 0x70, 0x72, 0x65, 0x63, 0x69, 0x70, 0x69, 0x74, 0x61, 0x74, 0x69, 0x6F, 0x6E, 0x01, 0x05, 0x00, 0x0B, 0x74, 0x65,
    0x6D, 0x70, 0x65, 0x72, 0x61, 0x74, 0x75, 0x72, 0x65, 0x3D, 0x4C, 0xCC, 0xCD, 0x05, 0x00, 0x08, 0x64, 0x6F, 0x77, 0x6E,
    0x66, 0x61, 0x6C, 0x6C, 0x3E, 0x99, 0x99, 0x9A, 0x0A, 0x00, 0x0A, 0x61, 0x74, 0x74, 0x72, 0x69, 0x62, 0x75, 0x74, 0x65,
    0x73, 0x08, 0x00, 0x1A, 0x6D, 0x69, 0x6E, 0x65, 0x63, 0x72, 0x61, 0x66, 0x74, 0x3A, 0x76, 0x69, 0x73, 0x75, 0x61, 0x6C,
    0x2F, 0x73, 0x6B, 0x79, 0x5F, 0x63, 0x6F, 0x6C, 0x6F, 0x72, 0x00, 0x07, 0x23, 0x37, 0x66, 0x61, 0x31, 0x66, 0x66, 0x00,
    0x00, 0x16, 0x6D, 0x69, 0x6E, 0x65, 0x63, 0x72, 0x61, 0x66, 0x74, 0x3A, 0x73, 0x6E, 0x6F, 0x77, 0x79, 0x5F, 0x70, 0x6C,
    0x61, 0x69, 0x6E, 0x73, 0x01, 0x0A, 0x0A, 0x00, 0x07, 0x65, 0x66, 0x66, 0x65, 0x63, 0x74, 0x73, 0x08, 0x00, 0x0B, 0x77,
    0x61, 0x74, 0x65, 0x72, 0x5F, 0x63, 0x6F, 0x6C, 0x6F, 0x72, 0x00, 0x07, 0x23, 0x33, 0x66, 0x37, 0x36, 0x65, 0x34, 0x00,
    0x01, 0x00, 0x11, 0x68, 0x61, 0x73, 0x5F, 0x70, 0x72, 0x65, 0x63, 0x69, 0x70, 0x69, 0x74, 0x61, 0x74, 0x69, 0x6F, 0x6E,
    0x01, 0x05, 0x00, 0x0B, 0x74, 0x65, 0x6D, 0x70, 0x65, 0x72, 0x61, 0x74, 0x75, 0x72, 0x65, 0x00, 0x00, 0x00, 0x00, 0x05,
    0x00, 0x08, 0x64, 0x6F, 0x77, 0x6E, 0x66, 0x61, 0x6C, 0x6C, 0x3F, 0x00, 0x00, 0x00, 0x0A, 0x00, 0x0A, 0x61, 0x74, 0x74,
    0x72, 0x69, 0x62, 0x75, 0x74, 0x65, 0x73, 0x08, 0x00, 0x1A, 0x6D, 0x69, 0x6E, 0x65, 0x63, 0x72, 0x61, 0x66, 0x74, 0x3A,
    0x76, 0x69, 0x73, 0x75, 0x61, 0x6C, 0x2F, 0x73, 0x6B, 0x79, 0x5F, 0x63, 0x6F, 0x6C, 0x6F, 0x72, 0x00, 0x07, 0x23, 0x37,
    0x66, 0x61, 0x31, 0x66, 0x66, 0x00, 0x00, 0x16, 0x6D, 0x69, 0x6E, 0x65, 0x63, 0x72, 0x61, 0x66, 0x74, 0x3A, 0x73, 0x6E,
    0x6F, 0x77, 0x79, 0x5F, 0x73, 0x6C, 0x6F, 0x70, 0x65, 0x73, 0x01, 0x0A, 0x0A, 0x00, 0x07, 0x65, 0x66, 0x66, 0x65, 0x63,
    0x74, 0x73, 0x08, 0x00, 0x0B, 0x77, 0x61, 0x74, 0x65, 0x72, 0x5F, 0x63, 0x6F, 0x6C, 0x6F, 0x72, 0x00, 0x07, 0x23, 0x33,
    0x66, 0x37, 0x36, 0x65, 0x34, 0x00, 0x01, 0x00, 0x11, 0x68, 0x61, 0x73, 0x5F, 0x70, 0x72, 0x65, 0x63, 0x69, 0x70, 0x69,
    0x74, 0x61, 0x74, 0x69, 0x6F, 0x6E, 0x01, 0x05, 0x00, 0x0B, 0x74, 0x65, 0x6D, 0x70, 0x65, 0x72, 0x61, 0x74, 0x75, 0x72,
    0x65, 0xBE, 0x99, 0x99, 0x9A, 0x05, 0x00, 0x08, 0x64, 0x6F, 0x77, 0x6E, 0x66, 0x61, 0x6C, 0x6C, 0x3F, 0x66, 0x66, 0x66,
    0x0A, 0x00, 0x0A, 0x61, 0x74, 0x74, 0x72, 0x69, 0x62, 0x75, 0x74, 0x65, 0x73, 0x0A, 0x00, 0x20, 0x6D, 0x69, 0x6E, 0x65,
    0x63, 0x72, 0x61, 0x66, 0x74, 0x3A, 0x61, 0x75, 0x64, 0x69, 0x6F, 0x2F, 0x62, 0x61, 0x63, 0x6B, 0x67, 0x72, 0x6F, 0x75,
    0x6E, 0x64, 0x5F, 0x6D, 0x75, 0x73, 0x69, 0x63, 0x0A, 0x00, 0x07, 0x64, 0x65, 0x66, 0x61, 0x75, 0x6C, 0x74, 0x03, 0x00,
    0x09, 0x6D, 0x61, 0x78, 0x5F, 0x64, 0x65, 0x6C, 0x61, 0x79, 0x00, 0x00, 0x5D, 0xC0, 0x08, 0x00, 0x05, 0x73, 0x6F, 0x75,
    0x6E, 0x64, 0x00, 0x26, 0x6D, 0x69, 0x6E, 0x65, 0x63, 0x72, 0x61, 0x66, 0x74, 0x3A, 0x6D, 0x75, 0x73, 0x69, 0x63, 0x2E,
    0x6F, 0x76, 0x65, 0x72, 0x77, 0x6F, 0x72, 0x6C, 0x64, 0x2E, 0x73, 0x6E, 0x6F, 0x77, 0x79, 0x5F, 0x73, 0x6C, 0x6F, 0x70,
    0x65, 0x73, 0x03, 0x00, 0x09, 0x6D, 0x69, 0x6E, 0x5F, 0x64, 0x65, 0x6C, 0x61, 0x79, 0x00, 0x00, 0x2E, 0xE0, 0x00, 0x00,
    0x08, 0x00, 0x1A, 0x6D, 0x69, 0x6E, 0x65, 0x63, 0x72, 0x61, 0x66, 0x74, 0x3A, 0x76, 0x69, 0x73, 0x75, 0x61, 0x6C, 0x2F,
    0x73, 0x6B, 0x79, 0x5F, 0x63, 0x6F, 0x6C, 0x6F, 0x72, 0x00, 0x07, 0x23, 0x38, 0x32, 0x39, 0x66, 0x66, 0x66, 0x00, 0x00,
    0x15, 0x6D, 0x69, 0x6E, 0x65, 0x63, 0x72, 0x61, 0x66, 0x74, 0x3A, 0x73, 0x6E, 0x6F, 0x77, 0x79, 0x5F, 0x74, 0x61, 0x69,
    0x67, 0x61, 0x01, 0x0A, 0x0A, 0x00, 0x07, 0x65, 0x66, 0x66, 0x65, 0x63, 0x74, 0x73, 0x08, 0x00, 0x0B, 0x77, 0x61, 0x74,
    0x65, 0x72, 0x5F, 0x63, 0x6F, 0x6C, 0x6F, 0x72, 0x00, 0x07, 0x23, 0x33, 0x64, 0x35, 0x37, 0x64, 0x36, 0x00, 0x01, 0x00,
    0x11, 0x68, 0x61, 0x73, 0x5F, 0x70, 0x72, 0x65, 0x63, 0x69, 0x70, 0x69, 0x74, 0x61, 0x74, 0x69, 0x6F, 0x6E, 0x01, 0x05,
    0x00, 0x0B, 0x74, 0x65, 0x6D, 0x70, 0x65, 0x72, 0x61, 0x74, 0x75, 0x72, 0x65, 0xBF, 0x00, 0x00, 0x00, 0x05, 0x00, 0x08,
    0x64, 0x6F, 0x77, 0x6E, 0x66, 0x61, 0x6C, 0x6C, 0x3E, 0xCC, 0xCC, 0xCD, 0x0A, 0x00, 0x0A, 0x61, 0x74, 0x74, 0x72, 0x69,
    0x62, 0x75, 0x74, 0x65, 0x73, 0x08, 0x00, 0x1A, 0x6D, 0x69, 0x6E, 0x65, 0x63, 0x72, 0x61, 0x66, 0x74, 0x3A, 0x76, 0x69,
    0x73, 0x75, 0x61, 0x6C, 0x2F, 0x73, 0x6B, 0x79, 0x5F, 0x63, 0x6F, 0x6C, 0x6F, 0x72, 0x00, 0x07, 0x23, 0x38, 0x33, 0x39,
    0x65, 0x66, 0x66, 0x00, 0x00, 0x1A, 0x6D, 0x69, 0x6E, 0x65, 0x63, 0x72, 0x61, 0x66, 0x74, 0x3A, 0x73, 0x6F, 0x75, 0x6C,
    0x5F, 0x73, 0x61, 0x6E, 0x64, 0x5F, 0x76, 0x61, 0x6C, 0x6C, 0x65, 0x79, 0x01, 0x0A, 0x0A, 0x00, 0x07, 0x65, 0x66, 0x66,
    0x65, 0x63, 0x74, 0x73, 0x08, 0x00, 0x0B, 0x77, 0x61, 0x74, 0x65, 0x72, 0x5F, 0x63, 0x6F, 0x6C, 0x6F, 0x72, 0x00, 0x07,
    0x23, 0x33, 0x66, 0x37, 0x36, 0x65, 0x34, 0x00, 0x01, 0x00, 0x11, 0x68, 0x61, 0x73, 0x5F, 0x70, 0x72, 0x65, 0x63, 0x69,
    0x70, 0x69, 0x74, 0x61, 0x74, 0x69, 0x6F, 0x6E, 0x00, 0x05, 0x00, 0x0B, 0x74, 0x65, 0x6D, 0x70, 0x65, 0x72, 0x61, 0x74,
    0x75, 0x72, 0x65, 0x40, 0x00, 0x00, 0x00, 0x05, 0x00, 0x08, 0x64, 0x6F, 0x77, 0x6E, 0x66, 0x61, 0x6C, 0x6C, 0x00, 0x00,
    0x00, 0x00, 0x0A, 0x00, 0x0A, 0x61, 0x74, 0x74, 0x72, 0x69, 0x62, 0x75, 0x74, 0x65, 0x73, 0x0A, 0x00, 0x20, 0x6D, 0x69,
    0x6E, 0x65, 0x63, 0x72, 0x61, 0x66, 0x74, 0x3A, 0x61, 0x75, 0x64, 0x69, 0x6F, 0x2F, 0x62, 0x61, 0x63, 0x6B, 0x67, 0x72,
    0x6F, 0x75, 0x6E, 0x64, 0x5F, 0x6D, 0x75, 0x73, 0x69, 0x63, 0x0A, 0x00, 0x07, 0x64, 0x65, 0x66, 0x61, 0x75, 0x6C, 0x74,
    0x03, 0x00, 0x09, 0x6D, 0x61, 0x78, 0x5F, 0x64, 0x65, 0x6C, 0x61, 0x79, 0x00, 0x00, 0x5D, 0xC0, 0x08, 0x00, 0x05, 0x73,
    0x6F, 0x75, 0x6E, 0x64, 0x00, 0x27, 0x6D, 0x69, 0x6E, 0x65, 0x63, 0x72, 0x61, 0x66, 0x74, 0x3A, 0x6D, 0x75, 0x73, 0x69,
    0x63, 0x2E, 0x6E, 0x65, 0x74, 0x68, 0x65, 0x72, 0x2E, 0x73, 0x6F, 0x75, 0x6C, 0x5F, 0x73, 0x61, 0x6E, 0x64, 0x5F, 0x76,
    0x61, 0x6C, 0x6C, 0x65, 0x79, 0x03, 0x00, 0x09, 0x6D, 0x69, 0x6E, 0x5F, 0x64, 0x65, 0x6C, 0x61, 0x79, 0x00, 0x00, 0x2E,
    0xE0, 0x00, 0x00, 0x08, 0x00, 0x1A, 0x6D, 0x69, 0x6E, 0x65, 0x63, 0x72, 0x61, 0x66, 0x74, 0x3A, 0x76, 0x69, 0x73, 0x75,
    0x61, 0x6C, 0x2F, 0x66, 0x6F, 0x67, 0x5F, 0x63, 0x6F, 0x6C, 0x6F, 0x72, 0x00, 0x07, 0x23, 0x31, 0x62, 0x34, 0x37, 0x34,
    0x35, 0x0A, 0x00, 0x1E, 0x6D, 0x69, 0x6E, 0x65, 0x63, 0x72, 0x61, 0x66, 0x74, 0x3A, 0x61, 0x75, 0x64, 0x69, 0x6F, 0x2F,
    0x61, 0x6D, 0x62, 0x69, 0x65, 0x6E, 0x74, 0x5F, 0x73, 0x6F, 0x75, 0x6E, 0x64, 0x73, 0x0A, 0x00, 0x04, 0x6D, 0x6F, 0x6F,
    0x64, 0x03, 0x00, 0x0A, 0x74, 0x69, 0x63, 0x6B, 0x5F, 0x64, 0x65, 0x6C, 0x61, 0x79, 0x00, 0x00, 0x17, 0x70, 0x06, 0x00,
    0x06, 0x6F, 0x66, 0x66, 0x73, 0x65, 0x74, 0x40, 0x00, 0x00, 0x00, 0x00, 0x00, 0x00, 0x00, 0x08, 0x00, 0x05, 0x73, 0x6F,
    0x75, 0x6E, 0x64, 0x00, 0x27, 0x6D, 0x69, 0x6E, 0x65, 0x63, 0x72, 0x61, 0x66, 0x74, 0x3A, 0x61, 0x6D, 0x62, 0x69, 0x65,
    0x6E, 0x74, 0x2E, 0x73, 0x6F, 0x75, 0x6C, 0x5F, 0x73, 0x61, 0x6E, 0x64, 0x5F, 0x76, 0x61, 0x6C, 0x6C, 0x65, 0x79, 0x2E,
    0x6D, 0x6F, 0x6F, 0x64, 0x03, 0x00, 0x13, 0x62, 0x6C, 0x6F, 0x63, 0x6B, 0x5F, 0x73, 0x65, 0x61, 0x72, 0x63, 0x68, 0x5F,
    0x65, 0x78, 0x74, 0x65, 0x6E, 0x74, 0x00, 0x00, 0x00, 0x08, 0x00, 0x0A, 0x00, 0x09, 0x61, 0x64, 0x64, 0x69, 0x74, 0x69,
    0x6F, 0x6E, 0x73, 0x08, 0x00, 0x05, 0x73, 0x6F, 0x75, 0x6E, 0x64, 0x00, 0x2C, 0x6D, 0x69, 0x6E, 0x65, 0x63, 0x72, 0x61,
    0x66, 0x74, 0x3A, 0x61, 0x6D, 0x62, 0x69, 0x65, 0x6E, 0x74, 0x2E, 0x73, 0x6F, 0x75, 0x6C, 0x5F, 0x73, 0x61, 0x6E, 0x64,
    0x5F, 0x76, 0x61, 0x6C, 0x6C, 0x65, 0x79, 0x2E, 0x61, 0x64, 0x64, 0x69, 0x74, 0x69, 0x6F, 0x6E, 0x73, 0x06, 0x00, 0x0B,
    0x74, 0x69, 0x63, 0x6B, 0x5F, 0x63, 0x68, 0x61, 0x6E, 0x63, 0x65, 0x3F, 0x86, 0xBB, 0x98, 0xC7, 0xE2, 0x82, 0x41, 0x00,
    0x08, 0x00, 0x04, 0x6C, 0x6F, 0x6F, 0x70, 0x00, 0x27, 0x6D, 0x69, 0x6E, 0x65, 0x63, 0x72, 0x61, 0x66, 0x74, 0x3A, 0x61,
    0x6D, 0x62, 0x69, 0x65, 0x6E, 0x74, 0x2E, 0x73, 0x6F, 0x75, 0x6C, 0x5F, 0x73, 0x61, 0x6E, 0x64, 0x5F, 0x76, 0x61, 0x6C,
    0x6C, 0x65, 0x79, 0x2E, 0x6C, 0x6F, 0x6F, 0x70, 0x00, 0x09, 0x00, 0x22, 0x6D, 0x69, 0x6E, 0x65, 0x63, 0x72, 0x61, 0x66,
    0x74, 0x3A, 0x76, 0x69, 0x73, 0x75, 0x61, 0x6C, 0x2F, 0x61, 0x6D, 0x62, 0x69, 0x65, 0x6E, 0x74, 0x5F, 0x70, 0x61, 0x72,
    0x74, 0x69, 0x63, 0x6C, 0x65, 0x73, 0x0A, 0x00, 0x00, 0x00, 0x01, 0x05, 0x00, 0x0B, 0x70, 0x72, 0x6F, 0x62, 0x61, 0x62,
    0x69, 0x6C, 0x69, 0x74, 0x79, 0x3B, 0xCC, 0xCC, 0xCD, 0x0A, 0x00, 0x08, 0x70, 0x61, 0x72, 0x74, 0x69, 0x63, 0x6C, 0x65,
    0x08, 0x00, 0x04, 0x74, 0x79, 0x70, 0x65, 0x00, 0x0D, 0x6D, 0x69, 0x6E, 0x65, 0x63, 0x72, 0x61, 0x66, 0x74, 0x3A, 0x61,
    0x73, 0x68, 0x00, 0x00, 0x00, 0x00, 0x17, 0x6D, 0x69, 0x6E, 0x65, 0x63, 0x72, 0x61, 0x66, 0x74, 0x3A, 0x73, 0x70, 0x61,
    0x72, 0x73, 0x65, 0x5F, 0x6A, 0x75, 0x6E, 0x67, 0x6C, 0x65, 0x01, 0x0A, 0x0A, 0x00, 0x07, 0x65, 0x66, 0x66, 0x65, 0x63,
    0x74, 0x73, 0x08, 0x00, 0x0B, 0x77, 0x61, 0x74, 0x65, 0x72, 0x5F, 0x63, 0x6F, 0x6C, 0x6F, 0x72, 0x00, 0x07, 0x23, 0x33,
    0x66, 0x37, 0x36, 0x65, 0x34, 0x00, 0x01, 0x00, 0x11, 0x68, 0x61, 0x73, 0x5F, 0x70, 0x72, 0x65, 0x63, 0x69, 0x70, 0x69,
    0x74, 0x61, 0x74, 0x69, 0x6F, 0x6E, 0x01, 0x05, 0x00, 0x0B, 0x74, 0x65, 0x6D, 0x70, 0x65, 0x72, 0x61, 0x74, 0x75, 0x72,
    0x65, 0x3F, 0x73, 0x33, 0x33, 0x05, 0x00, 0x08, 0x64, 0x6F, 0x77, 0x6E, 0x66, 0x61, 0x6C, 0x6C, 0x3F, 0x4C, 0xCC, 0xCD,
    0x0A, 0x00, 0x0A, 0x61, 0x74, 0x74, 0x72, 0x69, 0x62, 0x75, 0x74, 0x65, 0x73, 0x0A, 0x00, 0x20, 0x6D, 0x69, 0x6E, 0x65,
    0x63, 0x72, 0x61, 0x66, 0x74, 0x3A, 0x61, 0x75, 0x64, 0x69, 0x6F, 0x2F, 0x62, 0x61, 0x63, 0x6B, 0x67, 0x72, 0x6F, 0x75,
    0x6E, 0x64, 0x5F, 0x6D, 0x75, 0x73, 0x69, 0x63, 0x0A, 0x00, 0x07, 0x64, 0x65, 0x66, 0x61, 0x75, 0x6C, 0x74, 0x03, 0x00,
    0x09, 0x6D, 0x61, 0x78, 0x5F, 0x64, 0x65, 0x6C, 0x61, 0x79, 0x00, 0x00, 0x5D, 0xC0, 0x08, 0x00, 0x05, 0x73, 0x6F, 0x75,
    0x6E, 0x64, 0x00, 0x27, 0x6D, 0x69, 0x6E, 0x65, 0x63, 0x72, 0x61, 0x66, 0x74, 0x3A, 0x6D, 0x75, 0x73, 0x69, 0x63, 0x2E,
    0x6F, 0x76, 0x65, 0x72, 0x77, 0x6F, 0x72, 0x6C, 0x64, 0x2E, 0x73, 0x70, 0x61, 0x72, 0x73, 0x65, 0x5F, 0x6A, 0x75, 0x6E,
    0x67, 0x6C, 0x65, 0x03, 0x00, 0x09, 0x6D, 0x69, 0x6E, 0x5F, 0x64, 0x65, 0x6C, 0x61, 0x79, 0x00, 0x00, 0x2E, 0xE0, 0x00,
    0x00, 0x08, 0x00, 0x1A, 0x6D, 0x69, 0x6E, 0x65, 0x63, 0x72, 0x61, 0x66, 0x74, 0x3A, 0x76, 0x69, 0x73, 0x75, 0x61, 0x6C,
    0x2F, 0x73, 0x6B, 0x79, 0x5F, 0x63, 0x6F, 0x6C, 0x6F, 0x72, 0x00, 0x07, 0x23, 0x37, 0x37, 0x61, 0x38, 0x66, 0x66, 0x00,
    0x00, 0x15, 0x6D, 0x69, 0x6E, 0x65, 0x63, 0x72, 0x61, 0x66, 0x74, 0x3A, 0x73, 0x74, 0x6F, 0x6E, 0x79, 0x5F, 0x70, 0x65,
    0x61, 0x6B, 0x73, 0x01, 0x0A, 0x0A, 0x00, 0x07, 0x65, 0x66, 0x66, 0x65, 0x63, 0x74, 0x73, 0x08, 0x00, 0x0B, 0x77, 0x61,
    0x74, 0x65, 0x72, 0x5F, 0x63, 0x6F, 0x6C, 0x6F, 0x72, 0x00, 0x07, 0x23, 0x33, 0x66, 0x37, 0x36, 0x65, 0x34, 0x00, 0x01,
    0x00, 0x11, 0x68, 0x61, 0x73, 0x5F, 0x70, 0x72, 0x65, 0x63, 0x69, 0x70, 0x69, 0x74, 0x61, 0x74, 0x69, 0x6F, 0x6E, 0x01,
    0x05, 0x00, 0x0B, 0x74, 0x65, 0x6D, 0x70, 0x65, 0x72, 0x61, 0x74, 0x75, 0x72, 0x65, 0x3F, 0x80, 0x00, 0x00, 0x05, 0x00,
    0x08, 0x64, 0x6F, 0x77, 0x6E, 0x66, 0x61, 0x6C, 0x6C, 0x3E, 0x99, 0x99, 0x9A, 0x0A, 0x00, 0x0A, 0x61, 0x74, 0x74, 0x72,
    0x69, 0x62, 0x75, 0x74, 0x65, 0x73, 0x0A, 0x00, 0x20, 0x6D, 0x69, 0x6E, 0x65, 0x63, 0x72, 0x61, 0x66, 0x74, 0x3A, 0x61,
    0x75, 0x64, 0x69, 0x6F, 0x2F, 0x62, 0x61, 0x63, 0x6B, 0x67, 0x72, 0x6F, 0x75, 0x6E, 0x64, 0x5F, 0x6D, 0x75, 0x73, 0x69,
    0x63, 0x0A, 0x00, 0x07, 0x64, 0x65, 0x66, 0x61, 0x75, 0x6C, 0x74, 0x03, 0x00, 0x09, 0x6D, 0x61, 0x78, 0x5F, 0x64, 0x65,
    0x6C, 0x61, 0x79, 0x00, 0x00, 0x5D, 0xC0, 0x08, 0x00, 0x05, 0x73, 0x6F, 0x75, 0x6E, 0x64, 0x00, 0x25, 0x6D, 0x69, 0x6E,
    0x65, 0x63, 0x72, 0x61, 0x66, 0x74, 0x3A, 0x6D, 0x75, 0x73, 0x69, 0x63, 0x2E, 0x6F, 0x76, 0x65, 0x72, 0x77, 0x6F, 0x72,
    0x6C, 0x64, 0x2E, 0x73, 0x74, 0x6F, 0x6E, 0x79, 0x5F, 0x70, 0x65, 0x61, 0x6B, 0x73, 0x03, 0x00, 0x09, 0x6D, 0x69, 0x6E,
    0x5F, 0x64, 0x65, 0x6C, 0x61, 0x79, 0x00, 0x00, 0x2E, 0xE0, 0x00, 0x00, 0x08, 0x00, 0x1A, 0x6D, 0x69, 0x6E, 0x65, 0x63,
    0x72, 0x61, 0x66, 0x74, 0x3A, 0x76, 0x69, 0x73, 0x75, 0x61, 0x6C, 0x2F, 0x73, 0x6B, 0x79, 0x5F, 0x63, 0x6F, 0x6C, 0x6F,
    0x72, 0x00, 0x07, 0x23, 0x37, 0x36, 0x61, 0x38, 0x66, 0x66, 0x00, 0x00, 0x15, 0x6D, 0x69, 0x6E, 0x65, 0x63, 0x72, 0x61,
    0x66, 0x74, 0x3A, 0x73, 0x74, 0x6F, 0x6E, 0x79, 0x5F, 0x73, 0x68, 0x6F, 0x72, 0x65, 0x01, 0x0A, 0x0A, 0x00, 0x07, 0x65,
    0x66, 0x66, 0x65, 0x63, 0x74, 0x73, 0x08, 0x00, 0x0B, 0x77, 0x61, 0x74, 0x65, 0x72, 0x5F, 0x63, 0x6F, 0x6C, 0x6F, 0x72,
    0x00, 0x07, 0x23, 0x33, 0x66, 0x37, 0x36, 0x65, 0x34, 0x00, 0x01, 0x00, 0x11, 0x68, 0x61, 0x73, 0x5F, 0x70, 0x72, 0x65,
    0x63, 0x69, 0x70, 0x69, 0x74, 0x61, 0x74, 0x69, 0x6F, 0x6E, 0x01, 0x05, 0x00, 0x0B, 0x74, 0x65, 0x6D, 0x70, 0x65, 0x72,
    0x61, 0x74, 0x75, 0x72, 0x65, 0x3E, 0x4C, 0xCC, 0xCD, 0x05, 0x00, 0x08, 0x64, 0x6F, 0x77, 0x6E, 0x66, 0x61, 0x6C, 0x6C,
    0x3E, 0x99, 0x99, 0x9A, 0x0A, 0x00, 0x0A, 0x61, 0x74, 0x74, 0x72, 0x69, 0x62, 0x75, 0x74, 0x65, 0x73, 0x08, 0x00, 0x1A,
    0x6D, 0x69, 0x6E, 0x65, 0x63, 0x72, 0x61, 0x66, 0x74, 0x3A, 0x76, 0x69, 0x73, 0x75, 0x61, 0x6C, 0x2F, 0x73, 0x6B, 0x79,
    0x5F, 0x63, 0x6F, 0x6C, 0x6F, 0x72, 0x00, 0x07, 0x23, 0x37, 0x64, 0x61, 0x32, 0x66, 0x66, 0x00, 0x00, 0x16, 0x6D, 0x69,
    0x6E, 0x65, 0x63, 0x72, 0x61, 0x66, 0x74, 0x3A, 0x73, 0x75, 0x6C, 0x66, 0x75, 0x72, 0x5F, 0x63, 0x61, 0x76, 0x65, 0x73,
    0x01, 0x0A, 0x0A, 0x00, 0x07, 0x65, 0x66, 0x66, 0x65, 0x63, 0x74, 0x73, 0x08, 0x00, 0x0B, 0x67, 0x72, 0x61, 0x73, 0x73,
    0x5F, 0x63, 0x6F, 0x6C, 0x6F, 0x72, 0x00, 0x07, 0x23, 0x61, 0x62, 0x61, 0x36, 0x34, 0x66, 0x08, 0x00, 0x0B, 0x77, 0x61,
    0x74, 0x65, 0x72, 0x5F, 0x63, 0x6F, 0x6C, 0x6F, 0x72, 0x00, 0x07, 0x23, 0x33, 0x34, 0x62, 0x66, 0x38, 0x39, 0x00, 0x01,
    0x00, 0x11, 0x68, 0x61, 0x73, 0x5F, 0x70, 0x72, 0x65, 0x63, 0x69, 0x70, 0x69, 0x74, 0x61, 0x74, 0x69, 0x6F, 0x6E, 0x01,
    0x05, 0x00, 0x0B, 0x74, 0x65, 0x6D, 0x70, 0x65, 0x72, 0x61, 0x74, 0x75, 0x72, 0x65, 0x3F, 0x4C, 0xCC, 0xCD, 0x05, 0x00,
    0x08, 0x64, 0x6F, 0x77, 0x6E, 0x66, 0x61, 0x6C, 0x6C, 0x3E, 0xCC, 0xCC, 0xCD, 0x0A, 0x00, 0x0A, 0x61, 0x74, 0x74, 0x72,
    0x69, 0x62, 0x75, 0x74, 0x65, 0x73, 0x0A, 0x00, 0x20, 0x6D, 0x69, 0x6E, 0x65, 0x63, 0x72, 0x61, 0x66, 0x74, 0x3A, 0x61,
    0x75, 0x64, 0x69, 0x6F, 0x2F, 0x62, 0x61, 0x63, 0x6B, 0x67, 0x72, 0x6F, 0x75, 0x6E, 0x64, 0x5F, 0x6D, 0x75, 0x73, 0x69,
    0x63, 0x0A, 0x00, 0x07, 0x64, 0x65, 0x66, 0x61, 0x75, 0x6C, 0x74, 0x03, 0x00, 0x09, 0x6D, 0x61, 0x78, 0x5F, 0x64, 0x65,
    0x6C, 0x61, 0x79, 0x00, 0x00, 0x5D, 0xC0, 0x08, 0x00, 0x05, 0x73, 0x6F, 0x75, 0x6E, 0x64, 0x00, 0x26, 0x6D, 0x69, 0x6E,
    0x65, 0x63, 0x72, 0x61, 0x66, 0x74, 0x3A, 0x6D, 0x75, 0x73, 0x69, 0x63, 0x2E, 0x6F, 0x76, 0x65, 0x72, 0x77, 0x6F, 0x72,
    0x6C, 0x64, 0x2E, 0x73, 0x75, 0x6C, 0x66, 0x75, 0x72, 0x5F, 0x63, 0x61, 0x76, 0x65, 0x73, 0x03, 0x00, 0x09, 0x6D, 0x69,
    0x6E, 0x5F, 0x64, 0x65, 0x6C, 0x61, 0x79, 0x00, 0x00, 0x2E, 0xE0, 0x00, 0x00, 0x08, 0x00, 0x1A, 0x6D, 0x69, 0x6E, 0x65,
    0x63, 0x72, 0x61, 0x66, 0x74, 0x3A, 0x76, 0x69, 0x73, 0x75, 0x61, 0x6C, 0x2F, 0x73, 0x6B, 0x79, 0x5F, 0x63, 0x6F, 0x6C,
    0x6F, 0x72, 0x00, 0x07, 0x23, 0x37, 0x38, 0x61, 0x37, 0x66, 0x66, 0x08, 0x00, 0x1A, 0x6D, 0x69, 0x6E, 0x65, 0x63, 0x72,
    0x61, 0x66, 0x74, 0x3A, 0x76, 0x69, 0x73, 0x75, 0x61, 0x6C, 0x2F, 0x66, 0x6F, 0x67, 0x5F, 0x63, 0x6F, 0x6C, 0x6F, 0x72,
    0x00, 0x07, 0x23, 0x38, 0x63, 0x62, 0x38, 0x33, 0x31, 0x08, 0x00, 0x20, 0x6D, 0x69, 0x6E, 0x65, 0x63, 0x72, 0x61, 0x66,
    0x74, 0x3A, 0x76, 0x69, 0x73, 0x75, 0x61, 0x6C, 0x2F, 0x77, 0x61, 0x74, 0x65, 0x72, 0x5F, 0x66, 0x6F, 0x67, 0x5F, 0x63,
    0x6F, 0x6C, 0x6F, 0x72, 0x00, 0x07, 0x23, 0x31, 0x37, 0x35, 0x34, 0x33, 0x63, 0x00, 0x00, 0x1A, 0x6D, 0x69, 0x6E, 0x65,
    0x63, 0x72, 0x61, 0x66, 0x74, 0x3A, 0x73, 0x75, 0x6E, 0x66, 0x6C, 0x6F, 0x77, 0x65, 0x72, 0x5F, 0x70, 0x6C, 0x61, 0x69,
    0x6E, 0x73, 0x01, 0x0A, 0x0A, 0x00, 0x07, 0x65, 0x66, 0x66, 0x65, 0x63, 0x74, 0x73, 0x08, 0x00, 0x0B, 0x77, 0x61, 0x74,
    0x65, 0x72, 0x5F, 0x63, 0x6F, 0x6C, 0x6F, 0x72, 0x00, 0x07, 0x23, 0x33, 0x66, 0x37, 0x36, 0x65, 0x34, 0x00, 0x01, 0x00,
    0x11, 0x68, 0x61, 0x73, 0x5F, 0x70, 0x72, 0x65, 0x63, 0x69, 0x70, 0x69, 0x74, 0x61, 0x74, 0x69, 0x6F, 0x6E, 0x01, 0x05,
    0x00, 0x0B, 0x74, 0x65, 0x6D, 0x70, 0x65, 0x72, 0x61, 0x74, 0x75, 0x72, 0x65, 0x3F, 0x4C, 0xCC, 0xCD, 0x05, 0x00, 0x08,
    0x64, 0x6F, 0x77, 0x6E, 0x66, 0x61, 0x6C, 0x6C, 0x3E, 0xCC, 0xCC, 0xCD, 0x0A, 0x00, 0x0A, 0x61, 0x74, 0x74, 0x72, 0x69,
    0x62, 0x75, 0x74, 0x65, 0x73, 0x08, 0x00, 0x1A, 0x6D, 0x69, 0x6E, 0x65, 0x63, 0x72, 0x61, 0x66, 0x74, 0x3A, 0x76, 0x69,
    0x73, 0x75, 0x61, 0x6C, 0x2F, 0x73, 0x6B, 0x79, 0x5F, 0x63, 0x6F, 0x6C, 0x6F, 0x72, 0x00, 0x07, 0x23, 0x37, 0x38, 0x61,
    0x37, 0x66, 0x66, 0x00, 0x00, 0x0F, 0x6D, 0x69, 0x6E, 0x65, 0x63, 0x72, 0x61, 0x66, 0x74, 0x3A, 0x73, 0x77, 0x61, 0x6D,
    0x70, 0x01, 0x0A, 0x0A, 0x00, 0x07, 0x65, 0x66, 0x66, 0x65, 0x63, 0x74, 0x73, 0x08, 0x00, 0x11, 0x64, 0x72, 0x79, 0x5F,
    0x66, 0x6F, 0x6C, 0x69, 0x61, 0x67, 0x65, 0x5F, 0x63, 0x6F, 0x6C, 0x6F, 0x72, 0x00, 0x07, 0x23, 0x37, 0x62, 0x35, 0x33,
    0x33, 0x34, 0x08, 0x00, 0x14, 0x67, 0x72, 0x61, 0x73, 0x73, 0x5F, 0x63, 0x6F, 0x6C, 0x6F, 0x72, 0x5F, 0x6D, 0x6F, 0x64,
    0x69, 0x66, 0x69, 0x65, 0x72, 0x00, 0x05, 0x73, 0x77, 0x61, 0x6D, 0x70, 0x08, 0x00, 0x0D, 0x66, 0x6F, 0x6C, 0x69, 0x61,
    0x67, 0x65, 0x5F, 0x63, 0x6F, 0x6C, 0x6F, 0x72, 0x00, 0x07, 0x23, 0x36, 0x61, 0x37, 0x30, 0x33, 0x39, 0x08, 0x00, 0x0B,
    0x77, 0x61, 0x74, 0x65, 0x72, 0x5F, 0x63, 0x6F, 0x6C, 0x6F, 0x72, 0x00, 0x07, 0x23, 0x36, 0x31, 0x37, 0x62, 0x36, 0x34,
    0x00, 0x01, 0x00, 0x11, 0x68, 0x61, 0x73, 0x5F, 0x70, 0x72, 0x65, 0x63, 0x69, 0x70, 0x69, 0x74, 0x61, 0x74, 0x69, 0x6F,
    0x6E, 0x01, 0x05, 0x00, 0x0B, 0x74, 0x65, 0x6D, 0x70, 0x65, 0x72, 0x61, 0x74, 0x75, 0x72, 0x65, 0x3F, 0x4C, 0xCC, 0xCD,
    0x05, 0x00, 0x08, 0x64, 0x6F, 0x77, 0x6E, 0x66, 0x61, 0x6C, 0x6C, 0x3F, 0x66, 0x66, 0x66, 0x0A, 0x00, 0x0A, 0x61, 0x74,
    0x74, 0x72, 0x69, 0x62, 0x75, 0x74, 0x65, 0x73, 0x0A, 0x00, 0x20, 0x6D, 0x69, 0x6E, 0x65, 0x63, 0x72, 0x61, 0x66, 0x74,
    0x3A, 0x61, 0x75, 0x64, 0x69, 0x6F, 0x2F, 0x62, 0x61, 0x63, 0x6B, 0x67, 0x72, 0x6F, 0x75, 0x6E, 0x64, 0x5F, 0x6D, 0x75,
    0x73, 0x69, 0x63, 0x0A, 0x00, 0x07, 0x64, 0x65, 0x66, 0x61, 0x75, 0x6C, 0x74, 0x03, 0x00, 0x09, 0x6D, 0x61, 0x78, 0x5F,
    0x64, 0x65, 0x6C, 0x61, 0x79, 0x00, 0x00, 0x5D, 0xC0, 0x08, 0x00, 0x05, 0x73, 0x6F, 0x75, 0x6E, 0x64, 0x00, 0x1F, 0x6D,
    0x69, 0x6E, 0x65, 0x63, 0x72, 0x61, 0x66, 0x74, 0x3A, 0x6D, 0x75, 0x73, 0x69, 0x63, 0x2E, 0x6F, 0x76, 0x65, 0x72, 0x77,
    0x6F, 0x72, 0x6C, 0x64, 0x2E, 0x73, 0x77, 0x61, 0x6D, 0x70, 0x03, 0x00, 0x09, 0x6D, 0x69, 0x6E, 0x5F, 0x64, 0x65, 0x6C,
    0x61, 0x79, 0x00, 0x00, 0x2E, 0xE0, 0x00, 0x00, 0x08, 0x00, 0x1A, 0x6D, 0x69, 0x6E, 0x65, 0x63, 0x72, 0x61, 0x66, 0x74,
    0x3A, 0x76, 0x69, 0x73, 0x75, 0x61, 0x6C, 0x2F, 0x73, 0x6B, 0x79, 0x5F, 0x63, 0x6F, 0x6C, 0x6F, 0x72, 0x00, 0x07, 0x23,
    0x37, 0x38, 0x61, 0x37, 0x66, 0x66, 0x08, 0x00, 0x20, 0x6D, 0x69, 0x6E, 0x65, 0x63, 0x72, 0x61, 0x66, 0x74, 0x3A, 0x76,
    0x69, 0x73, 0x75, 0x61, 0x6C, 0x2F, 0x77, 0x61, 0x74, 0x65, 0x72, 0x5F, 0x66, 0x6F, 0x67, 0x5F, 0x63, 0x6F, 0x6C, 0x6F,
    0x72, 0x00, 0x07, 0x23, 0x32, 0x33, 0x32, 0x33, 0x31, 0x37, 0x0A, 0x00, 0x27, 0x6D, 0x69, 0x6E, 0x65, 0x63, 0x72, 0x61,
    0x66, 0x74, 0x3A, 0x76, 0x69, 0x73, 0x75, 0x61, 0x6C, 0x2F, 0x77, 0x61, 0x74, 0x65, 0x72, 0x5F, 0x66, 0x6F, 0x67, 0x5F,
    0x65, 0x6E, 0x64, 0x5F, 0x64, 0x69, 0x73, 0x74, 0x61, 0x6E, 0x63, 0x65, 0x05, 0x00, 0x08, 0x61, 0x72, 0x67, 0x75, 0x6D,
    0x65, 0x6E, 0x74, 0x3F, 0x59, 0x99, 0x9A, 0x08, 0x00, 0x08, 0x6D, 0x6F, 0x64, 0x69, 0x66, 0x69, 0x65, 0x72, 0x00, 0x08,
    0x6D, 0x75, 0x6C, 0x74, 0x69, 0x70, 0x6C, 0x79, 0x00, 0x00, 0x00, 0x0F, 0x6D, 0x69, 0x6E, 0x65, 0x63, 0x72, 0x61, 0x66,
    0x74, 0x3A, 0x74, 0x61, 0x69, 0x67, 0x61, 0x01, 0x0A, 0x0A, 0x00, 0x07, 0x65, 0x66, 0x66, 0x65, 0x63, 0x74, 0x73, 0x08,
    0x00, 0x0B, 0x77, 0x61, 0x74, 0x65, 0x72, 0x5F, 0x63, 0x6F, 0x6C, 0x6F, 0x72, 0x00, 0x07, 0x23, 0x33, 0x66, 0x37, 0x36,
    0x65, 0x34, 0x00, 0x01, 0x00, 0x11, 0x68, 0x61, 0x73, 0x5F, 0x70, 0x72, 0x65, 0x63, 0x69, 0x70, 0x69, 0x74, 0x61, 0x74,
    0x69, 0x6F, 0x6E, 0x01, 0x05, 0x00, 0x0B, 0x74, 0x65, 0x6D, 0x70, 0x65, 0x72, 0x61, 0x74, 0x75, 0x72, 0x65, 0x3E, 0x80,
    0x00, 0x00, 0x05, 0x00, 0x08, 0x64, 0x6F, 0x77, 0x6E, 0x66, 0x61, 0x6C, 0x6C, 0x3F, 0x4C, 0xCC, 0xCD, 0x0A, 0x00, 0x0A,
    0x61, 0x74, 0x74, 0x72, 0x69, 0x62, 0x75, 0x74, 0x65, 0x73, 0x08, 0x00, 0x1A, 0x6D, 0x69, 0x6E, 0x65, 0x63, 0x72, 0x61,
    0x66, 0x74, 0x3A, 0x76, 0x69, 0x73, 0x75, 0x61, 0x6C, 0x2F, 0x73, 0x6B, 0x79, 0x5F, 0x63, 0x6F, 0x6C, 0x6F, 0x72, 0x00,
    0x07, 0x23, 0x37, 0x64, 0x61, 0x33, 0x66, 0x66, 0x00, 0x00, 0x11, 0x6D, 0x69, 0x6E, 0x65, 0x63, 0x72, 0x61, 0x66, 0x74,
    0x3A, 0x74, 0x68, 0x65, 0x5F, 0x65, 0x6E, 0x64, 0x01, 0x0A, 0x0A, 0x00, 0x07, 0x65, 0x66, 0x66, 0x65, 0x63, 0x74, 0x73,
    0x08, 0x00, 0x0B, 0x77, 0x61, 0x74, 0x65, 0x72, 0x5F, 0x63, 0x6F, 0x6C, 0x6F, 0x72, 0x00, 0x07, 0x23, 0x33, 0x66, 0x37,
    0x36, 0x65, 0x34, 0x00, 0x01, 0x00, 0x11, 0x68, 0x61, 0x73, 0x5F, 0x70, 0x72, 0x65, 0x63, 0x69, 0x70, 0x69, 0x74, 0x61,
    0x74, 0x69, 0x6F, 0x6E, 0x00, 0x05, 0x00, 0x0B, 0x74, 0x65, 0x6D, 0x70, 0x65, 0x72, 0x61, 0x74, 0x75, 0x72, 0x65, 0x3F,
    0x00, 0x00, 0x00, 0x05, 0x00, 0x08, 0x64, 0x6F, 0x77, 0x6E, 0x66, 0x61, 0x6C, 0x6C, 0x3F, 0x00, 0x00, 0x00, 0x00, 0x12,
    0x6D, 0x69, 0x6E, 0x65, 0x63, 0x72, 0x61, 0x66, 0x74, 0x3A, 0x74, 0x68, 0x65, 0x5F, 0x76, 0x6F, 0x69, 0x64, 0x01, 0x0A,
    0x0A, 0x00, 0x07, 0x65, 0x66, 0x66, 0x65, 0x63, 0x74, 0x73, 0x08, 0x00, 0x0B, 0x77, 0x61, 0x74, 0x65, 0x72, 0x5F, 0x63,
    0x6F, 0x6C, 0x6F, 0x72, 0x00, 0x07, 0x23, 0x33, 0x66, 0x37, 0x36, 0x65, 0x34, 0x00, 0x01, 0x00, 0x11, 0x68, 0x61, 0x73,
    0x5F, 0x70, 0x72, 0x65, 0x63, 0x69, 0x70, 0x69, 0x74, 0x61, 0x74, 0x69, 0x6F, 0x6E, 0x00, 0x05, 0x00, 0x0B, 0x74, 0x65,
    0x6D, 0x70, 0x65, 0x72, 0x61, 0x74, 0x75, 0x72, 0x65, 0x3F, 0x00, 0x00, 0x00, 0x05, 0x00, 0x08, 0x64, 0x6F, 0x77, 0x6E,
    0x66, 0x61, 0x6C, 0x6C, 0x3F, 0x00, 0x00, 0x00, 0x0A, 0x00, 0x0A, 0x61, 0x74, 0x74, 0x72, 0x69, 0x62, 0x75, 0x74, 0x65,
    0x73, 0x08, 0x00, 0x1A, 0x6D, 0x69, 0x6E, 0x65, 0x63, 0x72, 0x61, 0x66, 0x74, 0x3A, 0x76, 0x69, 0x73, 0x75, 0x61, 0x6C,
    0x2F, 0x73, 0x6B, 0x79, 0x5F, 0x63, 0x6F, 0x6C, 0x6F, 0x72, 0x00, 0x07, 0x23, 0x37, 0x62, 0x61, 0x34, 0x66, 0x66, 0x00,
    0x00, 0x14, 0x6D, 0x69, 0x6E, 0x65, 0x63, 0x72, 0x61, 0x66, 0x74, 0x3A, 0x77, 0x61, 0x72, 0x6D, 0x5F, 0x6F, 0x63, 0x65,
    0x61, 0x6E, 0x01, 0x0A, 0x0A, 0x00, 0x07, 0x65, 0x66, 0x66, 0x65, 0x63, 0x74, 0x73, 0x08, 0x00, 0x0B, 0x77, 0x61, 0x74,
    0x65, 0x72, 0x5F, 0x63, 0x6F, 0x6C, 0x6F, 0x72, 0x00, 0x07, 0x23, 0x34, 0x33, 0x64, 0x35, 0x65, 0x65, 0x00, 0x01, 0x00,
    0x11, 0x68, 0x61, 0x73, 0x5F, 0x70, 0x72, 0x65, 0x63, 0x69, 0x70, 0x69, 0x74, 0x61, 0x74, 0x69, 0x6F, 0x6E, 0x01, 0x05,
    0x00, 0x0B, 0x74, 0x65, 0x6D, 0x70, 0x65, 0x72, 0x61, 0x74, 0x75, 0x72, 0x65, 0x3F, 0x00, 0x00, 0x00, 0x05, 0x00, 0x08,
    0x64, 0x6F, 0x77, 0x6E, 0x66, 0x61, 0x6C, 0x6C, 0x3F, 0x00, 0x00, 0x00, 0x0A, 0x00, 0x0A, 0x61, 0x74, 0x74, 0x72, 0x69,
    0x62, 0x75, 0x74, 0x65, 0x73, 0x0A, 0x00, 0x20, 0x6D, 0x69, 0x6E, 0x65, 0x63, 0x72, 0x61, 0x66, 0x74, 0x3A, 0x61, 0x75,
    0x64, 0x69, 0x6F, 0x2F, 0x62, 0x61, 0x63, 0x6B, 0x67, 0x72, 0x6F, 0x75, 0x6E, 0x64, 0x5F, 0x6D, 0x75, 0x73, 0x69, 0x63,
    0x0A, 0x00, 0x07, 0x64, 0x65, 0x66, 0x61, 0x75, 0x6C, 0x74, 0x03, 0x00, 0x09, 0x6D, 0x61, 0x78, 0x5F, 0x64, 0x65, 0x6C,
    0x61, 0x79, 0x00, 0x00, 0x5D, 0xC0, 0x08, 0x00, 0x05, 0x73, 0x6F, 0x75, 0x6E, 0x64, 0x00, 0x14, 0x6D, 0x69, 0x6E, 0x65,
    0x63, 0x72, 0x61, 0x66, 0x74, 0x3A, 0x6D, 0x75, 0x73, 0x69, 0x63, 0x2E, 0x67, 0x61, 0x6D, 0x65, 0x03, 0x00, 0x09, 0x6D,
    0x69, 0x6E, 0x5F, 0x64, 0x65, 0x6C, 0x61, 0x79, 0x00, 0x00, 0x2E, 0xE0, 0x00, 0x0A, 0x00, 0x0A, 0x75, 0x6E, 0x64, 0x65,
    0x72, 0x77, 0x61, 0x74, 0x65, 0x72, 0x03, 0x00, 0x09, 0x6D, 0x61, 0x78, 0x5F, 0x64, 0x65, 0x6C, 0x61, 0x79, 0x00, 0x00,
    0x5D, 0xC0, 0x08, 0x00, 0x05, 0x73, 0x6F, 0x75, 0x6E, 0x64, 0x00, 0x1B, 0x6D, 0x69, 0x6E, 0x65, 0x63, 0x72, 0x61, 0x66,
    0x74, 0x3A, 0x6D, 0x75, 0x73, 0x69, 0x63, 0x2E, 0x75, 0x6E, 0x64, 0x65, 0x72, 0x5F, 0x77, 0x61, 0x74, 0x65, 0x72, 0x03,
    0x00, 0x09, 0x6D, 0x69, 0x6E, 0x5F, 0x64, 0x65, 0x6C, 0x61, 0x79, 0x00, 0x00, 0x2E, 0xE0, 0x00, 0x0A, 0x00, 0x08, 0x63,
    0x72, 0x65, 0x61, 0x74, 0x69, 0x76, 0x65, 0x03, 0x00, 0x09, 0x6D, 0x61, 0x78, 0x5F, 0x64, 0x65, 0x6C, 0x61, 0x79, 0x00,
    0x00, 0x5D, 0xC0, 0x08, 0x00, 0x05, 0x73, 0x6F, 0x75, 0x6E, 0x64, 0x00, 0x18, 0x6D, 0x69, 0x6E, 0x65, 0x63, 0x72, 0x61,
    0x66, 0x74, 0x3A, 0x6D, 0x75, 0x73, 0x69, 0x63, 0x2E, 0x63, 0x72, 0x65, 0x61, 0x74, 0x69, 0x76, 0x65, 0x03, 0x00, 0x09,
    0x6D, 0x69, 0x6E, 0x5F, 0x64, 0x65, 0x6C, 0x61, 0x79, 0x00, 0x00, 0x2E, 0xE0, 0x00, 0x00, 0x08, 0x00, 0x20, 0x6D, 0x69,
    0x6E, 0x65, 0x63, 0x72, 0x61, 0x66, 0x74, 0x3A, 0x76, 0x69, 0x73, 0x75, 0x61, 0x6C, 0x2F, 0x77, 0x61, 0x74, 0x65, 0x72,
    0x5F, 0x66, 0x6F, 0x67, 0x5F, 0x63, 0x6F, 0x6C, 0x6F, 0x72, 0x00, 0x07, 0x23, 0x30, 0x34, 0x31, 0x66, 0x33, 0x33, 0x08,
    0x00, 0x1A, 0x6D, 0x69, 0x6E, 0x65, 0x63, 0x72, 0x61, 0x66, 0x74, 0x3A, 0x76, 0x69, 0x73, 0x75, 0x61, 0x6C, 0x2F, 0x73,
    0x6B, 0x79, 0x5F, 0x63, 0x6F, 0x6C, 0x6F, 0x72, 0x00, 0x07, 0x23, 0x37, 0x62, 0x61, 0x34, 0x66, 0x66, 0x00, 0x00, 0x17,
    0x6D, 0x69, 0x6E, 0x65, 0x63, 0x72, 0x61, 0x66, 0x74, 0x3A, 0x77, 0x61, 0x72, 0x70, 0x65, 0x64, 0x5F, 0x66, 0x6F, 0x72,
    0x65, 0x73, 0x74, 0x01, 0x0A, 0x0A, 0x00, 0x07, 0x65, 0x66, 0x66, 0x65, 0x63, 0x74, 0x73, 0x08, 0x00, 0x0B, 0x77, 0x61,
    0x74, 0x65, 0x72, 0x5F, 0x63, 0x6F, 0x6C, 0x6F, 0x72, 0x00, 0x07, 0x23, 0x33, 0x66, 0x37, 0x36, 0x65, 0x34, 0x00, 0x01,
    0x00, 0x11, 0x68, 0x61, 0x73, 0x5F, 0x70, 0x72, 0x65, 0x63, 0x69, 0x70, 0x69, 0x74, 0x61, 0x74, 0x69, 0x6F, 0x6E, 0x00,
    0x05, 0x00, 0x0B, 0x74, 0x65, 0x6D, 0x70, 0x65, 0x72, 0x61, 0x74, 0x75, 0x72, 0x65, 0x40, 0x00, 0x00, 0x00, 0x05, 0x00,
    0x08, 0x64, 0x6F, 0x77, 0x6E, 0x66, 0x61, 0x6C, 0x6C, 0x00, 0x00, 0x00, 0x00, 0x0A, 0x00, 0x0A, 0x61, 0x74, 0x74, 0x72,
    0x69, 0x62, 0x75, 0x74, 0x65, 0x73, 0x0A, 0x00, 0x20, 0x6D, 0x69, 0x6E, 0x65, 0x63, 0x72, 0x61, 0x66, 0x74, 0x3A, 0x61,
    0x75, 0x64, 0x69, 0x6F, 0x2F, 0x62, 0x61, 0x63, 0x6B, 0x67, 0x72, 0x6F, 0x75, 0x6E, 0x64, 0x5F, 0x6D, 0x75, 0x73, 0x69,
    0x63, 0x0A, 0x00, 0x07, 0x64, 0x65, 0x66, 0x61, 0x75, 0x6C, 0x74, 0x03, 0x00, 0x09, 0x6D, 0x61, 0x78, 0x5F, 0x64, 0x65,
    0x6C, 0x61, 0x79, 0x00, 0x00, 0x5D, 0xC0, 0x08, 0x00, 0x05, 0x73, 0x6F, 0x75, 0x6E, 0x64, 0x00, 0x24, 0x6D, 0x69, 0x6E,
    0x65, 0x63, 0x72, 0x61, 0x66, 0x74, 0x3A, 0x6D, 0x75, 0x73, 0x69, 0x63, 0x2E, 0x6E, 0x65, 0x74, 0x68, 0x65, 0x72, 0x2E,
    0x77, 0x61, 0x72, 0x70, 0x65, 0x64, 0x5F, 0x66, 0x6F, 0x72, 0x65, 0x73, 0x74, 0x03, 0x00, 0x09, 0x6D, 0x69, 0x6E, 0x5F,
    0x64, 0x65, 0x6C, 0x61, 0x79, 0x00, 0x00, 0x2E, 0xE0, 0x00, 0x00, 0x08, 0x00, 0x1A, 0x6D, 0x69, 0x6E, 0x65, 0x63, 0x72,
    0x61, 0x66, 0x74, 0x3A, 0x76, 0x69, 0x73, 0x75, 0x61, 0x6C, 0x2F, 0x66, 0x6F, 0x67, 0x5F, 0x63, 0x6F, 0x6C, 0x6F, 0x72,
    0x00, 0x07, 0x23, 0x31, 0x61, 0x30, 0x35, 0x31, 0x61, 0x0A, 0x00, 0x1E, 0x6D, 0x69, 0x6E, 0x65, 0x63, 0x72, 0x61, 0x66,
    0x74, 0x3A, 0x61, 0x75, 0x64, 0x69, 0x6F, 0x2F, 0x61, 0x6D, 0x62, 0x69, 0x65, 0x6E, 0x74, 0x5F, 0x73, 0x6F, 0x75, 0x6E,
    0x64, 0x73, 0x0A, 0x00, 0x04, 0x6D, 0x6F, 0x6F, 0x64, 0x03, 0x00, 0x0A, 0x74, 0x69, 0x63, 0x6B, 0x5F, 0x64, 0x65, 0x6C,
    0x61, 0x79, 0x00, 0x00, 0x17, 0x70, 0x06, 0x00, 0x06, 0x6F, 0x66, 0x66, 0x73, 0x65, 0x74, 0x40, 0x00, 0x00, 0x00, 0x00,
    0x00, 0x00, 0x00, 0x08, 0x00, 0x05, 0x73, 0x6F, 0x75, 0x6E, 0x64, 0x00, 0x24, 0x6D, 0x69, 0x6E, 0x65, 0x63, 0x72, 0x61,
    0x66, 0x74, 0x3A, 0x61, 0x6D, 0x62, 0x69, 0x65, 0x6E, 0x74, 0x2E, 0x77, 0x61, 0x72, 0x70, 0x65, 0x64, 0x5F, 0x66, 0x6F,
    0x72, 0x65, 0x73, 0x74, 0x2E, 0x6D, 0x6F, 0x6F, 0x64, 0x03, 0x00, 0x13, 0x62, 0x6C, 0x6F, 0x63, 0x6B, 0x5F, 0x73, 0x65,
    0x61, 0x72, 0x63, 0x68, 0x5F, 0x65, 0x78, 0x74, 0x65, 0x6E, 0x74, 0x00, 0x00, 0x00, 0x08, 0x00, 0x0A, 0x00, 0x09, 0x61,
    0x64, 0x64, 0x69, 0x74, 0x69, 0x6F, 0x6E, 0x73, 0x08, 0x00, 0x05, 0x73, 0x6F, 0x75, 0x6E, 0x64, 0x00, 0x29, 0x6D, 0x69,
    0x6E, 0x65, 0x63, 0x72, 0x61, 0x66, 0x74, 0x3A, 0x61, 0x6D, 0x62, 0x69, 0x65, 0x6E, 0x74, 0x2E, 0x77, 0x61, 0x72, 0x70,
    0x65, 0x64, 0x5F, 0x66, 0x6F, 0x72, 0x65, 0x73, 0x74, 0x2E, 0x61, 0x64, 0x64, 0x69, 0x74, 0x69, 0x6F, 0x6E, 0x73, 0x06,
    0x00, 0x0B, 0x74, 0x69, 0x63, 0x6B, 0x5F, 0x63, 0x68, 0x61, 0x6E, 0x63, 0x65, 0x3F, 0x86, 0xBB, 0x98, 0xC7, 0xE2, 0x82,
    0x41, 0x00, 0x08, 0x00, 0x04, 0x6C, 0x6F, 0x6F, 0x70, 0x00, 0x24, 0x6D, 0x69, 0x6E, 0x65, 0x63, 0x72, 0x61, 0x66, 0x74,
    0x3A, 0x61, 0x6D, 0x62, 0x69, 0x65, 0x6E, 0x74, 0x2E, 0x77, 0x61, 0x72, 0x70, 0x65, 0x64, 0x5F, 0x66, 0x6F, 0x72, 0x65,
    0x73, 0x74, 0x2E, 0x6C, 0x6F, 0x6F, 0x70, 0x00, 0x09, 0x00, 0x22, 0x6D, 0x69, 0x6E, 0x65, 0x63, 0x72, 0x61, 0x66, 0x74,
    0x3A, 0x76, 0x69, 0x73, 0x75, 0x61, 0x6C, 0x2F, 0x61, 0x6D, 0x62, 0x69, 0x65, 0x6E, 0x74, 0x5F, 0x70, 0x61, 0x72, 0x74,
    0x69, 0x63, 0x6C, 0x65, 0x73, 0x0A, 0x00, 0x00, 0x00, 0x01, 0x05, 0x00, 0x0B, 0x70, 0x72, 0x6F, 0x62, 0x61, 0x62, 0x69,
    0x6C, 0x69, 0x74, 0x79, 0x3C, 0x69, 0xF6, 0xA9, 0x0A, 0x00, 0x08, 0x70, 0x61, 0x72, 0x74, 0x69, 0x63, 0x6C, 0x65, 0x08,
    0x00, 0x04, 0x74, 0x79, 0x70, 0x65, 0x00, 0x16, 0x6D, 0x69, 0x6E, 0x65, 0x63, 0x72, 0x61, 0x66, 0x74, 0x3A, 0x77, 0x61,
    0x72, 0x70, 0x65, 0x64, 0x5F, 0x73, 0x70, 0x6F, 0x72, 0x65, 0x00, 0x00, 0x00, 0x00, 0x1A, 0x6D, 0x69, 0x6E, 0x65, 0x63,
    0x72, 0x61, 0x66, 0x74, 0x3A, 0x77, 0x69, 0x6E, 0x64, 0x73, 0x77, 0x65, 0x70, 0x74, 0x5F, 0x66, 0x6F, 0x72, 0x65, 0x73,
    0x74, 0x01, 0x0A, 0x0A, 0x00, 0x07, 0x65, 0x66, 0x66, 0x65, 0x63, 0x74, 0x73, 0x08, 0x00, 0x0B, 0x77, 0x61, 0x74, 0x65,
    0x72, 0x5F, 0x63, 0x6F, 0x6C, 0x6F, 0x72, 0x00, 0x07, 0x23, 0x33, 0x66, 0x37, 0x36, 0x65, 0x34, 0x00, 0x01, 0x00, 0x11,
    0x68, 0x61, 0x73, 0x5F, 0x70, 0x72, 0x65, 0x63, 0x69, 0x70, 0x69, 0x74, 0x61, 0x74, 0x69, 0x6F, 0x6E, 0x01, 0x05, 0x00,
    0x0B, 0x74, 0x65, 0x6D, 0x70, 0x65, 0x72, 0x61, 0x74, 0x75, 0x72, 0x65, 0x3E, 0x4C, 0xCC, 0xCD, 0x05, 0x00, 0x08, 0x64,
    0x6F, 0x77, 0x6E, 0x66, 0x61, 0x6C, 0x6C, 0x3E, 0x99, 0x99, 0x9A, 0x0A, 0x00, 0x0A, 0x61, 0x74, 0x74, 0x72, 0x69, 0x62,
    0x75, 0x74, 0x65, 0x73, 0x08, 0x00, 0x1A, 0x6D, 0x69, 0x6E, 0x65, 0x63, 0x72, 0x61, 0x66, 0x74, 0x3A, 0x76, 0x69, 0x73,
    0x75, 0x61, 0x6C, 0x2F, 0x73, 0x6B, 0x79, 0x5F, 0x63, 0x6F, 0x6C, 0x6F, 0x72, 0x00, 0x07, 0x23, 0x37, 0x64, 0x61, 0x32,
    0x66, 0x66, 0x00, 0x00, 0x22, 0x6D, 0x69, 0x6E, 0x65, 0x63, 0x72, 0x61, 0x66, 0x74, 0x3A, 0x77, 0x69, 0x6E, 0x64, 0x73,
    0x77, 0x65, 0x70, 0x74, 0x5F, 0x67, 0x72, 0x61, 0x76, 0x65, 0x6C, 0x6C, 0x79, 0x5F, 0x68, 0x69, 0x6C, 0x6C, 0x73, 0x01,
    0x0A, 0x0A, 0x00, 0x07, 0x65, 0x66, 0x66, 0x65, 0x63, 0x74, 0x73, 0x08, 0x00, 0x0B, 0x77, 0x61, 0x74, 0x65, 0x72, 0x5F,
    0x63, 0x6F, 0x6C, 0x6F, 0x72, 0x00, 0x07, 0x23, 0x33, 0x66, 0x37, 0x36, 0x65, 0x34, 0x00, 0x01, 0x00, 0x11, 0x68, 0x61,
    0x73, 0x5F, 0x70, 0x72, 0x65, 0x63, 0x69, 0x70, 0x69, 0x74, 0x61, 0x74, 0x69, 0x6F, 0x6E, 0x01, 0x05, 0x00, 0x0B, 0x74,
    0x65, 0x6D, 0x70, 0x65, 0x72, 0x61, 0x74, 0x75, 0x72, 0x65, 0x3E, 0x4C, 0xCC, 0xCD, 0x05, 0x00, 0x08, 0x64, 0x6F, 0x77,
    0x6E, 0x66, 0x61, 0x6C, 0x6C, 0x3E, 0x99, 0x99, 0x9A, 0x0A, 0x00, 0x0A, 0x61, 0x74, 0x74, 0x72, 0x69, 0x62, 0x75, 0x74,
    0x65, 0x73, 0x08, 0x00, 0x1A, 0x6D, 0x69, 0x6E, 0x65, 0x63, 0x72, 0x61, 0x66, 0x74, 0x3A, 0x76, 0x69, 0x73, 0x75, 0x61,
    0x6C, 0x2F, 0x73, 0x6B, 0x79, 0x5F, 0x63, 0x6F, 0x6C, 0x6F, 0x72, 0x00, 0x07, 0x23, 0x37, 0x64, 0x61, 0x32, 0x66, 0x66,
    0x00, 0x00, 0x19, 0x6D, 0x69, 0x6E, 0x65, 0x63, 0x72, 0x61, 0x66, 0x74, 0x3A, 0x77, 0x69, 0x6E, 0x64, 0x73, 0x77, 0x65,
    0x70, 0x74, 0x5F, 0x68, 0x69, 0x6C, 0x6C, 0x73, 0x01, 0x0A, 0x0A, 0x00, 0x07, 0x65, 0x66, 0x66, 0x65, 0x63, 0x74, 0x73,
    0x08, 0x00, 0x0B, 0x77, 0x61, 0x74, 0x65, 0x72, 0x5F, 0x63, 0x6F, 0x6C, 0x6F, 0x72, 0x00, 0x07, 0x23, 0x33, 0x66, 0x37,
    0x36, 0x65, 0x34, 0x00, 0x01, 0x00, 0x11, 0x68, 0x61, 0x73, 0x5F, 0x70, 0x72, 0x65, 0x63, 0x69, 0x70, 0x69, 0x74, 0x61,
    0x74, 0x69, 0x6F, 0x6E, 0x01, 0x05, 0x00, 0x0B, 0x74, 0x65, 0x6D, 0x70, 0x65, 0x72, 0x61, 0x74, 0x75, 0x72, 0x65, 0x3E,
    0x4C, 0xCC, 0xCD, 0x05, 0x00, 0x08, 0x64, 0x6F, 0x77, 0x6E, 0x66, 0x61, 0x6C, 0x6C, 0x3E, 0x99, 0x99, 0x9A, 0x0A, 0x00,
    0x0A, 0x61, 0x74, 0x74, 0x72, 0x69, 0x62, 0x75, 0x74, 0x65, 0x73, 0x08, 0x00, 0x1A, 0x6D, 0x69, 0x6E, 0x65, 0x63, 0x72,
    0x61, 0x66, 0x74, 0x3A, 0x76, 0x69, 0x73, 0x75, 0x61, 0x6C, 0x2F, 0x73, 0x6B, 0x79, 0x5F, 0x63, 0x6F, 0x6C, 0x6F, 0x72,
    0x00, 0x07, 0x23, 0x37, 0x64, 0x61, 0x32, 0x66, 0x66, 0x00, 0x00, 0x1B, 0x6D, 0x69, 0x6E, 0x65, 0x63, 0x72, 0x61, 0x66,
    0x74, 0x3A, 0x77, 0x69, 0x6E, 0x64, 0x73, 0x77, 0x65, 0x70, 0x74, 0x5F, 0x73, 0x61, 0x76, 0x61, 0x6E, 0x6E, 0x61, 0x01,
    0x0A, 0x0A, 0x00, 0x07, 0x65, 0x66, 0x66, 0x65, 0x63, 0x74, 0x73, 0x08, 0x00, 0x0B, 0x77, 0x61, 0x74, 0x65, 0x72, 0x5F,
    0x63, 0x6F, 0x6C, 0x6F, 0x72, 0x00, 0x07, 0x23, 0x33, 0x66, 0x37, 0x36, 0x65, 0x34, 0x00, 0x01, 0x00, 0x11, 0x68, 0x61,
    0x73, 0x5F, 0x70, 0x72, 0x65, 0x63, 0x69, 0x70, 0x69, 0x74, 0x61, 0x74, 0x69, 0x6F, 0x6E, 0x00, 0x05, 0x00, 0x0B, 0x74,
    0x65, 0x6D, 0x70, 0x65, 0x72, 0x61, 0x74, 0x75, 0x72, 0x65, 0x40, 0x00, 0x00, 0x00, 0x05, 0x00, 0x08, 0x64, 0x6F, 0x77,
    0x6E, 0x66, 0x61, 0x6C, 0x6C, 0x00, 0x00, 0x00, 0x00, 0x0A, 0x00, 0x0A, 0x61, 0x74, 0x74, 0x72, 0x69, 0x62, 0x75, 0x74,
    0x65, 0x73, 0x08, 0x00, 0x1A, 0x6D, 0x69, 0x6E, 0x65, 0x63, 0x72, 0x61, 0x66, 0x74, 0x3A, 0x76, 0x69, 0x73, 0x75, 0x61,
    0x6C, 0x2F, 0x73, 0x6B, 0x79, 0x5F, 0x63, 0x6F, 0x6C, 0x6F, 0x72, 0x00, 0x07, 0x23, 0x36, 0x65, 0x62, 0x31, 0x66, 0x66,
    0x00, 0x00, 0x19, 0x6D, 0x69, 0x6E, 0x65, 0x63, 0x72, 0x61, 0x66, 0x74, 0x3A, 0x77, 0x6F, 0x6F, 0x64, 0x65, 0x64, 0x5F,
    0x62, 0x61, 0x64, 0x6C, 0x61, 0x6E, 0x64, 0x73, 0x01, 0x0A, 0x0A, 0x00, 0x07, 0x65, 0x66, 0x66, 0x65, 0x63, 0x74, 0x73,
    0x08, 0x00, 0x0B, 0x67, 0x72, 0x61, 0x73, 0x73, 0x5F, 0x63, 0x6F, 0x6C, 0x6F, 0x72, 0x00, 0x07, 0x23, 0x39, 0x30, 0x38,
    0x31, 0x34, 0x64, 0x08, 0x00, 0x0D, 0x66, 0x6F, 0x6C, 0x69, 0x61, 0x67, 0x65, 0x5F, 0x63, 0x6F, 0x6C, 0x6F, 0x72, 0x00,
    0x07, 0x23, 0x39, 0x65, 0x38, 0x31, 0x34, 0x64, 0x08, 0x00, 0x0B, 0x77, 0x61, 0x74, 0x65, 0x72, 0x5F, 0x63, 0x6F, 0x6C,
    0x6F, 0x72, 0x00, 0x07, 0x23, 0x33, 0x66, 0x37, 0x36, 0x65, 0x34, 0x00, 0x01, 0x00, 0x11, 0x68, 0x61, 0x73, 0x5F, 0x70,
    0x72, 0x65, 0x63, 0x69, 0x70, 0x69, 0x74, 0x61, 0x74, 0x69, 0x6F, 0x6E, 0x00, 0x05, 0x00, 0x0B, 0x74, 0x65, 0x6D, 0x70,
    0x65, 0x72, 0x61, 0x74, 0x75, 0x72, 0x65, 0x40, 0x00, 0x00, 0x00, 0x05, 0x00, 0x08, 0x64, 0x6F, 0x77, 0x6E, 0x66, 0x61,
    0x6C, 0x6C, 0x00, 0x00, 0x00, 0x00, 0x0A, 0x00, 0x0A, 0x61, 0x74, 0x74, 0x72, 0x69, 0x62, 0x75, 0x74, 0x65, 0x73, 0x0A,
    0x00, 0x20, 0x6D, 0x69, 0x6E, 0x65, 0x63, 0x72, 0x61, 0x66, 0x74, 0x3A, 0x61, 0x75, 0x64, 0x69, 0x6F, 0x2F, 0x62, 0x61,
    0x63, 0x6B, 0x67, 0x72, 0x6F, 0x75, 0x6E, 0x64, 0x5F, 0x6D, 0x75, 0x73, 0x69, 0x63, 0x0A, 0x00, 0x07, 0x64, 0x65, 0x66,
    0x61, 0x75, 0x6C, 0x74, 0x03, 0x00, 0x09, 0x6D, 0x61, 0x78, 0x5F, 0x64, 0x65, 0x6C, 0x61, 0x79, 0x00, 0x00, 0x5D, 0xC0,
    0x08, 0x00, 0x05, 0x73, 0x6F, 0x75, 0x6E, 0x64, 0x00, 0x22, 0x6D, 0x69, 0x6E, 0x65, 0x63, 0x72, 0x61, 0x66, 0x74, 0x3A,
    0x6D, 0x75, 0x73, 0x69, 0x63, 0x2E, 0x6F, 0x76, 0x65, 0x72, 0x77, 0x6F, 0x72, 0x6C, 0x64, 0x2E, 0x62, 0x61, 0x64, 0x6C,
    0x61, 0x6E, 0x64, 0x73, 0x03, 0x00, 0x09, 0x6D, 0x69, 0x6E, 0x5F, 0x64, 0x65, 0x6C, 0x61, 0x79, 0x00, 0x00, 0x2E, 0xE0,
    0x00, 0x00, 0x08, 0x00, 0x1A, 0x6D, 0x69, 0x6E, 0x65, 0x63, 0x72, 0x61, 0x66, 0x74, 0x3A, 0x76, 0x69, 0x73, 0x75, 0x61,
    0x6C, 0x2F, 0x73, 0x6B, 0x79, 0x5F, 0x63, 0x6F, 0x6C, 0x6F, 0x72, 0x00, 0x07, 0x23, 0x36, 0x65, 0x62, 0x31, 0x66, 0x66,
    0x00, 0x00
};

inline constexpr uint8_t config_packet_04[] = { 0x83, 0x0C, 0x07, 0x13, 0x6D, 0x69, 0x6E, 0x65, 0x63, 0x72, 0x61, 0x66, 0x74, 0x3A, 0x63, 0x68, 0x61, 0x74, 0x5F, 0x74, 0x79, 0x70, 0x65, 0x07, 0x0E, 0x6D, 0x69, 0x6E, 0x65, 0x63, 0x72, 0x61, 0x66, 0x74, 0x3A, 0x63, 0x68, 0x61, 0x74, 0x01, 0x0A, 0x0A, 0x00, 0x04, 0x63, 0x68, 0x61, 0x74, 0x08, 0x00, 0x0F, 0x74, 0x72, 0x61, 0x6E, 0x73, 0x6C, 0x61, 0x74, 0x69, 0x6F, 0x6E, 0x5F, 0x6B, 0x65, 0x79, 0x00, 0x0E, 0x63, 0x68, 0x61, 0x74, 0x2E, 0x74, 0x79, 0x70, 0x65, 0x2E, 0x74, 0x65, 0x78, 0x74, 0x09, 0x00, 0x0A, 0x70, 0x61, 0x72, 0x61, 0x6D, 0x65, 0x74, 0x65, 0x72, 0x73, 0x08, 0x00, 0x00, 0x00, 0x02, 0x00, 0x06, 0x73, 0x65, 0x6E, 0x64, 0x65, 0x72, 0x00, 0x07, 0x63, 0x6F, 0x6E, 0x74, 0x65, 0x6E, 0x74, 0x00, 0x0A, 0x00, 0x09, 0x6E, 0x61, 0x72, 0x72, 0x61, 0x74, 0x69, 0x6F, 0x6E, 0x08, 0x00, 0x0F, 0x74, 0x72, 0x61, 0x6E, 0x73, 0x6C, 0x61, 0x74, 0x69, 0x6F, 0x6E, 0x5F, 0x6B, 0x65, 0x79, 0x00, 0x16, 0x63, 0x68, 0x61, 0x74, 0x2E, 0x74, 0x79, 0x70, 0x65, 0x2E, 0x74, 0x65, 0x78, 0x74, 0x2E, 0x6E, 0x61, 0x72, 0x72, 0x61, 0x74, 0x65, 0x09, 0x00, 0x0A, 0x70, 0x61, 0x72, 0x61, 0x6D, 0x65, 0x74, 0x65, 0x72, 0x73, 0x08, 0x00, 0x00, 0x00, 0x02, 0x00, 0x06, 0x73, 0x65, 0x6E, 0x64, 0x65, 0x72, 0x00, 0x07, 0x63, 0x6F, 0x6E, 0x74, 0x65, 0x6E, 0x74, 0x00, 0x00, 0x17, 0x6D, 0x69, 0x6E, 0x65, 0x63, 0x72, 0x61, 0x66, 0x74, 0x3A, 0x65, 0x6D, 0x6F, 0x74, 0x65, 0x5F, 0x63, 0x6F, 0x6D, 0x6D, 0x61, 0x6E, 0x64, 0x01, 0x0A, 0x0A, 0x00, 0x04, 0x63, 0x68, 0x61, 0x74, 0x08, 0x00, 0x0F, 0x74, 0x72, 0x61, 0x6E, 0x73, 0x6C, 0x61, 0x74, 0x69, 0x6F, 0x6E, 0x5F, 0x6B, 0x65, 0x79, 0x00, 0x0F, 0x63, 0x68, 0x61, 0x74, 0x2E, 0x74, 0x79, 0x70, 0x65, 0x2E, 0x65, 0x6D, 0x6F, 0x74, 0x65, 0x09, 0x00, 0x0A, 0x70, 0x61, 0x72, 0x61, 0x6D, 0x65, 0x74, 0x65, 0x72, 0x73, 0x08, 0x00, 0x00, 0x00, 0x02, 0x00, 0x06, 0x73, 0x65, 0x6E, 0x64, 0x65, 0x72, 0x00, 0x07, 0x63, 0x6F, 0x6E, 0x74, 0x65, 0x6E, 0x74, 0x00, 0x0A, 0x00, 0x09, 0x6E, 0x61, 0x72, 0x72, 0x61, 0x74, 0x69, 0x6F, 0x6E, 0x08, 0x00, 0x0F, 0x74, 0x72, 0x61, 0x6E, 0x73, 0x6C, 0x61, 0x74, 0x69, 0x6F, 0x6E, 0x5F, 0x6B, 0x65, 0x79, 0x00, 0x0F, 0x63, 0x68, 0x61, 0x74, 0x2E, 0x74, 0x79, 0x70, 0x65, 0x2E, 0x65, 0x6D, 0x6F, 0x74, 0x65, 0x09, 0x00, 0x0A, 0x70, 0x61, 0x72, 0x61, 0x6D, 0x65, 0x74, 0x65, 0x72, 0x73, 0x08, 0x00, 0x00, 0x00, 0x02, 0x00, 0x06, 0x73, 0x65, 0x6E, 0x64, 0x65, 0x72, 0x00, 0x07, 0x63, 0x6F, 0x6E, 0x74, 0x65, 0x6E, 0x74, 0x00, 0x00, 0x1E, 0x6D, 0x69, 0x6E, 0x65, 0x63, 0x72, 0x61, 0x66, 0x74, 0x3A, 0x6D, 0x73, 0x67, 0x5F, 0x63, 0x6F, 0x6D, 0x6D, 0x61, 0x6E, 0x64, 0x5F, 0x69, 0x6E, 0x63, 0x6F, 0x6D, 0x69, 0x6E, 0x67, 0x01, 0x0A, 0x0A, 0x00, 0x04, 0x63, 0x68, 0x61, 0x74, 0x08, 0x00, 0x0F, 0x74, 0x72, 0x61, 0x6E, 0x73, 0x6C, 0x61, 0x74, 0x69, 0x6F, 0x6E, 0x5F, 0x6B, 0x65, 0x79, 0x00, 0x21, 0x63, 0x6F, 0x6D, 0x6D, 0x61, 0x6E, 0x64, 0x73, 0x2E, 0x6D, 0x65, 0x73, 0x73, 0x61, 0x67, 0x65, 0x2E, 0x64, 0x69, 0x73, 0x70, 0x6C, 0x61, 0x79, 0x2E, 0x69, 0x6E, 0x63, 0x6F, 0x6D, 0x69, 0x6E, 0x67, 0x0A, 0x00, 0x05, 0x73, 0x74, 0x79, 0x6C, 0x65, 0x08, 0x00, 0x05, 0x63, 0x6F, 0x6C, 0x6F, 0x72, 0x00, 0x04, 0x67, 0x72, 0x61, 0x79, 0x01, 0x00, 0x06, 0x69, 0x74, 0x61, 0x6C, 0x69, 0x63, 0x01, 0x00, 0x09, 0x00, 0x0A, 0x70, 0x61, 0x72, 0x61, 0x6D, 0x65, 0x74, 0x65, 0x72, 0x73, 0x08, 0x00, 0x00, 0x00, 0x02, 0x00, 0x06, 0x73, 0x65, 0x6E, 0x64, 0x65, 0x72, 0x00, 0x07, 0x63, 0x6F, 0x6E, 0x74, 0x65, 0x6E, 0x74, 0x00, 0x0A, 0x00, 0x09, 0x6E, 0x61, 0x72, 0x72, 0x61, 0x74, 0x69, 0x6F, 0x6E, 0x08, 0x00, 0x0F, 0x74, 0x72, 0x61, 0x6E, 0x73, 0x6C, 0x61, 0x74, 0x69, 0x6F, 0x6E, 0x5F, 0x6B, 0x65, 0x79, 0x00, 0x16, 0x63, 0x68, 0x61, 0x74, 0x2E, 0x74, 0x79, 0x70, 0x65, 0x2E, 0x74, 0x65, 0x78, 0x74, 0x2E, 0x6E, 0x61, 0x72, 0x72, 0x61, 0x74, 0x65, 0x09, 0x00, 0x0A, 0x70, 0x61, 0x72, 0x61, 0x6D, 0x65, 0x74, 0x65, 0x72, 0x73, 0x08, 0x00, 0x00, 0x00, 0x02, 0x00, 0x06, 0x73, 0x65, 0x6E, 0x64, 0x65, 0x72, 0x00, 0x07, 0x63, 0x6F, 0x6E, 0x74, 0x65, 0x6E, 0x74, 0x00, 0x00, 0x1E, 0x6D, 0x69, 0x6E, 0x65, 0x63, 0x72, 0x61, 0x66, 0x74, 0x3A, 0x6D, 0x73, 0x67, 0x5F, 0x63, 0x6F, 0x6D, 0x6D, 0x61, 0x6E, 0x64, 0x5F, 0x6F, 0x75, 0x74, 0x67, 0x6F, 0x69, 0x6E, 0x67, 0x01, 0x0A, 0x0A, 0x00, 0x04, 0x63, 0x68, 0x61, 0x74, 0x08, 0x00, 0x0F, 0x74, 0x72, 0x61, 0x6E, 0x73, 0x6C, 0x61, 0x74, 0x69, 0x6F, 0x6E, 0x5F, 0x6B, 0x65, 0x79, 0x00, 0x21, 0x63, 0x6F, 0x6D, 0x6D, 0x61, 0x6E, 0x64, 0x73, 0x2E, 0x6D, 0x65, 0x73, 0x73, 0x61, 0x67, 0x65, 0x2E, 0x64, 0x69, 0x73, 0x70, 0x6C, 0x61, 0x79, 0x2E, 0x6F, 0x75, 0x74, 0x67, 0x6F, 0x69, 0x6E, 0x67, 0x0A, 0x00, 0x05, 0x73, 0x74, 0x79, 0x6C, 0x65, 0x08, 0x00, 0x05, 0x63, 0x6F, 0x6C, 0x6F, 0x72, 0x00, 0x04, 0x67, 0x72, 0x61, 0x79, 0x01, 0x00, 0x06, 0x69, 0x74, 0x61, 0x6C, 0x69, 0x63, 0x01, 0x00, 0x09, 0x00, 0x0A, 0x70, 0x61, 0x72, 0x61, 0x6D, 0x65, 0x74, 0x65, 0x72, 0x73, 0x08, 0x00, 0x00, 0x00, 0x02, 0x00, 0x06, 0x74, 0x61, 0x72, 0x67, 0x65, 0x74, 0x00, 0x07, 0x63, 0x6F, 0x6E, 0x74, 0x65, 0x6E, 0x74, 0x00, 0x0A, 0x00, 0x09, 0x6E, 0x61, 0x72, 0x72, 0x61, 0x74, 0x69, 0x6F, 0x6E, 0x08, 0x00, 0x0F, 0x74, 0x72, 0x61, 0x6E, 0x73, 0x6C, 0x61, 0x74, 0x69, 0x6F, 0x6E, 0x5F, 0x6B, 0x65, 0x79, 0x00, 0x16, 0x63, 0x68, 0x61, 0x74, 0x2E, 0x74, 0x79, 0x70, 0x65, 0x2E, 0x74, 0x65, 0x78, 0x74, 0x2E, 0x6E, 0x61, 0x72, 0x72, 0x61, 0x74, 0x65, 0x09, 0x00, 0x0A, 0x70, 0x61, 0x72, 0x61, 0x6D, 0x65, 0x74, 0x65, 0x72, 0x73, 0x08, 0x00, 0x00, 0x00, 0x02, 0x00, 0x06, 0x73, 0x65, 0x6E, 0x64, 0x65, 0x72, 0x00, 0x07, 0x63, 0x6F, 0x6E, 0x74, 0x65, 0x6E, 0x74, 0x00, 0x00, 0x15, 0x6D, 0x69, 0x6E, 0x65, 0x63, 0x72, 0x61, 0x66, 0x74, 0x3A, 0x73, 0x61, 0x79, 0x5F, 0x63, 0x6F, 0x6D, 0x6D, 0x61, 0x6E, 0x64, 0x01, 0x0A, 0x0A, 0x00, 0x04, 0x63, 0x68, 0x61, 0x74, 0x08, 0x00, 0x0F, 0x74, 0x72, 0x61, 0x6E, 0x73, 0x6C, 0x61, 0x74, 0x69, 0x6F, 0x6E, 0x5F, 0x6B, 0x65, 0x79, 0x00, 0x16, 0x63, 0x68, 0x61, 0x74, 0x2E, 0x74, 0x79, 0x70, 0x65, 0x2E, 0x61, 0x6E, 0x6E, 0x6F, 0x75, 0x6E, 0x63, 0x65, 0x6D, 0x65, 0x6E, 0x74, 0x09, 0x00, 0x0A, 0x70, 0x61, 0x72, 0x61, 0x6D, 0x65, 0x74, 0x65, 0x72, 0x73, 0x08, 0x00, 0x00, 0x00, 0x02, 0x00, 0x06, 0x73, 0x65, 0x6E, 0x64, 0x65, 0x72, 0x00, 0x07, 0x63, 0x6F, 0x6E, 0x74, 0x65, 0x6E, 0x74, 0x00, 0x0A, 0x00, 0x09, 0x6E, 0x61, 0x72, 0x72, 0x61, 0x74, 0x69, 0x6F, 0x6E, 0x08, 0x00, 0x0F, 0x74, 0x72, 0x61, 0x6E, 0x73, 0x6C, 0x61, 0x74, 0x69, 0x6F, 0x6E, 0x5F, 0x6B, 0x65, 0x79, 0x00, 0x16, 0x63, 0x68, 0x61, 0x74, 0x2E, 0x74, 0x79, 0x70, 0x65, 0x2E, 0x74, 0x65, 0x78, 0x74, 0x2E, 0x6E, 0x61, 0x72, 0x72, 0x61, 0x74, 0x65, 0x09, 0x00, 0x0A, 0x70, 0x61, 0x72, 0x61, 0x6D, 0x65, 0x74, 0x65, 0x72, 0x73, 0x08, 0x00, 0x00, 0x00, 0x02, 0x00, 0x06, 0x73, 0x65, 0x6E, 0x64, 0x65, 0x72, 0x00, 0x07, 0x63, 0x6F, 0x6E, 0x74, 0x65, 0x6E, 0x74, 0x00, 0x00, 0x23, 0x6D, 0x69, 0x6E, 0x65, 0x63, 0x72, 0x61, 0x66, 0x74, 0x3A, 0x74, 0x65, 0x61, 0x6D, 0x5F, 0x6D, 0x73, 0x67, 0x5F, 0x63, 0x6F, 0x6D, 0x6D, 0x61, 0x6E, 0x64, 0x5F, 0x69, 0x6E, 0x63, 0x6F, 0x6D, 0x69, 0x6E, 0x67, 0x01, 0x0A, 0x0A, 0x00, 0x04, 0x63, 0x68, 0x61, 0x74, 0x08, 0x00, 0x0F, 0x74, 0x72, 0x61, 0x6E, 0x73, 0x6C, 0x61, 0x74, 0x69, 0x6F, 0x6E, 0x5F, 0x6B, 0x65, 0x79, 0x00, 0x13, 0x63, 0x68, 0x61, 0x74, 0x2E, 0x74, 0x79, 0x70, 0x65, 0x2E, 0x74, 0x65, 0x61, 0x6D, 0x2E, 0x74, 0x65, 0x78, 0x74, 0x09, 0x00, 0x0A, 0x70, 0x61, 0x72, 0x61, 0x6D, 0x65, 0x74, 0x65, 0x72, 0x73, 0x08, 0x00, 0x00, 0x00, 0x03, 0x00, 0x06, 0x74, 0x61, 0x72, 0x67, 0x65, 0x74, 0x00, 0x06, 0x73, 0x65, 0x6E, 0x64, 0x65, 0x72, 0x00, 0x07, 0x63, 0x6F, 0x6E, 0x74, 0x65, 0x6E, 0x74, 0x00, 0x0A, 0x00, 0x09, 0x6E, 0x61, 0x72, 0x72, 0x61, 0x74, 0x69, 0x6F, 0x6E, 0x08, 0x00, 0x0F, 0x74, 0x72, 0x61, 0x6E, 0x73, 0x6C, 0x61, 0x74, 0x69, 0x6F, 0x6E, 0x5F, 0x6B, 0x65, 0x79, 0x00, 0x16, 0x63, 0x68, 0x61, 0x74, 0x2E, 0x74, 0x79, 0x70, 0x65, 0x2E, 0x74, 0x65, 0x78, 0x74, 0x2E, 0x6E, 0x61, 0x72, 0x72, 0x61, 0x74, 0x65, 0x09, 0x00, 0x0A, 0x70, 0x61, 0x72, 0x61, 0x6D, 0x65, 0x74, 0x65, 0x72, 0x73, 0x08, 0x00, 0x00, 0x00, 0x02, 0x00, 0x06, 0x73, 0x65, 0x6E, 0x64, 0x65, 0x72, 0x00, 0x07, 0x63, 0x6F, 0x6E, 0x74, 0x65, 0x6E, 0x74, 0x00, 0x00, 0x23, 0x6D, 0x69, 0x6E, 0x65, 0x63, 0x72, 0x61, 0x66, 0x74, 0x3A, 0x74, 0x65, 0x61, 0x6D, 0x5F, 0x6D, 0x73, 0x67, 0x5F, 0x63, 0x6F, 0x6D, 0x6D, 0x61, 0x6E, 0x64, 0x5F, 0x6F, 0x75, 0x74, 0x67, 0x6F, 0x69, 0x6E, 0x67, 0x01, 0x0A, 0x0A, 0x00, 0x04, 0x63, 0x68, 0x61, 0x74, 0x08, 0x00, 0x0F, 0x74, 0x72, 0x61, 0x6E, 0x73, 0x6C, 0x61, 0x74, 0x69, 0x6F, 0x6E, 0x5F, 0x6B, 0x65, 0x79, 0x00, 0x13, 0x63, 0x68, 0x61, 0x74, 0x2E, 0x74, 0x79, 0x70, 0x65, 0x2E, 0x74, 0x65, 0x61, 0x6D, 0x2E, 0x73, 0x65, 0x6E, 0x74, 0x09, 0x00, 0x0A, 0x70, 0x61, 0x72, 0x61, 0x6D, 0x65, 0x74, 0x65, 0x72, 0x73, 0x08, 0x00, 0x00, 0x00, 0x03, 0x00, 0x06, 0x74, 0x61, 0x72, 0x67, 0x65, 0x74, 0x00, 0x06, 0x73, 0x65, 0x6E, 0x64, 0x65, 0x72, 0x00, 0x07, 0x63, 0x6F, 0x6E, 0x74, 0x65, 0x6E, 0x74, 0x00, 0x0A, 0x00, 0x09, 0x6E, 0x61, 0x72, 0x72, 0x61, 0x74, 0x69, 0x6F, 0x6E, 0x08, 0x00, 0x0F, 0x74, 0x72, 0x61, 0x6E, 0x73, 0x6C, 0x61, 0x74, 0x69, 0x6F, 0x6E, 0x5F, 0x6B, 0x65, 0x79, 0x00, 0x16, 0x63, 0x68, 0x61, 0x74, 0x2E, 0x74, 0x79, 0x70, 0x65, 0x2E, 0x74, 0x65, 0x78, 0x74, 0x2E, 0x6E, 0x61, 0x72, 0x72, 0x61, 0x74, 0x65, 0x09, 0x00, 0x0A, 0x70, 0x61, 0x72, 0x61, 0x6D, 0x65, 0x74, 0x65, 0x72, 0x73, 0x08, 0x00, 0x00, 0x00, 0x02, 0x00, 0x06, 0x73, 0x65, 0x6E, 0x64, 0x65, 0x72, 0x00, 0x07, 0x63, 0x6F, 0x6E, 0x74, 0x65, 0x6E, 0x74, 0x00, 0x00 };

inline constexpr uint8_t config_packet_05[] = { 0xFF, 0x0F, 0x07, 0x16, 0x6D, 0x69, 0x6E, 0x65, 0x63, 0x72, 0x61, 0x66, 0x74, 0x3A, 0x74, 0x72, 0x69, 0x6D, 0x5F, 0x70, 0x61, 0x74, 0x74, 0x65, 0x72, 0x6E, 0x12, 0x0E, 0x6D, 0x69, 0x6E, 0x65, 0x63, 0x72, 0x61, 0x66, 0x74, 0x3A, 0x62, 0x6F, 0x6C, 0x74, 0x01, 0x0A, 0x0A, 0x00, 0x0B, 0x64, 0x65, 0x73, 0x63, 0x72, 0x69, 0x70, 0x74, 0x69, 0x6F, 0x6E, 0x08, 0x00, 0x09, 0x74, 0x72, 0x61, 0x6E, 0x73, 0x6C, 0x61, 0x74, 0x65, 0x00, 0x1B, 0x74, 0x72, 0x69, 0x6D, 0x5F, 0x70, 0x61, 0x74, 0x74, 0x65, 0x72, 0x6E, 0x2E, 0x6D, 0x69, 0x6E, 0x65, 0x63, 0x72, 0x61, 0x66, 0x74, 0x2E, 0x62, 0x6F, 0x6C, 0x74, 0x00, 0x08, 0x00, 0x08, 0x61, 0x73, 0x73, 0x65, 0x74, 0x5F, 0x69, 0x64, 0x00, 0x0E, 0x6D, 0x69, 0x6E, 0x65, 0x63, 0x72, 0x61, 0x66, 0x74, 0x3A, 0x62, 0x6F, 0x6C, 0x74, 0x01, 0x00, 0x05, 0x64, 0x65, 0x63, 0x61, 0x6C, 0x00, 0x00, 0x0F, 0x6D, 0x69, 0x6E, 0x65, 0x63, 0x72, 0x61, 0x66, 0x74, 0x3A, 0x63, 0x6F, 0x61, 0x73, 0x74, 0x01, 0x0A, 0x0A, 0x00, 0x0B, 0x64, 0x65, 0x73, 0x63, 0x72, 0x69, 0x70, 0x74, 0x69, 0x6F, 0x6E, 0x08, 0x00, 0x09, 0x74, 0x72, 0x61, 0x6E, 0x73, 0x6C, 0x61, 0x74, 0x65, 0x00, 0x1C, 0x74, 0x72, 0x69, 0x6D, 0x5F, 0x70, 0x61, 0x74, 0x74, 0x65, 0x72, 0x6E, 0x2E, 0x6D, 0x69, 0x6E, 0x65, 0x63, 0x72, 0x61, 0x66, 0x74, 0x2E, 0x63, 0x6F, 0x61, 0x73, 0x74, 0x00, 0x08, 0x00, 0x08, 0x61, 0x73, 0x73, 0x65, 0x74, 0x5F, 0x69, 0x64, 0x00, 0x0F, 0x6D, 0x69, 0x6E, 0x65, 0x63, 0x72, 0x61, 0x66, 0x74, 0x3A, 0x63, 0x6F, 0x61, 0x73, 0x74, 0x01, 0x00, 0x05, 0x64, 0x65, 0x63, 0x61, 0x6C, 0x00, 0x00, 0x0E, 0x6D, 0x69, 0x6E, 0x65, 0x63, 0x72, 0x61, 0x66, 0x74, 0x3A, 0x64, 0x75, 0x6E, 0x65, 0x01, 0x0A, 0x0A, 0x00, 0x0B, 0x64, 0x65, 0x73, 0x63, 0x72, 0x69, 0x70, 0x74, 0x69, 0x6F, 0x6E, 0x08, 0x00, 0x09, 0x74, 0x72, 0x61, 0x6E, 0x73, 0x6C, 0x61, 0x74, 0x65, 0x00, 0x1B, 0x74, 0x72, 0x69, 0x6D, 0x5F, 0x70, 0x61, 0x74, 0x74, 0x65, 0x72, 0x6E, 0x2E, 0x6D, 0x69, 0x6E, 0x65, 0x63, 0x72, 0x61, 0x66, 0x74, 0x2E, 0x64, 0x75, 0x6E, 0x65, 0x00, 0x08, 0x00, 0x08, 0x61, 0x73, 0x73, 0x65, 0x74, 0x5F, 0x69, 0x64, 0x00, 0x0E, 0x6D, 0x69, 0x6E, 0x65, 0x63, 0x72, 0x61, 0x66, 0x74, 0x3A, 0x64, 0x75, 0x6E, 0x65, 0x01, 0x00, 0x05, 0x64, 0x65, 0x63, 0x61, 0x6C, 0x00, 0x00, 0x0D, 0x6D, 0x69, 0x6E, 0x65, 0x63, 0x72, 0x61, 0x66, 0x74, 0x3A, 0x65, 0x79, 0x65, 0x01, 0x0A, 0x0A, 0x00, 0x0B, 0x64, 0x65, 0x73, 0x63, 0x72, 0x69, 0x70, 0x74, 0x69, 0x6F, 0x6E, 0x08, 0x00, 0x09, 0x74, 0x72, 0x61, 0x6E, 0x73, 0x6C, 0x61, 0x74, 0x65, 0x00, 0x1A, 0x74, 0x72, 0x69, 0x6D, 0x5F, 0x70, 0x61, 0x74, 0x74, 0x65, 0x72, 0x6E, 0x2E, 0x6D, 0x69, 0x6E, 0x65, 0x63, 0x72, 0x61, 0x66, 0x74, 0x2E, 0x65, 0x79, 0x65, 0x00, 0x08, 0x00, 0x08, 0x61, 0x73, 0x73, 0x65, 0x74, 0x5F, 0x69, 0x64, 0x00, 0x0D, 0x6D, 0x69, 0x6E, 0x65, 0x63, 0x72, 0x61, 0x66, 0x74, 0x3A, 0x65, 0x79, 0x65, 0x01, 0x00, 0x05, 0x64, 0x65, 0x63, 0x61, 0x6C, 0x00, 0x00, 0x0E, 0x6D, 0x69, 0x6E, 0x65, 0x63, 0x72, 0x61, 0x66, 0x74, 0x3A, 0x66, 0x6C, 0x6F, 0x77, 0x01, 0x0A, 0x0A, 0x00, 0x0B, 0x64, 0x65, 0x73, 0x63, 0x72, 0x69, 0x70, 0x74, 0x69, 0x6F, 0x6E, 0x08, 0x00, 0x09, 0x74, 0x72, 0x61, 0x6E, 0x73, 0x6C, 0x61, 0x74, 0x65, 0x00, 0x1B, 0x74, 0x72, 0x69, 0x6D, 0x5F, 0x70, 0x61, 0x74, 0x74, 0x65, 0x72, 0x6E, 0x2E, 0x6D, 0x69, 0x6E, 0x65, 0x63, 0x72, 0x61, 0x66, 0x74, 0x2E, 0x66, 0x6C, 0x6F, 0x77, 0x00, 0x08, 0x00, 0x08, 0x61, 0x73, 0x73, 0x65, 0x74, 0x5F, 0x69, 0x64, 0x00, 0x0E, 0x6D, 0x69, 0x6E, 0x65, 0x63, 0x72, 0x61, 0x66, 0x74, 0x3A, 0x66, 0x6C, 0x6F, 0x77, 0x01, 0x00, 0x05, 0x64, 0x65, 0x63, 0x61, 0x6C, 0x00, 0x00, 0x0E, 0x6D, 0x69, 0x6E, 0x65, 0x63, 0x72, 0x61, 0x66, 0x74, 0x3A, 0x68, 0x6F, 0x73, 0x74, 0x01, 0x0A, 0x0A, 0x00, 0x0B, 0x64, 0x65, 0x73, 0x63, 0x72, 0x69, 0x70, 0x74, 0x69, 0x6F, 0x6E, 0x08, 0x00, 0x09, 0x74, 0x72, 0x61, 0x6E, 0x73, 0x6C, 0x61, 0x74, 0x65, 0x00, 0x1B, 0x74, 0x72, 0x69, 0x6D, 0x5F, 0x70, 0x61, 0x74, 0x74, 0x65, 0x72, 0x6E, 0x2E, 0x6D, 0x69, 0x6E, 0x65, 0x63, 0x72, 0x61, 0x66, 0x74, 0x2E, 0x68, 0x6F, 0x73, 0x74, 0x00, 0x08, 0x00, 0x08, 0x61, 0x73, 0x73, 0x65, 0x74, 0x5F, 0x69, 0x64, 0x00, 0x0E, 0x6D, 0x69, 0x6E, 0x65, 0x63, 0x72, 0x61, 0x66, 0x74, 0x3A, 0x68, 0x6F, 0x73, 0x74, 0x01, 0x00, 0x05, 0x64, 0x65, 0x63, 0x61, 0x6C, 0x00, 0x00, 0x10, 0x6D, 0x69, 0x6E, 0x65, 0x63, 0x72, 0x61, 0x66, 0x74, 0x3A, 0x72, 0x61, 0x69, 0x73, 0x65, 0x72, 0x01, 0x0A, 0x0A, 0x00, 0x0B, 0x64, 0x65, 0x73, 0x63, 0x72, 0x69, 0x70, 0x74, 0x69, 0x6F, 0x6E, 0x08, 0x00, 0x09, 0x74, 0x72, 0x61, 0x6E, 0x73, 0x6C, 0x61, 0x74, 0x65, 0x00, 0x1D, 0x74, 0x72, 0x69, 0x6D, 0x5F, 0x70, 0x61, 0x74, 0x74, 0x65, 0x72, 0x6E, 0x2E, 0x6D, 0x69, 0x6E, 0x65, 0x63, 0x72, 0x61, 0x66, 0x74, 0x2E, 0x72, 0x61, 0x69, 0x73, 0x65, 0x72, 0x00, 0x08, 0x00, 0x08, 0x61, 0x73, 0x73, 0x65, 0x74, 0x5F, 0x69, 0x64, 0x00, 0x10, 0x6D, 0x69, 0x6E, 0x65, 0x63, 0x72, 0x61, 0x66, 0x74, 0x3A, 0x72, 0x61, 0x69, 0x73, 0x65, 0x72, 0x01, 0x00, 0x05, 0x64, 0x65, 0x63, 0x61, 0x6C, 0x00, 0x00, 0x0D, 0x6D, 0x69, 0x6E, 0x65, 0x63, 0x72, 0x61, 0x66, 0x74, 0x3A, 0x72, 0x69, 0x62, 0x01, 0x0A, 0x0A, 0x00, 0x0B, 0x64, 0x65, 0x73, 0x63, 0x72, 0x69, 0x70, 0x74, 0x69, 0x6F, 0x6E, 0x08, 0x00, 0x09, 0x74, 0x72, 0x61, 0x6E, 0x73, 0x6C, 0x61, 0x74, 0x65, 0x00, 0x1A, 0x74, 0x72, 0x69, 0x6D, 0x5F, 0x70, 0x61, 0x74, 0x74, 0x65, 0x72, 0x6E, 0x2E, 0x6D, 0x69, 0x6E, 0x65, 0x63, 0x72, 0x61, 0x66, 0x74, 0x2E, 0x72, 0x69, 0x62, 0x00, 0x08, 0x00, 0x08, 0x61, 0x73, 0x73, 0x65, 0x74, 0x5F, 0x69, 0x64, 0x00, 0x0D, 0x6D, 0x69, 0x6E, 0x65, 0x63, 0x72, 0x61, 0x66, 0x74, 0x3A, 0x72, 0x69, 0x62, 0x01, 0x00, 0x05, 0x64, 0x65, 0x63, 0x61, 0x6C, 0x00, 0x00, 0x10, 0x6D, 0x69, 0x6E, 0x65, 0x63, 0x72, 0x61, 0x66, 0x74, 0x3A, 0x73, 0x65, 0x6E, 0x74, 0x72, 0x79, 0x01, 0x0A, 0x0A, 0x00, 0x0B, 0x64, 0x65, 0x73, 0x63, 0x72, 0x69, 0x70, 0x74, 0x69, 0x6F, 0x6E, 0x08, 0x00, 0x09, 0x74, 0x72, 0x61, 0x6E, 0x73, 0x6C, 0x61, 0x74, 0x65, 0x00, 0x1D, 0x74, 0x72, 0x69, 0x6D, 0x5F, 0x70, 0x61, 0x74, 0x74, 0x65, 0x72, 0x6E, 0x2E, 0x6D, 0x69, 0x6E, 0x65, 0x63, 0x72, 0x61, 0x66, 0x74, 0x2E, 0x73, 0x65, 0x6E, 0x74, 0x72, 0x79, 0x00, 0x08, 0x00, 0x08, 0x61, 0x73, 0x73, 0x65, 0x74, 0x5F, 0x69, 0x64, 0x00, 0x10, 0x6D, 0x69, 0x6E, 0x65, 0x63, 0x72, 0x61, 0x66, 0x74, 0x3A, 0x73, 0x65, 0x6E, 0x74, 0x72, 0x79, 0x01, 0x00, 0x05, 0x64, 0x65, 0x63, 0x61, 0x6C, 0x00, 0x00, 0x10, 0x6D, 0x69, 0x6E, 0x65, 0x63, 0x72, 0x61, 0x66, 0x74, 0x3A, 0x73, 0x68, 0x61, 0x70, 0x65, 0x72, 0x01, 0x0A, 0x0A, 0x00, 0x0B, 0x64, 0x65, 0x73, 0x63, 0x72, 0x69, 0x70, 0x74, 0x69, 0x6F, 0x6E, 0x08, 0x00, 0x09, 0x74, 0x72, 0x61, 0x6E, 0x73, 0x6C, 0x61, 0x74, 0x65, 0x00, 0x1D, 0x74, 0x72, 0x69, 0x6D, 0x5F, 0x70, 0x61, 0x74, 0x74, 0x65, 0x72, 0x6E, 0x2E, 0x6D, 0x69, 0x6E, 0x65, 0x63, 0x72, 0x61, 0x66, 0x74, 0x2E, 0x73, 0x68, 0x61, 0x70, 0x65, 0x72, 0x00, 0x08, 0x00, 0x08, 0x61, 0x73, 0x73, 0x65, 0x74, 0x5F, 0x69, 0x64, 0x00, 0x10, 0x6D, 0x69, 0x6E, 0x65, 0x63, 0x72, 0x61, 0x66, 0x74, 0x3A, 0x73, 0x68, 0x61, 0x70, 0x65, 0x72, 0x01, 0x00, 0x05, 0x64, 0x65, 0x63, 0x61, 0x6C, 0x00, 0x00, 0x11, 0x6D, 0x69, 0x6E, 0x65, 0x63, 0x72, 0x61, 0x66, 0x74, 0x3A, 0x73, 0x69, 0x6C, 0x65, 0x6E, 0x63, 0x65, 0x01, 0x0A, 0x0A, 0x00, 0x0B, 0x64, 0x65, 0x73, 0x63, 0x72, 0x69, 0x70, 0x74, 0x69, 0x6F, 0x6E, 0x08, 0x00, 0x09, 0x74, 0x72, 0x61, 0x6E, 0x73, 0x6C, 0x61, 0x74, 0x65, 0x00, 0x1E, 0x74, 0x72, 0x69, 0x6D, 0x5F, 0x70, 0x61, 0x74, 0x74, 0x65, 0x72, 0x6E, 0x2E, 0x6D, 0x69, 0x6E, 0x65, 0x63, 0x72, 0x61, 0x66, 0x74, 0x2E, 0x73, 0x69, 0x6C, 0x65, 0x6E, 0x63, 0x65, 0x00, 0x08, 0x00, 0x08, 0x61, 0x73, 0x73, 0x65, 0x74, 0x5F, 0x69, 0x64, 0x00, 0x11, 0x6D, 0x69, 0x6E, 0x65, 0x63, 0x72, 0x61, 0x66, 0x74, 0x3A, 0x73, 0x69, 0x6C, 0x65, 0x6E, 0x63, 0x65, 0x01, 0x00, 0x05, 0x64, 0x65, 0x63, 0x61, 0x6C, 0x00, 0x00, 0x0F, 0x6D, 0x69, 0x6E, 0x65, 0x63, 0x72, 0x61, 0x66, 0x74, 0x3A, 0x73, 0x6E, 0x6F, 0x75, 0x74, 0x01, 0x0A, 0x0A, 0x00, 0x0B, 0x64, 0x65, 0x73, 0x63, 0x72, 0x69, 0x70, 0x74, 0x69, 0x6F, 0x6E, 0x08, 0x00, 0x09, 0x74, 0x72, 0x61, 0x6E, 0x73, 0x6C, 0x61, 0x74, 0x65, 0x00, 0x1C, 0x74, 0x72, 0x69, 0x6D, 0x5F, 0x70, 0x61, 0x74, 0x74, 0x65, 0x72, 0x6E, 0x2E, 0x6D, 0x69, 0x6E, 0x65, 0x63, 0x72, 0x61, 0x66, 0x74, 0x2E, 0x73, 0x6E, 0x6F, 0x75, 0x74, 0x00, 0x08, 0x00, 0x08, 0x61, 0x73, 0x73, 0x65, 0x74, 0x5F, 0x69, 0x64, 0x00, 0x0F, 0x6D, 0x69, 0x6E, 0x65, 0x63, 0x72, 0x61, 0x66, 0x74, 0x3A, 0x73, 0x6E, 0x6F, 0x75, 0x74, 0x01, 0x00, 0x05, 0x64, 0x65, 0x63, 0x61, 0x6C, 0x00, 0x00, 0x0F, 0x6D, 0x69, 0x6E, 0x65, 0x63, 0x72, 0x61, 0x66, 0x74, 0x3A, 0x73, 0x70, 0x69, 0x72, 0x65, 0x01, 0x0A, 0x0A, 0x00, 0x0B, 0x64, 0x65, 0x73, 0x63, 0x72, 0x69, 0x70, 0x74, 0x69, 0x6F, 0x6E, 0x08, 0x00, 0x09, 0x74, 0x72, 0x61, 0x6E, 0x73, 0x6C, 0x61, 0x74, 0x65, 0x00, 0x1C, 0x74, 0x72, 0x69, 0x6D, 0x5F, 0x70, 0x61, 0x74, 0x74, 0x65, 0x72, 0x6E, 0x2E, 0x6D, 0x69, 0x6E, 0x65, 0x63, 0x72, 0x61, 0x66, 0x74, 0x2E, 0x73, 0x70, 0x69, 0x72, 0x65, 0x00, 0x08, 0x00, 0x08, 0x61, 0x73, 0x73, 0x65, 0x74, 0x5F, 0x69, 0x64, 0x00, 0x0F, 0x6D, 0x69, 0x6E, 0x65, 0x63, 0x72, 0x61, 0x66, 0x74, 0x3A, 0x73, 0x70, 0x69, 0x72, 0x65, 0x01, 0x00, 0x05, 0x64, 0x65, 0x63, 0x61, 0x6C, 0x00, 0x00, 0x0E, 0x6D, 0x69, 0x6E, 0x65, 0x63, 0x72, 0x61, 0x66, 0x74, 0x3A, 0x74, 0x69, 0x64, 0x65, 0x01, 0x0A, 0x0A, 0x00, 0x0B, 0x64, 0x65, 0x73, 0x63, 0x72, 0x69, 0x70, 0x74, 0x69, 0x6F, 0x6E, 0x08, 0x00, 0x09, 0x74, 0x72, 0x61, 0x6E, 0x73, 0x6C, 0x61, 0x74, 0x65, 0x00, 0x1B, 0x74, 0x72, 0x69, 0x6D, 0x5F, 0x70, 0x61, 0x74, 0x74, 0x65, 0x72, 0x6E, 0x2E, 0x6D, 0x69, 0x6E, 0x65, 0x63, 0x72, 0x61, 0x66, 0x74, 0x2E, 0x74, 0x69, 0x64, 0x65, 0x00, 0x08, 0x00, 0x08, 0x61, 0x73, 0x73, 0x65, 0x74, 0x5F, 0x69, 0x64, 0x00, 0x0E, 0x6D, 0x69, 0x6E, 0x65, 0x63, 0x72, 0x61, 0x66, 0x74, 0x3A, 0x74, 0x69, 0x64, 0x65, 0x01, 0x00, 0x05, 0x64, 0x65, 0x63, 0x61, 0x6C, 0x00, 0x00, 0x0D, 0x6D, 0x69, 0x6E, 0x65, 0x63, 0x72, 0x61, 0x66, 0x74, 0x3A, 0x76, 0x65, 0x78, 0x01, 0x0A, 0x0A, 0x00, 0x0B, 0x64, 0x65, 0x73, 0x63, 0x72, 0x69, 0x70, 0x74, 0x69, 0x6F, 0x6E, 0x08, 0x00, 0x09, 0x74, 0x72, 0x61, 0x6E, 0x73, 0x6C, 0x61, 0x74, 0x65, 0x00, 0x1A, 0x74, 0x72, 0x69, 0x6D, 0x5F, 0x70, 0x61, 0x74, 0x74, 0x65, 0x72, 0x6E, 0x2E, 0x6D, 0x69, 0x6E, 0x65, 0x63, 0x72, 0x61, 0x66, 0x74, 0x2E, 0x76, 0x65, 0x78, 0x00, 0x08, 0x00, 0x08, 0x61, 0x73, 0x73, 0x65, 0x74, 0x5F, 0x69, 0x64, 0x00, 0x0D, 0x6D, 0x69, 0x6E, 0x65, 0x63, 0x72, 0x61, 0x66, 0x74, 0x3A, 0x76, 0x65, 0x78, 0x01, 0x00, 0x05, 0x64, 0x65, 0x63, 0x61, 0x6C, 0x00, 0x00, 0x0E, 0x6D, 0x69, 0x6E, 0x65, 0x63, 0x72, 0x61, 0x66, 0x74, 0x3A, 0x77, 0x61, 0x72, 0x64, 0x01, 0x0A, 0x0A, 0x00, 0x0B, 0x64, 0x65, 0x73, 0x63, 0x72, 0x69, 0x70, 0x74, 0x69, 0x6F, 0x6E, 0x08, 0x00, 0x09, 0x74, 0x72, 0x61, 0x6E, 0x73, 0x6C, 0x61, 0x74, 0x65, 0x00, 0x1B, 0x74, 0x72, 0x69, 0x6D, 0x5F, 0x70, 0x61, 0x74, 0x74, 0x65, 0x72, 0x6E, 0x2E, 0x6D, 0x69, 0x6E, 0x65, 0x63, 0x72, 0x61, 0x66, 0x74, 0x2E, 0x77, 0x61, 0x72, 0x64, 0x00, 0x08, 0x00, 0x08, 0x61, 0x73, 0x73, 0x65, 0x74, 0x5F, 0x69, 0x64, 0x00, 0x0E, 0x6D, 0x69, 0x6E, 0x65, 0x63, 0x72, 0x61, 0x66, 0x74, 0x3A, 0x77, 0x61, 0x72, 0x64, 0x01, 0x00, 0x05, 0x64, 0x65, 0x63, 0x61, 0x6C, 0x00, 0x00, 0x13, 0x6D, 0x69, 0x6E, 0x65, 0x63, 0x72, 0x61, 0x66, 0x74, 0x3A, 0x77, 0x61, 0x79, 0x66, 0x69, 0x6E, 0x64, 0x65, 0x72, 0x01, 0x0A, 0x0A, 0x00, 0x0B, 0x64, 0x65, 0x73, 0x63, 0x72, 0x69, 0x70, 0x74, 0x69, 0x6F, 0x6E, 0x08, 0x00, 0x09, 0x74, 0x72, 0x61, 0x6E, 0x73, 0x6C, 0x61, 0x74, 0x65, 0x00, 0x20, 0x74, 0x72, 0x69, 0x6D, 0x5F, 0x70, 0x61, 0x74, 0x74, 0x65, 0x72, 0x6E, 0x2E, 0x6D, 0x69, 0x6E, 0x65, 0x63, 0x72, 0x61, 0x66, 0x74, 0x2E, 0x77, 0x61, 0x79, 0x66, 0x69, 0x6E, 0x64, 0x65, 0x72, 0x00, 0x08, 0x00, 0x08, 0x61, 0x73, 0x73, 0x65, 0x74, 0x5F, 0x69, 0x64, 0x00, 0x13, 0x6D, 0x69, 0x6E, 0x65, 0x63, 0x72, 0x61, 0x66, 0x74, 0x3A, 0x77, 0x61, 0x79, 0x66, 0x69, 0x6E, 0x64, 0x65, 0x72, 0x01, 0x00, 0x05, 0x64, 0x65, 0x63, 0x61, 0x6C, 0x00, 0x00, 0x0E, 0x6D, 0x69, 0x6E, 0x65, 0x63, 0x72, 0x61, 0x66, 0x74, 0x3A, 0x77, 0x69, 0x6C, 0x64, 0x01, 0x0A, 0x0A, 0x00, 0x0B, 0x64, 0x65, 0x73, 0x63, 0x72, 0x69, 0x70, 0x74, 0x69, 0x6F, 0x6E, 0x08, 0x00, 0x09, 0x74, 0x72, 0x61, 0x6E, 0x73, 0x6C, 0x61, 0x74, 0x65, 0x00, 0x1B, 0x74, 0x72, 0x69, 0x6D, 0x5F, 0x70, 0x61, 0x74, 0x74, 0x65, 0x72, 0x6E, 0x2E, 0x6D, 0x69, 0x6E, 0x65, 0x63, 0x72, 0x61, 0x66, 0x74, 0x2E, 0x77, 0x69, 0x6C, 0x64, 0x00, 0x08, 0x00, 0x08, 0x61, 0x73, 0x73, 0x65, 0x74, 0x5F, 0x69, 0x64, 0x00, 0x0E, 0x6D, 0x69, 0x6E, 0x65, 0x63, 0x72, 0x61, 0x66, 0x74, 0x3A, 0x77, 0x69, 0x6C, 0x64, 0x01, 0x00, 0x05, 0x64, 0x65, 0x63, 0x61, 0x6C, 0x00, 0x00 };

inline constexpr uint8_t config_packet_06[] = { 0xD1, 0x0C, 0x07, 0x17, 0x6D, 0x69, 0x6E, 0x65, 0x63, 0x72, 0x61, 0x66, 0x74, 0x3A, 0x74, 0x72, 0x69, 0x6D, 0x5F, 0x6D, 0x61, 0x74, 0x65, 0x72, 0x69, 0x61, 0x6C, 0x0B, 0x12, 0x6D, 0x69, 0x6E, 0x65, 0x63, 0x72, 0x61, 0x66, 0x74, 0x3A, 0x61, 0x6D, 0x65, 0x74, 0x68, 0x79, 0x73, 0x74, 0x01, 0x0A, 0x08, 0x00, 0x0A, 0x61, 0x73, 0x73, 0x65, 0x74, 0x5F, 0x6E, 0x61, 0x6D, 0x65, 0x00, 0x08, 0x61, 0x6D, 0x65, 0x74, 0x68, 0x79, 0x73, 0x74, 0x0A, 0x00, 0x0B, 0x64, 0x65, 0x73, 0x63, 0x72, 0x69, 0x70, 0x74, 0x69, 0x6F, 0x6E, 0x08, 0x00, 0x05, 0x63, 0x6F, 0x6C, 0x6F, 0x72, 0x00, 0x07, 0x23, 0x39, 0x41, 0x35, 0x43, 0x43, 0x36, 0x08, 0x00, 0x09, 0x74, 0x72, 0x61, 0x6E, 0x73, 0x6C, 0x61, 0x74, 0x65, 0x00, 0x20, 0x74, 0x72, 0x69, 0x6D, 0x5F, 0x6D, 0x61, 0x74, 0x65, 0x72, 0x69, 0x61, 0x6C, 0x2E, 0x6D, 0x69, 0x6E, 0x65, 0x63, 0x72, 0x61, 0x66, 0x74, 0x2E, 0x61, 0x6D, 0x65, 0x74, 0x68, 0x79, 0x73, 0x74, 0x00, 0x00, 0x10, 0x6D, 0x69, 0x6E, 0x65, 0x63, 0x72, 0x61, 0x66, 0x74, 0x3A, 0x63, 0x6F, 0x70, 0x70, 0x65, 0x72, 0x01, 0x0A, 0x0A, 0x00, 0x15, 0x6F, 0x76, 0x65, 0x72, 0x72, 0x69, 0x64, 0x65, 0x5F, 0x61, 0x72, 0x6D, 0x6F, 0x72, 0x5F, 0x61, 0x73, 0x73, 0x65, 0x74, 0x73, 0x08, 0x00, 0x10, 0x6D, 0x69, 0x6E, 0x65, 0x63, 0x72, 0x61, 0x66, 0x74, 0x3A, 0x63, 0x6F, 0x70, 0x70, 0x65, 0x72, 0x00, 0x0D, 0x63, 0x6F, 0x70, 0x70, 0x65, 0x72, 0x5F, 0x64, 0x61, 0x72, 0x6B, 0x65, 0x72, 0x00, 0x08, 0x00, 0x0A, 0x61, 0x73, 0x73, 0x65, 0x74, 0x5F, 0x6E, 0x61, 0x6D, 0x65, 0x00, 0x06, 0x63, 0x6F, 0x70, 0x70, 0x65, 0x72, 0x0A, 0x00, 0x0B, 0x64, 0x65, 0x73, 0x63, 0x72, 0x69, 0x70, 0x74, 0x69, 0x6F, 0x6E, 0x08, 0x00, 0x05, 0x63, 0x6F, 0x6C, 0x6F, 0x72, 0x00, 0x07, 0x23, 0x42, 0x34, 0x36, 0x38, 0x34, 0x44, 0x08, 0x00, 0x09, 0x74, 0x72, 0x61, 0x6E, 0x73, 0x6C, 0x61, 0x74, 0x65, 0x00, 0x1E, 0x74, 0x72, 0x69, 0x6D, 0x5F, 0x6D, 0x61, 0x74, 0x65, 0x72, 0x69, 0x61, 0x6C, 0x2E, 0x6D, 0x69, 0x6E, 0x65, 0x63, 0x72, 0x61, 0x66, 0x74, 0x2E, 0x63, 0x6F, 0x70, 0x70, 0x65, 0x72, 0x00, 0x00, 0x11, 0x6D, 0x69, 0x6E, 0x65, 0x63, 0x72, 0x61, 0x66, 0x74, 0x3A, 0x64, 0x69, 0x61, 0x6D, 0x6F, 0x6E, 0x64, 0x01, 0x0A, 0x0A, 0x00, 0x15, 0x6F, 0x76, 0x65, 0x72, 0x72, 0x69, 0x64, 0x65, 0x5F, 0x61, 0x72, 0x6D, 0x6F, 0x72, 0x5F, 0x61, 0x73, 0x73, 0x65, 0x74, 0x73, 0x08, 0x00, 0x11, 0x6D, 0x69, 0x6E, 0x65, 0x63, 0x72, 0x61, 0x66, 0x74, 0x3A, 0x64, 0x69, 0x61, 0x6D, 0x6F, 0x6E, 0x64, 0x00, 0x0E, 0x64, 0x69, 0x61, 0x6D, 0x6F, 0x6E, 0x64, 0x5F, 0x64, 0x61, 0x72, 0x6B, 0x65, 0x72, 0x00, 0x08, 0x00, 0x0A, 0x61, 0x73, 0x73, 0x65, 0x74, 0x5F, 0x6E, 0x61, 0x6D, 0x65, 0x00, 0x07, 0x64, 0x69, 0x61, 0x6D, 0x6F, 0x6E, 0x64, 0x0A, 0x00, 0x0B, 0x64, 0x65, 0x73, 0x63, 0x72, 0x69, 0x70, 0x74, 0x69, 0x6F, 0x6E, 0x08, 0x00, 0x05, 0x63, 0x6F, 0x6C, 0x6F, 0x72, 0x00, 0x07, 0x23, 0x36, 0x45, 0x45, 0x43, 0x44, 0x32, 0x08, 0x00, 0x09, 0x74, 0x72, 0x61, 0x6E, 0x73, 0x6C, 0x61, 0x74, 0x65, 0x00, 0x1F, 0x74, 0x72, 0x69, 0x6D, 0x5F, 0x6D, 0x61, 0x74, 0x65, 0x72, 0x69, 0x61, 0x6C, 0x2E, 0x6D, 0x69, 0x6E, 0x65, 0x63, 0x72, 0x61, 0x66, 0x74, 0x2E, 0x64, 0x69, 0x61, 0x6D, 0x6F, 0x6E, 0x64, 0x00, 0x00, 0x11, 0x6D, 0x69, 0x6E, 0x65, 0x63, 0x72, 0x61, 0x66, 0x74, 0x3A, 0x65, 0x6D, 0x65, 0x72, 0x61, 0x6C, 0x64, 0x01, 0x0A, 0x08, 0x00, 0x0A, 0x61, 0x73, 0x73, 0x65, 0x74, 0x5F, 0x6E, 0x61, 0x6D, 0x65, 0x00, 0x07, 0x65, 0x6D, 0x65, 0x72, 0x61, 0x6C, 0x64, 0x0A, 0x00, 0x0B, 0x64, 0x65, 0x73, 0x63, 0x72, 0x69, 0x70, 0x74, 0x69, 0x6F, 0x6E, 0x08, 0x00, 0x05, 0x63, 0x6F, 0x6C, 0x6F, 0x72, 0x00, 0x07, 0x23, 0x31, 0x31, 0x41, 0x30, 0x33, 0x36, 0x08, 0x00, 0x09, 0x74, 0x72, 0x61, 0x6E, 0x73, 0x6C, 0x61, 0x74, 0x65, 0x00, 0x1F, 0x74, 0x72, 0x69, 0x6D, 0x5F, 0x6D, 0x61, 0x74, 0x65, 0x72, 0x69, 0x61, 0x6C, 0x2E, 0x6D, 0x69, 0x6E, 0x65, 0x63, 0x72, 0x61, 0x66, 0x74, 0x2E, 0x65, 0x6D, 0x65, 0x72, 0x61, 0x6C, 0x64, 0x00, 0x00, 0x0E, 0x6D, 0x69, 0x6E, 0x65, 0x63, 0x72, 0x61, 0x66, 0x74, 0x3A, 0x67, 0x6F, 0x6C, 0x64, 0x01, 0x0A, 0x0A, 0x00, 0x15, 0x6F, 0x76, 0x65, 0x72, 0x72, 0x69, 0x64, 0x65, 0x5F, 0x61, 0x72, 0x6D, 0x6F, 0x72, 0x5F, 0x61, 0x73, 0x73, 0x65, 0x74, 0x73, 0x08, 0x00, 0x0E, 0x6D, 0x69, 0x6E, 0x65, 0x63, 0x72, 0x61, 0x66, 0x74, 0x3A, 0x67, 0x6F, 0x6C, 0x64, 0x00, 0x0B, 0x67, 0x6F, 0x6C, 0x64, 0x5F, 0x64, 0x61, 0x72, 0x6B, 0x65, 0x72, 0x00, 0x08, 0x00, 0x0A, 0x61, 0x73, 0x73, 0x65, 0x74, 0x5F, 0x6E, 0x61, 0x6D, 0x65, 0x00, 0x04, 0x67, 0x6F, 0x6C, 0x64, 0x0A, 0x00, 0x0B, 0x64, 0x65, 0x73, 0x63, 0x72, 0x69, 0x70, 0x74, 0x69, 0x6F, 0x6E, 0x08, 0x00, 0x05, 0x63, 0x6F, 0x6C, 0x6F, 0x72, 0x00, 0x07, 0x23, 0x44, 0x45, 0x42, 0x31, 0x32, 0x44, 0x08, 0x00, 0x09, 0x74, 0x72, 0x61, 0x6E, 0x73, 0x6C, 0x61, 0x74, 0x65, 0x00, 0x1C, 0x74, 0x72, 0x69, 0x6D, 0x5F, 0x6D, 0x61, 0x74, 0x65, 0x72, 0x69, 0x61, 0x6C, 0x2E, 0x6D, 0x69, 0x6E, 0x65, 0x63, 0x72, 0x61, 0x66, 0x74, 0x2E, 0x67, 0x6F, 0x6C, 0x64, 0x00, 0x00, 0x0E, 0x6D, 0x69, 0x6E, 0x65, 0x63, 0x72, 0x61, 0x66, 0x74, 0x3A, 0x69, 0x72, 0x6F, 0x6E, 0x01, 0x0A, 0x0A, 0x00, 0x15, 0x6F, 0x76, 0x65, 0x72, 0x72, 0x69, 0x64, 0x65, 0x5F, 0x61, 0x72, 0x6D, 0x6F, 0x72, 0x5F, 0x61, 0x73, 0x73, 0x65, 0x74, 0x73, 0x08, 0x00, 0x0E, 0x6D, 0x69, 0x6E, 0x65, 0x63, 0x72, 0x61, 0x66, 0x74, 0x3A, 0x69, 0x72, 0x6F, 0x6E, 0x00, 0x0B, 0x69, 0x72, 0x6F, 0x6E, 0x5F, 0x64, 0x61, 0x72, 0x6B, 0x65, 0x72, 0x00, 0x08, 0x00, 0x0A, 0x61, 0x73, 0x73, 0x65, 0x74, 0x5F, 0x6E, 0x61, 0x6D, 0x65, 0x00, 0x04, 0x69, 0x72, 0x6F, 0x6E, 0x0A, 0x00, 0x0B, 0x64, 0x65, 0x73, 0x63, 0x72, 0x69, 0x70, 0x74, 0x69, 0x6F, 0x6E, 0x08, 0x00, 0x05, 0x63, 0x6F, 0x6C, 0x6F, 0x72, 0x00, 0x07, 0x23, 0x45, 0x43, 0x45, 0x43, 0x45, 0x43, 0x08, 0x00, 0x09, 0x74, 0x72, 0x61, 0x6E, 0x73, 0x6C, 0x61, 0x74, 0x65, 0x00, 0x1C, 0x74, 0x72, 0x69, 0x6D, 0x5F, 0x6D, 0x61, 0x74, 0x65, 0x72, 0x69, 0x61, 0x6C, 0x2E, 0x6D, 0x69, 0x6E, 0x65, 0x63, 0x72, 0x61, 0x66, 0x74, 0x2E, 0x69, 0x72, 0x6F, 0x6E, 0x00, 0x00, 0x0F, 0x6D, 0x69, 0x6E, 0x65, 0x63, 0x72, 0x61, 0x66, 0x74, 0x3A, 0x6C, 0x61, 0x70, 0x69, 0x73, 0x01, 0x0A, 0x08, 0x00, 0x0A, 0x61, 0x73, 0x73, 0x65, 0x74, 0x5F, 0x6E, 0x61, 0x6D, 0x65, 0x00, 0x05, 0x6C, 0x61, 0x70, 0x69, 0x73, 0x0A, 0x00, 0x0B, 0x64, 0x65, 0x73, 0x63, 0x72, 0x69, 0x70, 0x74, 0x69, 0x6F, 0x6E, 0x08, 0x00, 0x05, 0x63, 0x6F, 0x6C, 0x6F, 0x72, 0x00, 0x07, 0x23, 0x34, 0x31, 0x36, 0x45, 0x39, 0x37, 0x08, 0x00, 0x09, 0x74, 0x72, 0x61, 0x6E, 0x73, 0x6C, 0x61, 0x74, 0x65, 0x00, 0x1D, 0x74, 0x72, 0x69, 0x6D, 0x5F, 0x6D, 0x61, 0x74, 0x65, 0x72, 0x69, 0x61, 0x6C, 0x2E, 0x6D, 0x69, 0x6E, 0x65, 0x63, 0x72, 0x61, 0x66, 0x74, 0x2E, 0x6C, 0x61, 0x70, 0x69, 0x73, 0x00, 0x00, 0x13, 0x6D, 0x69, 0x6E, 0x65, 0x63, 0x72, 0x61, 0x66, 0x74, 0x3A, 0x6E, 0x65, 0x74, 0x68, 0x65, 0x72, 0x69, 0x74, 0x65, 0x01, 0x0A, 0x0A, 0x00, 0x15, 0x6F, 0x76, 0x65, 0x72, 0x72, 0x69, 0x64, 0x65, 0x5F, 0x61, 0x72, 0x6D, 0x6F, 0x72, 0x5F, 0x61, 0x73, 0x73, 0x65, 0x74, 0x73, 0x08, 0x00, 0x13, 0x6D, 0x69, 0x6E, 0x65, 0x63, 0x72, 0x61, 0x66, 0x74, 0x3A, 0x6E, 0x65, 0x74, 0x68, 0x65, 0x72, 0x69, 0x74, 0x65, 0x00, 0x10, 0x6E, 0x65, 0x74, 0x68, 0x65, 0x72, 0x69, 0x74, 0x65, 0x5F, 0x64, 0x61, 0x72, 0x6B, 0x65, 0x72, 0x00, 0x08, 0x00, 0x0A, 0x61, 0x73, 0x73, 0x65, 0x74, 0x5F, 0x6E, 0x61, 0x6D, 0x65, 0x00, 0x09, 0x6E, 0x65, 0x74, 0x68, 0x65, 0x72, 0x69, 0x74, 0x65, 0x0A, 0x00, 0x0B, 0x64, 0x65, 0x73, 0x63, 0x72, 0x69, 0x70, 0x74, 0x69, 0x6F, 0x6E, 0x08, 0x00, 0x05, 0x63, 0x6F, 0x6C, 0x6F, 0x72, 0x00, 0x07, 0x23, 0x36, 0x32, 0x35, 0x38, 0x35, 0x39, 0x08, 0x00, 0x09, 0x74, 0x72, 0x61, 0x6E, 0x73, 0x6C, 0x61, 0x74, 0x65, 0x00, 0x21, 0x74, 0x72, 0x69, 0x6D, 0x5F, 0x6D, 0x61, 0x74, 0x65, 0x72, 0x69, 0x61, 0x6C, 0x2E, 0x6D, 0x69, 0x6E, 0x65, 0x63, 0x72, 0x61, 0x66, 0x74, 0x2E, 0x6E, 0x65, 0x74, 0x68, 0x65, 0x72, 0x69, 0x74, 0x65, 0x00, 0x00, 0x10, 0x6D, 0x69, 0x6E, 0x65, 0x63, 0x72, 0x61, 0x66, 0x74, 0x3A, 0x71, 0x75, 0x61, 0x72, 0x74, 0x7A, 0x01, 0x0A, 0x08, 0x00, 0x0A, 0x61, 0x73, 0x73, 0x65, 0x74, 0x5F, 0x6E, 0x61, 0x6D, 0x65, 0x00, 0x06, 0x71, 0x75, 0x61, 0x72, 0x74, 0x7A, 0x0A, 0x00, 0x0B, 0x64, 0x65, 0x73, 0x63, 0x72, 0x69, 0x70, 0x74, 0x69, 0x6F, 0x6E, 0x08, 0x00, 0x05, 0x63, 0x6F, 0x6C, 0x6F, 0x72, 0x00, 0x07, 0x23, 0x45, 0x33, 0x44, 0x34, 0x43, 0x34, 0x08, 0x00, 0x09, 0x74, 0x72, 0x61, 0x6E, 0x73, 0x6C, 0x61, 0x74, 0x65, 0x00, 0x1E, 0x74, 0x72, 0x69, 0x6D, 0x5F, 0x6D, 0x61, 0x74, 0x65, 0x72, 0x69, 0x61, 0x6C, 0x2E, 0x6D, 0x69, 0x6E, 0x65, 0x63, 0x72, 0x61, 0x66, 0x74, 0x2E, 0x71, 0x75, 0x61, 0x72, 0x74, 0x7A, 0x00, 0x00, 0x12, 0x6D, 0x69, 0x6E, 0x65, 0x63, 0x72, 0x61, 0x66, 0x74, 0x3A, 0x72, 0x65, 0x64, 0x73, 0x74, 0x6F, 0x6E, 0x65, 0x01, 0x0A, 0x08, 0x00, 0x0A, 0x61, 0x73, 0x73, 0x65, 0x74, 0x5F, 0x6E, 0x61, 0x6D, 0x65, 0x00, 0x08, 0x72, 0x65, 0x64, 0x73, 0x74, 0x6F, 0x6E, 0x65, 0x0A, 0x00, 0x0B, 0x64, 0x65, 0x73, 0x63, 0x72, 0x69, 0x70, 0x74, 0x69, 0x6F, 0x6E, 0x08, 0x00, 0x05, 0x63, 0x6F, 0x6C, 0x6F, 0x72, 0x00, 0x07, 0x23, 0x39, 0x37, 0x31, 0x36, 0x30, 0x37, 0x08, 0x00, 0x09, 0x74, 0x72, 0x61, 0x6E, 0x73, 0x6C, 0x61, 0x74, 0x65, 0x00, 0x20, 0x74, 0x72, 0x69, 0x6D, 0x5F, 0x6D, 0x61, 0x74, 0x65, 0x72, 0x69, 0x61, 0x6C, 0x2E, 0x6D, 0x69, 0x6E, 0x65, 0x63, 0x72, 0x61, 0x66, 0x74, 0x2E, 0x72, 0x65, 0x64, 0x73, 0x74, 0x6F, 0x6E, 0x65, 0x00, 0x00, 0x0F, 0x6D, 0x69, 0x6E, 0x65, 0x63, 0x72, 0x61, 0x66, 0x74, 0x3A, 0x72, 0x65, 0x73, 0x69, 0x6E, 0x01, 0x0A, 0x08, 0x00, 0x0A, 0x61, 0x73, 0x73, 0x65, 0x74, 0x5F, 0x6E, 0x61, 0x6D, 0x65, 0x00, 0x05, 0x72, 0x65, 0x73, 0x69, 0x6E, 0x0A, 0x00, 0x0B, 0x64, 0x65, 0x73, 0x63, 0x72, 0x69, 0x70, 0x74, 0x69, 0x6F, 0x6E, 0x08, 0x00, 0x05, 0x63, 0x6F, 0x6C, 0x6F, 0x72, 0x00, 0x07, 0x23, 0x46, 0x43, 0x37, 0x38, 0x31, 0x32, 0x08, 0x00, 0x09, 0x74, 0x72, 0x61, 0x6E, 0x73, 0x6C, 0x61, 0x74, 0x65, 0x00, 0x1D, 0x74, 0x72, 0x69, 0x6D, 0x5F, 0x6D, 0x61, 0x74, 0x65, 0x72, 0x69, 0x61, 0x6C, 0x2E, 0x6D, 0x69, 0x6E, 0x65, 0x63, 0x72, 0x61, 0x66, 0x74, 0x2E, 0x72, 0x65, 0x73, 0x69, 0x6E, 0x00, 0x00 };

inline constexpr uint8_t config_packet_07[] = { 0xB6, 0x17, 0x07, 0x16, 0x6D, 0x69, 0x6E, 0x65, 0x63, 0x72, 0x61, 0x66, 0x74, 0x3A, 0x77, 0x6F, 0x6C, 0x66, 0x5F, 0x76, 0x61, 0x72, 0x69, 0x61, 0x6E, 0x74, 0x09, 0x0F, 0x6D, 0x69, 0x6E, 0x65, 0x63, 0x72, 0x61, 0x66, 0x74, 0x3A, 0x61, 0x73, 0x68, 0x65, 0x6E, 0x01, 0x0A, 0x0A, 0x00, 0x06, 0x61, 0x73, 0x73, 0x65, 0x74, 0x73, 0x08, 0x00, 0x04, 0x74, 0x61, 0x6D, 0x65, 0x00, 0x25, 0x6D, 0x69, 0x6E, 0x65, 0x63, 0x72, 0x61, 0x66, 0x74, 0x3A, 0x65, 0x6E, 0x74, 0x69, 0x74, 0x79, 0x2F, 0x77, 0x6F, 0x6C, 0x66, 0x2F, 0x77, 0x6F, 0x6C, 0x66, 0x5F, 0x61, 0x73, 0x68, 0x65, 0x6E, 0x5F, 0x74, 0x61, 0x6D, 0x65, 0x08, 0x00, 0x05, 0x61, 0x6E, 0x67, 0x72, 0x79, 0x00, 0x26, 0x6D, 0x69, 0x6E, 0x65, 0x63, 0x72, 0x61, 0x66, 0x74, 0x3A, 0x65, 0x6E, 0x74, 0x69, 0x74, 0x79, 0x2F, 0x77, 0x6F, 0x6C, 0x66, 0x2F, 0x77, 0x6F, 0x6C, 0x66, 0x5F, 0x61, 0x73, 0x68, 0x65, 0x6E, 0x5F, 0x61, 0x6E, 0x67, 0x72, 0x79, 0x08, 0x00, 0x04, 0x77, 0x69, 0x6C, 0x64, 0x00, 0x20, 0x6D, 0x69, 0x6E, 0x65, 0x63, 0x72, 0x61, 0x66, 0x74, 0x3A, 0x65, 0x6E, 0x74, 0x69, 0x74, 0x79, 0x2F, 0x77, 0x6F, 0x6C, 0x66, 0x2F, 0x77, 0x6F, 0x6C, 0x66, 0x5F, 0x61, 0x73, 0x68, 0x65, 0x6E, 0x00, 0x0A, 0x00, 0x0B, 0x62, 0x61, 0x62, 0x79, 0x5F, 0x61, 0x73, 0x73, 0x65, 0x74, 0x73, 0x08, 0x00, 0x04, 0x74, 0x61, 0x6D, 0x65, 0x00, 0x2A, 0x6D, 0x69, 0x6E, 0x65, 0x63, 0x72, 0x61, 0x66, 0x74, 0x3A, 0x65, 0x6E, 0x74, 0x69, 0x74, 0x79, 0x2F, 0x77, 0x6F, 0x6C, 0x66, 0x2F, 0x77, 0x6F, 0x6C, 0x66, 0x5F, 0x61, 0x73, 0x68, 0x65, 0x6E, 0x5F, 0x74, 0x61, 0x6D, 0x65, 0x5F, 0x62, 0x61, 0x62, 0x79, 0x08, 0x00, 0x05, 0x61, 0x6E, 0x67, 0x72, 0x79, 0x00, 0x2B, 0x6D, 0x69, 0x6E, 0x65, 0x63, 0x72, 0x61, 0x66, 0x74, 0x3A, 0x65, 0x6E, 0x74, 0x69, 0x74, 0x79, 0x2F, 0x77, 0x6F, 0x6C, 0x66, 0x2F, 0x77, 0x6F, 0x6C, 0x66, 0x5F, 0x61, 0x73, 0x68, 0x65, 0x6E, 0x5F, 0x61, 0x6E, 0x67, 0x72, 0x79, 0x5F, 0x62, 0x61, 0x62, 0x79, 0x08, 0x00, 0x04, 0x77, 0x69, 0x6C, 0x64, 0x00, 0x25, 0x6D, 0x69, 0x6E, 0x65, 0x63, 0x72, 0x61, 0x66, 0x74, 0x3A, 0x65, 0x6E, 0x74, 0x69, 0x74, 0x79, 0x2F, 0x77, 0x6F, 0x6C, 0x66, 0x2F, 0x77, 0x6F, 0x6C, 0x66, 0x5F, 0x61, 0x73, 0x68, 0x65, 0x6E, 0x5F, 0x62, 0x61, 0x62, 0x79, 0x00, 0x00, 0x0F, 0x6D, 0x69, 0x6E, 0x65, 0x63, 0x72, 0x61, 0x66, 0x74, 0x3A, 0x62, 0x6C, 0x61, 0x63, 0x6B, 0x01, 0x0A, 0x0A, 0x00, 0x06, 0x61, 0x73, 0x73, 0x65, 0x74, 0x73, 0x08, 0x00, 0x04, 0x74, 0x61, 0x6D, 0x65, 0x00, 0x25, 0x6D, 0x69, 0x6E, 0x65, 0x63, 0x72, 0x61, 0x66, 0x74, 0x3A, 0x65, 0x6E, 0x74, 0x69, 0x74, 0x79, 0x2F, 0x77, 0x6F, 0x6C, 0x66, 0x2F, 0x77, 0x6F, 0x6C, 0x66, 0x5F, 0x62, 0x6C, 0x61, 0x63, 0x6B, 0x5F, 0x74, 0x61, 0x6D, 0x65, 0x08, 0x00, 0x05, 0x61, 0x6E, 0x67, 0x72, 0x79, 0x00, 0x26, 0x6D, 0x69, 0x6E, 0x65, 0x63, 0x72, 0x61, 0x66, 0x74, 0x3A, 0x65, 0x6E, 0x74, 0x69, 0x74, 0x79, 0x2F, 0x77, 0x6F, 0x6C, 0x66, 0x2F, 0x77, 0x6F, 0x6C, 0x66, 0x5F, 0x62, 0x6C, 0x61, 0x63, 0x6B, 0x5F, 0x61, 0x6E, 0x67, 0x72, 0x79, 0x08, 0x00, 0x04, 0x77, 0x69, 0x6C, 0x64, 0x00, 0x20, 0x6D, 0x69, 0x6E, 0x65, 0x63, 0x72, 0x61, 0x66, 0x74, 0x3A, 0x65, 0x6E, 0x74, 0x69, 0x74, 0x79, 0x2F, 0x77, 0x6F, 0x6C, 0x66, 0x2F, 0x77, 0x6F, 0x6C, 0x66, 0x5F, 0x62, 0x6C, 0x61, 0x63, 0x6B, 0x00, 0x0A, 0x00, 0x0B, 0x62, 0x61, 0x62, 0x79, 0x5F, 0x61, 0x73, 0x73, 0x65, 0x74, 0x73, 0x08, 0x00, 0x04, 0x74, 0x61, 0x6D, 0x65, 0x00, 0x2A, 0x6D, 0x69, 0x6E, 0x65, 0x63, 0x72, 0x61, 0x66, 0x74, 0x3A, 0x65, 0x6E, 0x74, 0x69, 0x74, 0x79, 0x2F, 0x77, 0x6F, 0x6C, 0x66, 0x2F, 0x77, 0x6F, 0x6C, 0x66, 0x5F, 0x62, 0x6C, 0x61, 0x63, 0x6B, 0x5F, 0x74, 0x61, 0x6D, 0x65, 0x5F, 0x62, 0x61, 0x62, 0x79, 0x08, 0x00, 0x05, 0x61, 0x6E, 0x67, 0x72, 0x79, 0x00, 0x2B, 0x6D, 0x69, 0x6E, 0x65, 0x63, 0x72, 0x61, 0x66, 0x74, 0x3A, 0x65, 0x6E, 0x74, 0x69, 0x74, 0x79, 0x2F, 0x77, 0x6F, 0x6C, 0x66, 0x2F, 0x77, 0x6F, 0x6C, 0x66, 0x5F, 0x62, 0x6C, 0x61, 0x63, 0x6B, 0x5F, 0x61, 0x6E, 0x67, 0x72, 0x79, 0x5F, 0x62, 0x61, 0x62, 0x79, 0x08, 0x00, 0x04, 0x77, 0x69, 0x6C, 0x64, 0x00, 0x25, 0x6D, 0x69, 0x6E, 0x65, 0x63, 0x72, 0x61, 0x66, 0x74, 0x3A, 0x65, 0x6E, 0x74, 0x69, 0x74, 0x79, 0x2F, 0x77, 0x6F, 0x6C, 0x66, 0x2F, 0x77, 0x6F, 0x6C, 0x66, 0x5F, 0x62, 0x6C, 0x61, 0x63, 0x6B, 0x5F, 0x62, 0x61, 0x62, 0x79, 0x00, 0x00, 0x12, 0x6D, 0x69, 0x6E, 0x65, 0x63, 0x72, 0x61, 0x66, 0x74, 0x3A, 0x63, 0x68, 0x65, 0x73, 0x74, 0x6E, 0x75, 0x74, 0x01, 0x0A, 0x0A, 0x00, 0x06, 0x61, 0x73, 0x73, 0x65, 0x74, 0x73, 0x08, 0x00, 0x04, 0x74, 0x61, 0x6D, 0x65, 0x00, 0x28, 0x6D, 0x69, 0x6E, 0x65, 0x63, 0x72, 0x61, 0x66, 0x74, 0x3A, 0x65, 0x6E, 0x74, 0x69, 0x74, 0x79, 0x2F, 0x77, 0x6F, 0x6C, 0x66, 0x2F, 0x77, 0x6F, 0x6C, 0x66, 0x5F, 0x63, 0x68, 0x65, 0x73, 0x74, 0x6E, 0x75, 0x74, 0x5F, 0x74, 0x61, 0x6D, 0x65, 0x08, 0x00, 0x05, 0x61, 0x6E, 0x67, 0x72, 0x79, 0x00, 0x29, 0x6D, 0x69, 0x6E, 0x65, 0x63, 0x72, 0x61, 0x66, 0x74, 0x3A, 0x65, 0x6E, 0x74, 0x69, 0x74, 0x79, 0x2F, 0x77, 0x6F, 0x6C, 0x66, 0x2F, 0x77, 0x6F, 0x6C, 0x66, 0x5F, 0x63, 0x68, 0x65, 0x73, 0x74, 0x6E, 0x75, 0x74, 0x5F, 0x61, 0x6E, 0x67, 0x72, 0x79, 0x08, 0x00, 0x04, 0x77, 0x69, 0x6C, 0x64, 0x00, 0x23, 0x6D, 0x69, 0x6E, 0x65, 0x63, 0x72, 0x61, 0x66, 0x74, 0x3A, 0x65, 0x6E, 0x74, 0x69, 0x74, 0x79, 0x2F, 0x77, 0x6F, 0x6C, 0x66, 0x2F, 0x77, 0x6F, 0x6C, 0x66, 0x5F, 0x63, 0x68, 0x65, 0x73, 0x74, 0x6E, 0x75, 0x74, 0x00, 0x0A, 0x00, 0x0B, 0x62, 0x61, 0x62, 0x79, 0x5F, 0x61, 0x73, 0x73, 0x65, 0x74, 0x73, 0x08, 0x00, 0x04, 0x74, 0x61, 0x6D, 0x65, 0x00, 0x2D, 0x6D, 0x69, 0x6E, 0x65, 0x63, 0x72, 0x61, 0x66, 0x74, 0x3A, 0x65, 0x6E, 0x74, 0x69, 0x74, 0x79, 0x2F, 0x77, 0x6F, 0x6C, 0x66, 0x2F, 0x77, 0x6F, 0x6C, 0x66, 0x5F, 0x63, 0x68, 0x65, 0x73, 0x74, 0x6E, 0x75, 0x74, 0x5F, 0x74, 0x61, 0x6D, 0x65, 0x5F, 0x62, 0x61, 0x62, 0x79, 0x08, 0x00, 0x05, 0x61, 0x6E, 0x67, 0x72, 0x79, 0x00, 0x2E, 0x6D, 0x69, 0x6E, 0x65, 0x63, 0x72, 0x61, 0x66, 0x74, 0x3A, 0x65, 0x6E, 0x74, 0x69, 0x74, 0x79, 0x2F, 0x77, 0x6F, 0x6C, 0x66, 0x2F, 0x77, 0x6F, 0x6C, 0x66, 0x5F, 0x63, 0x68, 0x65, 0x73, 0x74, 0x6E, 0x75, 0x74, 0x5F, 0x61, 0x6E, 0x67, 0x72, 0x79, 0x5F, 0x62, 0x61, 0x62, 0x79, 0x08, 0x00, 0x04, 0x77, 0x69, 0x6C, 0x64, 0x00, 0x28, 0x6D, 0x69, 0x6E, 0x65, 0x63, 0x72, 0x61, 0x66, 0x74, 0x3A, 0x65, 0x6E, 0x74, 0x69, 0x74, 0x79, 0x2F, 0x77, 0x6F, 0x6C, 0x66, 0x2F, 0x77, 0x6F, 0x6C, 0x66, 0x5F, 0x63, 0x68, 0x65, 0x73, 0x74, 0x6E, 0x75, 0x74, 0x5F, 0x62, 0x61, 0x62, 0x79, 0x00, 0x00, 0x0E, 0x6D, 0x69, 0x6E, 0x65, 0x63, 0x72, 0x61, 0x66, 0x74, 0x3A, 0x70, 0x61, 0x6C, 0x65, 0x01, 0x0A, 0x0A, 0x00, 0x06, 0x61, 0x73, 0x73, 0x65, 0x74, 0x73, 0x08, 0x00, 0x04, 0x74, 0x61, 0x6D, 0x65, 0x00, 0x1F, 0x6D, 0x69, 0x6E, 0x65, 0x63, 0x72, 0x61, 0x66, 0x74, 0x3A, 0x65, 0x6E, 0x74, 0x69, 0x74, 0x79, 0x2F, 0x77, 0x6F, 0x6C, 0x66, 0x2F, 0x77, 0x6F, 0x6C, 0x66, 0x5F, 0x74, 0x61, 0x6D, 0x65, 0x08, 0x00, 0x05, 0x61, 0x6E, 0x67, 0x72, 0x79, 0x00, 0x20, 0x6D, 0x69, 0x6E, 0x65, 0x63, 0x72, 0x61, 0x66, 0x74, 0x3A, 0x65, 0x6E, 0x74, 0x69, 0x74, 0x79, 0x2F, 0x77, 0x6F, 0x6C, 0x66, 0x2F, 0x77, 0x6F, 0x6C, 0x66, 0x5F, 0x61, 0x6E, 0x67, 0x72, 0x79, 0x08, 0x00, 0x04, 0x77, 0x69, 0x6C, 0x64, 0x00, 0x1A, 0x6D, 0x69, 0x6E, 0x65, 0x63, 0x72, 0x61, 0x66, 0x74, 0x3A, 0x65, 0x6E, 0x74, 0x69, 0x74, 0x79, 0x2F, 0x77, 0x6F, 0x6C, 0x66, 0x2F, 0x77, 0x6F, 0x6C, 0x66, 0x00, 0x0A, 0x00, 0x0B, 0x62, 0x61, 0x62, 0x79, 0x5F, 0x61, 0x73, 0x73, 0x65, 0x74, 0x73, 0x08, 0x00, 0x04, 0x74, 0x61, 0x6D, 0x65, 0x00, 0x24, 0x6D, 0x69, 0x6E, 0x65, 0x63, 0x72, 0x61, 0x66, 0x74, 0x3A, 0x65, 0x6E, 0x74, 0x69, 0x74, 0x79, 0x2F, 0x77, 0x6F, 0x6C, 0x66, 0x2F, 0x77, 0x6F, 0x6C, 0x66, 0x5F, 0x74, 0x61, 0x6D, 0x65, 0x5F, 0x62, 0x61, 0x62, 0x79, 0x08, 0x00, 0x05, 0x61, 0x6E, 0x67, 0x72, 0x79, 0x00, 0x25, 0x6D, 0x69, 0x6E, 0x65, 0x63, 0x72, 0x61, 0x66, 0x74, 0x3A, 0x65, 0x6E, 0x74, 0x69, 0x74, 0x79, 0x2F, 0x77, 0x6F, 0x6C, 0x66, 0x2F, 0x77, 0x6F, 0x6C, 0x66, 0x5F, 0x61, 0x6E, 0x67, 0x72, 0x79, 0x5F, 0x62, 0x61, 0x62, 0x79, 0x08, 0x00, 0x04, 0x77, 0x69, 0x6C, 0x64, 0x00, 0x1F, 0x6D, 0x69, 0x6E, 0x65, 0x63, 0x72, 0x61, 0x66, 0x74, 0x3A, 0x65, 0x6E, 0x74, 0x69, 0x74, 0x79, 0x2F, 0x77, 0x6F, 0x6C, 0x66, 0x2F, 0x77, 0x6F, 0x6C, 0x66, 0x5F, 0x62, 0x61, 0x62, 0x79, 0x00, 0x00, 0x0F, 0x6D, 0x69, 0x6E, 0x65, 0x63, 0x72, 0x61, 0x66, 0x74, 0x3A, 0x72, 0x75, 0x73, 0x74, 0x79, 0x01, 0x0A, 0x0A, 0x00, 0x06, 0x61, 0x73, 0x73, 0x65, 0x74, 0x73, 0x08, 0x00, 0x04, 0x74, 0x61, 0x6D, 0x65, 0x00, 0x25, 0x6D, 0x69, 0x6E, 0x65, 0x63, 0x72, 0x61, 0x66, 0x74, 0x3A, 0x65, 0x6E, 0x74, 0x69, 0x74, 0x79, 0x2F, 0x77, 0x6F, 0x6C, 0x66, 0x2F, 0x77, 0x6F, 0x6C, 0x66, 0x5F, 0x72, 0x75, 0x73, 0x74, 0x79, 0x5F, 0x74, 0x61, 0x6D, 0x65, 0x08, 0x00, 0x05, 0x61, 0x6E, 0x67, 0x72, 0x79, 0x00, 0x26, 0x6D, 0x69, 0x6E, 0x65, 0x63, 0x72, 0x61, 0x66, 0x74, 0x3A, 0x65, 0x6E, 0x74, 0x69, 0x74, 0x79, 0x2F, 0x77, 0x6F, 0x6C, 0x66, 0x2F, 0x77, 0x6F, 0x6C, 0x66, 0x5F, 0x72, 0x75, 0x73, 0x74, 0x79, 0x5F, 0x61, 0x6E, 0x67, 0x72, 0x79, 0x08, 0x00, 0x04, 0x77, 0x69, 0x6C, 0x64, 0x00, 0x20, 0x6D, 0x69, 0x6E, 0x65, 0x63, 0x72, 0x61, 0x66, 0x74, 0x3A, 0x65, 0x6E, 0x74, 0x69, 0x74, 0x79, 0x2F, 0x77, 0x6F, 0x6C, 0x66, 0x2F, 0x77, 0x6F, 0x6C, 0x66, 0x5F, 0x72, 0x75, 0x73, 0x74, 0x79, 0x00, 0x0A, 0x00, 0x0B, 0x62, 0x61, 0x62, 0x79, 0x5F, 0x61, 0x73, 0x73, 0x65, 0x74, 0x73, 0x08, 0x00, 0x04, 0x74, 0x61, 0x6D, 0x65, 0x00, 0x2A, 0x6D, 0x69, 0x6E, 0x65, 0x63, 0x72, 0x61, 0x66, 0x74, 0x3A, 0x65, 0x6E, 0x74, 0x69, 0x74, 0x79, 0x2F, 0x77, 0x6F, 0x6C, 0x66, 0x2F, 0x77, 0x6F, 0x6C, 0x66, 0x5F, 0x72, 0x75, 0x73, 0x74, 0x79, 0x5F, 0x74, 0x61, 0x6D, 0x65, 0x5F, 0x62, 0x61, 0x62, 0x79, 0x08, 0x00, 0x05, 0x61, 0x6E, 0x67, 0x72, 0x79, 0x00, 0x2B, 0x6D, 0x69, 0x6E, 0x65, 0x63, 0x72, 0x61, 0x66, 0x74, 0x3A, 0x65, 0x6E, 0x74, 0x69, 0x74, 0x79, 0x2F, 0x77, 0x6F, 0x6C, 0x66, 0x2F, 0x77, 0x6F, 0x6C, 0x66, 0x5F, 0x72, 0x75, 0x73, 0x74, 0x79, 0x5F, 0x61, 0x6E, 0x67, 0x72, 0x79, 0x5F, 0x62, 0x61, 0x62, 0x79, 0x08, 0x00, 0x04, 0x77, 0x69, 0x6C, 0x64, 0x00, 0x25, 0x6D, 0x69, 0x6E, 0x65, 0x63, 0x72, 0x61, 0x66, 0x74, 0x3A, 0x65, 0x6E, 0x74, 0x69, 0x74, 0x79, 0x2F, 0x77, 0x6F, 0x6C, 0x66, 0x2F, 0x77, 0x6F, 0x6C, 0x66, 0x5F, 0x72, 0x75, 0x73, 0x74, 0x79, 0x5F, 0x62, 0x61, 0x62, 0x79, 0x00, 0x00, 0x0F, 0x6D, 0x69, 0x6E, 0x65, 0x63, 0x72, 0x61, 0x66, 0x74, 0x3A, 0x73, 0x6E, 0x6F, 0x77, 0x79, 0x01, 0x0A, 0x0A, 0x00, 0x06, 0x61, 0x73, 0x73, 0x65, 0x74, 0x73, 0x08, 0x00, 0x04, 0x74, 0x61, 0x6D, 0x65, 0x00, 0x25, 0x6D, 0x69, 0x6E, 0x65, 0x63, 0x72, 0x61, 0x66, 0x74, 0x3A, 0x65, 0x6E, 0x74, 0x69, 0x74, 0x79, 0x2F, 0x77, 0x6F, 0x6C, 0x66, 0x2F, 0x77, 0x6F, 0x6C, 0x66, 0x5F, 0x73, 0x6E, 0x6F, 0x77, 0x79, 0x5F, 0x74, 0x61, 0x6D, 0x65, 0x08, 0x00, 0x05, 0x61, 0x6E, 0x67, 0x72, 0x79, 0x00, 0x26, 0x6D, 0x69, 0x6E, 0x65, 0x63, 0x72, 0x61, 0x66, 0x74, 0x3A, 0x65, 0x6E, 0x74, 0x69, 0x74, 0x79, 0x2F, 0x77, 0x6F, 0x6C, 0x66, 0x2F, 0x77, 0x6F, 0x6C, 0x66, 0x5F, 0x73, 0x6E, 0x6F, 0x77, 0x79, 0x5F, 0x61, 0x6E, 0x67, 0x72, 0x79, 0x08, 0x00, 0x04, 0x77, 0x69, 0x6C, 0x64, 0x00, 0x20, 0x6D, 0x69, 0x6E, 0x65, 0x63, 0x72, 0x61, 0x66, 0x74, 0x3A, 0x65, 0x6E, 0x74, 0x69, 0x74, 0x79, 0x2F, 0x77, 0x6F, 0x6C, 0x66, 0x2F, 0x77, 0x6F, 0x6C, 0x66, 0x5F, 0x73, 0x6E, 0x6F, 0x77, 0x79, 0x00, 0x0A, 0x00, 0x0B, 0x62, 0x61, 0x62, 0x79, 0x5F, 0x61, 0x73, 0x73, 0x65, 0x74, 0x73, 0x08, 0x00, 0x04, 0x74, 0x61, 0x6D, 0x65, 0x00, 0x2A, 0x6D, 0x69, 0x6E, 0x65, 0x63, 0x72, 0x61, 0x66, 0x74, 0x3A, 0x65, 0x6E, 0x74, 0x69, 0x74, 0x79, 0x2F, 0x77, 0x6F, 0x6C, 0x66, 0x2F, 0x77, 0x6F, 0x6C, 0x66, 0x5F, 0x73, 0x6E, 0x6F, 0x77, 0x79, 0x5F, 0x74, 0x61, 0x6D, 0x65, 0x5F, 0x62, 0x61, 0x62, 0x79, 0x08, 0x00, 0x05, 0x61, 0x6E, 0x67, 0x72, 0x79, 0x00, 0x2B, 0x6D, 0x69, 0x6E, 0x65, 0x63, 0x72, 0x61, 0x66, 0x74, 0x3A, 0x65, 0x6E, 0x74, 0x69, 0x74, 0x79, 0x2F, 0x77, 0x6F, 0x6C, 0x66, 0x2F, 0x77, 0x6F, 0x6C, 0x66, 0x5F, 0x73, 0x6E, 0x6F, 0x77, 0x79, 0x5F, 0x61, 0x6E, 0x67, 0x72, 0x79, 0x5F, 0x62, 0x61, 0x62, 0x79, 0x08, 0x00, 0x04, 0x77, 0x69, 0x6C, 0x64, 0x00, 0x25, 0x6D, 0x69, 0x6E, 0x65, 0x63, 0x72, 0x61, 0x66, 0x74, 0x3A, 0x65, 0x6E, 0x74, 0x69, 0x74, 0x79, 0x2F, 0x77, 0x6F, 0x6C, 0x66, 0x2F, 0x77, 0x6F, 0x6C, 0x66, 0x5F, 0x73, 0x6E, 0x6F, 0x77, 0x79, 0x5F, 0x62, 0x61, 0x62, 0x79, 0x00, 0x00, 0x11, 0x6D, 0x69, 0x6E, 0x65, 0x63, 0x72, 0x61, 0x66, 0x74, 0x3A, 0x73, 0x70, 0x6F, 0x74, 0x74, 0x65, 0x64, 0x01, 0x0A, 0x0A, 0x00, 0x06, 0x61, 0x73, 0x73, 0x65, 0x74, 0x73, 0x08, 0x00, 0x04, 0x74, 0x61, 0x6D, 0x65, 0x00, 0x27, 0x6D, 0x69, 0x6E, 0x65, 0x63, 0x72, 0x61, 0x66, 0x74, 0x3A, 0x65, 0x6E, 0x74, 0x69, 0x74, 0x79, 0x2F, 0x77, 0x6F, 0x6C, 0x66, 0x2F, 0x77, 0x6F, 0x6C, 0x66, 0x5F, 0x73, 0x70, 0x6F, 0x74, 0x74, 0x65, 0x64, 0x5F, 0x74, 0x61, 0x6D, 0x65, 0x08, 0x00, 0x05, 0x61, 0x6E, 0x67, 0x72, 0x79, 0x00, 0x28, 0x6D, 0x69, 0x6E, 0x65, 0x63, 0x72, 0x61, 0x66, 0x74, 0x3A, 0x65, 0x6E, 0x74, 0x69, 0x74, 0x79, 0x2F, 0x77, 0x6F, 0x6C, 0x66, 0x2F, 0x77, 0x6F, 0x6C, 0x66, 0x5F, 0x73, 0x70, 0x6F, 0x74, 0x74, 0x65, 0x64, 0x5F, 0x61, 0x6E, 0x67, 0x72, 0x79, 0x08, 0x00, 0x04, 0x77, 0x69, 0x6C, 0x64, 0x00, 0x22, 0x6D, 0x69, 0x6E, 0x65, 0x63, 0x72, 0x61, 0x66, 0x74, 0x3A, 0x65, 0x6E, 0x74, 0x69, 0x74, 0x79, 0x2F, 0x77, 0x6F, 0x6C, 0x66, 0x2F, 0x77, 0x6F, 0x6C, 0x66, 0x5F, 0x73, 0x70, 0x6F, 0x74, 0x74, 0x65, 0x64, 0x00, 0x0A, 0x00, 0x0B, 0x62, 0x61, 0x62, 0x79, 0x5F, 0x61, 0x73, 0x73, 0x65, 0x74, 0x73, 0x08, 0x00, 0x04, 0x74, 0x61, 0x6D, 0x65, 0x00, 0x2C, 0x6D, 0x69, 0x6E, 0x65, 0x63, 0x72, 0x61, 0x66, 0x74, 0x3A, 0x65, 0x6E, 0x74, 0x69, 0x74, 0x79, 0x2F, 0x77, 0x6F, 0x6C, 0x66, 0x2F, 0x77, 0x6F, 0x6C, 0x66, 0x5F, 0x73, 0x70, 0x6F, 0x74, 0x74, 0x65, 0x64, 0x5F, 0x74, 0x61, 0x6D, 0x65, 0x5F, 0x62, 0x61, 0x62, 0x79, 0x08, 0x00, 0x05, 0x61, 0x6E, 0x67, 0x72, 0x79, 0x00, 0x2D, 0x6D, 0x69, 0x6E, 0x65, 0x63, 0x72, 0x61, 0x66, 0x74, 0x3A, 0x65, 0x6E, 0x74, 0x69, 0x74, 0x79, 0x2F, 0x77, 0x6F, 0x6C, 0x66, 0x2F, 0x77, 0x6F, 0x6C, 0x66, 0x5F, 0x73, 0x70, 0x6F, 0x74, 0x74, 0x65, 0x64, 0x5F, 0x61, 0x6E, 0x67, 0x72, 0x79, 0x5F, 0x62, 0x61, 0x62, 0x79, 0x08, 0x00, 0x04, 0x77, 0x69, 0x6C, 0x64, 0x00, 0x27, 0x6D, 0x69, 0x6E, 0x65, 0x63, 0x72, 0x61, 0x66, 0x74, 0x3A, 0x65, 0x6E, 0x74, 0x69, 0x74, 0x79, 0x2F, 0x77, 0x6F, 0x6C, 0x66, 0x2F, 0x77, 0x6F, 0x6C, 0x66, 0x5F, 0x73, 0x70, 0x6F, 0x74, 0x74, 0x65, 0x64, 0x5F, 0x62, 0x61, 0x62, 0x79, 0x00, 0x00, 0x11, 0x6D, 0x69, 0x6E, 0x65, 0x63, 0x72, 0x61, 0x66, 0x74, 0x3A, 0x73, 0x74, 0x72, 0x69, 0x70, 0x65, 0x64, 0x01, 0x0A, 0x0A, 0x00, 0x06, 0x61, 0x73, 0x73, 0x65, 0x74, 0x73, 0x08, 0x00, 0x04, 0x74, 0x61, 0x6D, 0x65, 0x00, 0x27, 0x6D, 0x69, 0x6E, 0x65, 0x63, 0x72, 0x61, 0x66, 0x74, 0x3A, 0x65, 0x6E, 0x74, 0x69, 0x74, 0x79, 0x2F, 0x77, 0x6F, 0x6C, 0x66, 0x2F, 0x77, 0x6F, 0x6C, 0x66, 0x5F, 0x73, 0x74, 0x72, 0x69, 0x70, 0x65, 0x64, 0x5F, 0x74, 0x61, 0x6D, 0x65, 0x08, 0x00, 0x05, 0x61, 0x6E, 0x67, 0x72, 0x79, 0x00, 0x28, 0x6D, 0x69, 0x6E, 0x65, 0x63, 0x72, 0x61, 0x66, 0x74, 0x3A, 0x65, 0x6E, 0x74, 0x69, 0x74, 0x79, 0x2F, 0x77, 0x6F, 0x6C, 0x66, 0x2F, 0x77, 0x6F, 0x6C, 0x66, 0x5F, 0x73, 0x74, 0x72, 0x69, 0x70, 0x65, 0x64, 0x5F, 0x61, 0x6E, 0x67, 0x72, 0x79, 0x08, 0x00, 0x04, 0x77, 0x69, 0x6C, 0x64, 0x00, 0x22, 0x6D, 0x69, 0x6E, 0x65, 0x63, 0x72, 0x61, 0x66, 0x74, 0x3A, 0x65, 0x6E, 0x74, 0x69, 0x74, 0x79, 0x2F, 0x77, 0x6F, 0x6C, 0x66, 0x2F, 0x77, 0x6F, 0x6C, 0x66, 0x5F, 0x73, 0x74, 0x72, 0x69, 0x70, 0x65, 0x64, 0x00, 0x0A, 0x00, 0x0B, 0x62, 0x61, 0x62, 0x79, 0x5F, 0x61, 0x73, 0x73, 0x65, 0x74, 0x73, 0x08, 0x00, 0x04, 0x74, 0x61, 0x6D, 0x65, 0x00, 0x2C, 0x6D, 0x69, 0x6E, 0x65, 0x63, 0x72, 0x61, 0x66, 0x74, 0x3A, 0x65, 0x6E, 0x74, 0x69, 0x74, 0x79, 0x2F, 0x77, 0x6F, 0x6C, 0x66, 0x2F, 0x77, 0x6F, 0x6C, 0x66, 0x5F, 0x73, 0x74, 0x72, 0x69, 0x70, 0x65, 0x64, 0x5F, 0x74, 0x61, 0x6D, 0x65, 0x5F, 0x62, 0x61, 0x62, 0x79, 0x08, 0x00, 0x05, 0x61, 0x6E, 0x67, 0x72, 0x79, 0x00, 0x2D, 0x6D, 0x69, 0x6E, 0x65, 0x63, 0x72, 0x61, 0x66, 0x74, 0x3A, 0x65, 0x6E, 0x74, 0x69, 0x74, 0x79, 0x2F, 0x77, 0x6F, 0x6C, 0x66, 0x2F, 0x77, 0x6F, 0x6C, 0x66, 0x5F, 0x73, 0x74, 0x72, 0x69, 0x70, 0x65, 0x64, 0x5F, 0x61, 0x6E, 0x67, 0x72, 0x79, 0x5F, 0x62, 0x61, 0x62, 0x79, 0x08, 0x00, 0x04, 0x77, 0x69, 0x6C, 0x64, 0x00, 0x27, 0x6D, 0x69, 0x6E, 0x65, 0x63, 0x72, 0x61, 0x66, 0x74, 0x3A, 0x65, 0x6E, 0x74, 0x69, 0x74, 0x79, 0x2F, 0x77, 0x6F, 0x6C, 0x66, 0x2F, 0x77, 0x6F, 0x6C, 0x66, 0x5F, 0x73, 0x74, 0x72, 0x69, 0x70, 0x65, 0x64, 0x5F, 0x62, 0x61, 0x62, 0x79, 0x00, 0x00, 0x0F, 0x6D, 0x69, 0x6E, 0x65, 0x63, 0x72, 0x61, 0x66, 0x74, 0x3A, 0x77, 0x6F, 0x6F, 0x64, 0x73, 0x01, 0x0A, 0x0A, 0x00, 0x06, 0x61, 0x73, 0x73, 0x65, 0x74, 0x73, 0x08, 0x00, 0x04, 0x74, 0x61, 0x6D, 0x65, 0x00, 0x25, 0x6D, 0x69, 0x6E, 0x65, 0x63, 0x72, 0x61, 0x66, 0x74, 0x3A, 0x65, 0x6E, 0x74, 0x69, 0x74, 0x79, 0x2F, 0x77, 0x6F, 0x6C, 0x66, 0x2F, 0x77, 0x6F, 0x6C, 0x66, 0x5F, 0x77, 0x6F, 0x6F, 0x64, 0x73, 0x5F, 0x74, 0x61, 0x6D, 0x65, 0x08, 0x00, 0x05, 0x61, 0x6E, 0x67, 0x72, 0x79, 0x00, 0x26, 0x6D, 0x69, 0x6E, 0x65, 0x63, 0x72, 0x61, 0x66, 0x74, 0x3A, 0x65, 0x6E, 0x74, 0x69, 0x74, 0x79, 0x2F, 0x77, 0x6F, 0x6C, 0x66, 0x2F, 0x77, 0x6F, 0x6C, 0x66, 0x5F, 0x77, 0x6F, 0x6F, 0x64, 0x73, 0x5F, 0x61, 0x6E, 0x67, 0x72, 0x79, 0x08, 0x00, 0x04, 0x77, 0x69, 0x6C, 0x64, 0x00, 0x20, 0x6D, 0x69, 0x6E, 0x65, 0x63, 0x72, 0x61, 0x66, 0x74, 0x3A, 0x65, 0x6E, 0x74, 0x69, 0x74, 0x79, 0x2F, 0x77, 0x6F, 0x6C, 0x66, 0x2F, 0x77, 0x6F, 0x6C, 0x66, 0x5F, 0x77, 0x6F, 0x6F, 0x64, 0x73, 0x00, 0x0A, 0x00, 0x0B, 0x62, 0x61, 0x62, 0x79, 0x5F, 0x61, 0x73, 0x73, 0x65, 0x74, 0x73, 0x08, 0x00, 0x04, 0x74, 0x61, 0x6D, 0x65, 0x00, 0x2A, 0x6D, 0x69, 0x6E, 0x65, 0x63, 0x72, 0x61, 0x66, 0x74, 0x3A, 0x65, 0x6E, 0x74, 0x69, 0x74, 0x79, 0x2F, 0x77, 0x6F, 0x6C, 0x66, 0x2F, 0x77, 0x6F, 0x6C, 0x66, 0x5F, 0x77, 0x6F, 0x6F, 0x64, 0x73, 0x5F, 0x74, 0x61, 0x6D, 0x65, 0x5F, 0x62, 0x61, 0x62, 0x79, 0x08, 0x00, 0x05, 0x61, 0x6E, 0x67, 0x72, 0x79, 0x00, 0x2B, 0x6D, 0x69, 0x6E, 0x65, 0x63, 0x72, 0x61, 0x66, 0x74, 0x3A, 0x65, 0x6E, 0x74, 0x69, 0x74, 0x79, 0x2F, 0x77, 0x6F, 0x6C, 0x66, 0x2F, 0x77, 0x6F, 0x6C, 0x66, 0x5F, 0x77, 0x6F, 0x6F, 0x64, 0x73, 0x5F, 0x61, 0x6E, 0x67, 0x72, 0x79, 0x5F, 0x62, 0x61, 0x62, 0x79, 0x08, 0x00, 0x04, 0x77, 0x69, 0x6C, 0x64, 0x00, 0x25, 0x6D, 0x69, 0x6E, 0x65, 0x63, 0x72, 0x61, 0x66, 0x74, 0x3A, 0x65, 0x6E, 0x74, 0x69, 0x74, 0x79, 0x2F, 0x77, 0x6F, 0x6C, 0x66, 0x2F, 0x77, 0x6F, 0x6C, 0x66, 0x5F, 0x77, 0x6F, 0x6F, 0x64, 0x73, 0x5F, 0x62, 0x61, 0x62, 0x79, 0x00, 0x00 };

inline constexpr uint8_t config_packet_08[] = { 0x91, 0x27, 0x07, 0x1C, 0x6D, 0x69, 0x6E, 0x65, 0x63, 0x72, 0x61, 0x66, 0x74, 0x3A, 0x77, 0x6F, 0x6C, 0x66, 0x5F, 0x73, 0x6F, 0x75, 0x6E, 0x64, 0x5F, 0x76, 0x61, 0x72, 0x69, 0x61, 0x6E, 0x74, 0x07, 0x0F, 0x6D, 0x69, 0x6E, 0x65, 0x63, 0x72, 0x61, 0x66, 0x74, 0x3A, 0x61, 0x6E, 0x67, 0x72, 0x79, 0x01, 0x0A, 0x0A, 0x00, 0x0C, 0x61, 0x64, 0x75, 0x6C, 0x74, 0x5F, 0x73, 0x6F, 0x75, 0x6E, 0x64, 0x73, 0x08, 0x00, 0x0D, 0x61, 0x6D, 0x62, 0x69, 0x65, 0x6E, 0x74, 0x5F, 0x73, 0x6F, 0x75, 0x6E, 0x64, 0x00, 0x23, 0x6D, 0x69, 0x6E, 0x65, 0x63, 0x72, 0x61, 0x66, 0x74, 0x3A, 0x65, 0x6E, 0x74, 0x69, 0x74, 0x79, 0x2E, 0x77, 0x6F, 0x6C, 0x66, 0x5F, 0x61, 0x6E, 0x67, 0x72, 0x79, 0x2E, 0x61, 0x6D, 0x62, 0x69, 0x65, 0x6E, 0x74, 0x08, 0x00, 0x0A, 0x68, 0x75, 0x72, 0x74, 0x5F, 0x73, 0x6F, 0x75, 0x6E, 0x64, 0x00, 0x20, 0x6D, 0x69, 0x6E, 0x65, 0x63, 0x72, 0x61, 0x66, 0x74, 0x3A, 0x65, 0x6E, 0x74, 0x69, 0x74, 0x79, 0x2E, 0x77, 0x6F, 0x6C, 0x66, 0x5F, 0x61, 0x6E, 0x67, 0x72, 0x79, 0x2E, 0x68, 0x75, 0x72, 0x74, 0x08, 0x00, 0x0B, 0x64, 0x65, 0x61, 0x74, 0x68, 0x5F, 0x73, 0x6F, 0x75, 0x6E, 0x64, 0x00, 0x21, 0x6D, 0x69, 0x6E, 0x65, 0x63, 0x72, 0x61, 0x66, 0x74, 0x3A, 0x65, 0x6E, 0x74, 0x69, 0x74, 0x79, 0x2E, 0x77, 0x6F, 0x6C, 0x66, 0x5F, 0x61, 0x6E, 0x67, 0x72, 0x79, 0x2E, 0x64, 0x65, 0x61, 0x74, 0x68, 0x08, 0x00, 0x0A, 0x73, 0x74, 0x65, 0x70, 0x5F, 0x73, 0x6F, 0x75, 0x6E, 0x64, 0x00, 0x1A, 0x6D, 0x69, 0x6E, 0x65, 0x63, 0x72, 0x61, 0x66, 0x74, 0x3A, 0x65, 0x6E, 0x74, 0x69, 0x74, 0x79, 0x2E, 0x77, 0x6F, 0x6C, 0x66, 0x2E, 0x73, 0x74, 0x65, 0x70, 0x08, 0x00, 0x0B, 0x77, 0x68, 0x69, 0x6E, 0x65, 0x5F, 0x73, 0x6F, 0x75, 0x6E, 0x64, 0x00, 0x21, 0x6D, 0x69, 0x6E, 0x65, 0x63, 0x72, 0x61, 0x66, 0x74, 0x3A, 0x65, 0x6E, 0x74, 0x69, 0x74, 0x79, 0x2E, 0x77, 0x6F, 0x6C, 0x66, 0x5F, 0x61, 0x6E, 0x67, 0x72, 0x79, 0x2E, 0x77, 0x68, 0x69, 0x6E, 0x65, 0x08, 0x00, 0x0B, 0x67, 0x72, 0x6F, 0x77, 0x6C, 0x5F, 0x73, 0x6F, 0x75, 0x6E, 0x64, 0x00, 0x21, 0x6D, 0x69, 0x6E, 0x65, 0x63, 0x72, 0x61, 0x66, 0x74, 0x3A, 0x65, 0x6E, 0x74, 0x69, 0x74, 0x79, 0x2E, 0x77, 0x6F, 0x6C, 0x66, 0x5F, 0x61, 0x6E, 0x67, 0x72, 0x79, 0x2E, 0x67, 0x72, 0x6F, 0x77, 0x6C, 0x08, 0x00, 0x0A, 0x70, 0x61, 0x6E, 0x74, 0x5F, 0x73, 0x6F, 0x75, 0x6E, 0x64, 0x00, 0x20, 0x6D, 0x69, 0x6E, 0x65, 0x63, 0x72, 0x61, 0x66, 0x74, 0x3A, 0x65, 0x6E, 0x74, 0x69, 0x74, 0x79, 0x2E, 0x77, 0x6F, 0x6C, 0x66, 0x5F, 0x61, 0x6E, 0x67, 0x72, 0x79, 0x2E, 0x70, 0x61, 0x6E, 0x74, 0x00, 0x0A, 0x00, 0x0B, 0x62, 0x61, 0x62, 0x79, 0x5F, 0x73, 0x6F, 0x75, 0x6E, 0x64, 0x73, 0x08, 0x00, 0x0D, 0x61, 0x6D, 0x62, 0x69, 0x65, 0x6E, 0x74, 0x5F, 0x73, 0x6F, 0x75, 0x6E, 0x64, 0x00, 0x22, 0x6D, 0x69, 0x6E, 0x65, 0x63, 0x72, 0x61, 0x66, 0x74, 0x3A, 0x65, 0x6E, 0x74, 0x69, 0x74, 0x79, 0x2E, 0x62, 0x61, 0x62, 0x79, 0x5F, 0x77, 0x6F, 0x6C, 0x66, 0x2E, 0x61, 0x6D, 0x62, 0x69, 0x65, 0x6E, 0x74, 0x08, 0x00, 0x0A, 0x68, 0x75, 0x72, 0x74, 0x5F, 0x73, 0x6F, 0x75, 0x6E, 0x64, 0x00, 0x1F, 0x6D, 0x69, 0x6E, 0x65, 0x63, 0x72, 0x61, 0x66, 0x74, 0x3A, 0x65, 0x6E, 0x74, 0x69, 0x74, 0x79, 0x2E, 0x62, 0x61, 0x62, 0x79, 0x5F, 0x77, 0x6F, 0x6C, 0x66, 0x2E, 0x68, 0x75, 0x72, 0x74, 0x08, 0x00, 0x0B, 0x64, 0x65, 0x61, 0x74, 0x68, 0x5F, 0x73, 0x6F, 0x75, 0x6E, 0x64, 0x00, 0x20, 0x6D, 0x69, 0x6E, 0x65, 0x63, 0x72, 0x61, 0x66, 0x74, 0x3A, 0x65, 0x6E, 0x74, 0x69, 0x74, 0x79, 0x2E, 0x62, 0x61, 0x62, 0x79, 0x5F, 0x77, 0x6F, 0x6C, 0x66, 0x2E, 0x64, 0x65, 0x61, 0x74, 0x68, 0x08, 0x00, 0x0A, 0x73, 0x74, 0x65, 0x70, 0x5F, 0x73, 0x6F, 0x75, 0x6E, 0x64, 0x00, 0x1F, 0x6D, 0x69, 0x6E, 0x65, 0x63, 0x72, 0x61, 0x66, 0x74, 0x3A, 0x65, 0x6E, 0x74, 0x69, 0x74, 0x79, 0x2E, 0x62, 0x61, 0x62, 0x79, 0x5F, 0x77, 0x6F, 0x6C, 0x66, 0x2E, 0x73, 0x74, 0x65, 0x70, 0x08, 0x00, 0x0B, 0x77, 0x68, 0x69, 0x6E, 0x65, 0x5F, 0x73, 0x6F, 0x75, 0x6E, 0x64, 0x00, 0x20, 0x6D, 0x69, 0x6E, 0x65, 0x63, 0x72, 0x61, 0x66, 0x74, 0x3A, 0x65, 0x6E, 0x74, 0x69, 0x74, 0x79, 0x2E, 0x62, 0x61, 0x62, 0x79, 0x5F, 0x77, 0x6F, 0x6C, 0x66, 0x2E, 0x77, 0x68, 0x69, 0x6E, 0x65, 0x08, 0x00, 0x0B, 0x67, 0x72, 0x6F, 0x77, 0x6C, 0x5F, 0x73, 0x6F, 0x75, 0x6E, 0x64, 0x00, 0x20, 0x6D, 0x69, 0x6E, 0x65, 0x63, 0x72, 0x61, 0x66, 0x74, 0x3A, 0x65, 0x6E, 0x74, 0x69, 0x74, 0x79, 0x2E, 0x62, 0x61, 0x62, 0x79, 0x5F, 0x77, 0x6F, 0x6C, 0x66, 0x2E, 0x67, 0x72, 0x6F, 0x77, 0x6C, 0x08, 0x00, 0x0A, 0x70, 0x61, 0x6E, 0x74, 0x5F, 0x73, 0x6F, 0x75, 0x6E, 0x64, 0x00, 0x1F, 0x6D, 0x69, 0x6E, 0x65, 0x63, 0x72, 0x61, 0x66, 0x74, 0x3A, 0x65, 0x6E, 0x74, 0x69, 0x74, 0x79, 0x2E, 0x62, 0x61, 0x62, 0x79, 0x5F, 0x77, 0x6F, 0x6C, 0x66, 0x2E, 0x70, 0x61, 0x6E, 0x74, 0x00, 0x00, 0x0D, 0x6D, 0x69, 0x6E, 0x65, 0x63, 0x72, 0x61, 0x66, 0x74, 0x3A, 0x62, 0x69, 0x67, 0x01, 0x0A, 0x0A, 0x00, 0x0C, 0x61, 0x64, 0x75, 0x6C, 0x74, 0x5F, 0x73, 0x6F, 0x75, 0x6E, 0x64, 0x73, 0x08, 0x00, 0x0D, 0x61, 0x6D, 0x62, 0x69, 0x65, 0x6E, 0x74, 0x5F, 0x73, 0x6F, 0x75, 0x6E, 0x64, 0x00, 0x21, 0x6D, 0x69, 0x6E, 0x65, 0x63, 0x72, 0x61, 0x66, 0x74, 0x3A, 0x65, 0x6E, 0x74, 0x69, 0x74, 0x79, 0x2E, 0x77, 0x6F, 0x6C, 0x66, 0x5F, 0x62, 0x69, 0x67, 0x2E, 0x61, 0x6D, 0x62, 0x69, 0x65, 0x6E, 0x74, 0x08, 0x00, 0x0A, 0x68, 0x75, 0x72, 0x74, 0x5F, 0x73, 0x6F, 0x75, 0x6E, 0x64, 0x00, 0x1E, 0x6D, 0x69, 0x6E, 0x65, 0x63, 0x72, 0x61, 0x66, 0x74, 0x3A, 0x65, 0x6E, 0x74, 0x69, 0x74, 0x79, 0x2E, 0x77, 0x6F, 0x6C, 0x66, 0x5F, 0x62, 0x69, 0x67, 0x2E, 0x68, 0x75, 0x72, 0x74, 0x08, 0x00, 0x0B, 0x64, 0x65, 0x61, 0x74, 0x68, 0x5F, 0x73, 0x6F, 0x75, 0x6E, 0x64, 0x00, 0x1F, 0x6D, 0x69, 0x6E, 0x65, 0x63, 0x72, 0x61, 0x66, 0x74, 0x3A, 0x65, 0x6E, 0x74, 0x69, 0x74, 0x79, 0x2E, 0x77, 0x6F, 0x6C, 0x66, 0x5F, 0x62, 0x69, 0x67, 0x2E, 0x64, 0x65, 0x61, 0x74, 0x68, 0x08, 0x00, 0x0A, 0x73, 0x74, 0x65, 0x70, 0x5F, 0x73, 0x6F, 0x75, 0x6E, 0x64, 0x00, 0x1A, 0x6D, 0x69, 0x6E, 0x65, 0x63, 0x72, 0x61, 0x66, 0x74, 0x3A, 0x65, 0x6E, 0x74, 0x69, 0x74, 0x79, 0x2E, 0x77, 0x6F, 0x6C, 0x66, 0x2E, 0x73, 0x74, 0x65, 0x70, 0x08, 0x00, 0x0B, 0x77, 0x68, 0x69, 0x6E, 0x65, 0x5F, 0x73, 0x6F, 0x75, 0x6E, 0x64, 0x00, 0x1F, 0x6D, 0x69, 0x6E, 0x65, 0x63, 0x72, 0x61, 0x66, 0x74, 0x3A, 0x65, 0x6E, 0x74, 0x69, 0x74, 0x79, 0x2E, 0x77, 0x6F, 0x6C, 0x66, 0x5F, 0x62, 0x69, 0x67, 0x2E, 0x77, 0x68, 0x69, 0x6E, 0x65, 0x08, 0x00, 0x0B, 0x67, 0x72, 0x6F, 0x77, 0x6C, 0x5F, 0x73, 0x6F, 0x75, 0x6E, 0x64, 0x00, 0x1F, 0x6D, 0x69, 0x6E, 0x65, 0x63, 0x72, 0x61, 0x66, 0x74, 0x3A, 0x65, 0x6E, 0x74, 0x69, 0x74, 0x79, 0x2E, 0x77, 0x6F, 0x6C, 0x66, 0x5F, 0x62, 0x69, 0x67, 0x2E, 0x67, 0x72, 0x6F, 0x77, 0x6C, 0x08, 0x00, 0x0A, 0x70, 0x61, 0x6E, 0x74, 0x5F, 0x73, 0x6F, 0x75, 0x6E, 0x64, 0x00, 0x1E, 0x6D, 0x69, 0x6E, 0x65, 0x63, 0x72, 0x61, 0x66, 0x74, 0x3A, 0x65, 0x6E, 0x74, 0x69, 0x74, 0x79, 0x2E, 0x77, 0x6F, 0x6C, 0x66, 0x5F, 0x62, 0x69, 0x67, 0x2E, 0x70, 0x61, 0x6E, 0x74, 0x00, 0x0A, 0x00, 0x0B, 0x62, 0x61, 0x62, 0x79, 0x5F, 0x73, 0x6F, 0x75, 0x6E, 0x64, 0x73, 0x08, 0x00, 0x0D, 0x61, 0x6D, 0x62, 0x69, 0x65, 0x6E, 0x74, 0x5F, 0x73, 0x6F, 0x75, 0x6E, 0x64, 0x00, 0x22, 0x6D, 0x69, 0x6E, 0x65, 0x63, 0x72, 0x61, 0x66, 0x74, 0x3A, 0x65, 0x6E, 0x74, 0x69, 0x74, 0x79, 0x2E, 0x62, 0x61, 0x62, 0x79, 0x5F, 0x77, 0x6F, 0x6C, 0x66, 0x2E, 0x61, 0x6D, 0x62, 0x69, 0x65, 0x6E, 0x74, 0x08, 0x00, 0x0A, 0x68, 0x75, 0x72, 0x74, 0x5F, 0x73, 0x6F, 0x75, 0x6E, 0x64, 0x00, 0x1F, 0x6D, 0x69, 0x6E, 0x65, 0x63, 0x72, 0x61, 0x66, 0x74, 0x3A, 0x65, 0x6E, 0x74, 0x69, 0x74, 0x79, 0x2E, 0x62, 0x61, 0x62, 0x79, 0x5F, 0x77, 0x6F, 0x6C, 0x66, 0x2E, 0x68, 0x75, 0x72, 0x74, 0x08, 0x00, 0x0B, 0x64, 0x65, 0x61, 0x74, 0x68, 0x5F, 0x73, 0x6F, 0x75, 0x6E, 0x64, 0x00, 0x20, 0x6D, 0x69, 0x6E, 0x65, 0x63, 0x72, 0x61, 0x66, 0x74, 0x3A, 0x65, 0x6E, 0x74, 0x69, 0x74, 0x79, 0x2E, 0x62, 0x61, 0x62, 0x79, 0x5F, 0x77, 0x6F, 0x6C, 0x66, 0x2E, 0x64, 0x65, 0x61, 0x74, 0x68, 0x08, 0x00, 0x0A, 0x73, 0x74, 0x65, 0x70, 0x5F, 0x73, 0x6F, 0x75, 0x6E, 0x64, 0x00, 0x1F, 0x6D, 0x69, 0x6E, 0x65, 0x63, 0x72, 0x61, 0x66, 0x74, 0x3A, 0x65, 0x6E, 0x74, 0x69, 0x74, 0x79, 0x2E, 0x62, 0x61, 0x62, 0x79, 0x5F, 0x77, 0x6F, 0x6C, 0x66, 0x2E, 0x73, 0x74, 0x65, 0x70, 0x08, 0x00, 0x0B, 0x77, 0x68, 0x69, 0x6E, 0x65, 0x5F, 0x73, 0x6F, 0x75, 0x6E, 0x64, 0x00, 0x20, 0x6D, 0x69, 0x6E, 0x65, 0x63, 0x72, 0x61, 0x66, 0x74, 0x3A, 0x65, 0x6E, 0x74, 0x69, 0x74, 0x79, 0x2E, 0x62, 0x61, 0x62, 0x79, 0x5F, 0x77, 0x6F, 0x6C, 0x66, 0x2E, 0x77, 0x68, 0x69, 0x6E, 0x65, 0x08, 0x00, 0x0B, 0x67, 0x72, 0x6F, 0x77, 0x6C, 0x5F, 0x73, 0x6F, 0x75, 0x6E, 0x64, 0x00, 0x20, 0x6D, 0x69, 0x6E, 0x65, 0x63, 0x72, 0x61, 0x66, 0x74, 0x3A, 0x65, 0x6E, 0x74, 0x69, 0x74, 0x79, 0x2E, 0x62, 0x61, 0x62, 0x79, 0x5F, 0x77, 0x6F, 0x6C, 0x66, 0x2E, 0x67, 0x72, 0x6F, 0x77, 0x6C, 0x08, 0x00, 0x0A, 0x70, 0x61, 0x6E, 0x74, 0x5F, 0x73, 0x6F, 0x75, 0x6E, 0x64, 0x00, 0x1F, 0x6D, 0x69, 0x6E, 0x65, 0x63, 0x72, 0x61, 0x66, 0x74, 0x3A, 0x65, 0x6E, 0x74, 0x69, 0x74, 0x79, 0x2E, 0x62, 0x61, 0x62, 0x79, 0x5F, 0x77, 0x6F, 0x6C, 0x66, 0x2E, 0x70, 0x61, 0x6E, 0x74, 0x00, 0x00, 0x11, 0x6D, 0x69, 0x6E, 0x65, 0x63, 0x72, 0x61, 0x66, 0x74, 0x3A, 0x63, 0x6C, 0x61, 0x73, 0x73, 0x69, 0x63, 0x01, 0x0A, 0x0A, 0x00, 0x0C, 0x61, 0x64, 0x75, 0x6C, 0x74, 0x5F, 0x73, 0x6F, 0x75, 0x6E, 0x64, 0x73, 0x08, 0x00, 0x0D, 0x61, 0x6D, 0x62, 0x69, 0x65, 0x6E, 0x74, 0x5F, 0x73, 0x6F, 0x75, 0x6E, 0x64, 0x00, 0x1D, 0x6D, 0x69, 0x6E, 0x65, 0x63, 0x72, 0x61, 0x66, 0x74, 0x3A, 0x65, 0x6E, 0x74, 0x69, 0x74, 0x79, 0x2E, 0x77, 0x6F, 0x6C, 0x66, 0x2E, 0x61, 0x6D, 0x62, 0x69, 0x65, 0x6E, 0x74, 0x08, 0x00, 0x0A, 0x68, 0x75, 0x72, 0x74, 0x5F, 0x73, 0x6F, 0x75, 0x6E, 0x64, 0x00, 0x1A, 0x6D, 0x69, 0x6E, 0x65, 0x63, 0x72, 0x61, 0x66, 0x74, 0x3A, 0x65, 0x6E, 0x74, 0x69, 0x74, 0x79, 0x2E, 0x77, 0x6F, 0x6C, 0x66, 0x2E, 0x68, 0x75, 0x72, 0x74, 0x08, 0x00, 0x0B, 0x64, 0x65, 0x61, 0x74, 0x68, 0x5F, 0x73, 0x6F, 0x75, 0x6E, 0x64, 0x00, 0x1B, 0x6D, 0x69, 0x6E, 0x65, 0x63, 0x72, 0x61, 0x66, 0x74, 0x3A, 0x65, 0x6E, 0x74, 0x69, 0x74, 0x79, 0x2E, 0x77, 0x6F, 0x6C, 0x66, 0x2E, 0x64, 0x65, 0x61, 0x74, 0x68, 0x08, 0x00, 0x0A, 0x73, 0x74, 0x65, 0x70, 0x5F, 0x73, 0x6F, 0x75, 0x6E, 0x64, 0x00, 0x1A, 0x6D, 0x69, 0x6E, 0x65, 0x63, 0x72, 0x61, 0x66, 0x74, 0x3A, 0x65, 0x6E, 0x74, 0x69, 0x74, 0x79, 0x2E, 0x77, 0x6F, 0x6C, 0x66, 0x2E, 0x73, 0x74, 0x65, 0x70, 0x08, 0x00, 0x0B, 0x77, 0x68, 0x69, 0x6E, 0x65, 0x5F, 0x73, 0x6F, 0x75, 0x6E, 0x64, 0x00, 0x1B, 0x6D, 0x69, 0x6E, 0x65, 0x63, 0x72, 0x61, 0x66, 0x74, 0x3A, 0x65, 0x6E, 0x74, 0x69, 0x74, 0x79, 0x2E, 0x77, 0x6F, 0x6C, 0x66, 0x2E, 0x77, 0x68, 0x69, 0x6E, 0x65, 0x08, 0x00, 0x0B, 0x67, 0x72, 0x6F, 0x77, 0x6C, 0x5F, 0x73, 0x6F, 0x75, 0x6E, 0x64, 0x00, 0x1B, 0x6D, 0x69, 0x6E, 0x65, 0x63, 0x72, 0x61, 0x66, 0x74, 0x3A, 0x65, 0x6E, 0x74, 0x69, 0x74, 0x79, 0x2E, 0x77, 0x6F, 0x6C, 0x66, 0x2E, 0x67, 0x72, 0x6F, 0x77, 0x6C, 0x08, 0x00, 0x0A, 0x70, 0x61, 0x6E, 0x74, 0x5F, 0x73, 0x6F, 0x75, 0x6E, 0x64, 0x00, 0x1A, 0x6D, 0x69, 0x6E, 0x65, 0x63, 0x72, 0x61, 0x66, 0x74, 0x3A, 0x65, 0x6E, 0x74, 0x69, 0x74, 0x79, 0x2E, 0x77, 0x6F, 0x6C, 0x66, 0x2E, 0x70, 0x61, 0x6E, 0x74, 0x00, 0x0A, 0x00, 0x0B, 0x62, 0x61, 0x62, 0x79, 0x5F, 0x73, 0x6F, 0x75, 0x6E, 0x64, 0x73, 0x08, 0x00, 0x0D, 0x61, 0x6D, 0x62, 0x69, 0x65, 0x6E, 0x74, 0x5F, 0x73, 0x6F, 0x75, 0x6E, 0x64, 0x00, 0x22, 0x6D, 0x69, 0x6E, 0x65, 0x63, 0x72, 0x61, 0x66, 0x74, 0x3A, 0x65, 0x6E, 0x74, 0x69, 0x74, 0x79, 0x2E, 0x62, 0x61, 0x62, 0x79, 0x5F, 0x77, 0x6F, 0x6C, 0x66, 0x2E, 0x61, 0x6D, 0x62, 0x69, 0x65, 0x6E, 0x74, 0x08, 0x00, 0x0A, 0x68, 0x75, 0x72, 0x74, 0x5F, 0x73, 0x6F, 0x75, 0x6E, 0x64, 0x00, 0x1F, 0x6D, 0x69, 0x6E, 0x65, 0x63, 0x72, 0x61, 0x66, 0x74, 0x3A, 0x65, 0x6E, 0x74, 0x69, 0x74, 0x79, 0x2E, 0x62, 0x61, 0x62, 0x79, 0x5F, 0x77, 0x6F, 0x6C, 0x66, 0x2E, 0x68, 0x75, 0x72, 0x74, 0x08, 0x00, 0x0B, 0x64, 0x65, 0x61, 0x74, 0x68, 0x5F, 0x73, 0x6F, 0x75, 0x6E, 0x64, 0x00, 0x20, 0x6D, 0x69, 0x6E, 0x65, 0x63, 0x72, 0x61, 0x66, 0x74, 0x3A, 0x65, 0x6E, 0x74, 0x69, 0x74, 0x79, 0x2E, 0x62, 0x61, 0x62, 0x79, 0x5F, 0x77, 0x6F, 0x6C, 0x66, 0x2E, 0x64, 0x65, 0x61, 0x74, 0x68, 0x08, 0x00, 0x0A, 0x73, 0x74, 0x65, 0x70, 0x5F, 0x73, 0x6F, 0x75, 0x6E, 0x64, 0x00, 0x1F, 0x6D, 0x69, 0x6E, 0x65, 0x63, 0x72, 0x61, 0x66, 0x74, 0x3A, 0x65, 0x6E, 0x74, 0x69, 0x74, 0x79, 0x2E, 0x62, 0x61, 0x62, 0x79, 0x5F, 0x77, 0x6F, 0x6C, 0x66, 0x2E, 0x73, 0x74, 0x65, 0x70, 0x08, 0x00, 0x0B, 0x77, 0x68, 0x69, 0x6E, 0x65, 0x5F, 0x73, 0x6F, 0x75, 0x6E, 0x64, 0x00, 0x20, 0x6D, 0x69, 0x6E, 0x65, 0x63, 0x72, 0x61, 0x66, 0x74, 0x3A, 0x65, 0x6E, 0x74, 0x69, 0x74, 0x79, 0x2E, 0x62, 0x61, 0x62, 0x79, 0x5F, 0x77, 0x6F, 0x6C, 0x66, 0x2E, 0x77, 0x68, 0x69, 0x6E, 0x65, 0x08, 0x00, 0x0B, 0x67, 0x72, 0x6F, 0x77, 0x6C, 0x5F, 0x73, 0x6F, 0x75, 0x6E, 0x64, 0x00, 0x20, 0x6D, 0x69, 0x6E, 0x65, 0x63, 0x72, 0x61, 0x66, 0x74, 0x3A, 0x65, 0x6E, 0x74, 0x69, 0x74, 0x79, 0x2E, 0x62, 0x61, 0x62, 0x79, 0x5F, 0x77, 0x6F, 0x6C, 0x66, 0x2E, 0x67, 0x72, 0x6F, 0x77, 0x6C, 0x08, 0x00, 0x0A, 0x70, 0x61, 0x6E, 0x74, 0x5F, 0x73, 0x6F, 0x75, 0x6E, 0x64, 0x00, 0x1F, 0x6D, 0x69, 0x6E, 0x65, 0x63, 0x72, 0x61, 0x66, 0x74, 0x3A, 0x65, 0x6E, 0x74, 0x69, 0x74, 0x79, 0x2E, 0x62, 0x61, 0x62, 0x79, 0x5F, 0x77, 0x6F, 0x6C, 0x66, 0x2E, 0x70, 0x61, 0x6E, 0x74, 0x00, 0x00, 0x0E, 0x6D, 0x69, 0x6E, 0x65, 0x63, 0x72, 0x61, 0x66, 0x74, 0x3A, 0x63, 0x75, 0x74, 0x65, 0x01, 0x0A, 0x0A, 0x00, 0x0C, 0x61, 0x64, 0x75, 0x6C, 0x74, 0x5F, 0x73, 0x6F, 0x75, 0x6E, 0x64, 0x73, 0x08, 0x00, 0x0D, 0x61, 0x6D, 0x62, 0x69, 0x65, 0x6E, 0x74, 0x5F, 0x73, 0x6F, 0x75, 0x6E, 0x64, 0x00, 0x22, 0x6D, 0x69, 0x6E, 0x65, 0x63, 0x72, 0x61, 0x66, 0x74, 0x3A, 0x65, 0x6E, 0x74, 0x69, 0x74, 0x79, 0x2E, 0x77, 0x6F, 0x6C, 0x66, 0x5F, 0x63, 0x75, 0x74, 0x65, 0x2E, 0x61, 0x6D, 0x62, 0x69, 0x65, 0x6E, 0x74, 0x08, 0x00, 0x0A, 0x68, 0x75, 0x72, 0x74, 0x5F, 0x73, 0x6F, 0x75, 0x6E, 0x64, 0x00, 0x1F, 0x6D, 0x69, 0x6E, 0x65, 0x63, 0x72, 0x61, 0x66, 0x74, 0x3A, 0x65, 0x6E, 0x74, 0x69, 0x74, 0x79, 0x2E, 0x77, 0x6F, 0x6C, 0x66, 0x5F, 0x63, 0x75, 0x74, 0x65, 0x2E, 0x68, 0x75, 0x72, 0x74, 0x08, 0x00, 0x0B, 0x64, 0x65, 0x61, 0x74, 0x68, 0x5F, 0x73, 0x6F, 0x75, 0x6E, 0x64, 0x00, 0x20, 0x6D, 0x69, 0x6E, 0x65, 0x63, 0x72, 0x61, 0x66, 0x74, 0x3A, 0x65, 0x6E, 0x74, 0x69, 0x74, 0x79, 0x2E, 0x77, 0x6F, 0x6C, 0x66, 0x5F, 0x63, 0x75, 0x74, 0x65, 0x2E, 0x64, 0x65, 0x61, 0x74, 0x68, 0x08, 0x00, 0x0A, 0x73, 0x74, 0x65, 0x70, 0x5F, 0x73, 0x6F, 0x75, 0x6E, 0x64, 0x00, 0x1A, 0x6D, 0x69, 0x6E, 0x65, 0x63, 0x72, 0x61, 0x66, 0x74, 0x3A, 0x65, 0x6E, 0x74, 0x69, 0x74, 0x79, 0x2E, 0x77, 0x6F, 0x6C, 0x66, 0x2E, 0x73, 0x74, 0x65, 0x70, 0x08, 0x00, 0x0B, 0x77, 0x68, 0x69, 0x6E, 0x65, 0x5F, 0x73, 0x6F, 0x75, 0x6E, 0x64, 0x00, 0x20, 0x6D, 0x69, 0x6E, 0x65, 0x63, 0x72, 0x61, 0x66, 0x74, 0x3A, 0x65, 0x6E, 0x74, 0x69, 0x74, 0x79, 0x2E, 0x77, 0x6F, 0x6C, 0x66, 0x5F, 0x63, 0x75, 0x74, 0x65, 0x2E, 0x77, 0x68, 0x69, 0x6E, 0x65, 0x08, 0x00, 0x0B, 0x67, 0x72, 0x6F, 0x77, 0x6C, 0x5F, 0x73, 0x6F, 0x75, 0x6E, 0x64, 0x00, 0x20, 0x6D, 0x69, 0x6E, 0x65, 0x63, 0x72, 0x61, 0x66, 0x74, 0x3A, 0x65, 0x6E, 0x74, 0x69, 0x74, 0x79, 0x2E, 0x77, 0x6F, 0x6C, 0x66, 0x5F, 0x63, 0x75, 0x74, 0x65, 0x2E, 0x67, 0x72, 0x6F, 0x77, 0x6C, 0x08, 0x00, 0x0A, 0x70, 0x61, 0x6E, 0x74, 0x5F, 0x73, 0x6F, 0x75, 0x6E, 0x64, 0x00, 0x1F, 0x6D, 0x69, 0x6E, 0x65, 0x63, 0x72, 0x61, 0x66, 0x74, 0x3A, 0x65, 0x6E, 0x74, 0x69, 0x74, 0x79, 0x2E, 0x77, 0x6F, 0x6C, 0x66, 0x5F, 0x63, 0x75, 0x74, 0x65, 0x2E, 0x70, 0x61, 0x6E, 0x74, 0x00, 0x0A, 0x00, 0x0B, 0x62, 0x61, 0x62, 0x79, 0x5F, 0x73, 0x6F, 0x75, 0x6E, 0x64, 0x73, 0x08, 0x00, 0x0D, 0x61, 0x6D, 0x62, 0x69, 0x65, 0x6E, 0x74, 0x5F, 0x73, 0x6F, 0x75, 0x6E, 0x64, 0x00, 0x22, 0x6D, 0x69, 0x6E, 0x65, 0x63, 0x72, 0x61, 0x66, 0x74, 0x3A, 0x65, 0x6E, 0x74, 0x69, 0x74, 0x79, 0x2E, 0x62, 0x61, 0x62, 0x79, 0x5F, 0x77, 0x6F, 0x6C, 0x66, 0x2E, 0x61, 0x6D, 0x62, 0x69, 0x65, 0x6E, 0x74, 0x08, 0x00, 0x0A, 0x68, 0x75, 0x72, 0x74, 0x5F, 0x73, 0x6F, 0x75, 0x6E, 0x64, 0x00, 0x1F, 0x6D, 0x69, 0x6E, 0x65, 0x63, 0x72, 0x61, 0x66, 0x74, 0x3A, 0x65, 0x6E, 0x74, 0x69, 0x74, 0x79, 0x2E, 0x62, 0x61, 0x62, 0x79, 0x5F, 0x77, 0x6F, 0x6C, 0x66, 0x2E, 0x68, 0x75, 0x72, 0x74, 0x08, 0x00, 0x0B, 0x64, 0x65, 0x61, 0x74, 0x68, 0x5F, 0x73, 0x6F, 0x75, 0x6E, 0x64, 0x00, 0x20, 0x6D, 0x69, 0x6E, 0x65, 0x63, 0x72, 0x61, 0x66, 0x74, 0x3A, 0x65, 0x6E, 0x74, 0x69, 0x74, 0x79, 0x2E, 0x62, 0x61, 0x62, 0x79, 0x5F, 0x77, 0x6F, 0x6C, 0x66, 0x2E, 0x64, 0x65, 0x61, 0x74, 0x68, 0x08, 0x00, 0x0A, 0x73, 0x74, 0x65, 0x70, 0x5F, 0x73, 0x6F, 0x75, 0x6E, 0x64, 0x00, 0x1F, 0x6D, 0x69, 0x6E, 0x65, 0x63, 0x72, 0x61, 0x66, 0x74, 0x3A, 0x65, 0x6E, 0x74, 0x69, 0x74, 0x79, 0x2E, 0x62, 0x61, 0x62, 0x79, 0x5F, 0x77, 0x6F, 0x6C, 0x66, 0x2E, 0x73, 0x74, 0x65, 0x70, 0x08, 0x00, 0x0B, 0x77, 0x68, 0x69, 0x6E, 0x65, 0x5F, 0x73, 0x6F, 0x75, 0x6E, 0x64, 0x00, 0x20, 0x6D, 0x69, 0x6E, 0x65, 0x63, 0x72, 0x61, 0x66, 0x74, 0x3A, 0x65, 0x6E, 0x74, 0x69, 0x74, 0x79, 0x2E, 0x62, 0x61, 0x62, 0x79, 0x5F, 0x77, 0x6F, 0x6C, 0x66, 0x2E, 0x77, 0x68, 0x69, 0x6E, 0x65, 0x08, 0x00, 0x0B, 0x67, 0x72, 0x6F, 0x77, 0x6C, 0x5F, 0x73, 0x6F, 0x75, 0x6E, 0x64, 0x00, 0x20, 0x6D, 0x69, 0x6E, 0x65, 0x63, 0x72, 0x61, 0x66, 0x74, 0x3A, 0x65, 0x6E, 0x74, 0x69, 0x74, 0x79, 0x2E, 0x62, 0x61, 0x62, 0x79, 0x5F, 0x77, 0x6F, 0x6C, 0x66, 0x2E, 0x67, 0x72, 0x6F, 0x77, 0x6C, 0x08, 0x00, 0x0A, 0x70, 0x61, 0x6E, 0x74, 0x5F, 0x73, 0x6F, 0x75, 0x6E, 0x64, 0x00, 0x1F, 0x6D, 0x69, 0x6E, 0x65, 0x63, 0x72, 0x61, 0x66, 0x74, 0x3A, 0x65, 0x6E, 0x74, 0x69, 0x74, 0x79, 0x2E, 0x62, 0x61, 0x62, 0x79, 0x5F, 0x77, 0x6F, 0x6C, 0x66, 0x2E, 0x70, 0x61, 0x6E, 0x74, 0x00, 0x00, 0x10, 0x6D, 0x69, 0x6E, 0x65, 0x63, 0x72, 0x61, 0x66, 0x74, 0x3A, 0x67, 0x72, 0x75, 0x6D, 0x70, 0x79, 0x01, 0x0A, 0x0A, 0x00, 0x0C, 0x61, 0x64, 0x75, 0x6C, 0x74, 0x5F, 0x73, 0x6F, 0x75, 0x6E, 0x64, 0x73, 0x08, 0x00, 0x0D, 0x61, 0x6D, 0x62, 0x69, 0x65, 0x6E, 0x74, 0x5F, 0x73, 0x6F, 0x75, 0x6E, 0x64, 0x00, 0x24, 0x6D, 0x69, 0x6E, 0x65, 0x63, 0x72, 0x61, 0x66, 0x74, 0x3A, 0x65, 0x6E, 0x74, 0x69, 0x74, 0x79, 0x2E, 0x77, 0x6F, 0x6C, 0x66, 0x5F, 0x67, 0x72, 0x75, 0x6D, 0x70, 0x79, 0x2E, 0x61, 0x6D, 0x62, 0x69, 0x65, 0x6E, 0x74, 0x08, 0x00, 0x0A, 0x68, 0x75, 0x72, 0x74, 0x5F, 0x73, 0x6F, 0x75, 0x6E, 0x64, 0x00, 0x21, 0x6D, 0x69, 0x6E, 0x65, 0x63, 0x72, 0x61, 0x66, 0x74, 0x3A, 0x65, 0x6E, 0x74, 0x69, 0x74, 0x79, 0x2E, 0x77, 0x6F, 0x6C, 0x66, 0x5F, 0x67, 0x72, 0x75, 0x6D, 0x70, 0x79, 0x2E, 0x68, 0x75, 0x72, 0x74, 0x08, 0x00, 0x0B, 0x64, 0x65, 0x61, 0x74, 0x68, 0x5F, 0x73, 0x6F, 0x75, 0x6E, 0x64, 0x00, 0x22, 0x6D, 0x69, 0x6E, 0x65, 0x63, 0x72, 0x61, 0x66, 0x74, 0x3A, 0x65, 0x6E, 0x74, 0x69, 0x74, 0x79, 0x2E, 0x77, 0x6F, 0x6C, 0x66, 0x5F, 0x67, 0x72, 0x75, 0x6D, 0x70, 0x79, 0x2E, 0x64, 0x65, 0x61, 0x74, 0x68, 0x08, 0x00, 0x0A, 0x73, 0x74, 0x65, 0x70, 0x5F, 0x73, 0x6F, 0x75, 0x6E, 0x64, 0x00, 0x1A, 0x6D, 0x69, 0x6E, 0x65, 0x63, 0x72, 0x61, 0x66, 0x74, 0x3A, 0x65, 0x6E, 0x74, 0x69, 0x74, 0x79, 0x2E, 0x77, 0x6F, 0x6C, 0x66, 0x2E, 0x73, 0x74, 0x65, 0x70, 0x08, 0x00, 0x0B, 0x77, 0x68, 0x69, 0x6E, 0x65, 0x5F, 0x73, 0x6F, 0x75, 0x6E, 0x64, 0x00, 0x22, 0x6D, 0x69, 0x6E, 0x65, 0x63, 0x72, 0x61, 0x66, 0x74, 0x3A, 0x65, 0x6E, 0x74, 0x69, 0x74, 0x79, 0x2E, 0x77, 0x6F, 0x6C, 0x66, 0x5F, 0x67, 0x72, 0x75, 0x6D, 0x70, 0x79, 0x2E, 0x77, 0x68, 0x69, 0x6E, 0x65, 0x08, 0x00, 0x0B, 0x67, 0x72, 0x6F, 0x77, 0x6C, 0x5F, 0x73, 0x6F, 0x75, 0x6E, 0x64, 0x00, 0x22, 0x6D, 0x69, 0x6E, 0x65, 0x63, 0x72, 0x61, 0x66, 0x74, 0x3A, 0x65, 0x6E, 0x74, 0x69, 0x74, 0x79, 0x2E, 0x77, 0x6F, 0x6C, 0x66, 0x5F, 0x67, 0x72, 0x75, 0x6D, 0x70, 0x79, 0x2E, 0x67, 0x72, 0x6F, 0x77, 0x6C, 0x08, 0x00, 0x0A, 0x70, 0x61, 0x6E, 0x74, 0x5F, 0x73, 0x6F, 0x75, 0x6E, 0x64, 0x00, 0x21, 0x6D, 0x69, 0x6E, 0x65, 0x63, 0x72, 0x61, 0x66, 0x74, 0x3A, 0x65, 0x6E, 0x74, 0x69, 0x74, 0x79, 0x2E, 0x77, 0x6F, 0x6C, 0x66, 0x5F, 0x67, 0x72, 0x75, 0x6D, 0x70, 0x79, 0x2E, 0x70, 0x61, 0x6E, 0x74, 0x00, 0x0A, 0x00, 0x0B, 0x62, 0x61, 0x62, 0x79, 0x5F, 0x73, 0x6F, 0x75, 0x6E, 0x64, 0x73, 0x08, 0x00, 0x0D, 0x61, 0x6D, 0x62, 0x69, 0x65, 0x6E, 0x74, 0x5F, 0x73, 0x6F, 0x75, 0x6E, 0x64, 0x00, 0x22, 0x6D, 0x69, 0x6E, 0x65, 0x63, 0x72, 0x61, 0x66, 0x74, 0x3A, 0x65, 0x6E, 0x74, 0x69, 0x74, 0x79, 0x2E, 0x62, 0x61, 0x62, 0x79, 0x5F, 0x77, 0x6F, 0x6C, 0x66, 0x2E, 0x61, 0x6D, 0x62, 0x69, 0x65, 0x6E, 0x74, 0x08, 0x00, 0x0A, 0x68, 0x75, 0x72, 0x74, 0x5F, 0x73, 0x6F, 0x75, 0x6E, 0x64, 0x00, 0x1F, 0x6D, 0x69, 0x6E, 0x65, 0x63, 0x72, 0x61, 0x66, 0x74, 0x3A, 0x65, 0x6E, 0x74, 0x69, 0x74, 0x79, 0x2E, 0x62, 0x61, 0x62, 0x79, 0x5F, 0x77, 0x6F, 0x6C, 0x66, 0x2E, 0x68, 0x75, 0x72, 0x74, 0x08, 0x00, 0x0B, 0x64, 0x65, 0x61, 0x74, 0x68, 0x5F, 0x73, 0x6F, 0x75, 0x6E, 0x64, 0x00, 0x20, 0x6D, 0x69, 0x6E, 0x65, 0x63, 0x72, 0x61, 0x66, 0x74, 0x3A, 0x65, 0x6E, 0x74, 0x69, 0x74, 0x79, 0x2E, 0x62, 0x61, 0x62, 0x79, 0x5F, 0x77, 0x6F, 0x6C, 0x66, 0x2E, 0x64, 0x65, 0x61, 0x74, 0x68, 0x08, 0x00, 0x0A, 0x73, 0x74, 0x65, 0x70, 0x5F, 0x73, 0x6F, 0x75, 0x6E, 0x64, 0x00, 0x1F, 0x6D, 0x69, 0x6E, 0x65, 0x63, 0x72, 0x61, 0x66, 0x74, 0x3A, 0x65, 0x6E, 0x74, 0x69, 0x74, 0x79, 0x2E, 0x62, 0x61, 0x62, 0x79, 0x5F, 0x77, 0x6F, 0x6C, 0x66, 0x2E, 0x73, 0x74, 0x65, 0x70, 0x08, 0x00, 0x0B, 0x77, 0x68, 0x69, 0x6E, 0x65, 0x5F, 0x73, 0x6F, 0x75, 0x6E, 0x64, 0x00, 0x20, 0x6D, 0x69, 0x6E, 0x65, 0x63, 0x72, 0x61, 0x66, 0x74, 0x3A, 0x65, 0x6E, 0x74, 0x69, 0x74, 0x79, 0x2E, 0x62, 0x61, 0x62, 0x79, 0x5F, 0x77, 0x6F, 0x6C, 0x66, 0x2E, 0x77, 0x68, 0x69, 0x6E, 0x65, 0x08, 0x00, 0x0B, 0x67, 0x72, 0x6F, 0x77, 0x6C, 0x5F, 0x73, 0x6F, 0x75, 0x6E, 0x64, 0x00, 0x20, 0x6D, 0x69, 0x6E, 0x65, 0x63, 0x72, 0x61, 0x66, 0x74, 0x3A, 0x65, 0x6E, 0x74, 0x69, 0x74, 0x79, 0x2E, 0x62, 0x61, 0x62, 0x79, 0x5F, 0x77, 0x6F, 0x6C, 0x66, 0x2E, 0x67, 0x72, 0x6F, 0x77, 0x6C, 0x08, 0x00, 0x0A, 0x70, 0x61, 0x6E, 0x74, 0x5F, 0x73, 0x6F, 0x75, 0x6E, 0x64, 0x00, 0x1F, 0x6D, 0x69, 0x6E, 0x65, 0x63, 0x72, 0x61, 0x66, 0x74, 0x3A, 0x65, 0x6E, 0x74, 0x69, 0x74, 0x79, 0x2E, 0x62, 0x61, 0x62, 0x79, 0x5F, 0x77, 0x6F, 0x6C, 0x66, 0x2E, 0x70, 0x61, 0x6E, 0x74, 0x00, 0x00, 0x10, 0x6D, 0x69, 0x6E, 0x65, 0x63, 0x72, 0x61, 0x66, 0x74, 0x3A, 0x70, 0x75, 0x67, 0x6C, 0x69, 0x6E, 0x01, 0x0A, 0x0A, 0x00, 0x0C, 0x61, 0x64, 0x75, 0x6C, 0x74, 0x5F, 0x73, 0x6F, 0x75, 0x6E, 0x64, 0x73, 0x08, 0x00, 0x0D, 0x61, 0x6D, 0x62, 0x69, 0x65, 0x6E, 0x74, 0x5F, 0x73, 0x6F, 0x75, 0x6E, 0x64, 0x00, 0x24, 0x6D, 0x69, 0x6E, 0x65, 0x63, 0x72, 0x61, 0x66, 0x74, 0x3A, 0x65, 0x6E, 0x74, 0x69, 0x74, 0x79, 0x2E, 0x77, 0x6F, 0x6C, 0x66, 0x5F, 0x70, 0x75, 0x67, 0x6C, 0x69, 0x6E, 0x2E, 0x61, 0x6D, 0x62, 0x69, 0x65, 0x6E, 0x74, 0x08, 0x00, 0x0A, 0x68, 0x75, 0x72, 0x74, 0x5F, 0x73, 0x6F, 0x75, 0x6E, 0x64, 0x00, 0x21, 0x6D, 0x69, 0x6E, 0x65, 0x63, 0x72, 0x61, 0x66, 0x74, 0x3A, 0x65, 0x6E, 0x74, 0x69, 0x74, 0x79, 0x2E, 0x77, 0x6F, 0x6C, 0x66, 0x5F, 0x70, 0x75, 0x67, 0x6C, 0x69, 0x6E, 0x2E, 0x68, 0x75, 0x72, 0x74, 0x08, 0x00, 0x0B, 0x64, 0x65, 0x61, 0x74, 0x68, 0x5F, 0x73, 0x6F, 0x75, 0x6E, 0x64, 0x00, 0x22, 0x6D, 0x69, 0x6E, 0x65, 0x63, 0x72, 0x61, 0x66, 0x74, 0x3A, 0x65, 0x6E, 0x74, 0x69, 0x74, 0x79, 0x2E, 0x77, 0x6F, 0x6C, 0x66, 0x5F, 0x70, 0x75, 0x67, 0x6C, 0x69, 0x6E, 0x2E, 0x64, 0x65, 0x61, 0x74, 0x68, 0x08, 0x00, 0x0A, 0x73, 0x74, 0x65, 0x70, 0x5F, 0x73, 0x6F, 0x75, 0x6E, 0x64, 0x00, 0x1A, 0x6D, 0x69, 0x6E, 0x65, 0x63, 0x72, 0x61, 0x66, 0x74, 0x3A, 0x65, 0x6E, 0x74, 0x69, 0x74, 0x79, 0x2E, 0x77, 0x6F, 0x6C, 0x66, 0x2E, 0x73, 0x74, 0x65, 0x70, 0x08, 0x00, 0x0B, 0x77, 0x68, 0x69, 0x6E, 0x65, 0x5F, 0x73, 0x6F, 0x75, 0x6E, 0x64, 0x00, 0x22, 0x6D, 0x69, 0x6E, 0x65, 0x63, 0x72, 0x61, 0x66, 0x74, 0x3A, 0x65, 0x6E, 0x74, 0x69, 0x74, 0x79, 0x2E, 0x77, 0x6F, 0x6C, 0x66, 0x5F, 0x70, 0x75, 0x67, 0x6C, 0x69, 0x6E, 0x2E, 0x77, 0x68, 0x69, 0x6E, 0x65, 0x08, 0x00, 0x0B, 0x67, 0x72, 0x6F, 0x77, 0x6C, 0x5F, 0x73, 0x6F, 0x75, 0x6E, 0x64, 0x00, 0x22, 0x6D, 0x69, 0x6E, 0x65, 0x63, 0x72, 0x61, 0x66, 0x74, 0x3A, 0x65, 0x6E, 0x74, 0x69, 0x74, 0x79, 0x2E, 0x77, 0x6F, 0x6C, 0x66, 0x5F, 0x70, 0x75, 0x67, 0x6C, 0x69, 0x6E, 0x2E, 0x67, 0x72, 0x6F, 0x77, 0x6C, 0x08, 0x00, 0x0A, 0x70, 0x61, 0x6E, 0x74, 0x5F, 0x73, 0x6F, 0x75, 0x6E, 0x64, 0x00, 0x21, 0x6D, 0x69, 0x6E, 0x65, 0x63, 0x72, 0x61, 0x66, 0x74, 0x3A, 0x65, 0x6E, 0x74, 0x69, 0x74, 0x79, 0x2E, 0x77, 0x6F, 0x6C, 0x66, 0x5F, 0x70, 0x75, 0x67, 0x6C, 0x69, 0x6E, 0x2E, 0x70, 0x61, 0x6E, 0x74, 0x00, 0x0A, 0x00, 0x0B, 0x62, 0x61, 0x62, 0x79, 0x5F, 0x73, 0x6F, 0x75, 0x6E, 0x64, 0x73, 0x08, 0x00, 0x0D, 0x61, 0x6D, 0x62, 0x69, 0x65, 0x6E, 0x74, 0x5F, 0x73, 0x6F, 0x75, 0x6E, 0x64, 0x00, 0x22, 0x6D, 0x69, 0x6E, 0x65, 0x63, 0x72, 0x61, 0x66, 0x74, 0x3A, 0x65, 0x6E, 0x74, 0x69, 0x74, 0x79, 0x2E, 0x62, 0x61, 0x62, 0x79, 0x5F, 0x77, 0x6F, 0x6C, 0x66, 0x2E, 0x61, 0x6D, 0x62, 0x69, 0x65, 0x6E, 0x74, 0x08, 0x00, 0x0A, 0x68, 0x75, 0x72, 0x74, 0x5F, 0x73, 0x6F, 0x75, 0x6E, 0x64, 0x00, 0x1F, 0x6D, 0x69, 0x6E, 0x65, 0x63, 0x72, 0x61, 0x66, 0x74, 0x3A, 0x65, 0x6E, 0x74, 0x69, 0x74, 0x79, 0x2E, 0x62, 0x61, 0x62, 0x79, 0x5F, 0x77, 0x6F, 0x6C, 0x66, 0x2E, 0x68, 0x75, 0x72, 0x74, 0x08, 0x00, 0x0B, 0x64, 0x65, 0x61, 0x74, 0x68, 0x5F, 0x73, 0x6F, 0x75, 0x6E, 0x64, 0x00, 0x20, 0x6D, 0x69, 0x6E, 0x65, 0x63, 0x72, 0x61, 0x66, 0x74, 0x3A, 0x65, 0x6E, 0x74, 0x69, 0x74, 0x79, 0x2E, 0x62, 0x61, 0x62, 0x79, 0x5F, 0x77, 0x6F, 0x6C, 0x66, 0x2E, 0x64, 0x65, 0x61, 0x74, 0x68, 0x08, 0x00, 0x0A, 0x73, 0x74, 0x65, 0x70, 0x5F, 0x73, 0x6F, 0x75, 0x6E, 0x64, 0x00, 0x1F, 0x6D, 0x69, 0x6E, 0x65, 0x63, 0x72, 0x61, 0x66, 0x74, 0x3A, 0x65, 0x6E, 0x74, 0x69, 0x74, 0x79, 0x2E, 0x62, 0x61, 0x62, 0x79, 0x5F, 0x77, 0x6F, 0x6C, 0x66, 0x2E, 0x73, 0x74, 0x65, 0x70, 0x08, 0x00, 0x0B, 0x77, 0x68, 0x69, 0x6E, 0x65, 0x5F, 0x73, 0x6F, 0x75, 0x6E, 0x64, 0x00, 0x20, 0x6D, 0x69, 0x6E, 0x65, 0x63, 0x72, 0x61, 0x66, 0x74, 0x3A, 0x65, 0x6E, 0x74, 0x69, 0x74, 0x79, 0x2E, 0x62, 0x61, 0x62, 0x79, 0x5F, 0x77, 0x6F, 0x6C, 0x66, 0x2E, 0x77, 0x68, 0x69, 0x6E, 0x65, 0x08, 0x00, 0x0B, 0x67, 0x72, 0x6F, 0x77, 0x6C, 0x5F, 0x73, 0x6F, 0x75, 0x6E, 0x64, 0x00, 0x20, 0x6D, 0x69, 0x6E, 0x65, 0x63, 0x72, 0x61, 0x66, 0x74, 0x3A, 0x65, 0x6E, 0x74, 0x69, 0x74, 0x79, 0x2E, 0x62, 0x61, 0x62, 0x79, 0x5F, 0x77, 0x6F, 0x6C, 0x66, 0x2E, 0x67, 0x72, 0x6F, 0x77, 0x6C, 0x08, 0x00, 0x0A, 0x70, 0x61, 0x6E, 0x74, 0x5F, 0x73, 0x6F, 0x75, 0x6E, 0x64, 0x00, 0x1F, 0x6D, 0x69, 0x6E, 0x65, 0x63, 0x72, 0x61, 0x66, 0x74, 0x3A, 0x65, 0x6E, 0x74, 0x69, 0x74, 0x79, 0x2E, 0x62, 0x61, 0x62, 0x79, 0x5F, 0x77, 0x6F, 0x6C, 0x66, 0x2E, 0x70, 0x61, 0x6E, 0x74, 0x00, 0x00, 0x0D, 0x6D, 0x69, 0x6E, 0x65, 0x63, 0x72, 0x61, 0x66, 0x74, 0x3A, 0x73, 0x61, 0x64, 0x01, 0x0A, 0x0A, 0x00, 0x0C, 0x61, 0x64, 0x75, 0x6C, 0x74, 0x5F, 0x73, 0x6F, 0x75, 0x6E, 0x64, 0x73, 0x08, 0x00, 0x0D, 0x61, 0x6D, 0x62, 0x69, 0x65, 0x6E, 0x74, 0x5F, 0x73, 0x6F, 0x75, 0x6E, 0x64, 0x00, 0x21, 0x6D, 0x69, 0x6E, 0x65, 0x63, 0x72, 0x61, 0x66, 0x74, 0x3A, 0x65, 0x6E, 0x74, 0x69, 0x74, 0x79, 0x2E, 0x77, 0x6F, 0x6C, 0x66, 0x5F, 0x73, 0x61, 0x64, 0x2E, 0x61, 0x6D, 0x62, 0x69, 0x65, 0x6E, 0x74, 0x08, 0x00, 0x0A, 0x68, 0x75, 0x72, 0x74, 0x5F, 0x73, 0x6F, 0x75, 0x6E, 0x64, 0x00, 0x1E, 0x6D, 0x69, 0x6E, 0x65, 0x63, 0x72, 0x61, 0x66, 0x74, 0x3A, 0x65, 0x6E, 0x74, 0x69, 0x74, 0x79, 0x2E, 0x77, 0x6F, 0x6C, 0x66, 0x5F, 0x73, 0x61, 0x64, 0x2E, 0x68, 0x75, 0x72, 0x74, 0x08, 0x00, 0x0B, 0x64, 0x65, 0x61, 0x74, 0x68, 0x5F, 0x73, 0x6F, 0x75, 0x6E, 0x64, 0x00, 0x1F, 0x6D, 0x69, 0x6E, 0x65, 0x63, 0x72, 0x61, 0x66, 0x74, 0x3A, 0x65, 0x6E, 0x74, 0x69, 0x74, 0x79, 0x2E, 0x77, 0x6F, 0x6C, 0x66, 0x5F, 0x73, 0x61, 0x64, 0x2E, 0x64, 0x65, 0x61, 0x74, 0x68, 0x08, 0x00, 0x0A, 0x73, 0x74, 0x65, 0x70, 0x5F, 0x73, 0x6F, 0x75, 0x6E, 0x64, 0x00, 0x1A, 0x6D, 0x69, 0x6E, 0x65, 0x63, 0x72, 0x61, 0x66, 0x74, 0x3A, 0x65, 0x6E, 0x74, 0x69, 0x74, 0x79, 0x2E, 0x77, 0x6F, 0x6C, 0x66, 0x2E, 0x73, 0x74, 0x65, 0x70, 0x08, 0x00, 0x0B, 0x77, 0x68, 0x69, 0x6E, 0x65, 0x5F, 0x73, 0x6F, 0x75, 0x6E, 0x64, 0x00, 0x1F, 0x6D, 0x69, 0x6E, 0x65, 0x63, 0x72, 0x61, 0x66, 0x74, 0x3A, 0x65, 0x6E, 0x74, 0x69, 0x74, 0x79, 0x2E, 0x77, 0x6F, 0x6C, 0x66, 0x5F, 0x73, 0x61, 0x64, 0x2E, 0x77, 0x68, 0x69, 0x6E, 0x65, 0x08, 0x00, 0x0B, 0x67, 0x72, 0x6F, 0x77, 0x6C, 0x5F, 0x73, 0x6F, 0x75, 0x6E, 0x64, 0x00, 0x1F, 0x6D, 0x69, 0x6E, 0x65, 0x63, 0x72, 0x61, 0x66, 0x74, 0x3A, 0x65, 0x6E, 0x74, 0x69, 0x74, 0x79, 0x2E, 0x77, 0x6F, 0x6C, 0x66, 0x5F, 0x73, 0x61, 0x64, 0x2E, 0x67, 0x72, 0x6F, 0x77, 0x6C, 0x08, 0x00, 0x0A, 0x70, 0x61, 0x6E, 0x74, 0x5F, 0x73, 0x6F, 0x75, 0x6E, 0x64, 0x00, 0x1E, 0x6D, 0x69, 0x6E, 0x65, 0x63, 0x72, 0x61, 0x66, 0x74, 0x3A, 0x65, 0x6E, 0x74, 0x69, 0x74, 0x79, 0x2E, 0x77, 0x6F, 0x6C, 0x66, 0x5F, 0x73, 0x61, 0x64, 0x2E, 0x70, 0x61, 0x6E, 0x74, 0x00, 0x0A, 0x00, 0x0B, 0x62, 0x61, 0x62, 0x79, 0x5F, 0x73, 0x6F, 0x75, 0x6E, 0x64, 0x73, 0x08, 0x00, 0x0D, 0x61, 0x6D, 0x62, 0x69, 0x65, 0x6E, 0x74, 0x5F, 0x73, 0x6F, 0x75, 0x6E, 0x64, 0x00, 0x22, 0x6D, 0x69, 0x6E, 0x65, 0x63, 0x72, 0x61, 0x66, 0x74, 0x3A, 0x65, 0x6E, 0x74, 0x69, 0x74, 0x79, 0x2E, 0x62, 0x61, 0x62, 0x79, 0x5F, 0x77, 0x6F, 0x6C, 0x66, 0x2E, 0x61, 0x6D, 0x62, 0x69, 0x65, 0x6E, 0x74, 0x08, 0x00, 0x0A, 0x68, 0x75, 0x72, 0x74, 0x5F, 0x73, 0x6F, 0x75, 0x6E, 0x64, 0x00, 0x1F, 0x6D, 0x69, 0x6E, 0x65, 0x63, 0x72, 0x61, 0x66, 0x74, 0x3A, 0x65, 0x6E, 0x74, 0x69, 0x74, 0x79, 0x2E, 0x62, 0x61, 0x62, 0x79, 0x5F, 0x77, 0x6F, 0x6C, 0x66, 0x2E, 0x68, 0x75, 0x72, 0x74, 0x08, 0x00, 0x0B, 0x64, 0x65, 0x61, 0x74, 0x68, 0x5F, 0x73, 0x6F, 0x75, 0x6E, 0x64, 0x00, 0x20, 0x6D, 0x69, 0x6E, 0x65, 0x63, 0x72, 0x61, 0x66, 0x74, 0x3A, 0x65, 0x6E, 0x74, 0x69, 0x74, 0x79, 0x2E, 0x62, 0x61, 0x62, 0x79, 0x5F, 0x77, 0x6F, 0x6C, 0x66, 0x2E, 0x64, 0x65, 0x61, 0x74, 0x68, 0x08, 0x00, 0x0A, 0x73, 0x74, 0x65, 0x70, 0x5F, 0x73, 0x6F, 0x75, 0x6E, 0x64, 0x00, 0x1F, 0x6D, 0x69, 0x6E, 0x65, 0x63, 0x72, 0x61, 0x66, 0x74, 0x3A, 0x65, 0x6E, 0x74, 0x69, 0x74, 0x79, 0x2E, 0x62, 0x61, 0x62, 0x79, 0x5F, 0x77, 0x6F, 0x6C, 0x66, 0x2E, 0x73, 0x74, 0x65, 0x70, 0x08, 0x00, 0x0B, 0x77, 0x68, 0x69, 0x6E, 0x65, 0x5F, 0x73, 0x6F, 0x75, 0x6E, 0x64, 0x00, 0x20, 0x6D, 0x69, 0x6E, 0x65, 0x63, 0x72, 0x61, 0x66, 0x74, 0x3A, 0x65, 0x6E, 0x74, 0x69, 0x74, 0x79, 0x2E, 0x62, 0x61, 0x62, 0x79, 0x5F, 0x77, 0x6F, 0x6C, 0x66, 0x2E, 0x77, 0x68, 0x69, 0x6E, 0x65, 0x08, 0x00, 0x0B, 0x67, 0x72, 0x6F, 0x77, 0x6C, 0x5F, 0x73, 0x6F, 0x75, 0x6E, 0x64, 0x00, 0x20, 0x6D, 0x69, 0x6E, 0x65, 0x63, 0x72, 0x61, 0x66, 0x74, 0x3A, 0x65, 0x6E, 0x74, 0x69, 0x74, 0x79, 0x2E, 0x62, 0x61, 0x62, 0x79, 0x5F, 0x77, 0x6F, 0x6C, 0x66, 0x2E, 0x67, 0x72, 0x6F, 0x77, 0x6C, 0x08, 0x00, 0x0A, 0x70, 0x61, 0x6E, 0x74, 0x5F, 0x73, 0x6F, 0x75, 0x6E, 0x64, 0x00, 0x1F, 0x6D, 0x69, 0x6E, 0x65, 0x63, 0x72, 0x61, 0x66, 0x74, 0x3A, 0x65, 0x6E, 0x74, 0x69, 0x74, 0x79, 0x2E, 0x62, 0x61, 0x62, 0x79, 0x5F, 0x77, 0x6F, 0x6C, 0x66, 0x2E, 0x70, 0x61, 0x6E, 0x74, 0x00, 0x00 };

inline constexpr uint8_t config_packet_09[] = { 0x85, 0x03, 0x07, 0x15, 0x6D, 0x69, 0x6E, 0x65, 0x63, 0x72, 0x61, 0x66, 0x74, 0x3A, 0x70, 0x69, 0x67, 0x5F, 0x76, 0x61, 0x72, 0x69, 0x61, 0x6E, 0x74, 0x03, 0x0E, 0x6D, 0x69, 0x6E, 0x65, 0x63, 0x72, 0x61, 0x66, 0x74, 0x3A, 0x63, 0x6F, 0x6C, 0x64, 0x01, 0x0A, 0x08, 0x00, 0x0D, 0x62, 0x61, 0x62, 0x79, 0x5F, 0x61, 0x73, 0x73, 0x65, 0x74, 0x5F, 0x69, 0x64, 0x00, 0x22, 0x6D, 0x69, 0x6E, 0x65, 0x63, 0x72, 0x61, 0x66, 0x74, 0x3A, 0x65, 0x6E, 0x74, 0x69, 0x74, 0x79, 0x2F, 0x70, 0x69, 0x67, 0x2F, 0x70, 0x69, 0x67, 0x5F, 0x63, 0x6F, 0x6C, 0x64, 0x5F, 0x62, 0x61, 0x62, 0x79, 0x08, 0x00, 0x05, 0x6D, 0x6F, 0x64, 0x65, 0x6C, 0x00, 0x04, 0x63, 0x6F, 0x6C, 0x64, 0x08, 0x00, 0x08, 0x61, 0x73, 0x73, 0x65, 0x74, 0x5F, 0x69, 0x64, 0x00, 0x1D, 0x6D, 0x69, 0x6E, 0x65, 0x63, 0x72, 0x61, 0x66, 0x74, 0x3A, 0x65, 0x6E, 0x74, 0x69, 0x74, 0x79, 0x2F, 0x70, 0x69, 0x67, 0x2F, 0x70, 0x69, 0x67, 0x5F, 0x63, 0x6F, 0x6C, 0x64, 0x00, 0x13, 0x6D, 0x69, 0x6E, 0x65, 0x63, 0x72, 0x61, 0x66, 0x74, 0x3A, 0x74, 0x65, 0x6D, 0x70, 0x65, 0x72, 0x61, 0x74, 0x65, 0x01, 0x0A, 0x08, 0x00, 0x0D, 0x62, 0x61, 0x62, 0x79, 0x5F, 0x61, 0x73, 0x73, 0x65, 0x74, 0x5F, 0x69, 0x64, 0x00, 0x27, 0x6D, 0x69, 0x6E, 0x65, 0x63, 0x72, 0x61, 0x66, 0x74, 0x3A, 0x65, 0x6E, 0x74, 0x69, 0x74, 0x79, 0x2F, 0x70, 0x69, 0x67, 0x2F, 0x70, 0x69, 0x67, 0x5F, 0x74, 0x65, 0x6D, 0x70, 0x65, 0x72, 0x61, 0x74, 0x65, 0x5F, 0x62, 0x61, 0x62, 0x79, 0x08, 0x00, 0x08, 0x61, 0x73, 0x73, 0x65, 0x74, 0x5F, 0x69, 0x64, 0x00, 0x22, 0x6D, 0x69, 0x6E, 0x65, 0x63, 0x72, 0x61, 0x66, 0x74, 0x3A, 0x65, 0x6E, 0x74, 0x69, 0x74, 0x79, 0x2F, 0x70, 0x69, 0x67, 0x2F, 0x70, 0x69, 0x67, 0x5F, 0x74, 0x65, 0x6D, 0x70, 0x65, 0x72, 0x61, 0x74, 0x65, 0x00, 0x0E, 0x6D, 0x69, 0x6E, 0x65, 0x63, 0x72, 0x61, 0x66, 0x74, 0x3A, 0x77, 0x61, 0x72, 0x6D, 0x01, 0x0A, 0x08, 0x00, 0x0D, 0x62, 0x61, 0x62, 0x79, 0x5F, 0x61, 0x73, 0x73, 0x65, 0x74, 0x5F, 0x69, 0x64, 0x00, 0x22, 0x6D, 0x69, 0x6E, 0x65, 0x63, 0x72, 0x61, 0x66, 0x74, 0x3A, 0x65, 0x6E, 0x74, 0x69, 0x74, 0x79, 0x2F, 0x70, 0x69, 0x67, 0x2F, 0x70, 0x69, 0x67, 0x5F, 0x77, 0x61, 0x72, 0x6D, 0x5F, 0x62, 0x61, 0x62, 0x79, 0x08, 0x00, 0x08, 0x61, 0x73, 0x73, 0x65, 0x74, 0x5F, 0x69, 0x64, 0x00, 0x1D, 0x6D, 0x69, 0x6E, 0x65, 0x63, 0x72, 0x61, 0x66, 0x74, 0x3A, 0x65, 0x6E, 0x74, 0x69, 0x74, 0x79, 0x2F, 0x70, 0x69, 0x67, 0x2F, 0x70, 0x69, 0x67, 0x5F, 0x77, 0x61, 0x72, 0x6D, 0x00 };

inline constexpr uint8_t config_packet_10[] = { 0xF6, 0x0B, 0x07, 0x1B, 0x6D, 0x69, 0x6E, 0x65, 0x63, 0x72, 0x61, 0x66, 0x74, 0x3A, 0x70, 0x69, 0x67, 0x5F, 0x73, 0x6F, 0x75, 0x6E, 0x64, 0x5F, 0x76, 0x61, 0x72, 0x69, 0x61, 0x6E, 0x74, 0x03, 0x0D, 0x6D, 0x69, 0x6E, 0x65, 0x63, 0x72, 0x61, 0x66, 0x74, 0x3A, 0x62, 0x69, 0x67, 0x01, 0x0A, 0x0A, 0x00, 0x0C, 0x61, 0x64, 0x75, 0x6C, 0x74, 0x5F, 0x73, 0x6F, 0x75, 0x6E, 0x64, 0x73, 0x08, 0x00, 0x09, 0x65, 0x61, 0x74, 0x5F, 0x73, 0x6F, 0x75, 0x6E, 0x64, 0x00, 0x1C, 0x6D, 0x69, 0x6E, 0x65, 0x63, 0x72, 0x61, 0x66, 0x74, 0x3A, 0x65, 0x6E, 0x74, 0x69, 0x74, 0x79, 0x2E, 0x70, 0x69, 0x67, 0x5F, 0x62, 0x69, 0x67, 0x2E, 0x65, 0x61, 0x74, 0x08, 0x00, 0x0D, 0x61, 0x6D, 0x62, 0x69, 0x65, 0x6E, 0x74, 0x5F, 0x73, 0x6F, 0x75, 0x6E, 0x64, 0x00, 0x20, 0x6D, 0x69, 0x6E, 0x65, 0x63, 0x72, 0x61, 0x66, 0x74, 0x3A, 0x65, 0x6E, 0x74, 0x69, 0x74, 0x79, 0x2E, 0x70, 0x69, 0x67, 0x5F, 0x62, 0x69, 0x67, 0x2E, 0x61, 0x6D, 0x62, 0x69, 0x65, 0x6E, 0x74, 0x08, 0x00, 0x0A, 0x68, 0x75, 0x72, 0x74, 0x5F, 0x73, 0x6F, 0x75, 0x6E, 0x64, 0x00, 0x1D, 0x6D, 0x69, 0x6E, 0x65, 0x63, 0x72, 0x61, 0x66, 0x74, 0x3A, 0x65, 0x6E, 0x74, 0x69, 0x74, 0x79, 0x2E, 0x70, 0x69, 0x67, 0x5F, 0x62, 0x69, 0x67, 0x2E, 0x68, 0x75, 0x72, 0x74, 0x08, 0x00, 0x0B, 0x64, 0x65, 0x61, 0x74, 0x68, 0x5F, 0x73, 0x6F, 0x75, 0x6E, 0x64, 0x00, 0x1E, 0x6D, 0x69, 0x6E, 0x65, 0x63, 0x72, 0x61, 0x66, 0x74, 0x3A, 0x65, 0x6E, 0x74, 0x69, 0x74, 0x79, 0x2E, 0x70, 0x69, 0x67, 0x5F, 0x62, 0x69, 0x67, 0x2E, 0x64, 0x65, 0x61, 0x74, 0x68, 0x08, 0x00, 0x0A, 0x73, 0x74, 0x65, 0x70, 0x5F, 0x73, 0x6F, 0x75, 0x6E, 0x64, 0x00, 0x19, 0x6D, 0x69, 0x6E, 0x65, 0x63, 0x72, 0x61, 0x66, 0x74, 0x3A, 0x65, 0x6E, 0x74, 0x69, 0x74, 0x79, 0x2E, 0x70, 0x69, 0x67, 0x2E, 0x73, 0x74, 0x65, 0x70, 0x00, 0x0A, 0x00, 0x0B, 0x62, 0x61, 0x62, 0x79, 0x5F, 0x73, 0x6F, 0x75, 0x6E, 0x64, 0x73, 0x08, 0x00, 0x09, 0x65, 0x61, 0x74, 0x5F, 0x73, 0x6F, 0x75, 0x6E, 0x64, 0x00, 0x1D, 0x6D, 0x69, 0x6E, 0x65, 0x63, 0x72, 0x61, 0x66, 0x74, 0x3A, 0x65, 0x6E, 0x74, 0x69, 0x74, 0x79, 0x2E, 0x62, 0x61, 0x62, 0x79, 0x5F, 0x70, 0x69, 0x67, 0x2E, 0x65, 0x61, 0x74, 0x08, 0x00, 0x0D, 0x61, 0x6D, 0x62, 0x69, 0x65, 0x6E, 0x74, 0x5F, 0x73, 0x6F, 0x75, 0x6E, 0x64, 0x00, 0x21, 0x6D, 0x69, 0x6E, 0x65, 0x63, 0x72, 0x61, 0x66, 0x74, 0x3A, 0x65, 0x6E, 0x74, 0x69, 0x74, 0x79, 0x2E, 0x62, 0x61, 0x62, 0x79, 0x5F, 0x70, 0x69, 0x67, 0x2E, 0x61, 0x6D, 0x62, 0x69, 0x65, 0x6E, 0x74, 0x08, 0x00, 0x0A, 0x68, 0x75, 0x72, 0x74, 0x5F, 0x73, 0x6F, 0x75, 0x6E, 0x64, 0x00, 0x1E, 0x6D, 0x69, 0x6E, 0x65, 0x63, 0x72, 0x61, 0x66, 0x74, 0x3A, 0x65, 0x6E, 0x74, 0x69, 0x74, 0x79, 0x2E, 0x62, 0x61, 0x62, 0x79, 0x5F, 0x70, 0x69, 0x67, 0x2E, 0x68, 0x75, 0x72, 0x74, 0x08, 0x00, 0x0B, 0x64, 0x65, 0x61, 0x74, 0x68, 0x5F, 0x73, 0x6F, 0x75, 0x6E, 0x64, 0x00, 0x1F, 0x6D, 0x69, 0x6E, 0x65, 0x63, 0x72, 0x61, 0x66, 0x74, 0x3A, 0x65, 0x6E, 0x74, 0x69, 0x74, 0x79, 0x2E, 0x62, 0x61, 0x62, 0x79, 0x5F, 0x70, 0x69, 0x67, 0x2E, 0x64, 0x65, 0x61, 0x74, 0x68, 0x08, 0x00, 0x0A, 0x73, 0x74, 0x65, 0x70, 0x5F, 0x73, 0x6F, 0x75, 0x6E, 0x64, 0x00, 0x1E, 0x6D, 0x69, 0x6E, 0x65, 0x63, 0x72, 0x61, 0x66, 0x74, 0x3A, 0x65, 0x6E, 0x74, 0x69, 0x74, 0x79, 0x2E, 0x62, 0x61, 0x62, 0x79, 0x5F, 0x70, 0x69, 0x67, 0x2E, 0x73, 0x74, 0x65, 0x70, 0x00, 0x00, 0x11, 0x6D, 0x69, 0x6E, 0x65, 0x63, 0x72, 0x61, 0x66, 0x74, 0x3A, 0x63, 0x6C, 0x61, 0x73, 0x73, 0x69, 0x63, 0x01, 0x0A, 0x0A, 0x00, 0x0C, 0x61, 0x64, 0x75, 0x6C, 0x74, 0x5F, 0x73, 0x6F, 0x75, 0x6E, 0x64, 0x73, 0x08, 0x00, 0x09, 0x65, 0x61, 0x74, 0x5F, 0x73, 0x6F, 0x75, 0x6E, 0x64, 0x00, 0x18, 0x6D, 0x69, 0x6E, 0x65, 0x63, 0x72, 0x61, 0x66, 0x74, 0x3A, 0x65, 0x6E, 0x74, 0x69, 0x74, 0x79, 0x2E, 0x70, 0x69, 0x67, 0x2E, 0x65, 0x61, 0x74, 0x08, 0x00, 0x0D, 0x61, 0x6D, 0x62, 0x69, 0x65, 0x6E, 0x74, 0x5F, 0x73, 0x6F, 0x75, 0x6E, 0x64, 0x00, 0x1C, 0x6D, 0x69, 0x6E, 0x65, 0x63, 0x72, 0x61, 0x66, 0x74, 0x3A, 0x65, 0x6E, 0x74, 0x69, 0x74, 0x79, 0x2E, 0x70, 0x69, 0x67, 0x2E, 0x61, 0x6D, 0x62, 0x69, 0x65, 0x6E, 0x74, 0x08, 0x00, 0x0A, 0x68, 0x75, 0x72, 0x74, 0x5F, 0x73, 0x6F, 0x75, 0x6E, 0x64, 0x00, 0x19, 0x6D, 0x69, 0x6E, 0x65, 0x63, 0x72, 0x61, 0x66, 0x74, 0x3A, 0x65, 0x6E, 0x74, 0x69, 0x74, 0x79, 0x2E, 0x70, 0x69, 0x67, 0x2E, 0x68, 0x75, 0x72, 0x74, 0x08, 0x00, 0x0B, 0x64, 0x65, 0x61, 0x74, 0x68, 0x5F, 0x73, 0x6F, 0x75, 0x6E, 0x64, 0x00, 0x1A, 0x6D, 0x69, 0x6E, 0x65, 0x63, 0x72, 0x61, 0x66, 0x74, 0x3A, 0x65, 0x6E, 0x74, 0x69, 0x74, 0x79, 0x2E, 0x70, 0x69, 0x67, 0x2E, 0x64, 0x65, 0x61, 0x74, 0x68, 0x08, 0x00, 0x0A, 0x73, 0x74, 0x65, 0x70, 0x5F, 0x73, 0x6F, 0x75, 0x6E, 0x64, 0x00, 0x19, 0x6D, 0x69, 0x6E, 0x65, 0x63, 0x72, 0x61, 0x66, 0x74, 0x3A, 0x65, 0x6E, 0x74, 0x69, 0x74, 0x79, 0x2E, 0x70, 0x69, 0x67, 0x2E, 0x73, 0x74, 0x65, 0x70, 0x00, 0x0A, 0x00, 0x0B, 0x62, 0x61, 0x62, 0x79, 0x5F, 0x73, 0x6F, 0x75, 0x6E, 0x64, 0x73, 0x08, 0x00, 0x09, 0x65, 0x61, 0x74, 0x5F, 0x73, 0x6F, 0x75, 0x6E, 0x64, 0x00, 0x1D, 0x6D, 0x69, 0x6E, 0x65, 0x63, 0x72, 0x61, 0x66, 0x74, 0x3A, 0x65, 0x6E, 0x74, 0x69, 0x74, 0x79, 0x2E, 0x62, 0x61, 0x62, 0x79, 0x5F, 0x70, 0x69, 0x67, 0x2E, 0x65, 0x61, 0x74, 0x08, 0x00, 0x0D, 0x61, 0x6D, 0x62, 0x69, 0x65, 0x6E, 0x74, 0x5F, 0x73, 0x6F, 0x75, 0x6E, 0x64, 0x00, 0x21, 0x6D, 0x69, 0x6E, 0x65, 0x63, 0x72, 0x61, 0x66, 0x74, 0x3A, 0x65, 0x6E, 0x74, 0x69, 0x74, 0x79, 0x2E, 0x62, 0x61, 0x62, 0x79, 0x5F, 0x70, 0x69, 0x67, 0x2E, 0x61, 0x6D, 0x62, 0x69, 0x65, 0x6E, 0x74, 0x08, 0x00, 0x0A, 0x68, 0x75, 0x72, 0x74, 0x5F, 0x73, 0x6F, 0x75, 0x6E, 0x64, 0x00, 0x1E, 0x6D, 0x69, 0x6E, 0x65, 0x63, 0x72, 0x61, 0x66, 0x74, 0x3A, 0x65, 0x6E, 0x74, 0x69, 0x74, 0x79, 0x2E, 0x62, 0x61, 0x62, 0x79, 0x5F, 0x70, 0x69, 0x67, 0x2E, 0x68, 0x75, 0x72, 0x74, 0x08, 0x00, 0x0B, 0x64, 0x65, 0x61, 0x74, 0x68, 0x5F, 0x73, 0x6F, 0x75, 0x6E, 0x64, 0x00, 0x1F, 0x6D, 0x69, 0x6E, 0x65, 0x63, 0x72, 0x61, 0x66, 0x74, 0x3A, 0x65, 0x6E, 0x74, 0x69, 0x74, 0x79, 0x2E, 0x62, 0x61, 0x62, 0x79, 0x5F, 0x70, 0x69, 0x67, 0x2E, 0x64, 0x65, 0x61, 0x74, 0x68, 0x08, 0x00, 0x0A, 0x73, 0x74, 0x65, 0x70, 0x5F, 0x73, 0x6F, 0x75, 0x6E, 0x64, 0x00, 0x1E, 0x6D, 0x69, 0x6E, 0x65, 0x63, 0x72, 0x61, 0x66, 0x74, 0x3A, 0x65, 0x6E, 0x74, 0x69, 0x74, 0x79, 0x2E, 0x62, 0x61, 0x62, 0x79, 0x5F, 0x70, 0x69, 0x67, 0x2E, 0x73, 0x74, 0x65, 0x70, 0x00, 0x00, 0x0E, 0x6D, 0x69, 0x6E, 0x65, 0x63, 0x72, 0x61, 0x66, 0x74, 0x3A, 0x6D, 0x69, 0x6E, 0x69, 0x01, 0x0A, 0x0A, 0x00, 0x0C, 0x61, 0x64, 0x75, 0x6C, 0x74, 0x5F, 0x73, 0x6F, 0x75, 0x6E, 0x64, 0x73, 0x08, 0x00, 0x09, 0x65, 0x61, 0x74, 0x5F, 0x73, 0x6F, 0x75, 0x6E, 0x64, 0x00, 0x1D, 0x6D, 0x69, 0x6E, 0x65, 0x63, 0x72, 0x61, 0x66, 0x74, 0x3A, 0x65, 0x6E, 0x74, 0x69, 0x74, 0x79, 0x2E, 0x70, 0x69, 0x67, 0x5F, 0x6D, 0x69, 0x6E, 0x69, 0x2E, 0x65, 0x61, 0x74, 0x08, 0x00, 0x0D, 0x61, 0x6D, 0x62, 0x69, 0x65, 0x6E, 0x74, 0x5F, 0x73, 0x6F, 0x75, 0x6E, 0x64, 0x00, 0x21, 0x6D, 0x69, 0x6E, 0x65, 0x63, 0x72, 0x61, 0x66, 0x74, 0x3A, 0x65, 0x6E, 0x74, 0x69, 0x74, 0x79, 0x2E, 0x70, 0x69, 0x67, 0x5F, 0x6D, 0x69, 0x6E, 0x69, 0x2E, 0x61, 0x6D, 0x62, 0x69, 0x65, 0x6E, 0x74, 0x08, 0x00, 0x0A, 0x68, 0x75, 0x72, 0x74, 0x5F, 0x73, 0x6F, 0x75, 0x6E, 0x64, 0x00, 0x1E, 0x6D, 0x69, 0x6E, 0x65, 0x63, 0x72, 0x61, 0x66, 0x74, 0x3A, 0x65, 0x6E, 0x74, 0x69, 0x74, 0x79, 0x2E, 0x70, 0x69, 0x67, 0x5F, 0x6D, 0x69, 0x6E, 0x69, 0x2E, 0x68, 0x75, 0x72, 0x74, 0x08, 0x00, 0x0B, 0x64, 0x65, 0x61, 0x74, 0x68, 0x5F, 0x73, 0x6F, 0x75, 0x6E, 0x64, 0x00, 0x1F, 0x6D, 0x69, 0x6E, 0x65, 0x63, 0x72, 0x61, 0x66, 0x74, 0x3A, 0x65, 0x6E, 0x74, 0x69, 0x74, 0x79, 0x2E, 0x70, 0x69, 0x67, 0x5F, 0x6D, 0x69, 0x6E, 0x69, 0x2E, 0x64, 0x65, 0x61, 0x74, 0x68, 0x08, 0x00, 0x0A, 0x73, 0x74, 0x65, 0x70, 0x5F, 0x73, 0x6F, 0x75, 0x6E, 0x64, 0x00, 0x19, 0x6D, 0x69, 0x6E, 0x65, 0x63, 0x72, 0x61, 0x66, 0x74, 0x3A, 0x65, 0x6E, 0x74, 0x69, 0x74, 0x79, 0x2E, 0x70, 0x69, 0x67, 0x2E, 0x73, 0x74, 0x65, 0x70, 0x00, 0x0A, 0x00, 0x0B, 0x62, 0x61, 0x62, 0x79, 0x5F, 0x73, 0x6F, 0x75, 0x6E, 0x64, 0x73, 0x08, 0x00, 0x09, 0x65, 0x61, 0x74, 0x5F, 0x73, 0x6F, 0x75, 0x6E, 0x64, 0x00, 0x1D, 0x6D, 0x69, 0x6E, 0x65, 0x63, 0x72, 0x61, 0x66, 0x74, 0x3A, 0x65, 0x6E, 0x74, 0x69, 0x74, 0x79, 0x2E, 0x62, 0x61, 0x62, 0x79, 0x5F, 0x70, 0x69, 0x67, 0x2E, 0x65, 0x61, 0x74, 0x08, 0x00, 0x0D, 0x61, 0x6D, 0x62, 0x69, 0x65, 0x6E, 0x74, 0x5F, 0x73, 0x6F, 0x75, 0x6E, 0x64, 0x00, 0x21, 0x6D, 0x69, 0x6E, 0x65, 0x63, 0x72, 0x61, 0x66, 0x74, 0x3A, 0x65, 0x6E, 0x74, 0x69, 0x74, 0x79, 0x2E, 0x62, 0x61, 0x62, 0x79, 0x5F, 0x70, 0x69, 0x67, 0x2E, 0x61, 0x6D, 0x62, 0x69, 0x65, 0x6E, 0x74, 0x08, 0x00, 0x0A, 0x68, 0x75, 0x72, 0x74, 0x5F, 0x73, 0x6F, 0x75, 0x6E, 0x64, 0x00, 0x1E, 0x6D, 0x69, 0x6E, 0x65, 0x63, 0x72, 0x61, 0x66, 0x74, 0x3A, 0x65, 0x6E, 0x74, 0x69, 0x74, 0x79, 0x2E, 0x62, 0x61, 0x62, 0x79, 0x5F, 0x70, 0x69, 0x67, 0x2E, 0x68, 0x75, 0x72, 0x74, 0x08, 0x00, 0x0B, 0x64, 0x65, 0x61, 0x74, 0x68, 0x5F, 0x73, 0x6F, 0x75, 0x6E, 0x64, 0x00, 0x1F, 0x6D, 0x69, 0x6E, 0x65, 0x63, 0x72, 0x61, 0x66, 0x74, 0x3A, 0x65, 0x6E, 0x74, 0x69, 0x74, 0x79, 0x2E, 0x62, 0x61, 0x62, 0x79, 0x5F, 0x70, 0x69, 0x67, 0x2E, 0x64, 0x65, 0x61, 0x74, 0x68, 0x08, 0x00, 0x0A, 0x73, 0x74, 0x65, 0x70, 0x5F, 0x73, 0x6F, 0x75, 0x6E, 0x64, 0x00, 0x1E, 0x6D, 0x69, 0x6E, 0x65, 0x63, 0x72, 0x61, 0x66, 0x74, 0x3A, 0x65, 0x6E, 0x74, 0x69, 0x74, 0x79, 0x2E, 0x62, 0x61, 0x62, 0x79, 0x5F, 0x70, 0x69, 0x67, 0x2E, 0x73, 0x74, 0x65, 0x70, 0x00, 0x00 };

inline constexpr uint8_t config_packet_11[] = { 0xDD, 0x01, 0x07, 0x16, 0x6D, 0x69, 0x6E, 0x65, 0x63, 0x72, 0x61, 0x66, 0x74, 0x3A, 0x66, 0x72, 0x6F, 0x67, 0x5F, 0x76, 0x61, 0x72, 0x69, 0x61, 0x6E, 0x74, 0x03, 0x0E, 0x6D, 0x69, 0x6E, 0x65, 0x63, 0x72, 0x61, 0x66, 0x74, 0x3A, 0x63, 0x6F, 0x6C, 0x64, 0x01, 0x0A, 0x08, 0x00, 0x08, 0x61, 0x73, 0x73, 0x65, 0x74, 0x5F, 0x69, 0x64, 0x00, 0x1F, 0x6D, 0x69, 0x6E, 0x65, 0x63, 0x72, 0x61, 0x66, 0x74, 0x3A, 0x65, 0x6E, 0x74, 0x69, 0x74, 0x79, 0x2F, 0x66, 0x72, 0x6F, 0x67, 0x2F, 0x66, 0x72, 0x6F, 0x67, 0x5F, 0x63, 0x6F, 0x6C, 0x64, 0x00, 0x13, 0x6D, 0x69, 0x6E, 0x65, 0x63, 0x72, 0x61, 0x66, 0x74, 0x3A, 0x74, 0x65, 0x6D, 0x70, 0x65, 0x72, 0x61, 0x74, 0x65, 0x01, 0x0A, 0x08, 0x00, 0x08, 0x61, 0x73, 0x73, 0x65, 0x74, 0x5F, 0x69, 0x64, 0x00, 0x24, 0x6D, 0x69, 0x6E, 0x65, 0x63, 0x72, 0x61, 0x66, 0x74, 0x3A, 0x65, 0x6E, 0x74, 0x69, 0x74, 0x79, 0x2F, 0x66, 0x72, 0x6F, 0x67, 0x2F, 0x66, 0x72, 0x6F, 0x67, 0x5F, 0x74, 0x65, 0x6D, 0x70, 0x65, 0x72, 0x61, 0x74, 0x65, 0x00, 0x0E, 0x6D, 0x69, 0x6E, 0x65, 0x63, 0x72, 0x61, 0x66, 0x74, 0x3A, 0x77, 0x61, 0x72, 0x6D, 0x01, 0x0A, 0x08, 0x00, 0x08, 0x61, 0x73, 0x73, 0x65, 0x74, 0x5F, 0x69, 0x64, 0x00, 0x1F, 0x6D, 0x69, 0x6E, 0x65, 0x63, 0x72, 0x61, 0x66, 0x74, 0x3A, 0x65, 0x6E, 0x74, 0x69, 0x74, 0x79, 0x2F, 0x66, 0x72, 0x6F, 0x67, 0x2F, 0x66, 0x72, 0x6F, 0x67, 0x5F, 0x77, 0x61, 0x72, 0x6D, 0x00 };

inline constexpr uint8_t config_packet_12[] = { 0xCB, 0x0A, 0x07, 0x15, 0x6D, 0x69, 0x6E, 0x65, 0x63, 0x72, 0x61, 0x66, 0x74, 0x3A, 0x63, 0x61, 0x74, 0x5F, 0x76, 0x61, 0x72, 0x69, 0x61, 0x6E, 0x74, 0x0B, 0x13, 0x6D, 0x69, 0x6E, 0x65, 0x63, 0x72, 0x61, 0x66, 0x74, 0x3A, 0x61, 0x6C, 0x6C, 0x5F, 0x62, 0x6C, 0x61, 0x63, 0x6B, 0x01, 0x0A, 0x08, 0x00, 0x0D, 0x62, 0x61, 0x62, 0x79, 0x5F, 0x61, 0x73, 0x73, 0x65, 0x74, 0x5F, 0x69, 0x64, 0x00, 0x27, 0x6D, 0x69, 0x6E, 0x65, 0x63, 0x72, 0x61, 0x66, 0x74, 0x3A, 0x65, 0x6E, 0x74, 0x69, 0x74, 0x79, 0x2F, 0x63, 0x61, 0x74, 0x2F, 0x63, 0x61, 0x74, 0x5F, 0x61, 0x6C, 0x6C, 0x5F, 0x62, 0x6C, 0x61, 0x63, 0x6B, 0x5F, 0x62, 0x61, 0x62, 0x79, 0x08, 0x00, 0x08, 0x61, 0x73, 0x73, 0x65, 0x74, 0x5F, 0x69, 0x64, 0x00, 0x22, 0x6D, 0x69, 0x6E, 0x65, 0x63, 0x72, 0x61, 0x66, 0x74, 0x3A, 0x65, 0x6E, 0x74, 0x69, 0x74, 0x79, 0x2F, 0x63, 0x61, 0x74, 0x2F, 0x63, 0x61, 0x74, 0x5F, 0x61, 0x6C, 0x6C, 0x5F, 0x62, 0x6C, 0x61, 0x63, 0x6B, 0x00, 0x0F, 0x6D, 0x69, 0x6E, 0x65, 0x63, 0x72, 0x61, 0x66, 0x74, 0x3A, 0x62, 0x6C, 0x61, 0x63, 0x6B, 0x01, 0x0A, 0x08, 0x00, 0x0D, 0x62, 0x61, 0x62, 0x79, 0x5F, 0x61, 0x73, 0x73, 0x65, 0x74, 0x5F, 0x69, 0x64, 0x00, 0x23, 0x6D, 0x69, 0x6E, 0x65, 0x63, 0x72, 0x61, 0x66, 0x74, 0x3A, 0x65, 0x6E, 0x74, 0x69, 0x74, 0x79, 0x2F, 0x63, 0x61, 0x74, 0x2F, 0x63, 0x61, 0x74, 0x5F, 0x62, 0x6C, 0x61, 0x63, 0x6B, 0x5F, 0x62, 0x61, 0x62, 0x79, 0x08, 0x00, 0x08, 0x61, 0x73, 0x73, 0x65, 0x74, 0x5F, 0x69, 0x64, 0x00, 0x1E, 0x6D, 0x69, 0x6E, 0x65, 0x63, 0x72, 0x61, 0x66, 0x74, 0x3A, 0x65, 0x6E, 0x74, 0x69, 0x74, 0x79, 0x2F, 0x63, 0x61, 0x74, 0x2F, 0x63, 0x61, 0x74, 0x5F, 0x62, 0x6C, 0x61, 0x63, 0x6B, 0x00, 0x1B, 0x6D, 0x69, 0x6E, 0x65, 0x63, 0x72, 0x61, 0x66, 0x74, 0x3A, 0x62, 0x72, 0x69, 0x74, 0x69, 0x73, 0x68, 0x5F, 0x73, 0x68, 0x6F, 0x72, 0x74, 0x68, 0x61, 0x69, 0x72, 0x01, 0x0A, 0x08, 0x00, 0x0D, 0x62, 0x61, 0x62, 0x79, 0x5F, 0x61, 0x73, 0x73, 0x65, 0x74, 0x5F, 0x69, 0x64, 0x00, 0x2F, 0x6D, 0x69, 0x6E, 0x65, 0x63, 0x72, 0x61, 0x66, 0x74, 0x3A, 0x65, 0x6E, 0x74, 0x69, 0x74, 0x79, 0x2F, 0x63, 0x61, 0x74, 0x2F, 0x63, 0x61, 0x74, 0x5F, 0x62, 0x72, 0x69, 0x74, 0x69, 0x73, 0x68, 0x5F, 0x73, 0x68, 0x6F, 0x72, 0x74, 0x68, 0x61, 0x69, 0x72, 0x5F, 0x62, 0x61, 0x62, 0x79, 0x08, 0x00, 0x08, 0x61, 0x73, 0x73, 0x65, 0x74, 0x5F, 0x69, 0x64, 0x00, 0x2A, 0x6D, 0x69, 0x6E, 0x65, 0x63, 0x72, 0x61, 0x66, 0x74, 0x3A, 0x65, 0x6E, 0x74, 0x69, 0x74, 0x79, 0x2F, 0x63, 0x61, 0x74, 0x2F, 0x63, 0x61, 0x74, 0x5F, 0x62, 0x72, 0x69, 0x74, 0x69, 0x73, 0x68, 0x5F, 0x73, 0x68, 0x6F, 0x72, 0x74, 0x68, 0x61, 0x69, 0x72, 0x00, 0x10, 0x6D, 0x69, 0x6E, 0x65, 0x63, 0x72, 0x61, 0x66, 0x74, 0x3A, 0x63, 0x61, 0x6C, 0x69, 0x63, 0x6F, 0x01, 0x0A, 0x08, 0x00, 0x0D, 0x62, 0x61, 0x62, 0x79, 0x5F, 0x61, 0x73, 0x73, 0x65, 0x74, 0x5F, 0x69, 0x64, 0x00, 0x24, 0x6D, 0x69, 0x6E, 0x65, 0x63, 0x72, 0x61, 0x66, 0x74, 0x3A, 0x65, 0x6E, 0x74, 0x69, 0x74, 0x79, 0x2F, 0x63, 0x61, 0x74, 0x2F, 0x63, 0x61, 0x74, 0x5F, 0x63, 0x61, 0x6C, 0x69, 0x63, 0x6F, 0x5F, 0x62, 0x61, 0x62, 0x79, 0x08, 0x00, 0x08, 0x61, 0x73, 0x73, 0x65, 0x74, 0x5F, 0x69, 0x64, 0x00, 0x1F, 0x6D, 0x69, 0x6E, 0x65, 0x63, 0x72, 0x61, 0x66, 0x74, 0x3A, 0x65, 0x6E, 0x74, 0x69, 0x74, 0x79, 0x2F, 0x63, 0x61, 0x74, 0x2F, 0x63, 0x61, 0x74, 0x5F, 0x63, 0x61, 0x6C, 0x69, 0x63, 0x6F, 0x00, 0x10, 0x6D, 0x69, 0x6E, 0x65, 0x63, 0x72, 0x61, 0x66, 0x74, 0x3A, 0x6A, 0x65, 0x6C, 0x6C, 0x69, 0x65, 0x01, 0x0A, 0x08, 0x00, 0x0D, 0x62, 0x61, 0x62, 0x79, 0x5F, 0x61, 0x73, 0x73, 0x65, 0x74, 0x5F, 0x69, 0x64, 0x00, 0x24, 0x6D, 0x69, 0x6E, 0x65, 0x63, 0x72, 0x61, 0x66, 0x74, 0x3A, 0x65, 0x6E, 0x74, 0x69, 0x74, 0x79, 0x2F, 0x63, 0x61, 0x74, 0x2F, 0x63, 0x61, 0x74, 0x5F, 0x6A, 0x65, 0x6C, 0x6C, 0x69, 0x65, 0x5F, 0x62, 0x61, 0x62, 0x79, 0x08, 0x00, 0x08, 0x61, 0x73, 0x73, 0x65, 0x74, 0x5F, 0x69, 0x64, 0x00, 0x1F, 0x6D, 0x69, 0x6E, 0x65, 0x63, 0x72, 0x61, 0x66, 0x74, 0x3A, 0x65, 0x6E, 0x74, 0x69, 0x74, 0x79, 0x2F, 0x63, 0x61, 0x74, 0x2F, 0x63, 0x61, 0x74, 0x5F, 0x6A, 0x65, 0x6C, 0x6C, 0x69, 0x65, 0x00, 0x11, 0x6D, 0x69, 0x6E, 0x65, 0x63, 0x72, 0x61, 0x66, 0x74, 0x3A, 0x70, 0x65, 0x72, 0x73, 0x69, 0x61, 0x6E, 0x01, 0x0A, 0x08, 0x00, 0x0D, 0x62, 0x61, 0x62, 0x79, 0x5F, 0x61, 0x73, 0x73, 0x65, 0x74, 0x5F, 0x69, 0x64, 0x00, 0x25, 0x6D, 0x69, 0x6E, 0x65, 0x63, 0x72, 0x61, 0x66, 0x74, 0x3A, 0x65, 0x6E, 0x74, 0x69, 0x74, 0x79, 0x2F, 0x63, 0x61, 0x74, 0x2F, 0x63, 0x61, 0x74, 0x5F, 0x70, 0x65, 0x72, 0x73, 0x69, 0x61, 0x6E, 0x5F, 0x62, 0x61, 0x62, 0x79, 0x08, 0x00, 0x08, 0x61, 0x73, 0x73, 0x65, 0x74, 0x5F, 0x69, 0x64, 0x00, 0x20, 0x6D, 0x69, 0x6E, 0x65, 0x63, 0x72, 0x61, 0x66, 0x74, 0x3A, 0x65, 0x6E, 0x74, 0x69, 0x74, 0x79, 0x2F, 0x63, 0x61, 0x74, 0x2F, 0x63, 0x61, 0x74, 0x5F, 0x70, 0x65, 0x72, 0x73, 0x69, 0x61, 0x6E, 0x00, 0x11, 0x6D, 0x69, 0x6E, 0x65, 0x63, 0x72, 0x61, 0x66, 0x74, 0x3A, 0x72, 0x61, 0x67, 0x64, 0x6F, 0x6C, 0x6C, 0x01, 0x0A, 0x08, 0x00, 0x0D, 0x62, 0x61, 0x62, 0x79, 0x5F, 0x61, 0x73, 0x73, 0x65, 0x74, 0x5F, 0x69, 0x64, 0x00, 0x25, 0x6D, 0x69, 0x6E, 0x65, 0x63, 0x72, 0x61, 0x66, 0x74, 0x3A, 0x65, 0x6E, 0x74, 0x69, 0x74, 0x79, 0x2F, 0x63, 0x61, 0x74, 0x2F, 0x63, 0x61, 0x74, 0x5F, 0x72, 0x61, 0x67, 0x64, 0x6F, 0x6C, 0x6C, 0x5F, 0x62, 0x61, 0x62, 0x79, 0x08, 0x00, 0x08, 0x61, 0x73, 0x73, 0x65, 0x74, 0x5F, 0x69, 0x64, 0x00, 0x20, 0x6D, 0x69, 0x6E, 0x65, 0x63, 0x72, 0x61, 0x66, 0x74, 0x3A, 0x65, 0x6E, 0x74, 0x69, 0x74, 0x79, 0x2F, 0x63, 0x61, 0x74, 0x2F, 0x63, 0x61, 0x74, 0x5F, 0x72, 0x61, 0x67, 0x64, 0x6F, 0x6C, 0x6C, 0x00, 0x0D, 0x6D, 0x69, 0x6E, 0x65, 0x63, 0x72, 0x61, 0x66, 0x74, 0x3A, 0x72, 0x65, 0x64, 0x01, 0x0A, 0x08, 0x00, 0x0D, 0x62, 0x61, 0x62, 0x79, 0x5F, 0x61, 0x73, 0x73, 0x65, 0x74, 0x5F, 0x69, 0x64, 0x00, 0x21, 0x6D, 0x69, 0x6E, 0x65, 0x63, 0x72, 0x61, 0x66, 0x74, 0x3A, 0x65, 0x6E, 0x74, 0x69, 0x74, 0x79, 0x2F, 0x63, 0x61, 0x74, 0x2F, 0x63, 0x61, 0x74, 0x5F, 0x72, 0x65, 0x64, 0x5F, 0x62, 0x61, 0x62, 0x79, 0x08, 0x00, 0x08, 0x61, 0x73, 0x73, 0x65, 0x74, 0x5F, 0x69, 0x64, 0x00, 0x1C, 0x6D, 0x69, 0x6E, 0x65, 0x63, 0x72, 0x61, 0x66, 0x74, 0x3A, 0x65, 0x6E, 0x74, 0x69, 0x74, 0x79, 0x2F, 0x63, 0x61, 0x74, 0x2F, 0x63, 0x61, 0x74, 0x5F, 0x72, 0x65, 0x64, 0x00, 0x11, 0x6D, 0x69, 0x6E, 0x65, 0x63, 0x72, 0x61, 0x66, 0x74, 0x3A, 0x73, 0x69, 0x61, 0x6D, 0x65, 0x73, 0x65, 0x01, 0x0A, 0x08, 0x00, 0x0D, 0x62, 0x61, 0x62, 0x79, 0x5F, 0x61, 0x73, 0x73, 0x65, 0x74, 0x5F, 0x69, 0x64, 0x00, 0x25, 0x6D, 0x69, 0x6E, 0x65, 0x63, 0x72, 0x61, 0x66, 0x74, 0x3A, 0x65, 0x6E, 0x74, 0x69, 0x74, 0x79, 0x2F, 0x63, 0x61, 0x74, 0x2F, 0x63, 0x61, 0x74, 0x5F, 0x73, 0x69, 0x61, 0x6D, 0x65, 0x73, 0x65, 0x5F, 0x62, 0x61, 0x62, 0x79, 0x08, 0x00, 0x08, 0x61, 0x73, 0x73, 0x65, 0x74, 0x5F, 0x69, 0x64, 0x00, 0x20, 0x6D, 0x69, 0x6E, 0x65, 0x63, 0x72, 0x61, 0x66, 0x74, 0x3A, 0x65, 0x6E, 0x74, 0x69, 0x74, 0x79, 0x2F, 0x63, 0x61, 0x74, 0x2F, 0x63, 0x61, 0x74, 0x5F, 0x73, 0x69, 0x61, 0x6D, 0x65, 0x73, 0x65, 0x00, 0x0F, 0x6D, 0x69, 0x6E, 0x65, 0x63, 0x72, 0x61, 0x66, 0x74, 0x3A, 0x74, 0x61, 0x62, 0x62, 0x79, 0x01, 0x0A, 0x08, 0x00, 0x0D, 0x62, 0x61, 0x62, 0x79, 0x5F, 0x61, 0x73, 0x73, 0x65, 0x74, 0x5F, 0x69, 0x64, 0x00, 0x23, 0x6D, 0x69, 0x6E, 0x65, 0x63, 0x72, 0x61, 0x66, 0x74, 0x3A, 0x65, 0x6E, 0x74, 0x69, 0x74, 0x79, 0x2F, 0x63, 0x61, 0x74, 0x2F, 0x63, 0x61, 0x74, 0x5F, 0x74, 0x61, 0x62, 0x62, 0x79, 0x5F, 0x62, 0x61, 0x62, 0x79, 0x08, 0x00, 0x08, 0x61, 0x73, 0x73, 0x65, 0x74, 0x5F, 0x69, 0x64, 0x00, 0x1E, 0x6D, 0x69, 0x6E, 0x65, 0x63, 0x72, 0x61, 0x66, 0x74, 0x3A, 0x65, 0x6E, 0x74, 0x69, 0x74, 0x79, 0x2F, 0x63, 0x61, 0x74, 0x2F, 0x63, 0x61, 0x74, 0x5F, 0x74, 0x61, 0x62, 0x62, 0x79, 0x00, 0x0F, 0x6D, 0x69, 0x6E, 0x65, 0x63, 0x72, 0x61, 0x66, 0x74, 0x3A, 0x77, 0x68, 0x69, 0x74, 0x65, 0x01, 0x0A, 0x08, 0x00, 0x0D, 0x62, 0x61, 0x62, 0x79, 0x5F, 0x61, 0x73, 0x73, 0x65, 0x74, 0x5F, 0x69, 0x64, 0x00, 0x23, 0x6D, 0x69, 0x6E, 0x65, 0x63, 0x72, 0x61, 0x66, 0x74, 0x3A, 0x65, 0x6E, 0x74, 0x69, 0x74, 0x79, 0x2F, 0x63, 0x61, 0x74, 0x2F, 0x63, 0x61, 0x74, 0x5F, 0x77, 0x68, 0x69, 0x74, 0x65, 0x5F, 0x62, 0x61, 0x62, 0x79, 0x08, 0x00, 0x08, 0x61, 0x73, 0x73, 0x65, 0x74, 0x5F, 0x69, 0x64, 0x00, 0x1E, 0x6D, 0x69, 0x6E, 0x65, 0x63, 0x72, 0x61, 0x66, 0x74, 0x3A, 0x65, 0x6E, 0x74, 0x69, 0x74, 0x79, 0x2F, 0x63, 0x61, 0x74, 0x2F, 0x63, 0x61, 0x74, 0x5F, 0x77, 0x68, 0x69, 0x74, 0x65, 0x00 };

inline constexpr uint8_t config_packet_13[] = { 0xEC, 0x0E, 0x07, 0x1B, 0x6D, 0x69, 0x6E, 0x65, 0x63, 0x72, 0x61, 0x66, 0x74, 0x3A, 0x63, 0x61, 0x74, 0x5F, 0x73, 0x6F, 0x75, 0x6E, 0x64, 0x5F, 0x76, 0x61, 0x72, 0x69, 0x61, 0x6E, 0x74, 0x02, 0x11, 0x6D, 0x69, 0x6E, 0x65, 0x63, 0x72, 0x61, 0x66, 0x74, 0x3A, 0x63, 0x6C, 0x61, 0x73, 0x73, 0x69, 0x63, 0x01, 0x0A, 0x0A, 0x00, 0x0C, 0x61, 0x64, 0x75, 0x6C, 0x74, 0x5F, 0x73, 0x6F, 0x75, 0x6E, 0x64, 0x73, 0x08, 0x00, 0x0A, 0x68, 0x69, 0x73, 0x73, 0x5F, 0x73, 0x6F, 0x75, 0x6E, 0x64, 0x00, 0x19, 0x6D, 0x69, 0x6E, 0x65, 0x63, 0x72, 0x61, 0x66, 0x74, 0x3A, 0x65, 0x6E, 0x74, 0x69, 0x74, 0x79, 0x2E, 0x63, 0x61, 0x74, 0x2E, 0x68, 0x69, 0x73, 0x73, 0x08, 0x00, 0x09, 0x65, 0x61, 0x74, 0x5F, 0x73, 0x6F, 0x75, 0x6E, 0x64, 0x00, 0x18, 0x6D, 0x69, 0x6E, 0x65, 0x63, 0x72, 0x61, 0x66, 0x74, 0x3A, 0x65, 0x6E, 0x74, 0x69, 0x74, 0x79, 0x2E, 0x63, 0x61, 0x74, 0x2E, 0x65, 0x61, 0x74, 0x08, 0x00, 0x0D, 0x70, 0x75, 0x72, 0x72, 0x65, 0x6F, 0x77, 0x5F, 0x73, 0x6F, 0x75, 0x6E, 0x64, 0x00, 0x1C, 0x6D, 0x69, 0x6E, 0x65, 0x63, 0x72, 0x61, 0x66, 0x74, 0x3A, 0x65, 0x6E, 0x74, 0x69, 0x74, 0x79, 0x2E, 0x63, 0x61, 0x74, 0x2E, 0x70, 0x75, 0x72, 0x72, 0x65, 0x6F, 0x77, 0x08, 0x00, 0x0D, 0x61, 0x6D, 0x62, 0x69, 0x65, 0x6E, 0x74, 0x5F, 0x73, 0x6F, 0x75, 0x6E, 0x64, 0x00, 0x1C, 0x6D, 0x69, 0x6E, 0x65, 0x63, 0x72, 0x61, 0x66, 0x74, 0x3A, 0x65, 0x6E, 0x74, 0x69, 0x74, 0x79, 0x2E, 0x63, 0x61, 0x74, 0x2E, 0x61, 0x6D, 0x62, 0x69, 0x65, 0x6E, 0x74, 0x08, 0x00, 0x0A, 0x68, 0x75, 0x72, 0x74, 0x5F, 0x73, 0x6F, 0x75, 0x6E, 0x64, 0x00, 0x19, 0x6D, 0x69, 0x6E, 0x65, 0x63, 0x72, 0x61, 0x66, 0x74, 0x3A, 0x65, 0x6E, 0x74, 0x69, 0x74, 0x79, 0x2E, 0x63, 0x61, 0x74, 0x2E, 0x68, 0x75, 0x72, 0x74, 0x08, 0x00, 0x0B, 0x64, 0x65, 0x61, 0x74, 0x68, 0x5F, 0x73, 0x6F, 0x75, 0x6E, 0x64, 0x00, 0x1A, 0x6D, 0x69, 0x6E, 0x65, 0x63, 0x72, 0x61, 0x66, 0x74, 0x3A, 0x65, 0x6E, 0x74, 0x69, 0x74, 0x79, 0x2E, 0x63, 0x61, 0x74, 0x2E, 0x64, 0x65, 0x61, 0x74, 0x68, 0x08, 0x00, 0x12, 0x62, 0x65, 0x67, 0x5F, 0x66, 0x6F, 0x72, 0x5F, 0x66, 0x6F, 0x6F, 0x64, 0x5F, 0x73, 0x6F, 0x75, 0x6E, 0x64, 0x00, 0x21, 0x6D, 0x69, 0x6E, 0x65, 0x63, 0x72, 0x61, 0x66, 0x74, 0x3A, 0x65, 0x6E, 0x74, 0x69, 0x74, 0x79, 0x2E, 0x63, 0x61, 0x74, 0x2E, 0x62, 0x65, 0x67, 0x5F, 0x66, 0x6F, 0x72, 0x5F, 0x66, 0x6F, 0x6F, 0x64, 0x08, 0x00, 0x0A, 0x70, 0x75, 0x72, 0x72, 0x5F, 0x73, 0x6F, 0x75, 0x6E, 0x64, 0x00, 0x19, 0x6D, 0x69, 0x6E, 0x65, 0x63, 0x72, 0x61, 0x66, 0x74, 0x3A, 0x65, 0x6E, 0x74, 0x69, 0x74, 0x79, 0x2E, 0x63, 0x61, 0x74, 0x2E, 0x70, 0x75, 0x72, 0x72, 0x08, 0x00, 0x13, 0x73, 0x74, 0x72, 0x61, 0x79, 0x5F, 0x61, 0x6D, 0x62, 0x69, 0x65, 0x6E, 0x74, 0x5F, 0x73, 0x6F, 0x75, 0x6E, 0x64, 0x00, 0x22, 0x6D, 0x69, 0x6E, 0x65, 0x63, 0x72, 0x61, 0x66, 0x74, 0x3A, 0x65, 0x6E, 0x74, 0x69, 0x74, 0x79, 0x2E, 0x63, 0x61, 0x74, 0x2E, 0x73, 0x74, 0x72, 0x61, 0x79, 0x5F, 0x61, 0x6D, 0x62, 0x69, 0x65, 0x6E, 0x74, 0x00, 0x0A, 0x00, 0x0B, 0x62, 0x61, 0x62, 0x79, 0x5F, 0x73, 0x6F, 0x75, 0x6E, 0x64, 0x73, 0x08, 0x00, 0x0A, 0x68, 0x69, 0x73, 0x73, 0x5F, 0x73, 0x6F, 0x75, 0x6E, 0x64, 0x00, 0x1E, 0x6D, 0x69, 0x6E, 0x65, 0x63, 0x72, 0x61, 0x66, 0x74, 0x3A, 0x65, 0x6E, 0x74, 0x69, 0x74, 0x79, 0x2E, 0x62, 0x61, 0x62, 0x79, 0x5F, 0x63, 0x61, 0x74, 0x2E, 0x68, 0x69, 0x73, 0x73, 0x08, 0x00, 0x09, 0x65, 0x61, 0x74, 0x5F, 0x73, 0x6F, 0x75, 0x6E, 0x64, 0x00, 0x1D, 0x6D, 0x69, 0x6E, 0x65, 0x63, 0x72, 0x61, 0x66, 0x74, 0x3A, 0x65, 0x6E, 0x74, 0x69, 0x74, 0x79, 0x2E, 0x62, 0x61, 0x62, 0x79, 0x5F, 0x63, 0x61, 0x74, 0x2E, 0x65, 0x61, 0x74, 0x08, 0x00, 0x0D, 0x70, 0x75, 0x72, 0x72, 0x65, 0x6F, 0x77, 0x5F, 0x73, 0x6F, 0x75, 0x6E, 0x64, 0x00, 0x21, 0x6D, 0x69, 0x6E, 0x65, 0x63, 0x72, 0x61, 0x66, 0x74, 0x3A, 0x65, 0x6E, 0x74, 0x69, 0x74, 0x79, 0x2E, 0x62, 0x61, 0x62, 0x79, 0x5F, 0x63, 0x61, 0x74, 0x2E, 0x70, 0x75, 0x72, 0x72, 0x65, 0x6F, 0x77, 0x08, 0x00, 0x0D, 0x61, 0x6D, 0x62, 0x69, 0x65, 0x6E, 0x74, 0x5F, 0x73, 0x6F, 0x75, 0x6E, 0x64, 0x00, 0x21, 0x6D, 0x69, 0x6E, 0x65, 0x63, 0x72, 0x61, 0x66, 0x74, 0x3A, 0x65, 0x6E, 0x74, 0x69, 0x74, 0x79, 0x2E, 0x62, 0x61, 0x62, 0x79, 0x5F, 0x63, 0x61, 0x74, 0x2E, 0x61, 0x6D, 0x62, 0x69, 0x65, 0x6E, 0x74, 0x08, 0x00, 0x0A, 0x68, 0x75, 0x72, 0x74, 0x5F, 0x73, 0x6F, 0x75, 0x6E, 0x64, 0x00, 0x1E, 0x6D, 0x69, 0x6E, 0x65, 0x63, 0x72, 0x61, 0x66, 0x74, 0x3A, 0x65, 0x6E, 0x74, 0x69, 0x74, 0x79, 0x2E, 0x62, 0x61, 0x62, 0x79, 0x5F, 0x63, 0x61, 0x74, 0x2E, 0x68, 0x75, 0x72, 0x74, 0x08, 0x00, 0x0B, 0x64, 0x65, 0x61, 0x74, 0x68, 0x5F, 0x73, 0x6F, 0x75, 0x6E, 0x64, 0x00, 0x1F, 0x6D, 0x69, 0x6E, 0x65, 0x63, 0x72, 0x61, 0x66, 0x74, 0x3A, 0x65, 0x6E, 0x74, 0x69, 0x74, 0x79, 0x2E, 0x62, 0x61, 0x62, 0x79, 0x5F, 0x63, 0x61, 0x74, 0x2E, 0x64, 0x65, 0x61, 0x74, 0x68, 0x08, 0x00, 0x12, 0x62, 0x65, 0x67, 0x5F, 0x66, 0x6F, 0x72, 0x5F, 0x66, 0x6F, 0x6F, 0x64, 0x5F, 0x73, 0x6F, 0x75, 0x6E, 0x64, 0x00, 0x26, 0x6D, 0x69, 0x6E, 0x65, 0x63, 0x72, 0x61, 0x66, 0x74, 0x3A, 0x65, 0x6E, 0x74, 0x69, 0x74, 0x79, 0x2E, 0x62, 0x61, 0x62, 0x79, 0x5F, 0x63, 0x61, 0x74, 0x2E, 0x62, 0x65, 0x67, 0x5F, 0x66, 0x6F, 0x72, 0x5F, 0x66, 0x6F, 0x6F, 0x64, 0x08, 0x00, 0x0A, 0x70, 0x75, 0x72, 0x72, 0x5F, 0x73, 0x6F, 0x75, 0x6E, 0x64, 0x00, 0x1E, 0x6D, 0x69, 0x6E, 0x65, 0x63, 0x72, 0x61, 0x66, 0x74, 0x3A, 0x65, 0x6E, 0x74, 0x69, 0x74, 0x79, 0x2E, 0x62, 0x61, 0x62, 0x79, 0x5F, 0x63, 0x61, 0x74, 0x2E, 0x70, 0x75, 0x72, 0x72, 0x08, 0x00, 0x13, 0x73, 0x74, 0x72, 0x61, 0x79, 0x5F, 0x61, 0x6D, 0x62, 0x69, 0x65, 0x6E, 0x74, 0x5F, 0x73, 0x6F, 0x75, 0x6E, 0x64, 0x00, 0x27, 0x6D, 0x69, 0x6E, 0x65, 0x63, 0x72, 0x61, 0x66, 0x74, 0x3A, 0x65, 0x6E, 0x74, 0x69, 0x74, 0x79, 0x2E, 0x62, 0x61, 0x62, 0x79, 0x5F, 0x63, 0x61, 0x74, 0x2E, 0x73, 0x74, 0x72, 0x61, 0x79, 0x5F, 0x61, 0x6D, 0x62, 0x69, 0x65, 0x6E, 0x74, 0x00, 0x00, 0x0F, 0x6D, 0x69, 0x6E, 0x65, 0x63, 0x72, 0x61, 0x66, 0x74, 0x3A, 0x72, 0x6F, 0x79, 0x61, 0x6C, 0x01, 0x0A, 0x0A, 0x00, 0x0C, 0x61, 0x64, 0x75, 0x6C, 0x74, 0x5F, 0x73, 0x6F, 0x75, 0x6E, 0x64, 0x73, 0x08, 0x00, 0x0A, 0x68, 0x69, 0x73, 0x73, 0x5F, 0x73, 0x6F, 0x75, 0x6E, 0x64, 0x00, 0x1F, 0x6D, 0x69, 0x6E, 0x65, 0x63, 0x72, 0x61, 0x66, 0x74, 0x3A, 0x65, 0x6E, 0x74, 0x69, 0x74, 0x79, 0x2E, 0x63, 0x61, 0x74, 0x5F, 0x72, 0x6F, 0x79, 0x61, 0x6C, 0x2E, 0x68, 0x69, 0x73, 0x73, 0x08, 0x00, 0x09, 0x65, 0x61, 0x74, 0x5F, 0x73, 0x6F, 0x75, 0x6E, 0x64, 0x00, 0x1E, 0x6D, 0x69, 0x6E, 0x65, 0x63, 0x72, 0x61, 0x66, 0x74, 0x3A, 0x65, 0x6E, 0x74, 0x69, 0x74, 0x79, 0x2E, 0x63, 0x61, 0x74, 0x5F, 0x72, 0x6F, 0x79, 0x61, 0x6C, 0x2E, 0x65, 0x61, 0x74, 0x08, 0x00, 0x0D, 0x70, 0x75, 0x72, 0x72, 0x65, 0x6F, 0x77, 0x5F, 0x73, 0x6F, 0x75, 0x6E, 0x64, 0x00, 0x22, 0x6D, 0x69, 0x6E, 0x65, 0x63, 0x72, 0x61, 0x66, 0x74, 0x3A, 0x65, 0x6E, 0x74, 0x69, 0x74, 0x79, 0x2E, 0x63, 0x61, 0x74, 0x5F, 0x72, 0x6F, 0x79, 0x61, 0x6C, 0x2E, 0x70, 0x75, 0x72, 0x72, 0x65, 0x6F, 0x77, 0x08, 0x00, 0x0D, 0x61, 0x6D, 0x62, 0x69, 0x65, 0x6E, 0x74, 0x5F, 0x73, 0x6F, 0x75, 0x6E, 0x64, 0x00, 0x22, 0x6D, 0x69, 0x6E, 0x65, 0x63, 0x72, 0x61, 0x66, 0x74, 0x3A, 0x65, 0x6E, 0x74, 0x69, 0x74, 0x79, 0x2E, 0x63, 0x61, 0x74, 0x5F, 0x72, 0x6F, 0x79, 0x61, 0x6C, 0x2E, 0x61, 0x6D, 0x62, 0x69, 0x65, 0x6E, 0x74, 0x08, 0x00, 0x0A, 0x68, 0x75, 0x72, 0x74, 0x5F, 0x73, 0x6F, 0x75, 0x6E, 0x64, 0x00, 0x1F, 0x6D, 0x69, 0x6E, 0x65, 0x63, 0x72, 0x61, 0x66, 0x74, 0x3A, 0x65, 0x6E, 0x74, 0x69, 0x74, 0x79, 0x2E, 0x63, 0x61, 0x74, 0x5F, 0x72, 0x6F, 0x79, 0x61, 0x6C, 0x2E, 0x68, 0x75, 0x72, 0x74, 0x08, 0x00, 0x0B, 0x64, 0x65, 0x61, 0x74, 0x68, 0x5F, 0x73, 0x6F, 0x75, 0x6E, 0x64, 0x00, 0x20, 0x6D, 0x69, 0x6E, 0x65, 0x63, 0x72, 0x61, 0x66, 0x74, 0x3A, 0x65, 0x6E, 0x74, 0x69, 0x74, 0x79, 0x2E, 0x63, 0x61, 0x74, 0x5F, 0x72, 0x6F, 0x79, 0x61, 0x6C, 0x2E, 0x64, 0x65, 0x61, 0x74, 0x68, 0x08, 0x00, 0x12, 0x62, 0x65, 0x67, 0x5F, 0x66, 0x6F, 0x72, 0x5F, 0x66, 0x6F, 0x6F, 0x64, 0x5F, 0x73, 0x6F, 0x75, 0x6E, 0x64, 0x00, 0x27, 0x6D, 0x69, 0x6E, 0x65, 0x63, 0x72, 0x61, 0x66, 0x74, 0x3A, 0x65, 0x6E, 0x74, 0x69, 0x74, 0x79, 0x2E, 0x63, 0x61, 0x74, 0x5F, 0x72, 0x6F, 0x79, 0x61, 0x6C, 0x2E, 0x62, 0x65, 0x67, 0x5F, 0x66, 0x6F, 0x72, 0x5F, 0x66, 0x6F, 0x6F, 0x64, 0x08, 0x00, 0x0A, 0x70, 0x75, 0x72, 0x72, 0x5F, 0x73, 0x6F, 0x75, 0x6E, 0x64, 0x00, 0x1F, 0x6D, 0x69, 0x6E, 0x65, 0x63, 0x72, 0x61, 0x66, 0x74, 0x3A, 0x65, 0x6E, 0x74, 0x69, 0x74, 0x79, 0x2E, 0x63, 0x61, 0x74, 0x5F, 0x72, 0x6F, 0x79, 0x61, 0x6C, 0x2E, 0x70, 0x75, 0x72, 0x72, 0x08, 0x00, 0x13, 0x73, 0x74, 0x72, 0x61, 0x79, 0x5F, 0x61, 0x6D, 0x62, 0x69, 0x65, 0x6E, 0x74, 0x5F, 0x73, 0x6F, 0x75, 0x6E, 0x64, 0x00, 0x28, 0x6D, 0x69, 0x6E, 0x65, 0x63, 0x72, 0x61, 0x66, 0x74, 0x3A, 0x65, 0x6E, 0x74, 0x69, 0x74, 0x79, 0x2E, 0x63, 0x61, 0x74, 0x5F, 0x72, 0x6F, 0x79, 0x61, 0x6C, 0x2E, 0x73, 0x74, 0x72, 0x61, 0x79, 0x5F, 0x61, 0x6D, 0x62, 0x69, 0x65, 0x6E, 0x74, 0x00, 0x0A, 0x00, 0x0B, 0x62, 0x61, 0x62, 0x79, 0x5F, 0x73, 0x6F, 0x75, 0x6E, 0x64, 0x73, 0x08, 0x00, 0x0A, 0x68, 0x69, 0x73, 0x73, 0x5F, 0x73, 0x6F, 0x75, 0x6E, 0x64, 0x00, 0x1E, 0x6D, 0x69, 0x6E, 0x65, 0x63, 0x72, 0x61, 0x66, 0x74, 0x3A, 0x65, 0x6E, 0x74, 0x69, 0x74, 0x79, 0x2E, 0x62, 0x61, 0x62, 0x79, 0x5F, 0x63, 0x61, 0x74, 0x2E, 0x68, 0x69, 0x73, 0x73, 0x08, 0x00, 0x09, 0x65, 0x61, 0x74, 0x5F, 0x73, 0x6F, 0x75, 0x6E, 0x64, 0x00, 0x1D, 0x6D, 0x69, 0x6E, 0x65, 0x63, 0x72, 0x61, 0x66, 0x74, 0x3A, 0x65, 0x6E, 0x74, 0x69, 0x74, 0x79, 0x2E, 0x62, 0x61, 0x62, 0x79, 0x5F, 0x63, 0x61, 0x74, 0x2E, 0x65, 0x61, 0x74, 0x08, 0x00, 0x0D, 0x70, 0x75, 0x72, 0x72, 0x65, 0x6F, 0x77, 0x5F, 0x73, 0x6F, 0x75, 0x6E, 0x64, 0x00, 0x21, 0x6D, 0x69, 0x6E, 0x65, 0x63, 0x72, 0x61, 0x66, 0x74, 0x3A, 0x65, 0x6E, 0x74, 0x69, 0x74, 0x79, 0x2E, 0x62, 0x61, 0x62, 0x79, 0x5F, 0x63, 0x61, 0x74, 0x2E, 0x70, 0x75, 0x72, 0x72, 0x65, 0x6F, 0x77, 0x08, 0x00, 0x0D, 0x61, 0x6D, 0x62, 0x69, 0x65, 0x6E, 0x74, 0x5F, 0x73, 0x6F, 0x75, 0x6E, 0x64, 0x00, 0x21, 0x6D, 0x69, 0x6E, 0x65, 0x63, 0x72, 0x61, 0x66, 0x74, 0x3A, 0x65, 0x6E, 0x74, 0x69, 0x74, 0x79, 0x2E, 0x62, 0x61, 0x62, 0x79, 0x5F, 0x63, 0x61, 0x74, 0x2E, 0x61, 0x6D, 0x62, 0x69, 0x65, 0x6E, 0x74, 0x08, 0x00, 0x0A, 0x68, 0x75, 0x72, 0x74, 0x5F, 0x73, 0x6F, 0x75, 0x6E, 0x64, 0x00, 0x1E, 0x6D, 0x69, 0x6E, 0x65, 0x63, 0x72, 0x61, 0x66, 0x74, 0x3A, 0x65, 0x6E, 0x74, 0x69, 0x74, 0x79, 0x2E, 0x62, 0x61, 0x62, 0x79, 0x5F, 0x63, 0x61, 0x74, 0x2E, 0x68, 0x75, 0x72, 0x74, 0x08, 0x00, 0x0B, 0x64, 0x65, 0x61, 0x74, 0x68, 0x5F, 0x73, 0x6F, 0x75, 0x6E, 0x64, 0x00, 0x1F, 0x6D, 0x69, 0x6E, 0x65, 0x63, 0x72, 0x61, 0x66, 0x74, 0x3A, 0x65, 0x6E, 0x74, 0x69, 0x74, 0x79, 0x2E, 0x62, 0x61, 0x62, 0x79, 0x5F, 0x63, 0x61, 0x74, 0x2E, 0x64, 0x65, 0x61, 0x74, 0x68, 0x08, 0x00, 0x12, 0x62, 0x65, 0x67, 0x5F, 0x66, 0x6F, 0x72, 0x5F, 0x66, 0x6F, 0x6F, 0x64, 0x5F, 0x73, 0x6F, 0x75, 0x6E, 0x64, 0x00, 0x26, 0x6D, 0x69, 0x6E, 0x65, 0x63, 0x72, 0x61, 0x66, 0x74, 0x3A, 0x65, 0x6E, 0x74, 0x69, 0x74, 0x79, 0x2E, 0x62, 0x61, 0x62, 0x79, 0x5F, 0x63, 0x61, 0x74, 0x2E, 0x62, 0x65, 0x67, 0x5F, 0x66, 0x6F, 0x72, 0x5F, 0x66, 0x6F, 0x6F, 0x64, 0x08, 0x00, 0x0A, 0x70, 0x75, 0x72, 0x72, 0x5F, 0x73, 0x6F, 0x75, 0x6E, 0x64, 0x00, 0x1E, 0x6D, 0x69, 0x6E, 0x65, 0x63, 0x72, 0x61, 0x66, 0x74, 0x3A, 0x65, 0x6E, 0x74, 0x69, 0x74, 0x79, 0x2E, 0x62, 0x61, 0x62, 0x79, 0x5F, 0x63, 0x61, 0x74, 0x2E, 0x70, 0x75, 0x72, 0x72, 0x08, 0x00, 0x13, 0x73, 0x74, 0x72, 0x61, 0x79, 0x5F, 0x61, 0x6D, 0x62, 0x69, 0x65, 0x6E, 0x74, 0x5F, 0x73, 0x6F, 0x75, 0x6E, 0x64, 0x00, 0x27, 0x6D, 0x69, 0x6E, 0x65, 0x63, 0x72, 0x61, 0x66, 0x74, 0x3A, 0x65, 0x6E, 0x74, 0x69, 0x74, 0x79, 0x2E, 0x62, 0x61, 0x62, 0x79, 0x5F, 0x63, 0x61, 0x74, 0x2E, 0x73, 0x74, 0x72, 0x61, 0x79, 0x5F, 0x61, 0x6D, 0x62, 0x69, 0x65, 0x6E, 0x74, 0x00, 0x00 };

inline constexpr uint8_t config_packet_14[] = { 0xAE, 0x03, 0x07, 0x1B, 0x6D, 0x69, 0x6E, 0x65, 0x63, 0x72, 0x61, 0x66, 0x74, 0x3A, 0x63, 0x6F, 0x77, 0x5F, 0x73, 0x6F, 0x75, 0x6E, 0x64, 0x5F, 0x76, 0x61, 0x72, 0x69, 0x61, 0x6E, 0x74, 0x02, 0x11, 0x6D, 0x69, 0x6E, 0x65, 0x63, 0x72, 0x61, 0x66, 0x74, 0x3A, 0x63, 0x6C, 0x61, 0x73, 0x73, 0x69, 0x63, 0x01, 0x0A, 0x08, 0x00, 0x0D, 0x61, 0x6D, 0x62, 0x69, 0x65, 0x6E, 0x74, 0x5F, 0x73, 0x6F, 0x75, 0x6E, 0x64, 0x00, 0x1C, 0x6D, 0x69, 0x6E, 0x65, 0x63, 0x72, 0x61, 0x66, 0x74, 0x3A, 0x65, 0x6E, 0x74, 0x69, 0x74, 0x79, 0x2E, 0x63, 0x6F, 0x77, 0x2E, 0x61, 0x6D, 0x62, 0x69, 0x65, 0x6E, 0x74, 0x08, 0x00, 0x0A, 0x68, 0x75, 0x72, 0x74, 0x5F, 0x73, 0x6F, 0x75, 0x6E, 0x64, 0x00, 0x19, 0x6D, 0x69, 0x6E, 0x65, 0x63, 0x72, 0x61, 0x66, 0x74, 0x3A, 0x65, 0x6E, 0x74, 0x69, 0x74, 0x79, 0x2E, 0x63, 0x6F, 0x77, 0x2E, 0x68, 0x75, 0x72, 0x74, 0x08, 0x00, 0x0B, 0x64, 0x65, 0x61, 0x74, 0x68, 0x5F, 0x73, 0x6F, 0x75, 0x6E, 0x64, 0x00, 0x1A, 0x6D, 0x69, 0x6E, 0x65, 0x63, 0x72, 0x61, 0x66, 0x74, 0x3A, 0x65, 0x6E, 0x74, 0x69, 0x74, 0x79, 0x2E, 0x63, 0x6F, 0x77, 0x2E, 0x64, 0x65, 0x61, 0x74, 0x68, 0x08, 0x00, 0x0A, 0x73, 0x74, 0x65, 0x70, 0x5F, 0x73, 0x6F, 0x75, 0x6E, 0x64, 0x00, 0x19, 0x6D, 0x69, 0x6E, 0x65, 0x63, 0x72, 0x61, 0x66, 0x74, 0x3A, 0x65, 0x6E, 0x74, 0x69, 0x74, 0x79, 0x2E, 0x63, 0x6F, 0x77, 0x2E, 0x73, 0x74, 0x65, 0x70, 0x00, 0x0F, 0x6D, 0x69, 0x6E, 0x65, 0x63, 0x72, 0x61, 0x66, 0x74, 0x3A, 0x6D, 0x6F, 0x6F, 0x64, 0x79, 0x01, 0x0A, 0x08, 0x00, 0x0D, 0x61, 0x6D, 0x62, 0x69, 0x65, 0x6E, 0x74, 0x5F, 0x73, 0x6F, 0x75, 0x6E, 0x64, 0x00, 0x22, 0x6D, 0x69, 0x6E, 0x65, 0x63, 0x72, 0x61, 0x66, 0x74, 0x3A, 0x65, 0x6E, 0x74, 0x69, 0x74, 0x79, 0x2E, 0x63, 0x6F, 0x77, 0x5F, 0x6D, 0x6F, 0x6F, 0x64, 0x79, 0x2E, 0x61, 0x6D, 0x62, 0x69, 0x65, 0x6E, 0x74, 0x08, 0x00, 0x0A, 0x68, 0x75, 0x72, 0x74, 0x5F, 0x73, 0x6F, 0x75, 0x6E, 0x64, 0x00, 0x1F, 0x6D, 0x69, 0x6E, 0x65, 0x63, 0x72, 0x61, 0x66, 0x74, 0x3A, 0x65, 0x6E, 0x74, 0x69, 0x74, 0x79, 0x2E, 0x63, 0x6F, 0x77, 0x5F, 0x6D, 0x6F, 0x6F, 0x64, 0x79, 0x2E, 0x68, 0x75, 0x72, 0x74, 0x08, 0x00, 0x0B, 0x64, 0x65, 0x61, 0x74, 0x68, 0x5F, 0x73, 0x6F, 0x75, 0x6E, 0x64, 0x00, 0x20, 0x6D, 0x69, 0x6E, 0x65, 0x63, 0x72, 0x61, 0x66, 0x74, 0x3A, 0x65, 0x6E, 0x74, 0x69, 0x74, 0x79, 0x2E, 0x63, 0x6F, 0x77, 0x5F, 0x6D, 0x6F, 0x6F, 0x64, 0x79, 0x2E, 0x64, 0x65, 0x61, 0x74, 0x68, 0x08, 0x00, 0x0A, 0x73, 0x74, 0x65, 0x70, 0x5F, 0x73, 0x6F, 0x75, 0x6E, 0x64, 0x00, 0x1F, 0x6D, 0x69, 0x6E, 0x65, 0x63, 0x72, 0x61, 0x66, 0x74, 0x3A, 0x65, 0x6E, 0x74, 0x69, 0x74, 0x79, 0x2E, 0x63, 0x6F, 0x77, 0x5F, 0x6D, 0x6F, 0x6F, 0x64, 0x79, 0x2E, 0x73, 0x74, 0x65, 0x70, 0x00 };

inline constexpr uint8_t config_packet_15[] = { 0x93, 0x03, 0x07, 0x15, 0x6D, 0x69, 0x6E, 0x65, 0x63, 0x72, 0x61, 0x66, 0x74, 0x3A, 0x63, 0x6F, 0x77, 0x5F, 0x76, 0x61, 0x72, 0x69, 0x61, 0x6E, 0x74, 0x03, 0x0E, 0x6D, 0x69, 0x6E, 0x65, 0x63, 0x72, 0x61, 0x66, 0x74, 0x3A, 0x63, 0x6F, 0x6C, 0x64, 0x01, 0x0A, 0x08, 0x00, 0x0D, 0x62, 0x61, 0x62, 0x79, 0x5F, 0x61, 0x73, 0x73, 0x65, 0x74, 0x5F, 0x69, 0x64, 0x00, 0x22, 0x6D, 0x69, 0x6E, 0x65, 0x63, 0x72, 0x61, 0x66, 0x74, 0x3A, 0x65, 0x6E, 0x74, 0x69, 0x74, 0x79, 0x2F, 0x63, 0x6F, 0x77, 0x2F, 0x63, 0x6F, 0x77, 0x5F, 0x63, 0x6F, 0x6C, 0x64, 0x5F, 0x62, 0x61, 0x62, 0x79, 0x08, 0x00, 0x05, 0x6D, 0x6F, 0x64, 0x65, 0x6C, 0x00, 0x04, 0x63, 0x6F, 0x6C, 0x64, 0x08, 0x00, 0x08, 0x61, 0x73, 0x73, 0x65, 0x74, 0x5F, 0x69, 0x64, 0x00, 0x1D, 0x6D, 0x69, 0x6E, 0x65, 0x63, 0x72, 0x61, 0x66, 0x74, 0x3A, 0x65, 0x6E, 0x74, 0x69, 0x74, 0x79, 0x2F, 0x63, 0x6F, 0x77, 0x2F, 0x63, 0x6F, 0x77, 0x5F, 0x63, 0x6F, 0x6C, 0x64, 0x00, 0x13, 0x6D, 0x69, 0x6E, 0x65, 0x63, 0x72, 0x61, 0x66, 0x74, 0x3A, 0x74, 0x65, 0x6D, 0x70, 0x65, 0x72, 0x61, 0x74, 0x65, 0x01, 0x0A, 0x08, 0x00, 0x0D, 0x62, 0x61, 0x62, 0x79, 0x5F, 0x61, 0x73, 0x73, 0x65, 0x74, 0x5F, 0x69, 0x64, 0x00, 0x27, 0x6D, 0x69, 0x6E, 0x65, 0x63, 0x72, 0x61, 0x66, 0x74, 0x3A, 0x65, 0x6E, 0x74, 0x69, 0x74, 0x79, 0x2F, 0x63, 0x6F, 0x77, 0x2F, 0x63, 0x6F, 0x77, 0x5F, 0x74, 0x65, 0x6D, 0x70, 0x65, 0x72, 0x61, 0x74, 0x65, 0x5F, 0x62, 0x61, 0x62, 0x79, 0x08, 0x00, 0x08, 0x61, 0x73, 0x73, 0x65, 0x74, 0x5F, 0x69, 0x64, 0x00, 0x22, 0x6D, 0x69, 0x6E, 0x65, 0x63, 0x72, 0x61, 0x66, 0x74, 0x3A, 0x65, 0x6E, 0x74, 0x69, 0x74, 0x79, 0x2F, 0x63, 0x6F, 0x77, 0x2F, 0x63, 0x6F, 0x77, 0x5F, 0x74, 0x65, 0x6D, 0x70, 0x65, 0x72, 0x61, 0x74, 0x65, 0x00, 0x0E, 0x6D, 0x69, 0x6E, 0x65, 0x63, 0x72, 0x61, 0x66, 0x74, 0x3A, 0x77, 0x61, 0x72, 0x6D, 0x01, 0x0A, 0x08, 0x00, 0x0D, 0x62, 0x61, 0x62, 0x79, 0x5F, 0x61, 0x73, 0x73, 0x65, 0x74, 0x5F, 0x69, 0x64, 0x00, 0x22, 0x6D, 0x69, 0x6E, 0x65, 0x63, 0x72, 0x61, 0x66, 0x74, 0x3A, 0x65, 0x6E, 0x74, 0x69, 0x74, 0x79, 0x2F, 0x63, 0x6F, 0x77, 0x2F, 0x63, 0x6F, 0x77, 0x5F, 0x77, 0x61, 0x72, 0x6D, 0x5F, 0x62, 0x61, 0x62, 0x79, 0x08, 0x00, 0x05, 0x6D, 0x6F, 0x64, 0x65, 0x6C, 0x00, 0x04, 0x77, 0x61, 0x72, 0x6D, 0x08, 0x00, 0x08, 0x61, 0x73, 0x73, 0x65, 0x74, 0x5F, 0x69, 0x64, 0x00, 0x1D, 0x6D, 0x69, 0x6E, 0x65, 0x63, 0x72, 0x61, 0x66, 0x74, 0x3A, 0x65, 0x6E, 0x74, 0x69, 0x74, 0x79, 0x2F, 0x63, 0x6F, 0x77, 0x2F, 0x63, 0x6F, 0x77, 0x5F, 0x77, 0x61, 0x72, 0x6D, 0x00 };

inline constexpr uint8_t config_packet_16[] = { 0xA2, 0x07, 0x07, 0x1F, 0x6D, 0x69, 0x6E, 0x65, 0x63, 0x72, 0x61, 0x66, 0x74, 0x3A, 0x63, 0x68, 0x69, 0x63, 0x6B, 0x65, 0x6E, 0x5F, 0x73, 0x6F, 0x75, 0x6E, 0x64, 0x5F, 0x76, 0x61, 0x72, 0x69, 0x61, 0x6E, 0x74, 0x02, 0x11, 0x6D, 0x69, 0x6E, 0x65, 0x63, 0x72, 0x61, 0x66, 0x74, 0x3A, 0x63, 0x6C, 0x61, 0x73, 0x73, 0x69, 0x63, 0x01, 0x0A, 0x0A, 0x00, 0x0C, 0x61, 0x64, 0x75, 0x6C, 0x74, 0x5F, 0x73, 0x6F, 0x75, 0x6E, 0x64, 0x73, 0x08, 0x00, 0x0D, 0x61, 0x6D, 0x62, 0x69, 0x65, 0x6E, 0x74, 0x5F, 0x73, 0x6F, 0x75, 0x6E, 0x64, 0x00, 0x20, 0x6D, 0x69, 0x6E, 0x65, 0x63, 0x72, 0x61, 0x66, 0x74, 0x3A, 0x65, 0x6E, 0x74, 0x69, 0x74, 0x79, 0x2E, 0x63, 0x68, 0x69, 0x63, 0x6B, 0x65, 0x6E, 0x2E, 0x61, 0x6D, 0x62, 0x69, 0x65, 0x6E, 0x74, 0x08, 0x00, 0x0A, 0x68, 0x75, 0x72, 0x74, 0x5F, 0x73, 0x6F, 0x75, 0x6E, 0x64, 0x00, 0x1D, 0x6D, 0x69, 0x6E, 0x65, 0x63, 0x72, 0x61, 0x66, 0x74, 0x3A, 0x65, 0x6E, 0x74, 0x69, 0x74, 0x79, 0x2E, 0x63, 0x68, 0x69, 0x63, 0x6B, 0x65, 0x6E, 0x2E, 0x68, 0x75, 0x72, 0x74, 0x08, 0x00, 0x0B, 0x64, 0x65, 0x61, 0x74, 0x68, 0x5F, 0x73, 0x6F, 0x75, 0x6E, 0x64, 0x00, 0x1E, 0x6D, 0x69, 0x6E, 0x65, 0x63, 0x72, 0x61, 0x66, 0x74, 0x3A, 0x65, 0x6E, 0x74, 0x69, 0x74, 0x79, 0x2E, 0x63, 0x68, 0x69, 0x63, 0x6B, 0x65, 0x6E, 0x2E, 0x64, 0x65, 0x61, 0x74, 0x68, 0x08, 0x00, 0x0A, 0x73, 0x74, 0x65, 0x70, 0x5F, 0x73, 0x6F, 0x75, 0x6E, 0x64, 0x00, 0x1D, 0x6D, 0x69, 0x6E, 0x65, 0x63, 0x72, 0x61, 0x66, 0x74, 0x3A, 0x65, 0x6E, 0x74, 0x69, 0x74, 0x79, 0x2E, 0x63, 0x68, 0x69, 0x63, 0x6B, 0x65, 0x6E, 0x2E, 0x73, 0x74, 0x65, 0x70, 0x00, 0x0A, 0x00, 0x0B, 0x62, 0x61, 0x62, 0x79, 0x5F, 0x73, 0x6F, 0x75, 0x6E, 0x64, 0x73, 0x08, 0x00, 0x0D, 0x61, 0x6D, 0x62, 0x69, 0x65, 0x6E, 0x74, 0x5F, 0x73, 0x6F, 0x75, 0x6E, 0x64, 0x00, 0x25, 0x6D, 0x69, 0x6E, 0x65, 0x63, 0x72, 0x61, 0x66, 0x74, 0x3A, 0x65, 0x6E, 0x74, 0x69, 0x74, 0x79, 0x2E, 0x62, 0x61, 0x62, 0x79, 0x5F, 0x63, 0x68, 0x69, 0x63, 0x6B, 0x65, 0x6E, 0x2E, 0x61, 0x6D, 0x62, 0x69, 0x65, 0x6E, 0x74, 0x08, 0x00, 0x0A, 0x68, 0x75, 0x72, 0x74, 0x5F, 0x73, 0x6F, 0x75, 0x6E, 0x64, 0x00, 0x22, 0x6D, 0x69, 0x6E, 0x65, 0x63, 0x72, 0x61, 0x66, 0x74, 0x3A, 0x65, 0x6E, 0x74, 0x69, 0x74, 0x79, 0x2E, 0x62, 0x61, 0x62, 0x79, 0x5F, 0x63, 0x68, 0x69, 0x63, 0x6B, 0x65, 0x6E, 0x2E, 0x68, 0x75, 0x72, 0x74, 0x08, 0x00, 0x0B, 0x64, 0x65, 0x61, 0x74, 0x68, 0x5F, 0x73, 0x6F, 0x75, 0x6E, 0x64, 0x00, 0x23, 0x6D, 0x69, 0x6E, 0x65, 0x63, 0x72, 0x61, 0x66, 0x74, 0x3A, 0x65, 0x6E, 0x74, 0x69, 0x74, 0x79, 0x2E, 0x62, 0x61, 0x62, 0x79, 0x5F, 0x63, 0x68, 0x69, 0x63, 0x6B, 0x65, 0x6E, 0x2E, 0x64, 0x65, 0x61, 0x74, 0x68, 0x08, 0x00, 0x0A, 0x73, 0x74, 0x65, 0x70, 0x5F, 0x73, 0x6F, 0x75, 0x6E, 0x64, 0x00, 0x22, 0x6D, 0x69, 0x6E, 0x65, 0x63, 0x72, 0x61, 0x66, 0x74, 0x3A, 0x65, 0x6E, 0x74, 0x69, 0x74, 0x79, 0x2E, 0x62, 0x61, 0x62, 0x79, 0x5F, 0x63, 0x68, 0x69, 0x63, 0x6B, 0x65, 0x6E, 0x2E, 0x73, 0x74, 0x65, 0x70, 0x00, 0x00, 0x0F, 0x6D, 0x69, 0x6E, 0x65, 0x63, 0x72, 0x61, 0x66, 0x74, 0x3A, 0x70, 0x69, 0x63, 0x6B, 0x79, 0x01, 0x0A, 0x0A, 0x00, 0x0C, 0x61, 0x64, 0x75, 0x6C, 0x74, 0x5F, 0x73, 0x6F, 0x75, 0x6E, 0x64, 0x73, 0x08, 0x00, 0x0D, 0x61, 0x6D, 0x62, 0x69, 0x65, 0x6E, 0x74, 0x5F, 0x73, 0x6F, 0x75, 0x6E, 0x64, 0x00, 0x26, 0x6D, 0x69, 0x6E, 0x65, 0x63, 0x72, 0x61, 0x66, 0x74, 0x3A, 0x65, 0x6E, 0x74, 0x69, 0x74, 0x79, 0x2E, 0x63, 0x68, 0x69, 0x63, 0x6B, 0x65, 0x6E, 0x5F, 0x70, 0x69, 0x63, 0x6B, 0x79, 0x2E, 0x61, 0x6D, 0x62, 0x69, 0x65, 0x6E, 0x74, 0x08, 0x00, 0x0A, 0x68, 0x75, 0x72, 0x74, 0x5F, 0x73, 0x6F, 0x75, 0x6E, 0x64, 0x00, 0x23, 0x6D, 0x69, 0x6E, 0x65, 0x63, 0x72, 0x61, 0x66, 0x74, 0x3A, 0x65, 0x6E, 0x74, 0x69, 0x74, 0x79, 0x2E, 0x63, 0x68, 0x69, 0x63, 0x6B, 0x65, 0x6E, 0x5F, 0x70, 0x69, 0x63, 0x6B, 0x79, 0x2E, 0x68, 0x75, 0x72, 0x74, 0x08, 0x00, 0x0B, 0x64, 0x65, 0x61, 0x74, 0x68, 0x5F, 0x73, 0x6F, 0x75, 0x6E, 0x64, 0x00, 0x24, 0x6D, 0x69, 0x6E, 0x65, 0x63, 0x72, 0x61, 0x66, 0x74, 0x3A, 0x65, 0x6E, 0x74, 0x69, 0x74, 0x79, 0x2E, 0x63, 0x68, 0x69, 0x63, 0x6B, 0x65, 0x6E, 0x5F, 0x70, 0x69, 0x63, 0x6B, 0x79, 0x2E, 0x64, 0x65, 0x61, 0x74, 0x68, 0x08, 0x00, 0x0A, 0x73, 0x74, 0x65, 0x70, 0x5F, 0x73, 0x6F, 0x75, 0x6E, 0x64, 0x00, 0x1D, 0x6D, 0x69, 0x6E, 0x65, 0x63, 0x72, 0x61, 0x66, 0x74, 0x3A, 0x65, 0x6E, 0x74, 0x69, 0x74, 0x79, 0x2E, 0x63, 0x68, 0x69, 0x63, 0x6B, 0x65, 0x6E, 0x2E, 0x73, 0x74, 0x65, 0x70, 0x00, 0x0A, 0x00, 0x0B, 0x62, 0x61, 0x62, 0x79, 0x5F, 0x73, 0x6F, 0x75, 0x6E, 0x64, 0x73, 0x08, 0x00, 0x0D, 0x61, 0x6D, 0x62, 0x69, 0x65, 0x6E, 0x74, 0x5F, 0x73, 0x6F, 0x75, 0x6E, 0x64, 0x00, 0x25, 0x6D, 0x69, 0x6E, 0x65, 0x63, 0x72, 0x61, 0x66, 0x74, 0x3A, 0x65, 0x6E, 0x74, 0x69, 0x74, 0x79, 0x2E, 0x62, 0x61, 0x62, 0x79, 0x5F, 0x63, 0x68, 0x69, 0x63, 0x6B, 0x65, 0x6E, 0x2E, 0x61, 0x6D, 0x62, 0x69, 0x65, 0x6E, 0x74, 0x08, 0x00, 0x0A, 0x68, 0x75, 0x72, 0x74, 0x5F, 0x73, 0x6F, 0x75, 0x6E, 0x64, 0x00, 0x22, 0x6D, 0x69, 0x6E, 0x65, 0x63, 0x72, 0x61, 0x66, 0x74, 0x3A, 0x65, 0x6E, 0x74, 0x69, 0x74, 0x79, 0x2E, 0x62, 0x61, 0x62, 0x79, 0x5F, 0x63, 0x68, 0x69, 0x63, 0x6B, 0x65, 0x6E, 0x2E, 0x68, 0x75, 0x72, 0x74, 0x08, 0x00, 0x0B, 0x64, 0x65, 0x61, 0x74, 0x68, 0x5F, 0x73, 0x6F, 0x75, 0x6E, 0x64, 0x00, 0x23, 0x6D, 0x69, 0x6E, 0x65, 0x63, 0x72, 0x61, 0x66, 0x74, 0x3A, 0x65, 0x6E, 0x74, 0x69, 0x74, 0x79, 0x2E, 0x62, 0x61, 0x62, 0x79, 0x5F, 0x63, 0x68, 0x69, 0x63, 0x6B, 0x65, 0x6E, 0x2E, 0x64, 0x65, 0x61, 0x74, 0x68, 0x08, 0x00, 0x0A, 0x73, 0x74, 0x65, 0x70, 0x5F, 0x73, 0x6F, 0x75, 0x6E, 0x64, 0x00, 0x22, 0x6D, 0x69, 0x6E, 0x65, 0x63, 0x72, 0x61, 0x66, 0x74, 0x3A, 0x65, 0x6E, 0x74, 0x69, 0x74, 0x79, 0x2E, 0x62, 0x61, 0x62, 0x79, 0x5F, 0x63, 0x68, 0x69, 0x63, 0x6B, 0x65, 0x6E, 0x2E, 0x73, 0x74, 0x65, 0x70, 0x00, 0x00 };

inline constexpr uint8_t config_packet_17[] = { 0xB9, 0x03, 0x07, 0x19, 0x6D, 0x69, 0x6E, 0x65, 0x63, 0x72, 0x61, 0x66, 0x74, 0x3A, 0x63, 0x68, 0x69, 0x63, 0x6B, 0x65, 0x6E, 0x5F, 0x76, 0x61, 0x72, 0x69, 0x61, 0x6E, 0x74, 0x03, 0x0E, 0x6D, 0x69, 0x6E, 0x65, 0x63, 0x72, 0x61, 0x66, 0x74, 0x3A, 0x63, 0x6F, 0x6C, 0x64, 0x01, 0x0A, 0x08, 0x00, 0x0D, 0x62, 0x61, 0x62, 0x79, 0x5F, 0x61, 0x73, 0x73, 0x65, 0x74, 0x5F, 0x69, 0x64, 0x00, 0x2A, 0x6D, 0x69, 0x6E, 0x65, 0x63, 0x72, 0x61, 0x66, 0x74, 0x3A, 0x65, 0x6E, 0x74, 0x69, 0x74, 0x79, 0x2F, 0x63, 0x68, 0x69, 0x63, 0x6B, 0x65, 0x6E, 0x2F, 0x63, 0x68, 0x69, 0x63, 0x6B, 0x65, 0x6E, 0x5F, 0x63, 0x6F, 0x6C, 0x64, 0x5F, 0x62, 0x61, 0x62, 0x79, 0x08, 0x00, 0x05, 0x6D, 0x6F, 0x64, 0x65, 0x6C, 0x00, 0x04, 0x63, 0x6F, 0x6C, 0x64, 0x08, 0x00, 0x08, 0x61, 0x73, 0x73, 0x65, 0x74, 0x5F, 0x69, 0x64, 0x00, 0x25, 0x6D, 0x69, 0x6E, 0x65, 0x63, 0x72, 0x61, 0x66, 0x74, 0x3A, 0x65, 0x6E, 0x74, 0x69, 0x74, 0x79, 0x2F, 0x63, 0x68, 0x69, 0x63, 0x6B, 0x65, 0x6E, 0x2F, 0x63, 0x68, 0x69, 0x63, 0x6B, 0x65, 0x6E, 0x5F, 0x63, 0x6F, 0x6C, 0x64, 0x00, 0x13, 0x6D, 0x69, 0x6E, 0x65, 0x63, 0x72, 0x61, 0x66, 0x74, 0x3A, 0x74, 0x65, 0x6D, 0x70, 0x65, 0x72, 0x61, 0x74, 0x65, 0x01, 0x0A, 0x08, 0x00, 0x0D, 0x62, 0x61, 0x62, 0x79, 0x5F, 0x61, 0x73, 0x73, 0x65, 0x74, 0x5F, 0x69, 0x64, 0x00, 0x2F, 0x6D, 0x69, 0x6E, 0x65, 0x63, 0x72, 0x61, 0x66, 0x74, 0x3A, 0x65, 0x6E, 0x74, 0x69, 0x74, 0x79, 0x2F, 0x63, 0x68, 0x69, 0x63, 0x6B, 0x65, 0x6E, 0x2F, 0x63, 0x68, 0x69, 0x63, 0x6B, 0x65, 0x6E, 0x5F, 0x74, 0x65, 0x6D, 0x70, 0x65, 0x72, 0x61, 0x74, 0x65, 0x5F, 0x62, 0x61, 0x62, 0x79, 0x08, 0x00, 0x08, 0x61, 0x73, 0x73, 0x65, 0x74, 0x5F, 0x69, 0x64, 0x00, 0x2A, 0x6D, 0x69, 0x6E, 0x65, 0x63, 0x72, 0x61, 0x66, 0x74, 0x3A, 0x65, 0x6E, 0x74, 0x69, 0x74, 0x79, 0x2F, 0x63, 0x68, 0x69, 0x63, 0x6B, 0x65, 0x6E, 0x2F, 0x63, 0x68, 0x69, 0x63, 0x6B, 0x65, 0x6E, 0x5F, 0x74, 0x65, 0x6D, 0x70, 0x65, 0x72, 0x61, 0x74, 0x65, 0x00, 0x0E, 0x6D, 0x69, 0x6E, 0x65, 0x63, 0x72, 0x61, 0x66, 0x74, 0x3A, 0x77, 0x61, 0x72, 0x6D, 0x01, 0x0A, 0x08, 0x00, 0x0D, 0x62, 0x61, 0x62, 0x79, 0x5F, 0x61, 0x73, 0x73, 0x65, 0x74, 0x5F, 0x69, 0x64, 0x00, 0x2A, 0x6D, 0x69, 0x6E, 0x65, 0x63, 0x72, 0x61, 0x66, 0x74, 0x3A, 0x65, 0x6E, 0x74, 0x69, 0x74, 0x79, 0x2F, 0x63, 0x68, 0x69, 0x63, 0x6B, 0x65, 0x6E, 0x2F, 0x63, 0x68, 0x69, 0x63, 0x6B, 0x65, 0x6E, 0x5F, 0x77, 0x61, 0x72, 0x6D, 0x5F, 0x62, 0x61, 0x62, 0x79, 0x08, 0x00, 0x08, 0x61, 0x73, 0x73, 0x65, 0x74, 0x5F, 0x69, 0x64, 0x00, 0x25, 0x6D, 0x69, 0x6E, 0x65, 0x63, 0x72, 0x61, 0x66, 0x74, 0x3A, 0x65, 0x6E, 0x74, 0x69, 0x74, 0x79, 0x2F, 0x63, 0x68, 0x69, 0x63, 0x6B, 0x65, 0x6E, 0x2F, 0x63, 0x68, 0x69, 0x63, 0x6B, 0x65, 0x6E, 0x5F, 0x77, 0x61, 0x72, 0x6D, 0x00 };

inline constexpr uint8_t config_packet_18[] = { 0xCD, 0x01, 0x07, 0x21, 0x6D, 0x69, 0x6E, 0x65, 0x63, 0x72, 0x61, 0x66, 0x74, 0x3A, 0x7A, 0x6F, 0x6D, 0x62, 0x69, 0x65, 0x5F, 0x6E, 0x61, 0x75, 0x74, 0x69, 0x6C, 0x75, 0x73, 0x5F, 0x76, 0x61, 0x72, 0x69, 0x61, 0x6E, 0x74, 0x02, 0x13, 0x6D, 0x69, 0x6E, 0x65, 0x63, 0x72, 0x61, 0x66, 0x74, 0x3A, 0x74, 0x65, 0x6D, 0x70, 0x65, 0x72, 0x61, 0x74, 0x65, 0x01, 0x0A, 0x08, 0x00, 0x08, 0x61, 0x73, 0x73, 0x65, 0x74, 0x5F, 0x69, 0x64, 0x00, 0x29, 0x6D, 0x69, 0x6E, 0x65, 0x63, 0x72, 0x61, 0x66, 0x74, 0x3A, 0x65, 0x6E, 0x74, 0x69, 0x74, 0x79, 0x2F, 0x6E, 0x61, 0x75, 0x74, 0x69, 0x6C, 0x75, 0x73, 0x2F, 0x7A, 0x6F, 0x6D, 0x62, 0x69, 0x65, 0x5F, 0x6E, 0x61, 0x75, 0x74, 0x69, 0x6C, 0x75, 0x73, 0x00, 0x0E, 0x6D, 0x69, 0x6E, 0x65, 0x63, 0x72, 0x61, 0x66, 0x74, 0x3A, 0x77, 0x61, 0x72, 0x6D, 0x01, 0x0A, 0x08, 0x00, 0x05, 0x6D, 0x6F, 0x64, 0x65, 0x6C, 0x00, 0x04, 0x77, 0x61, 0x72, 0x6D, 0x08, 0x00, 0x08, 0x61, 0x73, 0x73, 0x65, 0x74, 0x5F, 0x69, 0x64, 0x00, 0x2F, 0x6D, 0x69, 0x6E, 0x65, 0x63, 0x72, 0x61, 0x66, 0x74, 0x3A, 0x65, 0x6E, 0x74, 0x69, 0x74, 0x79, 0x2F, 0x6E, 0x61, 0x75, 0x74, 0x69, 0x6C, 0x75, 0x73, 0x2F, 0x7A, 0x6F, 0x6D, 0x62, 0x69, 0x65, 0x5F, 0x6E, 0x61, 0x75, 0x74, 0x69, 0x6C, 0x75, 0x73, 0x5F, 0x63, 0x6F, 0x72, 0x61, 0x6C, 0x00 };

inline constexpr uint8_t config_packet_19[] = { 0xEB, 0x53, 0x07, 0x1A, 0x6D, 0x69, 0x6E, 0x65, 0x63, 0x72, 0x61, 0x66, 0x74, 0x3A, 0x70, 0x61, 0x69, 0x6E, 0x74, 0x69, 0x6E, 0x67, 0x5F, 0x76, 0x61, 0x72, 0x69, 0x61, 0x6E, 0x74, 0x33, 0x0F, 0x6D, 0x69, 0x6E, 0x65, 0x63, 0x72, 0x61, 0x66, 0x74, 0x3A, 0x61, 0x6C, 0x62, 0x61, 0x6E, 0x01, 0x0A, 0x0A, 0x00, 0x06, 0x61, 0x75, 0x74, 0x68, 0x6F, 0x72, 0x08, 0x00, 0x05, 0x63, 0x6F, 0x6C, 0x6F, 0x72, 0x00, 0x04, 0x67, 0x72, 0x61, 0x79, 0x08, 0x00, 0x09, 0x74, 0x72, 0x61, 0x6E, 0x73, 0x6C, 0x61, 0x74, 0x65, 0x00, 0x1F, 0x70, 0x61, 0x69, 0x6E, 0x74, 0x69, 0x6E, 0x67, 0x2E, 0x6D, 0x69, 0x6E, 0x65, 0x63, 0x72, 0x61, 0x66, 0x74, 0x2E, 0x61, 0x6C, 0x62, 0x61, 0x6E, 0x2E, 0x61, 0x75, 0x74, 0x68, 0x6F, 0x72, 0x00, 0x03, 0x00, 0x05, 0x77, 0x69, 0x64, 0x74, 0x68, 0x00, 0x00, 0x00, 0x01, 0x08, 0x00, 0x08, 0x61, 0x73, 0x73, 0x65, 0x74, 0x5F, 0x69, 0x64, 0x00, 0x0F, 0x6D, 0x69, 0x6E, 0x65, 0x63, 0x72, 0x61, 0x66, 0x74, 0x3A, 0x61, 0x6C, 0x62, 0x61, 0x6E, 0x0A, 0x00, 0x05, 0x74, 0x69, 0x74, 0x6C, 0x65, 0x08, 0x00, 0x05, 0x63, 0x6F, 0x6C, 0x6F, 0x72, 0x00, 0x06, 0x79, 0x65, 0x6C, 0x6C, 0x6F, 0x77, 0x08, 0x00, 0x09, 0x74, 0x72, 0x61, 0x6E, 0x73, 0x6C, 0x61, 0x74, 0x65, 0x00, 0x1E, 0x70, 0x61, 0x69, 0x6E, 0x74, 0x69, 0x6E, 0x67, 0x2E, 0x6D, 0x69, 0x6E, 0x65, 0x63, 0x72, 0x61, 0x66, 0x74, 0x2E, 0x61, 0x6C, 0x62, 0x61, 0x6E, 0x2E, 0x74, 0x69, 0x74, 0x6C, 0x65, 0x00, 0x03, 0x00, 0x06, 0x68, 0x65, 0x69, 0x67, 0x68, 0x74, 0x00, 0x00, 0x00, 0x01, 0x00, 0x0F, 0x6D, 0x69, 0x6E, 0x65, 0x63, 0x72, 0x61, 0x66, 0x74, 0x3A, 0x61, 0x7A, 0x74, 0x65, 0x63, 0x01, 0x0A, 0x0A, 0x00, 0x06, 0x61, 0x75, 0x74, 0x68, 0x6F, 0x72, 0x08, 0x00, 0x05, 0x63, 0x6F, 0x6C, 0x6F, 0x72, 0x00, 0x04, 0x67, 0x72, 0x61, 0x79, 0x08, 0x00, 0x09, 0x74, 0x72, 0x61, 0x6E, 0x73, 0x6C, 0x61, 0x74, 0x65, 0x00, 0x1F, 0x70, 0x61, 0x69, 0x6E, 0x74, 0x69, 0x6E, 0x67, 0x2E, 0x6D, 0x69, 0x6E, 0x65, 0x63, 0x72, 0x61, 0x66, 0x74, 0x2E, 0x61, 0x7A, 0x74, 0x65, 0x63, 0x2E, 0x61, 0x75, 0x74, 0x68, 0x6F, 0x72, 0x00, 0x03, 0x00, 0x05, 0x77, 0x69, 0x64, 0x74, 0x68, 0x00, 0x00, 0x00, 0x01, 0x08, 0x00, 0x08, 0x61, 0x73, 0x73, 0x65, 0x74, 0x5F, 0x69, 0x64, 0x00, 0x0F, 0x6D, 0x69, 0x6E, 0x65, 0x63, 0x72, 0x61, 0x66, 0x74, 0x3A, 0x61, 0x7A, 0x74, 0x65, 0x63, 0x0A, 0x00, 0x05, 0x74, 0x69, 0x74, 0x6C, 0x65, 0x08, 0x00, 0x05, 0x63, 0x6F, 0x6C, 0x6F, 0x72, 0x00, 0x06, 0x79, 0x65, 0x6C, 0x6C, 0x6F, 0x77, 0x08, 0x00, 0x09, 0x74, 0x72, 0x61, 0x6E, 0x73, 0x6C, 0x61, 0x74, 0x65, 0x00, 0x1E, 0x70, 0x61, 0x69, 0x6E, 0x74, 0x69, 0x6E, 0x67, 0x2E, 0x6D, 0x69, 0x6E, 0x65, 0x63, 0x72, 0x61, 0x66, 0x74, 0x2E, 0x61, 0x7A, 0x74, 0x65, 0x63, 0x2E, 0x74, 0x69, 0x74, 0x6C, 0x65, 0x00, 0x03, 0x00, 0x06, 0x68, 0x65, 0x69, 0x67, 0x68, 0x74, 0x00, 0x00, 0x00, 0x01, 0x00, 0x10, 0x6D, 0x69, 0x6E, 0x65, 0x63, 0x72, 0x61, 0x66, 0x74, 0x3A, 0x61, 0x7A, 0x74, 0x65, 0x63, 0x32, 0x01, 0x0A, 0x0A, 0x00, 0x06, 0x61, 0x75, 0x74, 0x68, 0x6F, 0x72, 0x08, 0x00, 0x05, 0x63, 0x6F, 0x6C, 0x6F, 0x72, 0x00, 0x04, 0x67, 0x72, 0x61, 0x79, 0x08, 0x00, 0x09, 0x74, 0x72, 0x61, 0x6E, 0x73, 0x6C, 0x61, 0x74, 0x65, 0x00, 0x20, 0x70, 0x61, 0x69, 0x6E, 0x74, 0x69, 0x6E, 0x67, 0x2E, 0x6D, 0x69, 0x6E, 0x65, 0x63, 0x72, 0x61, 0x66, 0x74, 0x2E, 0x61, 0x7A, 0x74, 0x65, 0x63, 0x32, 0x2E, 0x61, 0x75, 0x74, 0x68, 0x6F, 0x72, 0x00, 0x03, 0x00, 0x05, 0x77, 0x69, 0x64, 0x74, 0x68, 0x00, 0x00, 0x00, 0x01, 0x08, 0x00, 0x08, 0x61, 0x73, 0x73, 0x65, 0x74, 0x5F, 0x69, 0x64, 0x00, 0x10, 0x6D, 0x69, 0x6E, 0x65, 0x63, 0x72, 0x61, 0x66, 0x74, 0x3A, 0x61, 0x7A, 0x74, 0x65, 0x63, 0x32, 0x0A, 0x00, 0x05, 0x74, 0x69, 0x74, 0x6C, 0x65, 0x08, 0x00, 0x05, 0x63, 0x6F, 0x6C, 0x6F, 0x72, 0x00, 0x06, 0x79, 0x65, 0x6C, 0x6C, 0x6F, 0x77, 0x08, 0x00, 0x09, 0x74, 0x72, 0x61, 0x6E, 0x73, 0x6C, 0x61, 0x74, 0x65, 0x00, 0x1F, 0x70, 0x61, 0x69, 0x6E, 0x74, 0x69, 0x6E, 0x67, 0x2E, 0x6D, 0x69, 0x6E, 0x65, 0x63, 0x72, 0x61, 0x66, 0x74, 0x2E, 0x61, 0x7A, 0x74, 0x65, 0x63, 0x32, 0x2E, 0x74, 0x69, 0x74, 0x6C, 0x65, 0x00, 0x03, 0x00, 0x06, 0x68, 0x65, 0x69, 0x67, 0x68, 0x74, 0x00, 0x00, 0x00, 0x01, 0x00, 0x12, 0x6D, 0x69, 0x6E, 0x65, 0x63, 0x72, 0x61, 0x66, 0x74, 0x3A, 0x62, 0x61, 0x63, 0x6B, 0x79, 0x61, 0x72, 0x64, 0x01, 0x0A, 0x0A, 0x00, 0x06, 0x61, 0x75, 0x74, 0x68, 0x6F, 0x72, 0x08, 0x00, 0x05, 0x63, 0x6F, 0x6C, 0x6F, 0x72, 0x00, 0x04, 0x67, 0x72, 0x61, 0x79, 0x08, 0x00, 0x09, 0x74, 0x72, 0x61, 0x6E, 0x73, 0x6C, 0x61, 0x74, 0x65, 0x00, 0x22, 0x70, 0x61, 0x69, 0x6E, 0x74, 0x69, 0x6E, 0x67, 0x2E, 0x6D, 0x69, 0x6E, 0x65, 0x63, 0x72, 0x61, 0x66, 0x74, 0x2E, 0x62, 0x61, 0x63, 0x6B, 0x79, 0x61, 0x72, 0x64, 0x2E, 0x61, 0x75, 0x74, 0x68, 0x6F, 0x72, 0x00, 0x03, 0x00, 0x05, 0x77, 0x69, 0x64, 0x74, 0x68, 0x00, 0x00, 0x00, 0x03, 0x08, 0x00, 0x08, 0x61, 0x73, 0x73, 0x65, 0x74, 0x5F, 0x69, 0x64, 0x00, 0x12, 0x6D, 0x69, 0x6E, 0x65, 0x63, 0x72, 0x61, 0x66, 0x74, 0x3A, 0x62, 0x61, 0x63, 0x6B, 0x79, 0x61, 0x72, 0x64, 0x0A, 0x00, 0x05, 0x74, 0x69, 0x74, 0x6C, 0x65, 0x08, 0x00, 0x05, 0x63, 0x6F, 0x6C, 0x6F, 0x72, 0x00, 0x06, 0x79, 0x65, 0x6C, 0x6C, 0x6F, 0x77, 0x08, 0x00, 0x09, 0x74, 0x72, 0x61, 0x6E, 0x73, 0x6C, 0x61, 0x74, 0x65, 0x00, 0x21, 0x70, 0x61, 0x69, 0x6E, 0x74, 0x69, 0x6E, 0x67, 0x2E, 0x6D, 0x69, 0x6E, 0x65, 0x63, 0x72, 0x61, 0x66, 0x74, 0x2E, 0x62, 0x61, 0x63, 0x6B, 0x79, 0x61, 0x72, 0x64, 0x2E, 0x74, 0x69, 0x74, 0x6C, 0x65, 0x00, 0x03, 0x00, 0x06, 0x68, 0x65, 0x69, 0x67, 0x68, 0x74, 0x00, 0x00, 0x00, 0x04, 0x00, 0x11, 0x6D, 0x69, 0x6E, 0x65, 0x63, 0x72, 0x61, 0x66, 0x74, 0x3A, 0x62, 0x61, 0x72, 0x6F, 0x71, 0x75, 0x65, 0x01, 0x0A, 0x0A, 0x00, 0x06, 0x61, 0x75, 0x74, 0x68, 0x6F, 0x72, 0x08, 0x00, 0x05, 0x63, 0x6F, 0x6C, 0x6F, 0x72, 0x00, 0x04, 0x67, 0x72, 0x61, 0x79, 0x08, 0x00, 0x09, 0x74, 0x72, 0x61, 0x6E, 0x73, 0x6C, 0x61, 0x74, 0x65, 0x00, 0x21, 0x70, 0x61, 0x69, 0x6E, 0x74, 0x69, 0x6E, 0x67, 0x2E, 0x6D, 0x69, 0x6E, 0x65, 0x63, 0x72, 0x61, 0x66, 0x74, 0x2E, 0x62, 0x61, 0x72, 0x6F, 0x71, 0x75, 0x65, 0x2E, 0x61, 0x75, 0x74, 0x68, 0x6F, 0x72, 0x00, 0x03, 0x00, 0x05, 0x77, 0x69, 0x64, 0x74, 0x68, 0x00, 0x00, 0x00, 0x02, 0x08, 0x00, 0x08, 0x61, 0x73, 0x73, 0x65, 0x74, 0x5F, 0x69, 0x64, 0x00, 0x11, 0x6D, 0x69, 0x6E, 0x65, 0x63, 0x72, 0x61, 0x66, 0x74, 0x3A, 0x62, 0x61, 0x72, 0x6F, 0x71, 0x75, 0x65, 0x0A, 0x00, 0x05, 0x74, 0x69, 0x74, 0x6C, 0x65, 0x08, 0x00, 0x05, 0x63, 0x6F, 0x6C, 0x6F, 0x72, 0x00, 0x06, 0x79, 0x65, 0x6C, 0x6C, 0x6F, 0x77, 0x08, 0x00, 0x09, 0x74, 0x72, 0x61, 0x6E, 0x73, 0x6C, 0x61, 0x74, 0x65, 0x00, 0x20, 0x70, 0x61, 0x69, 0x6E, 0x74, 0x69, 0x6E, 0x67, 0x2E, 0x6D, 0x69, 0x6E, 0x65, 0x63, 0x72, 0x61, 0x66, 0x74, 0x2E, 0x62, 0x61, 0x72, 0x6F, 0x71, 0x75, 0x65, 0x2E, 0x74, 0x69, 0x74, 0x6C, 0x65, 0x00, 0x03, 0x00, 0x06, 0x68, 0x65, 0x69, 0x67, 0x68, 0x74, 0x00, 0x00, 0x00, 0x02, 0x00, 0x0E, 0x6D, 0x69, 0x6E, 0x65, 0x63, 0x72, 0x61, 0x66, 0x74, 0x3A, 0x62, 0x6F, 0x6D, 0x62, 0x01, 0x0A, 0x0A, 0x00, 0x06, 0x61, 0x75, 0x74, 0x68, 0x6F, 0x72, 0x08, 0x00, 0x05, 0x63, 0x6F, 0x6C, 0x6F, 0x72, 0x00, 0x04, 0x67, 0x72, 0x61, 0x79, 0x08, 0x00, 0x09, 0x74, 0x72, 0x61, 0x6E, 0x73, 0x6C, 0x61, 0x74, 0x65, 0x00, 0x1E, 0x70, 0x61, 0x69, 0x6E, 0x74, 0x69, 0x6E, 0x67, 0x2E, 0x6D, 0x69, 0x6E, 0x65, 0x63, 0x72, 0x61, 0x66, 0x74, 0x2E, 0x62, 0x6F, 0x6D, 0x62, 0x2E, 0x61, 0x75, 0x74, 0x68, 0x6F, 0x72, 0x00, 0x03, 0x00, 0x05, 0x77, 0x69, 0x64, 0x74, 0x68, 0x00, 0x00, 0x00, 0x01, 0x08, 0x00, 0x08, 0x61, 0x73, 0x73, 0x65, 0x74, 0x5F, 0x69, 0x64, 0x00, 0x0E, 0x6D, 0x69, 0x6E, 0x65, 0x63, 0x72, 0x61, 0x66, 0x74, 0x3A, 0x62, 0x6F, 0x6D, 0x62, 0x0A, 0x00, 0x05, 0x74, 0x69, 0x74, 0x6C, 0x65, 0x08, 0x00, 0x05, 0x63, 0x6F, 0x6C, 0x6F, 0x72, 0x00, 0x06, 0x79, 0x65, 0x6C, 0x6C, 0x6F, 0x77, 0x08, 0x00, 0x09, 0x74, 0x72, 0x61, 0x6E, 0x73, 0x6C, 0x61, 0x74, 0x65, 0x00, 0x1D, 0x70, 0x61, 0x69, 0x6E, 0x74, 0x69, 0x6E, 0x67, 0x2E, 0x6D, 0x69, 0x6E, 0x65, 0x63, 0x72, 0x61, 0x66, 0x74, 0x2E, 0x62, 0x6F, 0x6D, 0x62, 0x2E, 0x74, 0x69, 0x74, 0x6C, 0x65, 0x00, 0x03, 0x00, 0x06, 0x68, 0x65, 0x69, 0x67, 0x68, 0x74, 0x00, 0x00, 0x00, 0x01, 0x00, 0x11, 0x6D, 0x69, 0x6E, 0x65, 0x63, 0x72, 0x61, 0x66, 0x74, 0x3A, 0x62, 0x6F, 0x75, 0x71, 0x75, 0x65, 0x74, 0x01, 0x0A, 0x0A, 0x00, 0x06, 0x61, 0x75, 0x74, 0x68, 0x6F, 0x72, 0x08, 0x00, 0x05, 0x63, 0x6F, 0x6C, 0x6F, 0x72, 0x00, 0x04, 0x67, 0x72, 0x61, 0x79, 0x08, 0x00, 0x09, 0x74, 0x72, 0x61, 0x6E, 0x73, 0x6C, 0x61, 0x74, 0x65, 0x00, 0x21, 0x70, 0x61, 0x69, 0x6E, 0x74, 0x69, 0x6E, 0x67, 0x2E, 0x6D, 0x69, 0x6E, 0x65, 0x63, 0x72, 0x61, 0x66, 0x74, 0x2E, 0x62, 0x6F, 0x75, 0x71, 0x75, 0x65, 0x74, 0x2E, 0x61, 0x75, 0x74, 0x68, 0x6F, 0x72, 0x00, 0x03, 0x00, 0x05, 0x77, 0x69, 0x64, 0x74, 0x68, 0x00, 0x00, 0x00, 0x03, 0x08, 0x00, 0x08, 0x61, 0x73, 0x73, 0x65, 0x74, 0x5F, 0x69, 0x64, 0x00, 0x11, 0x6D, 0x69, 0x6E, 0x65, 0x63, 0x72, 0x61, 0x66, 0x74, 0x3A, 0x62, 0x6F, 0x75, 0x71, 0x75, 0x65, 0x74, 0x0A, 0x00, 0x05, 0x74, 0x69, 0x74, 0x6C, 0x65, 0x08, 0x00, 0x05, 0x63, 0x6F, 0x6C, 0x6F, 0x72, 0x00, 0x06, 0x79, 0x65, 0x6C, 0x6C, 0x6F, 0x77, 0x08, 0x00, 0x09, 0x74, 0x72, 0x61, 0x6E, 0x73, 0x6C, 0x61, 0x74, 0x65, 0x00, 0x20, 0x70, 0x61, 0x69, 0x6E, 0x74, 0x69, 0x6E, 0x67, 0x2E, 0x6D, 0x69, 0x6E, 0x65, 0x63, 0x72, 0x61, 0x66, 0x74, 0x2E, 0x62, 0x6F, 0x75, 0x71, 0x75, 0x65, 0x74, 0x2E, 0x74, 0x69, 0x74, 0x6C, 0x65, 0x00, 0x03, 0x00, 0x06, 0x68, 0x65, 0x69, 0x67, 0x68, 0x74, 0x00, 0x00, 0x00, 0x03, 0x00, 0x17, 0x6D, 0x69, 0x6E, 0x65, 0x63, 0x72, 0x61, 0x66, 0x74, 0x3A, 0x62, 0x75, 0x72, 0x6E, 0x69, 0x6E, 0x67, 0x5F, 0x73, 0x6B, 0x75, 0x6C, 0x6C, 0x01, 0x0A, 0x0A, 0x00, 0x06, 0x61, 0x75, 0x74, 0x68, 0x6F, 0x72, 0x08, 0x00, 0x05, 0x63, 0x6F, 0x6C, 0x6F, 0x72, 0x00, 0x04, 0x67, 0x72, 0x61, 0x79, 0x08, 0x00, 0x09, 0x74, 0x72, 0x61, 0x6E, 0x73, 0x6C, 0x61, 0x74, 0x65, 0x00, 0x27, 0x70, 0x61, 0x69, 0x6E, 0x74, 0x69, 0x6E, 0x67, 0x2E, 0x6D, 0x69, 0x6E, 0x65, 0x63, 0x72, 0x61, 0x66, 0x74, 0x2E, 0x62, 0x75, 0x72, 0x6E, 0x69, 0x6E, 0x67, 0x5F, 0x73, 0x6B, 0x75, 0x6C, 0x6C, 0x2E, 0x61, 0x75, 0x74, 0x68, 0x6F, 0x72, 0x00, 0x03, 0x00, 0x05, 0x77, 0x69, 0x64, 0x74, 0x68, 0x00, 0x00, 0x00, 0x04, 0x08, 0x00, 0x08, 0x61, 0x73, 0x73, 0x65, 0x74, 0x5F, 0x69, 0x64, 0x00, 0x17, 0x6D, 0x69, 0x6E, 0x65, 0x63, 0x72, 0x61, 0x66, 0x74, 0x3A, 0x62, 0x75, 0x72, 0x6E, 0x69, 0x6E, 0x67, 0x5F, 0x73, 0x6B, 0x75, 0x6C, 0x6C, 0x0A, 0x00, 0x05, 0x74, 0x69, 0x74, 0x6C, 0x65, 0x08, 0x00, 0x05, 0x63, 0x6F, 0x6C, 0x6F, 0x72, 0x00, 0x06, 0x79, 0x65, 0x6C, 0x6C, 0x6F, 0x77, 0x08, 0x00, 0x09, 0x74, 0x72, 0x61, 0x6E, 0x73, 0x6C, 0x61, 0x74, 0x65, 0x00, 0x26, 0x70, 0x61, 0x69, 0x6E, 0x74, 0x69, 0x6E, 0x67, 0x2E, 0x6D, 0x69, 0x6E, 0x65, 0x63, 0x72, 0x61, 0x66, 0x74, 0x2E, 0x62, 0x75, 0x72, 0x6E, 0x69, 0x6E, 0x67, 0x5F, 0x73, 0x6B, 0x75, 0x6C, 0x6C, 0x2E, 0x74, 0x69, 0x74, 0x6C, 0x65, 0x00, 0x03, 0x00, 0x06, 0x68, 0x65, 0x69, 0x67, 0x68, 0x74, 0x00, 0x00, 0x00, 0x04, 0x00, 0x0E, 0x6D, 0x69, 0x6E, 0x65, 0x63, 0x72, 0x61, 0x66, 0x74, 0x3A, 0x62, 0x75, 0x73, 0x74, 0x01, 0x0A, 0x0A, 0x00, 0x06, 0x61, 0x75, 0x74, 0x68, 0x6F, 0x72, 0x08, 0x00, 0x05, 0x63, 0x6F, 0x6C, 0x6F, 0x72, 0x00, 0x04, 0x67, 0x72, 0x61, 0x79, 0x08, 0x00, 0x09, 0x74, 0x72, 0x61, 0x6E, 0x73, 0x6C, 0x61, 0x74, 0x65, 0x00, 0x1E, 0x70, 0x61, 0x69, 0x6E, 0x74, 0x69, 0x6E, 0x67, 0x2E, 0x6D, 0x69, 0x6E, 0x65, 0x63, 0x72, 0x61, 0x66, 0x74, 0x2E, 0x62, 0x75, 0x73, 0x74, 0x2E, 0x61, 0x75, 0x74, 0x68, 0x6F, 0x72, 0x00, 0x03, 0x00, 0x05, 0x77, 0x69, 0x64, 0x74, 0x68, 0x00, 0x00, 0x00, 0x02, 0x08, 0x00, 0x08, 0x61, 0x73, 0x73, 0x65, 0x74, 0x5F, 0x69, 0x64, 0x00, 0x0E, 0x6D, 0x69, 0x6E, 0x65, 0x63, 0x72, 0x61, 0x66, 0x74, 0x3A, 0x62, 0x75, 0x73, 0x74, 0x0A, 0x00, 0x05, 0x74, 0x69, 0x74, 0x6C, 0x65, 0x08, 0x00, 0x05, 0x63, 0x6F, 0x6C, 0x6F, 0x72, 0x00, 0x06, 0x79, 0x65, 0x6C, 0x6C, 0x6F, 0x77, 0x08, 0x00, 0x09, 0x74, 0x72, 0x61, 0x6E, 0x73, 0x6C, 0x61, 0x74, 0x65, 0x00, 0x1D, 0x70, 0x61, 0x69, 0x6E, 0x74, 0x69, 0x6E, 0x67, 0x2E, 0x6D, 0x69, 0x6E, 0x65, 0x63, 0x72, 0x61, 0x66, 0x74, 0x2E, 0x62, 0x75, 0x73, 0x74, 0x2E, 0x74, 0x69, 0x74, 0x6C, 0x65, 0x00, 0x03, 0x00, 0x06, 0x68, 0x65, 0x69, 0x67, 0x68, 0x74, 0x00, 0x00, 0x00, 0x02, 0x00, 0x12, 0x6D, 0x69, 0x6E, 0x65, 0x63, 0x72, 0x61, 0x66, 0x74, 0x3A, 0x63, 0x61, 0x76, 0x65, 0x62, 0x69, 0x72, 0x64, 0x01, 0x0A, 0x0A, 0x00, 0x06, 0x61, 0x75, 0x74, 0x68, 0x6F, 0x72, 0x08, 0x00, 0x05, 0x63, 0x6F, 0x6C, 0x6F, 0x72, 0x00, 0x04, 0x67, 0x72, 0x61, 0x79, 0x08, 0x00, 0x09, 0x74, 0x72, 0x61, 0x6E, 0x73, 0x6C, 0x61, 0x74, 0x65, 0x00, 0x22, 0x70, 0x61, 0x69, 0x6E, 0x74, 0x69, 0x6E, 0x67, 0x2E, 0x6D, 0x69, 0x6E, 0x65, 0x63, 0x72, 0x61, 0x66, 0x74, 0x2E, 0x63, 0x61, 0x76, 0x65, 0x62, 0x69, 0x72, 0x64, 0x2E, 0x61, 0x75, 0x74, 0x68, 0x6F, 0x72, 0x00, 0x03, 0x00, 0x05, 0x77, 0x69, 0x64, 0x74, 0x68, 0x00, 0x00, 0x00, 0x03, 0x08, 0x00, 0x08, 0x61, 0x73, 0x73, 0x65, 0x74, 0x5F, 0x69, 0x64, 0x00, 0x12, 0x6D, 0x69, 0x6E, 0x65, 0x63, 0x72, 0x61, 0x66, 0x74, 0x3A, 0x63, 0x61, 0x76, 0x65, 0x62, 0x69, 0x72, 0x64, 0x0A, 0x00, 0x05, 0x74, 0x69, 0x74, 0x6C, 0x65, 0x08, 0x00, 0x05, 0x63, 0x6F, 0x6C, 0x6F, 0x72, 0x00, 0x06, 0x79, 0x65, 0x6C, 0x6C, 0x6F, 0x77, 0x08, 0x00, 0x09, 0x74, 0x72, 0x61, 0x6E, 0x73, 0x6C, 0x61, 0x74, 0x65, 0x00, 0x21, 0x70, 0x61, 0x69, 0x6E, 0x74, 0x69, 0x6E, 0x67, 0x2E, 0x6D, 0x69, 0x6E, 0x65, 0x63, 0x72, 0x61, 0x66, 0x74, 0x2E, 0x63, 0x61, 0x76, 0x65, 0x62, 0x69, 0x72, 0x64, 0x2E, 0x74, 0x69, 0x74, 0x6C, 0x65, 0x00, 0x03, 0x00, 0x06, 0x68, 0x65, 0x69, 0x67, 0x68, 0x74, 0x00, 0x00, 0x00, 0x03, 0x00, 0x12, 0x6D, 0x69, 0x6E, 0x65, 0x63, 0x72, 0x61, 0x66, 0x74, 0x3A, 0x63, 0x68, 0x61, 0x6E, 0x67, 0x69, 0x6E, 0x67, 0x01, 0x0A, 0x0A, 0x00, 0x06, 0x61, 0x75, 0x74, 0x68, 0x6F, 0x72, 0x08, 0x00, 0x05, 0x63, 0x6F, 0x6C, 0x6F, 0x72, 0x00, 0x04, 0x67, 0x72, 0x61, 0x79, 0x08, 0x00, 0x09, 0x74, 0x72, 0x61, 0x6E, 0x73, 0x6C, 0x61, 0x74, 0x65, 0x00, 0x22, 0x70, 0x61, 0x69, 0x6E, 0x74, 0x69, 0x6E, 0x67, 0x2E, 0x6D, 0x69, 0x6E, 0x65, 0x63, 0x72, 0x61, 0x66, 0x74, 0x2E, 0x63, 0x68, 0x61, 0x6E, 0x67, 0x69, 0x6E, 0x67, 0x2E, 0x61, 0x75, 0x74, 0x68, 0x6F, 0x72, 0x00, 0x03, 0x00, 0x05, 0x77, 0x69, 0x64, 0x74, 0x68, 0x00, 0x00, 0x00, 0x04, 0x08, 0x00, 0x08, 0x61, 0x73, 0x73, 0x65, 0x74, 0x5F, 0x69, 0x64, 0x00, 0x12, 0x6D, 0x69, 0x6E, 0x65, 0x63, 0x72, 0x61, 0x66, 0x74, 0x3A, 0x63, 0x68, 0x61, 0x6E, 0x67, 0x69, 0x6E, 0x67, 0x0A, 0x00, 0x05, 0x74, 0x69, 0x74, 0x6C, 0x65, 0x08, 0x00, 0x05, 0x63, 0x6F, 0x6C, 0x6F, 0x72, 0x00, 0x06, 0x79, 0x65, 0x6C, 0x6C, 0x6F, 0x77, 0x08, 0x00, 0x09, 0x74, 0x72, 0x61, 0x6E, 0x73, 0x6C, 0x61, 0x74, 0x65, 0x00, 0x21, 0x70, 0x61, 0x69, 0x6E, 0x74, 0x69, 0x6E, 0x67, 0x2E, 0x6D, 0x69, 0x6E, 0x65, 0x63, 0x72, 0x61, 0x66, 0x74, 0x2E, 0x63, 0x68, 0x61, 0x6E, 0x67, 0x69, 0x6E, 0x67, 0x2E, 0x74, 0x69, 0x74, 0x6C, 0x65, 0x00, 0x03, 0x00, 0x06, 0x68, 0x65, 0x69, 0x67, 0x68, 0x74, 0x00, 0x00, 0x00, 0x02, 0x00, 0x0F, 0x6D, 0x69, 0x6E, 0x65, 0x63, 0x72, 0x61, 0x66, 0x74, 0x3A, 0x63, 0x6F, 0x74, 0x61, 0x6E, 0x01, 0x0A, 0x0A, 0x00, 0x06, 0x61, 0x75, 0x74, 0x68, 0x6F, 0x72, 0x08, 0x00, 0x05, 0x63, 0x6F, 0x6C, 0x6F, 0x72, 0x00, 0x04, 0x67, 0x72, 0x61, 0x79, 0x08, 0x00, 0x09, 0x74, 0x72, 0x61, 0x6E, 0x73, 0x6C, 0x61, 0x74, 0x65, 0x00, 0x1F, 0x70, 0x61, 0x69, 0x6E, 0x74, 0x69, 0x6E, 0x67, 0x2E, 0x6D, 0x69, 0x6E, 0x65, 0x63, 0x72, 0x61, 0x66, 0x74, 0x2E, 0x63, 0x6F, 0x74, 0x61, 0x6E, 0x2E, 0x61, 0x75, 0x74, 0x68, 0x6F, 0x72, 0x00, 0x03, 0x00, 0x05, 0x77, 0x69, 0x64, 0x74, 0x68, 0x00, 0x00, 0x00, 0x03, 0x08, 0x00, 0x08, 0x61, 0x73, 0x73, 0x65, 0x74, 0x5F, 0x69, 0x64, 0x00, 0x0F, 0x6D, 0x69, 0x6E, 0x65, 0x63, 0x72, 0x61, 0x66, 0x74, 0x3A, 0x63, 0x6F, 0x74, 0x61, 0x6E, 0x0A, 0x00, 0x05, 0x74, 0x69, 0x74, 0x6C, 0x65, 0x08, 0x00, 0x05, 0x63, 0x6F, 0x6C, 0x6F, 0x72, 0x00, 0x06, 0x79, 0x65, 0x6C, 0x6C, 0x6F, 0x77, 0x08, 0x00, 0x09, 0x74, 0x72, 0x61, 0x6E, 0x73, 0x6C, 0x61, 0x74, 0x65, 0x00, 0x1E, 0x70, 0x61, 0x69, 0x6E, 0x74, 0x69, 0x6E, 0x67, 0x2E, 0x6D, 0x69, 0x6E, 0x65, 0x63, 0x72, 0x61, 0x66, 0x74, 0x2E, 0x63, 0x6F, 0x74, 0x61, 0x6E, 0x2E, 0x74, 0x69, 0x74, 0x6C, 0x65, 0x00, 0x03, 0x00, 0x06, 0x68, 0x65, 0x69, 0x67, 0x68, 0x74, 0x00, 0x00, 0x00, 0x03, 0x00, 0x11, 0x6D, 0x69, 0x6E, 0x65, 0x63, 0x72, 0x61, 0x66, 0x74, 0x3A, 0x63, 0x6F, 0x75, 0x72, 0x62, 0x65, 0x74, 0x01, 0x0A, 0x0A, 0x00, 0x06, 0x61, 0x75, 0x74, 0x68, 0x6F, 0x72, 0x08, 0x00, 0x05, 0x63, 0x6F, 0x6C, 0x6F, 0x72, 0x00, 0x04, 0x67, 0x72, 0x61, 0x79, 0x08, 0x00, 0x09, 0x74, 0x72, 0x61, 0x6E, 0x73, 0x6C, 0x61, 0x74, 0x65, 0x00, 0x21, 0x70, 0x61, 0x69, 0x6E, 0x74, 0x69, 0x6E, 0x67, 0x2E, 0x6D, 0x69, 0x6E, 0x65, 0x63, 0x72, 0x61, 0x66, 0x74, 0x2E, 0x63, 0x6F, 0x75, 0x72, 0x62, 0x65, 0x74, 0x2E, 0x61, 0x75, 0x74, 0x68, 0x6F, 0x72, 0x00, 0x03, 0x00, 0x05, 0x77, 0x69, 0x64, 0x74, 0x68, 0x00, 0x00, 0x00, 0x02, 0x08, 0x00, 0x08, 0x61, 0x73, 0x73, 0x65, 0x74, 0x5F, 0x69, 0x64, 0x00, 0x11, 0x6D, 0x69, 0x6E, 0x65, 0x63, 0x72, 0x61, 0x66, 0x74, 0x3A, 0x63, 0x6F, 0x75, 0x72, 0x62, 0x65, 0x74, 0x0A, 0x00, 0x05, 0x74, 0x69, 0x74, 0x6C, 0x65, 0x08, 0x00, 0x05, 0x63, 0x6F, 0x6C, 0x6F, 0x72, 0x00, 0x06, 0x79, 0x65, 0x6C, 0x6C, 0x6F, 0x77, 0x08, 0x00, 0x09, 0x74, 0x72, 0x61, 0x6E, 0x73, 0x6C, 0x61, 0x74, 0x65, 0x00, 0x20, 0x70, 0x61, 0x69, 0x6E, 0x74, 0x69, 0x6E, 0x67, 0x2E, 0x6D, 0x69, 0x6E, 0x65, 0x63, 0x72, 0x61, 0x66, 0x74, 0x2E, 0x63, 0x6F, 0x75, 0x72, 0x62, 0x65, 0x74, 0x2E, 0x74, 0x69, 0x74, 0x6C, 0x65, 0x00, 0x03, 0x00, 0x06, 0x68, 0x65, 0x69, 0x67, 0x68, 0x74, 0x00, 0x00, 0x00, 0x01, 0x00, 0x11, 0x6D, 0x69, 0x6E, 0x65, 0x63, 0x72, 0x61, 0x66, 0x74, 0x3A, 0x63, 0x72, 0x65, 0x65, 0x62, 0x65, 0x74, 0x01, 0x0A, 0x0A, 0x00, 0x06, 0x61, 0x75, 0x74, 0x68, 0x6F, 0x72, 0x08, 0x00, 0x05, 0x63, 0x6F, 0x6C, 0x6F, 0x72, 0x00, 0x04, 0x67, 0x72, 0x61, 0x79, 0x08, 0x00, 0x09, 0x74, 0x72, 0x61, 0x6E, 0x73, 0x6C, 0x61, 0x74, 0x65, 0x00, 0x21, 0x70, 0x61, 0x69, 0x6E, 0x74, 0x69, 0x6E, 0x67, 0x2E, 0x6D, 0x69, 0x6E, 0x65, 0x63, 0x72, 0x61, 0x66, 0x74, 0x2E, 0x63, 0x72, 0x65, 0x65, 0x62, 0x65, 0x74, 0x2E, 0x61, 0x75, 0x74, 0x68, 0x6F, 0x72, 0x00, 0x03, 0x00, 0x05, 0x77, 0x69, 0x64, 0x74, 0x68, 0x00, 0x00, 0x00, 0x02, 0x08, 0x00, 0x08, 0x61, 0x73, 0x73, 0x65, 0x74, 0x5F, 0x69, 0x64, 0x00, 0x11, 0x6D, 0x69, 0x6E, 0x65, 0x63, 0x72, 0x61, 0x66, 0x74, 0x3A, 0x63, 0x72, 0x65, 0x65, 0x62, 0x65, 0x74, 0x0A, 0x00, 0x05, 0x74, 0x69, 0x74, 0x6C, 0x65, 0x08, 0x00, 0x05, 0x63, 0x6F, 0x6C, 0x6F, 0x72, 0x00, 0x06, 0x79, 0x65, 0x6C, 0x6C, 0x6F, 0x77, 0x08, 0x00, 0x09, 0x74, 0x72, 0x61, 0x6E, 0x73, 0x6C, 0x61, 0x74, 0x65, 0x00, 0x20, 0x70, 0x61, 0x69, 0x6E, 0x74, 0x69, 0x6E, 0x67, 0x2E, 0x6D, 0x69, 0x6E, 0x65, 0x63, 0x72, 0x61, 0x66, 0x74, 0x2E, 0x63, 0x72, 0x65, 0x65, 0x62, 0x65, 0x74, 0x2E, 0x74, 0x69, 0x74, 0x6C, 0x65, 0x00, 0x03, 0x00, 0x06, 0x68, 0x65, 0x69, 0x67, 0x68, 0x74, 0x00, 0x00, 0x00, 0x01, 0x00, 0x10, 0x6D, 0x69, 0x6E, 0x65, 0x63, 0x72, 0x61, 0x66, 0x74, 0x3A, 0x64, 0x65, 0x6E, 0x6E, 0x69, 0x73, 0x01, 0x0A, 0x0A, 0x00, 0x06, 0x61, 0x75, 0x74, 0x68, 0x6F, 0x72, 0x08, 0x00, 0x05, 0x63, 0x6F, 0x6C, 0x6F, 0x72, 0x00, 0x04, 0x67, 0x72, 0x61, 0x79, 0x08, 0x00, 0x09, 0x74, 0x72, 0x61, 0x6E, 0x73, 0x6C, 0x61, 0x74, 0x65, 0x00, 0x20, 0x70, 0x61, 0x69, 0x6E, 0x74, 0x69, 0x6E, 0x67, 0x2E, 0x6D, 0x69, 0x6E, 0x65, 0x63, 0x72, 0x61, 0x66, 0x74, 0x2E, 0x64, 0x65, 0x6E, 0x6E, 0x69, 0x73, 0x2E, 0x61, 0x75, 0x74, 0x68, 0x6F, 0x72, 0x00, 0x03, 0x00, 0x05, 0x77, 0x69, 0x64, 0x74, 0x68, 0x00, 0x00, 0x00, 0x03, 0x08, 0x00, 0x08, 0x61, 0x73, 0x73, 0x65, 0x74, 0x5F, 0x69, 0x64, 0x00, 0x10, 0x6D, 0x69, 0x6E, 0x65, 0x63, 0x72, 0x61, 0x66, 0x74, 0x3A, 0x64, 0x65, 0x6E, 0x6E, 0x69, 0x73, 0x0A, 0x00, 0x05, 0x74, 0x69, 0x74, 0x6C, 0x65, 0x08, 0x00, 0x05, 0x63, 0x6F, 0x6C, 0x6F, 0x72, 0x00, 0x06, 0x79, 0x65, 0x6C, 0x6C, 0x6F, 0x77, 0x08, 0x00, 0x09, 0x74, 0x72, 0x61, 0x6E, 0x73, 0x6C, 0x61, 0x74, 0x65, 0x00, 0x1F, 0x70, 0x61, 0x69, 0x6E, 0x74, 0x69, 0x6E, 0x67, 0x2E, 0x6D, 0x69, 0x6E, 0x65, 0x63, 0x72, 0x61, 0x66, 0x74, 0x2E, 0x64, 0x65, 0x6E, 0x6E, 0x69, 0x73, 0x2E, 0x74, 0x69, 0x74, 0x6C, 0x65, 0x00, 0x03, 0x00, 0x06, 0x68, 0x65, 0x69, 0x67, 0x68, 0x74, 0x00, 0x00, 0x00, 0x03, 0x00, 0x15, 0x6D, 0x69, 0x6E, 0x65, 0x63, 0x72, 0x61, 0x66, 0x74, 0x3A, 0x64, 0x6F, 0x6E, 0x6B, 0x65, 0x79, 0x5F, 0x6B, 0x6F, 0x6E, 0x67, 0x01, 0x0A, 0x0A, 0x00, 0x06, 0x61, 0x75, 0x74, 0x68, 0x6F, 0x72, 0x08, 0x00, 0x05, 0x63, 0x6F, 0x6C, 0x6F, 0x72, 0x00, 0x04, 0x67, 0x72, 0x61, 0x79, 0x08, 0x00, 0x09, 0x74, 0x72, 0x61, 0x6E, 0x73, 0x6C, 0x61, 0x74, 0x65, 0x00, 0x25, 0x70, 0x61, 0x69, 0x6E, 0x74, 0x69, 0x6E, 0x67, 0x2E, 0x6D, 0x69, 0x6E, 0x65, 0x63, 0x72, 0x61, 0x66, 0x74, 0x2E, 0x64, 0x6F, 0x6E, 0x6B, 0x65, 0x79, 0x5F, 0x6B, 0x6F, 0x6E, 0x67, 0x2E, 0x61, 0x75, 0x74, 0x68, 0x6F, 0x72, 0x00, 0x03, 0x00, 0x05, 0x77, 0x69, 0x64, 0x74, 0x68, 0x00, 0x00, 0x00, 0x04, 0x08, 0x00, 0x08, 0x61, 0x73, 0x73, 0x65, 0x74, 0x5F, 0x69, 0x64, 0x00, 0x15, 0x6D, 0x69, 0x6E, 0x65, 0x63, 0x72, 0x61, 0x66, 0x74, 0x3A, 0x64, 0x6F, 0x6E, 0x6B, 0x65, 0x79, 0x5F, 0x6B, 0x6F, 0x6E, 0x67, 0x0A, 0x00, 0x05, 0x74, 0x69, 0x74, 0x6C, 0x65, 0x08, 0x00, 0x05, 0x63, 0x6F, 0x6C, 0x6F, 0x72, 0x00, 0x06, 0x79, 0x65, 0x6C, 0x6C, 0x6F, 0x77, 0x08, 0x00, 0x09, 0x74, 0x72, 0x61, 0x6E, 0x73, 0x6C, 0x61, 0x74, 0x65, 0x00, 0x24, 0x70, 0x61, 0x69, 0x6E, 0x74, 0x69, 0x6E, 0x67, 0x2E, 0x6D, 0x69, 0x6E, 0x65, 0x63, 0x72, 0x61, 0x66, 0x74, 0x2E, 0x64, 0x6F, 0x6E, 0x6B, 0x65, 0x79, 0x5F, 0x6B, 0x6F, 0x6E, 0x67, 0x2E, 0x74, 0x69, 0x74, 0x6C, 0x65, 0x00, 0x03, 0x00, 0x06, 0x68, 0x65, 0x69, 0x67, 0x68, 0x74, 0x00, 0x00, 0x00, 0x03, 0x00, 0x0F, 0x6D, 0x69, 0x6E, 0x65, 0x63, 0x72, 0x61, 0x66, 0x74, 0x3A, 0x65, 0x61, 0x72, 0x74, 0x68, 0x01, 0x0A, 0x03, 0x00, 0x05, 0x77, 0x69, 0x64, 0x74, 0x68, 0x00, 0x00, 0x00, 0x02, 0x08, 0x00, 0x08, 0x61, 0x73, 0x73, 0x65, 0x74, 0x5F, 0x69, 0x64, 0x00, 0x0F, 0x6D, 0x69, 0x6E, 0x65, 0x63, 0x72, 0x61, 0x66, 0x74, 0x3A, 0x65, 0x61, 0x72, 0x74, 0x68, 0x0A, 0x00, 0x05, 0x74, 0x69, 0x74, 0x6C, 0x65, 0x08, 0x00, 0x05, 0x63, 0x6F, 0x6C, 0x6F, 0x72, 0x00, 0x06, 0x79, 0x65, 0x6C, 0x6C, 0x6F, 0x77, 0x08, 0x00, 0x09, 0x74, 0x72, 0x61, 0x6E, 0x73, 0x6C, 0x61, 0x74, 0x65, 0x00, 0x1E, 0x70, 0x61, 0x69, 0x6E, 0x74, 0x69, 0x6E, 0x67, 0x2E, 0x6D, 0x69, 0x6E, 0x65, 0x63, 0x72, 0x61, 0x66, 0x74, 0x2E, 0x65, 0x61, 0x72, 0x74, 0x68, 0x2E, 0x74, 0x69, 0x74, 0x6C, 0x65, 0x00, 0x03, 0x00, 0x06, 0x68, 0x65, 0x69, 0x67, 0x68, 0x74, 0x00, 0x00, 0x00, 0x02, 0x00, 0x11, 0x6D, 0x69, 0x6E, 0x65, 0x63, 0x72, 0x61, 0x66, 0x74, 0x3A, 0x65, 0x6E, 0x64, 0x62, 0x6F, 0x73, 0x73, 0x01, 0x0A, 0x0A, 0x00, 0x06, 0x61, 0x75, 0x74, 0x68, 0x6F, 0x72, 0x08, 0x00, 0x05, 0x63, 0x6F, 0x6C, 0x6F, 0x72, 0x00, 0x04, 0x67, 0x72, 0x61, 0x79, 0x08, 0x00, 0x09, 0x74, 0x72, 0x61, 0x6E, 0x73, 0x6C, 0x61, 0x74, 0x65, 0x00, 0x21, 0x70, 0x61, 0x69, 0x6E, 0x74, 0x69, 0x6E, 0x67, 0x2E, 0x6D, 0x69, 0x6E, 0x65, 0x63, 0x72, 0x61, 0x66, 0x74, 0x2E, 0x65, 0x6E, 0x64, 0x62, 0x6F, 0x73, 0x73, 0x2E, 0x61, 0x75, 0x74, 0x68, 0x6F, 0x72, 0x00, 0x03, 0x00, 0x05, 0x77, 0x69, 0x64, 0x74, 0x68, 0x00, 0x00, 0x00, 0x03, 0x08, 0x00, 0x08, 0x61, 0x73, 0x73, 0x65, 0x74, 0x5F, 0x69, 0x64, 0x00, 0x11, 0x6D, 0x69, 0x6E, 0x65, 0x63, 0x72, 0x61, 0x66, 0x74, 0x3A, 0x65, 0x6E, 0x64, 0x62, 0x6F, 0x73, 0x73, 0x0A, 0x00, 0x05, 0x74, 0x69, 0x74, 0x6C, 0x65, 0x08, 0x00, 0x05, 0x63, 0x6F, 0x6C, 0x6F, 0x72, 0x00, 0x06, 0x79, 0x65, 0x6C, 0x6C, 0x6F, 0x77, 0x08, 0x00, 0x09, 0x74, 0x72, 0x61, 0x6E, 0x73, 0x6C, 0x61, 0x74, 0x65, 0x00, 0x20, 0x70, 0x61, 0x69, 0x6E, 0x74, 0x69, 0x6E, 0x67, 0x2E, 0x6D, 0x69, 0x6E, 0x65, 0x63, 0x72, 0x61, 0x66, 0x74, 0x2E, 0x65, 0x6E, 0x64, 0x62, 0x6F, 0x73, 0x73, 0x2E, 0x74, 0x69, 0x74, 0x6C, 0x65, 0x00, 0x03, 0x00, 0x06, 0x68, 0x65, 0x69, 0x67, 0x68, 0x74, 0x00, 0x00, 0x00, 0x03, 0x00, 0x0E, 0x6D, 0x69, 0x6E, 0x65, 0x63, 0x72, 0x61, 0x66, 0x74, 0x3A, 0x66, 0x65, 0x72, 0x6E, 0x01, 0x0A, 0x0A, 0x00, 0x06, 0x61, 0x75, 0x74, 0x68, 0x6F, 0x72, 0x08, 0x00, 0x05, 0x63, 0x6F, 0x6C, 0x6F, 0x72, 0x00, 0x04, 0x67, 0x72, 0x61, 0x79, 0x08, 0x00, 0x09, 0x74, 0x72, 0x61, 0x6E, 0x73, 0x6C, 0x61, 0x74, 0x65, 0x00, 0x1E, 0x70, 0x61, 0x69, 0x6E, 0x74, 0x69, 0x6E, 0x67, 0x2E, 0x6D, 0x69, 0x6E, 0x65, 0x63, 0x72, 0x61, 0x66, 0x74, 0x2E, 0x66, 0x65, 0x72, 0x6E, 0x2E, 0x61, 0x75, 0x74, 0x68, 0x6F, 0x72, 0x00, 0x03, 0x00, 0x05, 0x77, 0x69, 0x64, 0x74, 0x68, 0x00, 0x00, 0x00, 0x03, 0x08, 0x00, 0x08, 0x61, 0x73, 0x73, 0x65, 0x74, 0x5F, 0x69, 0x64, 0x00, 0x0E, 0x6D, 0x69, 0x6E, 0x65, 0x63, 0x72, 0x61, 0x66, 0x74, 0x3A, 0x66, 0x65, 0x72, 0x6E, 0x0A, 0x00, 0x05, 0x74, 0x69, 0x74, 0x6C, 0x65, 0x08, 0x00, 0x05, 0x63, 0x6F, 0x6C, 0x6F, 0x72, 0x00, 0x06, 0x79, 0x65, 0x6C, 0x6C, 0x6F, 0x77, 0x08, 0x00, 0x09, 0x74, 0x72, 0x61, 0x6E, 0x73, 0x6C, 0x61, 0x74, 0x65, 0x00, 0x1D, 0x70, 0x61, 0x69, 0x6E, 0x74, 0x69, 0x6E, 0x67, 0x2E, 0x6D, 0x69, 0x6E, 0x65, 0x63, 0x72, 0x61, 0x66, 0x74, 0x2E, 0x66, 0x65, 0x72, 0x6E, 0x2E, 0x74, 0x69, 0x74, 0x6C, 0x65, 0x00, 0x03, 0x00, 0x06, 0x68, 0x65, 0x69, 0x67, 0x68, 0x74, 0x00, 0x00, 0x00, 0x03, 0x00, 0x12, 0x6D, 0x69, 0x6E, 0x65, 0x63, 0x72, 0x61, 0x66, 0x74, 0x3A, 0x66, 0x69, 0x67, 0x68, 0x74, 0x65, 0x72, 0x73, 0x01, 0x0A, 0x0A, 0x00, 0x06, 0x61, 0x75, 0x74, 0x68, 0x6F, 0x72, 0x08, 0x00, 0x05, 0x63, 0x6F, 0x6C, 0x6F, 0x72, 0x00, 0x04, 0x67, 0x72, 0x61, 0x79, 0x08, 0x00, 0x09, 0x74, 0x72, 0x61, 0x6E, 0x73, 0x6C, 0x61, 0x74, 0x65, 0x00, 0x22, 0x70, 0x61, 0x69, 0x6E, 0x74, 0x69, 0x6E, 0x67, 0x2E, 0x6D, 0x69, 0x6E, 0x65, 0x63, 0x72, 0x61, 0x66, 0x74, 0x2E, 0x66, 0x69, 0x67, 0x68, 0x74, 0x65, 0x72, 0x73, 0x2E, 0x61, 0x75, 0x74, 0x68, 0x6F, 0x72, 0x00, 0x03, 0x00, 0x05, 0x77, 0x69, 0x64, 0x74, 0x68, 0x00, 0x00, 0x00, 0x04, 0x08, 0x00, 0x08, 0x61, 0x73, 0x73, 0x65, 0x74, 0x5F, 0x69, 0x64, 0x00, 0x12, 0x6D, 0x69, 0x6E, 0x65, 0x63, 0x72, 0x61, 0x66, 0x74, 0x3A, 0x66, 0x69, 0x67, 0x68, 0x74, 0x65, 0x72, 0x73, 0x0A, 0x00, 0x05, 0x74, 0x69, 0x74, 0x6C, 0x65, 0x08, 0x00, 0x05, 0x63, 0x6F, 0x6C, 0x6F, 0x72, 0x00, 0x06, 0x79, 0x65, 0x6C, 0x6C, 0x6F, 0x77, 0x08, 0x00, 0x09, 0x74, 0x72, 0x61, 0x6E, 0x73, 0x6C, 0x61, 0x74, 0x65, 0x00, 0x21, 0x70, 0x61, 0x69, 0x6E, 0x74, 0x69, 0x6E, 0x67, 0x2E, 0x6D, 0x69, 0x6E, 0x65, 0x63, 0x72, 0x61, 0x66, 0x74, 0x2E, 0x66, 0x69, 0x67, 0x68, 0x74, 0x65, 0x72, 0x73, 0x2E, 0x74, 0x69, 0x74, 0x6C, 0x65, 0x00, 0x03, 0x00, 0x06, 0x68, 0x65, 0x69, 0x67, 0x68, 0x74, 0x00, 0x00, 0x00, 0x02, 0x00, 0x11, 0x6D, 0x69, 0x6E, 0x65, 0x63, 0x72, 0x61, 0x66, 0x74, 0x3A, 0x66, 0x69, 0x6E, 0x64, 0x69, 0x6E, 0x67, 0x01, 0x0A, 0x0A, 0x00, 0x06, 0x61, 0x75, 0x74, 0x68, 0x6F, 0x72, 0x08, 0x00, 0x05, 0x63, 0x6F, 0x6C, 0x6F, 0x72, 0x00, 0x04, 0x67, 0x72, 0x61, 0x79, 0x08, 0x00, 0x09, 0x74, 0x72, 0x61, 0x6E, 0x73, 0x6C, 0x61, 0x74, 0x65, 0x00, 0x21, 0x70, 0x61, 0x69, 0x6E, 0x74, 0x69, 0x6E, 0x67, 0x2E, 0x6D, 0x69, 0x6E, 0x65, 0x63, 0x72, 0x61, 0x66, 0x74, 0x2E, 0x66, 0x69, 0x6E, 0x64, 0x69, 0x6E, 0x67, 0x2E, 0x61, 0x75, 0x74, 0x68, 0x6F, 0x72, 0x00, 0x03, 0x00, 0x05, 0x77, 0x69, 0x64, 0x74, 0x68, 0x00, 0x00, 0x00, 0x04, 0x08, 0x00, 0x08, 0x61, 0x73, 0x73, 0x65, 0x74, 0x5F, 0x69, 0x64, 0x00, 0x11, 0x6D, 0x69, 0x6E, 0x65, 0x63, 0x72, 0x61, 0x66, 0x74, 0x3A, 0x66, 0x69, 0x6E, 0x64, 0x69, 0x6E, 0x67, 0x0A, 0x00, 0x05, 0x74, 0x69, 0x74, 0x6C, 0x65, 0x08, 0x00, 0x05, 0x63, 0x6F, 0x6C, 0x6F, 0x72, 0x00, 0x06, 0x79, 0x65, 0x6C, 0x6C, 0x6F, 0x77, 0x08, 0x00, 0x09, 0x74, 0x72, 0x61, 0x6E, 0x73, 0x6C, 0x61, 0x74, 0x65, 0x00, 0x20, 0x70, 0x61, 0x69, 0x6E, 0x74, 0x69, 0x6E, 0x67, 0x2E, 0x6D, 0x69, 0x6E, 0x65, 0x63, 0x72, 0x61, 0x66, 0x74, 0x2E, 0x66, 0x69, 0x6E, 0x64, 0x69, 0x6E, 0x67, 0x2E, 0x74, 0x69, 0x74, 0x6C, 0x65, 0x00, 0x03, 0x00, 0x06, 0x68, 0x65, 0x69, 0x67, 0x68, 0x74, 0x00, 0x00, 0x00, 0x02, 0x00, 0x0E, 0x6D, 0x69, 0x6E, 0x65, 0x63, 0x72, 0x61, 0x66, 0x74, 0x3A, 0x66, 0x69, 0x72, 0x65, 0x01, 0x0A, 0x03, 0x00, 0x05, 0x77, 0x69, 0x64, 0x74, 0x68, 0x00, 0x00, 0x00, 0x02, 0x08, 0x00, 0x08, 0x61, 0x73, 0x73, 0x65, 0x74, 0x5F, 0x69, 0x64, 0x00, 0x0E, 0x6D, 0x69, 0x6E, 0x65, 0x63, 0x72, 0x61, 0x66, 0x74, 0x3A, 0x66, 0x69, 0x72, 0x65, 0x0A, 0x00, 0x05, 0x74, 0x69, 0x74, 0x6C, 0x65, 0x08, 0x00, 0x05, 0x63, 0x6F, 0x6C, 0x6F, 0x72, 0x00, 0x06, 0x79, 0x65, 0x6C, 0x6C, 0x6F, 0x77, 0x08, 0x00, 0x09, 0x74, 0x72, 0x61, 0x6E, 0x73, 0x6C, 0x61, 0x74, 0x65, 0x00, 0x1D, 0x70, 0x61, 0x69, 0x6E, 0x74, 0x69, 0x6E, 0x67, 0x2E, 0x6D, 0x69, 0x6E, 0x65, 0x63, 0x72, 0x61, 0x66, 0x74, 0x2E, 0x66, 0x69, 0x72, 0x65, 0x2E, 0x74, 0x69, 0x74, 0x6C, 0x65, 0x00, 0x03, 0x00, 0x06, 0x68, 0x65, 0x69, 0x67, 0x68, 0x74, 0x00, 0x00, 0x00, 0x02, 0x00, 0x10, 0x6D, 0x69, 0x6E, 0x65, 0x63, 0x72, 0x61, 0x66, 0x74, 0x3A, 0x67, 0x72, 0x61, 0x68, 0x61, 0x6D, 0x01, 0x0A, 0x0A, 0x00, 0x06, 0x61, 0x75, 0x74, 0x68, 0x6F, 0x72, 0x08, 0x00, 0x05, 0x63, 0x6F, 0x6C, 0x6F, 0x72, 0x00, 0x04, 0x67, 0x72, 0x61, 0x79, 0x08, 0x00, 0x09, 0x74, 0x72, 0x61, 0x6E, 0x73, 0x6C, 0x61, 0x74, 0x65, 0x00, 0x20, 0x70, 0x61, 0x69, 0x6E, 0x74, 0x69, 0x6E, 0x67, 0x2E, 0x6D, 0x69, 0x6E, 0x65, 0x63, 0x72, 0x61, 0x66, 0x74, 0x2E, 0x67, 0x72, 0x61, 0x68, 0x61, 0x6D, 0x2E, 0x61, 0x75, 0x74, 0x68, 0x6F, 0x72, 0x00, 0x03, 0x00, 0x05, 0x77, 0x69, 0x64, 0x74, 0x68, 0x00, 0x00, 0x00, 0x01, 0x08, 0x00, 0x08, 0x61, 0x73, 0x73, 0x65, 0x74, 0x5F, 0x69, 0x64, 0x00, 0x10, 0x6D, 0x69, 0x6E, 0x65, 0x63, 0x72, 0x61, 0x66, 0x74, 0x3A, 0x67, 0x72, 0x61, 0x68, 0x61, 0x6D, 0x0A, 0x00, 0x05, 0x74, 0x69, 0x74, 0x6C, 0x65, 0x08, 0x00, 0x05, 0x63, 0x6F, 0x6C, 0x6F, 0x72, 0x00, 0x06, 0x79, 0x65, 0x6C, 0x6C, 0x6F, 0x77, 0x08, 0x00, 0x09, 0x74, 0x72, 0x61, 0x6E, 0x73, 0x6C, 0x61, 0x74, 0x65, 0x00, 0x1F, 0x70, 0x61, 0x69, 0x6E, 0x74, 0x69, 0x6E, 0x67, 0x2E, 0x6D, 0x69, 0x6E, 0x65, 0x63, 0x72, 0x61, 0x66, 0x74, 0x2E, 0x67, 0x72, 0x61, 0x68, 0x61, 0x6D, 0x2E, 0x74, 0x69, 0x74, 0x6C, 0x65, 0x00, 0x03, 0x00, 0x06, 0x68, 0x65, 0x69, 0x67, 0x68, 0x74, 0x00, 0x00, 0x00, 0x02, 0x00, 0x10, 0x6D, 0x69, 0x6E, 0x65, 0x63, 0x72, 0x61, 0x66, 0x74, 0x3A, 0x68, 0x75, 0x6D, 0x62, 0x6C, 0x65, 0x01, 0x0A, 0x0A, 0x00, 0x06, 0x61, 0x75, 0x74, 0x68, 0x6F, 0x72, 0x08, 0x00, 0x05, 0x63, 0x6F, 0x6C, 0x6F, 0x72, 0x00, 0x04, 0x67, 0x72, 0x61, 0x79, 0x08, 0x00, 0x09, 0x74, 0x72, 0x61, 0x6E, 0x73, 0x6C, 0x61, 0x74, 0x65, 0x00, 0x20, 0x70, 0x61, 0x69, 0x6E, 0x74, 0x69, 0x6E, 0x67, 0x2E, 0x6D, 0x69, 0x6E, 0x65, 0x63, 0x72, 0x61, 0x66, 0x74, 0x2E, 0x68, 0x75, 0x6D, 0x62, 0x6C, 0x65, 0x2E, 0x61, 0x75, 0x74, 0x68, 0x6F, 0x72, 0x00, 0x03, 0x00, 0x05, 0x77, 0x69, 0x64, 0x74, 0x68, 0x00, 0x00, 0x00, 0x02, 0x08, 0x00, 0x08, 0x61, 0x73, 0x73, 0x65, 0x74, 0x5F, 0x69, 0x64, 0x00, 0x10, 0x6D, 0x69, 0x6E, 0x65, 0x63, 0x72, 0x61, 0x66, 0x74, 0x3A, 0x68, 0x75, 0x6D, 0x62, 0x6C, 0x65, 0x0A, 0x00, 0x05, 0x74, 0x69, 0x74, 0x6C, 0x65, 0x08, 0x00, 0x05, 0x63, 0x6F, 0x6C, 0x6F, 0x72, 0x00, 0x06, 0x79, 0x65, 0x6C, 0x6C, 0x6F, 0x77, 0x08, 0x00, 0x09, 0x74, 0x72, 0x61, 0x6E, 0x73, 0x6C, 0x61, 0x74, 0x65, 0x00, 0x1F, 0x70, 0x61, 0x69, 0x6E, 0x74, 0x69, 0x6E, 0x67, 0x2E, 0x6D, 0x69, 0x6E, 0x65, 0x63, 0x72, 0x61, 0x66, 0x74, 0x2E, 0x68, 0x75, 0x6D, 0x62, 0x6C, 0x65, 0x2E, 0x74, 0x69, 0x74, 0x6C, 0x65, 0x00, 0x03, 0x00, 0x06, 0x68, 0x65, 0x69, 0x67, 0x68, 0x74, 0x00, 0x00, 0x00, 0x02, 0x00, 0x0F, 0x6D, 0x69, 0x6E, 0x65, 0x63, 0x72, 0x61, 0x66, 0x74, 0x3A, 0x6B, 0x65, 0x62, 0x61, 0x62, 0x01, 0x0A, 0x0A, 0x00, 0x06, 0x61, 0x75, 0x74, 0x68, 0x6F, 0x72, 0x08, 0x00, 0x05, 0x63, 0x6F, 0x6C, 0x6F, 0x72, 0x00, 0x04, 0x67, 0x72, 0x61, 0x79, 0x08, 0x00, 0x09, 0x74, 0x72, 0x61, 0x6E, 0x73, 0x6C, 0x61, 0x74, 0x65, 0x00, 0x1F, 0x70, 0x61, 0x69, 0x6E, 0x74, 0x69, 0x6E, 0x67, 0x2E, 0x6D, 0x69, 0x6E, 0x65, 0x63, 0x72, 0x61, 0x66, 0x74, 0x2E, 0x6B, 0x65, 0x62, 0x61, 0x62, 0x2E, 0x61, 0x75, 0x74, 0x68, 0x6F, 0x72, 0x00, 0x03, 0x00, 0x05, 0x77, 0x69, 0x64, 0x74, 0x68, 0x00, 0x00, 0x00, 0x01, 0x08, 0x00, 0x08, 0x61, 0x73, 0x73, 0x65, 0x74, 0x5F, 0x69, 0x64, 0x00, 0x0F, 0x6D, 0x69, 0x6E, 0x65, 0x63, 0x72, 0x61, 0x66, 0x74, 0x3A, 0x6B, 0x65, 0x62, 0x61, 0x62, 0x0A, 0x00, 0x05, 0x74, 0x69, 0x74, 0x6C, 0x65, 0x08, 0x00, 0x05, 0x63, 0x6F, 0x6C, 0x6F, 0x72, 0x00, 0x06, 0x79, 0x65, 0x6C, 0x6C, 0x6F, 0x77, 0x08, 0x00, 0x09, 0x74, 0x72, 0x61, 0x6E, 0x73, 0x6C, 0x61, 0x74, 0x65, 0x00, 0x1E, 0x70, 0x61, 0x69, 0x6E, 0x74, 0x69, 0x6E, 0x67, 0x2E, 0x6D, 0x69, 0x6E, 0x65, 0x63, 0x72, 0x61, 0x66, 0x74, 0x2E, 0x6B, 0x65, 0x62, 0x61, 0x62, 0x2E, 0x74, 0x69, 0x74, 0x6C, 0x65, 0x00, 0x03, 0x00, 0x06, 0x68, 0x65, 0x69, 0x67, 0x68, 0x74, 0x00, 0x00, 0x00, 0x01, 0x00, 0x11, 0x6D, 0x69, 0x6E, 0x65, 0x63, 0x72, 0x61, 0x66, 0x74, 0x3A, 0x6C, 0x6F, 0x77, 0x6D, 0x69, 0x73, 0x74, 0x01, 0x0A, 0x0A, 0x00, 0x06, 0x61, 0x75, 0x74, 0x68, 0x6F, 0x72, 0x08, 0x00, 0x05, 0x63, 0x6F, 0x6C, 0x6F, 0x72, 0x00, 0x04, 0x67, 0x72, 0x61, 0x79, 0x08, 0x00, 0x09, 0x74, 0x72, 0x61, 0x6E, 0x73, 0x6C, 0x61, 0x74, 0x65, 0x00, 0x21, 0x70, 0x61, 0x69, 0x6E, 0x74, 0x69, 0x6E, 0x67, 0x2E, 0x6D, 0x69, 0x6E, 0x65, 0x63, 0x72, 0x61, 0x66, 0x74, 0x2E, 0x6C, 0x6F, 0x77, 0x6D, 0x69, 0x73, 0x74, 0x2E, 0x61, 0x75, 0x74, 0x68, 0x6F, 0x72, 0x00, 0x03, 0x00, 0x05, 0x77, 0x69, 0x64, 0x74, 0x68, 0x00, 0x00, 0x00, 0x04, 0x08, 0x00, 0x08, 0x61, 0x73, 0x73, 0x65, 0x74, 0x5F, 0x69, 0x64, 0x00, 0x11, 0x6D, 0x69, 0x6E, 0x65, 0x63, 0x72, 0x61, 0x66, 0x74, 0x3A, 0x6C, 0x6F, 0x77, 0x6D, 0x69, 0x73, 0x74, 0x0A, 0x00, 0x05, 0x74, 0x69, 0x74, 0x6C, 0x65, 0x08, 0x00, 0x05, 0x63, 0x6F, 0x6C, 0x6F, 0x72, 0x00, 0x06, 0x79, 0x65, 0x6C, 0x6C, 0x6F, 0x77, 0x08, 0x00, 0x09, 0x74, 0x72, 0x61, 0x6E, 0x73, 0x6C, 0x61, 0x74, 0x65, 0x00, 0x20, 0x70, 0x61, 0x69, 0x6E, 0x74, 0x69, 0x6E, 0x67, 0x2E, 0x6D, 0x69, 0x6E, 0x65, 0x63, 0x72, 0x61, 0x66, 0x74, 0x2E, 0x6C, 0x6F, 0x77, 0x6D, 0x69, 0x73, 0x74, 0x2E, 0x74, 0x69, 0x74, 0x6C, 0x65, 0x00, 0x03, 0x00, 0x06, 0x68, 0x65, 0x69, 0x67, 0x68, 0x74, 0x00, 0x00, 0x00, 0x02, 0x00, 0x0F, 0x6D, 0x69, 0x6E, 0x65, 0x63, 0x72, 0x61, 0x66, 0x74, 0x3A, 0x6D, 0x61, 0x74, 0x63, 0x68, 0x01, 0x0A, 0x0A, 0x00, 0x06, 0x61, 0x75, 0x74, 0x68, 0x6F, 0x72, 0x08, 0x00, 0x05, 0x63, 0x6F, 0x6C, 0x6F, 0x72, 0x00, 0x04, 0x67, 0x72, 0x61, 0x79, 0x08, 0x00, 0x09, 0x74, 0x72, 0x61, 0x6E, 0x73, 0x6C, 0x61, 0x74, 0x65, 0x00, 0x1F, 0x70, 0x61, 0x69, 0x6E, 0x74, 0x69, 0x6E, 0x67, 0x2E, 0x6D, 0x69, 0x6E, 0x65, 0x63, 0x72, 0x61, 0x66, 0x74, 0x2E, 0x6D, 0x61, 0x74, 0x63, 0x68, 0x2E, 0x61, 0x75, 0x74, 0x68, 0x6F, 0x72, 0x00, 0x03, 0x00, 0x05, 0x77, 0x69, 0x64, 0x74, 0x68, 0x00, 0x00, 0x00, 0x02, 0x08, 0x00, 0x08, 0x61, 0x73, 0x73, 0x65, 0x74, 0x5F, 0x69, 0x64, 0x00, 0x0F, 0x6D, 0x69, 0x6E, 0x65, 0x63, 0x72, 0x61, 0x66, 0x74, 0x3A, 0x6D, 0x61, 0x74, 0x63, 0x68, 0x0A, 0x00, 0x05, 0x74, 0x69, 0x74, 0x6C, 0x65, 0x08, 0x00, 0x05, 0x63, 0x6F, 0x6C, 0x6F, 0x72, 0x00, 0x06, 0x79, 0x65, 0x6C, 0x6C, 0x6F, 0x77, 0x08, 0x00, 0x09, 0x74, 0x72, 0x61, 0x6E, 0x73, 0x6C, 0x61, 0x74, 0x65, 0x00, 0x1E, 0x70, 0x61, 0x69, 0x6E, 0x74, 0x69, 0x6E, 0x67, 0x2E, 0x6D, 0x69, 0x6E, 0x65, 0x63, 0x72, 0x61, 0x66, 0x74, 0x2E, 0x6D, 0x61, 0x74, 0x63, 0x68, 0x2E, 0x74, 0x69, 0x74, 0x6C, 0x65, 0x00, 0x03, 0x00, 0x06, 0x68, 0x65, 0x69, 0x67, 0x68, 0x74, 0x00, 0x00, 0x00, 0x02, 0x00, 0x14, 0x6D, 0x69, 0x6E, 0x65, 0x63, 0x72, 0x61, 0x66, 0x74, 0x3A, 0x6D, 0x65, 0x64, 0x69, 0x74, 0x61, 0x74, 0x69, 0x76, 0x65, 0x01, 0x0A, 0x0A, 0x00, 0x06, 0x61, 0x75, 0x74, 0x68, 0x6F, 0x72, 0x08, 0x00, 0x05, 0x63, 0x6F, 0x6C, 0x6F, 0x72, 0x00, 0x04, 0x67, 0x72, 0x61, 0x79, 0x08, 0x00, 0x09, 0x74, 0x72, 0x61, 0x6E, 0x73, 0x6C, 0x61, 0x74, 0x65, 0x00, 0x24, 0x70, 0x61, 0x69, 0x6E, 0x74, 0x69, 0x6E, 0x67, 0x2E, 0x6D, 0x69, 0x6E, 0x65, 0x63, 0x72, 0x61, 0x66, 0x74, 0x2E, 0x6D, 0x65, 0x64, 0x69, 0x74, 0x61, 0x74, 0x69, 0x76, 0x65, 0x2E, 0x61, 0x75, 0x74, 0x68, 0x6F, 0x72, 0x00, 0x03, 0x00, 0x05, 0x77, 0x69, 0x64, 0x74, 0x68, 0x00, 0x00, 0x00, 0x01, 0x08, 0x00, 0x08, 0x61, 0x73, 0x73, 0x65, 0x74, 0x5F, 0x69, 0x64, 0x00, 0x14, 0x6D, 0x69, 0x6E, 0x65, 0x63, 0x72, 0x61, 0x66, 0x74, 0x3A, 0x6D, 0x65, 0x64, 0x69, 0x74, 0x61, 0x74, 0x69, 0x76, 0x65, 0x0A, 0x00, 0x05, 0x74, 0x69, 0x74, 0x6C, 0x65, 0x08, 0x00, 0x05, 0x63, 0x6F, 0x6C, 0x6F, 0x72, 0x00, 0x06, 0x79, 0x65, 0x6C, 0x6C, 0x6F, 0x77, 0x08, 0x00, 0x09, 0x74, 0x72, 0x61, 0x6E, 0x73, 0x6C, 0x61, 0x74, 0x65, 0x00, 0x23, 0x70, 0x61, 0x69, 0x6E, 0x74, 0x69, 0x6E, 0x67, 0x2E, 0x6D, 0x69, 0x6E, 0x65, 0x63, 0x72, 0x61, 0x66, 0x74, 0x2E, 0x6D, 0x65, 0x64, 0x69, 0x74, 0x61, 0x74, 0x69, 0x76, 0x65, 0x2E, 0x74, 0x69, 0x74, 0x6C, 0x65, 0x00, 0x03, 0x00, 0x06, 0x68, 0x65, 0x69, 0x67, 0x68, 0x74, 0x00, 0x00, 0x00, 0x01, 0x00, 0x0D, 0x6D, 0x69, 0x6E, 0x65, 0x63, 0x72, 0x61, 0x66, 0x74, 0x3A, 0x6F, 0x72, 0x62, 0x01, 0x0A, 0x0A, 0x00, 0x06, 0x61, 0x75, 0x74, 0x68, 0x6F, 0x72, 0x08, 0x00, 0x05, 0x63, 0x6F, 0x6C, 0x6F, 0x72, 0x00, 0x04, 0x67, 0x72, 0x61, 0x79, 0x08, 0x00, 0x09, 0x74, 0x72, 0x61, 0x6E, 0x73, 0x6C, 0x61, 0x74, 0x65, 0x00, 0x1D, 0x70, 0x61, 0x69, 0x6E, 0x74, 0x69, 0x6E, 0x67, 0x2E, 0x6D, 0x69, 0x6E, 0x65, 0x63, 0x72, 0x61, 0x66, 0x74, 0x2E, 0x6F, 0x72, 0x62, 0x2E, 0x61, 0x75, 0x74, 0x68, 0x6F, 0x72, 0x00, 0x03, 0x00, 0x05, 0x77, 0x69, 0x64, 0x74, 0x68, 0x00, 0x00, 0x00, 0x04, 0x08, 0x00, 0x08, 0x61, 0x73, 0x73, 0x65, 0x74, 0x5F, 0x69, 0x64, 0x00, 0x0D, 0x6D, 0x69, 0x6E, 0x65, 0x63, 0x72, 0x61, 0x66, 0x74, 0x3A, 0x6F, 0x72, 0x62, 0x0A, 0x00, 0x05, 0x74, 0x69, 0x74, 0x6C, 0x65, 0x08, 0x00, 0x05, 0x63, 0x6F, 0x6C, 0x6F, 0x72, 0x00, 0x06, 0x79, 0x65, 0x6C, 0x6C, 0x6F, 0x77, 0x08, 0x00, 0x09, 0x74, 0x72, 0x61, 0x6E, 0x73, 0x6C, 0x61, 0x74, 0x65, 0x00, 0x1C, 0x70, 0x61, 0x69, 0x6E, 0x74, 0x69, 0x6E, 0x67, 0x2E, 0x6D, 0x69, 0x6E, 0x65, 0x63, 0x72, 0x61, 0x66, 0x74, 0x2E, 0x6F, 0x72, 0x62, 0x2E, 0x74, 0x69, 0x74, 0x6C, 0x65, 0x00, 0x03, 0x00, 0x06, 0x68, 0x65, 0x69, 0x67, 0x68, 0x74, 0x00, 0x00, 0x00, 0x04, 0x00, 0x12, 0x6D, 0x69, 0x6E, 0x65, 0x63, 0x72, 0x61, 0x66, 0x74, 0x3A, 0x6F, 0x77, 0x6C, 0x65, 0x6D, 0x6F, 0x6E, 0x73, 0x01, 0x0A, 0x0A, 0x00, 0x06, 0x61, 0x75, 0x74, 0x68, 0x6F, 0x72, 0x08, 0x00, 0x05, 0x63, 0x6F, 0x6C, 0x6F, 0x72, 0x00, 0x04, 0x67, 0x72, 0x61, 0x79, 0x08, 0x00, 0x09, 0x74, 0x72, 0x61, 0x6E, 0x73, 0x6C, 0x61, 0x74, 0x65, 0x00, 0x22, 0x70, 0x61, 0x69, 0x6E, 0x74, 0x69, 0x6E, 0x67, 0x2E, 0x6D, 0x69, 0x6E, 0x65, 0x63, 0x72, 0x61, 0x66, 0x74, 0x2E, 0x6F, 0x77, 0x6C, 0x65, 0x6D, 0x6F, 0x6E, 0x73, 0x2E, 0x61, 0x75, 0x74, 0x68, 0x6F, 0x72, 0x00, 0x03, 0x00, 0x05, 0x77, 0x69, 0x64, 0x74, 0x68, 0x00, 0x00, 0x00, 0x03, 0x08, 0x00, 0x08, 0x61, 0x73, 0x73, 0x65, 0x74, 0x5F, 0x69, 0x64, 0x00, 0x12, 0x6D, 0x69, 0x6E, 0x65, 0x63, 0x72, 0x61, 0x66, 0x74, 0x3A, 0x6F, 0x77, 0x6C, 0x65, 0x6D, 0x6F, 0x6E, 0x73, 0x0A, 0x00, 0x05, 0x74, 0x69, 0x74, 0x6C, 0x65, 0x08, 0x00, 0x05, 0x63, 0x6F, 0x6C, 0x6F, 0x72, 0x00, 0x06, 0x79, 0x65, 0x6C, 0x6C, 0x6F, 0x77, 0x08, 0x00, 0x09, 0x74, 0x72, 0x61, 0x6E, 0x73, 0x6C, 0x61, 0x74, 0x65, 0x00, 0x21, 0x70, 0x61, 0x69, 0x6E, 0x74, 0x69, 0x6E, 0x67, 0x2E, 0x6D, 0x69, 0x6E, 0x65, 0x63, 0x72, 0x61, 0x66, 0x74, 0x2E, 0x6F, 0x77, 0x6C, 0x65, 0x6D, 0x6F, 0x6E, 0x73, 0x2E, 0x74, 0x69, 0x74, 0x6C, 0x65, 0x00, 0x03, 0x00, 0x06, 0x68, 0x65, 0x69, 0x67, 0x68, 0x74, 0x00, 0x00, 0x00, 0x03, 0x00, 0x11, 0x6D, 0x69, 0x6E, 0x65, 0x63, 0x72, 0x61, 0x66, 0x74, 0x3A, 0x70, 0x61, 0x73, 0x73, 0x61, 0x67, 0x65, 0x01, 0x0A, 0x0A, 0x00, 0x06, 0x61, 0x75, 0x74, 0x68, 0x6F, 0x72, 0x08, 0x00, 0x05, 0x63, 0x6F, 0x6C, 0x6F, 0x72, 0x00, 0x04, 0x67, 0x72, 0x61, 0x79, 0x08, 0x00, 0x09, 0x74, 0x72, 0x61, 0x6E, 0x73, 0x6C, 0x61, 0x74, 0x65, 0x00, 0x21, 0x70, 0x61, 0x69, 0x6E, 0x74, 0x69, 0x6E, 0x67, 0x2E, 0x6D, 0x69, 0x6E, 0x65, 0x63, 0x72, 0x61, 0x66, 0x74, 0x2E, 0x70, 0x61, 0x73, 0x73, 0x61, 0x67, 0x65, 0x2E, 0x61, 0x75, 0x74, 0x68, 0x6F, 0x72, 0x00, 0x03, 0x00, 0x05, 0x77, 0x69, 0x64, 0x74, 0x68, 0x00, 0x00, 0x00, 0x04, 0x08, 0x00, 0x08, 0x61, 0x73, 0x73, 0x65, 0x74, 0x5F, 0x69, 0x64, 0x00, 0x11, 0x6D, 0x69, 0x6E, 0x65, 0x63, 0x72, 0x61, 0x66, 0x74, 0x3A, 0x70, 0x61, 0x73, 0x73, 0x61, 0x67, 0x65, 0x0A, 0x00, 0x05, 0x74, 0x69, 0x74, 0x6C, 0x65, 0x08, 0x00, 0x05, 0x63, 0x6F, 0x6C, 0x6F, 0x72, 0x00, 0x06, 0x79, 0x65, 0x6C, 0x6C, 0x6F, 0x77, 0x08, 0x00, 0x09, 0x74, 0x72, 0x61, 0x6E, 0x73, 0x6C, 0x61, 0x74, 0x65, 0x00, 0x20, 0x70, 0x61, 0x69, 0x6E, 0x74, 0x69, 0x6E, 0x67, 0x2E, 0x6D, 0x69, 0x6E, 0x65, 0x63, 0x72, 0x61, 0x66, 0x74, 0x2E, 0x70, 0x61, 0x73, 0x73, 0x61, 0x67, 0x65, 0x2E, 0x74, 0x69, 0x74, 0x6C, 0x65, 0x00, 0x03, 0x00, 0x06, 0x68, 0x65, 0x69, 0x67, 0x68, 0x74, 0x00, 0x00, 0x00, 0x02, 0x00, 0x12, 0x6D, 0x69, 0x6E, 0x65, 0x63, 0x72, 0x61, 0x66, 0x74, 0x3A, 0x70, 0x69, 0x67, 0x73, 0x63, 0x65, 0x6E, 0x65, 0x01, 0x0A, 0x0A, 0x00, 0x06, 0x61, 0x75, 0x74, 0x68, 0x6F, 0x72, 0x08, 0x00, 0x05, 0x63, 0x6F, 0x6C, 0x6F, 0x72, 0x00, 0x04, 0x67, 0x72, 0x61, 0x79, 0x08, 0x00, 0x09, 0x74, 0x72, 0x61, 0x6E, 0x73, 0x6C, 0x61, 0x74, 0x65, 0x00, 0x22, 0x70, 0x61, 0x69, 0x6E, 0x74, 0x69, 0x6E, 0x67, 0x2E, 0x6D, 0x69, 0x6E, 0x65, 0x63, 0x72, 0x61, 0x66, 0x74, 0x2E, 0x70, 0x69, 0x67, 0x73, 0x63, 0x65, 0x6E, 0x65, 0x2E, 0x61, 0x75, 0x74, 0x68, 0x6F, 0x72, 0x00, 0x03, 0x00, 0x05, 0x77, 0x69, 0x64, 0x74, 0x68, 0x00, 0x00, 0x00, 0x04, 0x08, 0x00, 0x08, 0x61, 0x73, 0x73, 0x65, 0x74, 0x5F, 0x69, 0x64, 0x00, 0x12, 0x6D, 0x69, 0x6E, 0x65, 0x63, 0x72, 0x61, 0x66, 0x74, 0x3A, 0x70, 0x69, 0x67, 0x73, 0x63, 0x65, 0x6E, 0x65, 0x0A, 0x00, 0x05, 0x74, 0x69, 0x74, 0x6C, 0x65, 0x08, 0x00, 0x05, 0x63, 0x6F, 0x6C, 0x6F, 0x72, 0x00, 0x06, 0x79, 0x65, 0x6C, 0x6C, 0x6F, 0x77, 0x08, 0x00, 0x09, 0x74, 0x72, 0x61, 0x6E, 0x73, 0x6C, 0x61, 0x74, 0x65, 0x00, 0x21, 0x70, 0x61, 0x69, 0x6E, 0x74, 0x69, 0x6E, 0x67, 0x2E, 0x6D, 0x69, 0x6E, 0x65, 0x63, 0x72, 0x61, 0x66, 0x74, 0x2E, 0x70, 0x69, 0x67, 0x73, 0x63, 0x65, 0x6E, 0x65, 0x2E, 0x74, 0x69, 0x74, 0x6C, 0x65, 0x00, 0x03, 0x00, 0x06, 0x68, 0x65, 0x69, 0x67, 0x68, 0x74, 0x00, 0x00, 0x00, 0x04, 0x00, 0x0F, 0x6D, 0x69, 0x6E, 0x65, 0x63, 0x72, 0x61, 0x66, 0x74, 0x3A, 0x70, 0x6C, 0x61, 0x6E, 0x74, 0x01, 0x0A, 0x0A, 0x00, 0x06, 0x61, 0x75, 0x74, 0x68, 0x6F, 0x72, 0x08, 0x00, 0x05, 0x63, 0x6F, 0x6C, 0x6F, 0x72, 0x00, 0x04, 0x67, 0x72, 0x61, 0x79, 0x08, 0x00, 0x09, 0x74, 0x72, 0x61, 0x6E, 0x73, 0x6C, 0x61, 0x74, 0x65, 0x00, 0x1F, 0x70, 0x61, 0x69, 0x6E, 0x74, 0x69, 0x6E, 0x67, 0x2E, 0x6D, 0x69, 0x6E, 0x65, 0x63, 0x72, 0x61, 0x66, 0x74, 0x2E, 0x70, 0x6C, 0x61, 0x6E, 0x74, 0x2E, 0x61, 0x75, 0x74, 0x68, 0x6F, 0x72, 0x00, 0x03, 0x00, 0x05, 0x77, 0x69, 0x64, 0x74, 0x68, 0x00, 0x00, 0x00, 0x01, 0x08, 0x00, 0x08, 0x61, 0x73, 0x73, 0x65, 0x74, 0x5F, 0x69, 0x64, 0x00, 0x0F, 0x6D, 0x69, 0x6E, 0x65, 0x63, 0x72, 0x61, 0x66, 0x74, 0x3A, 0x70, 0x6C, 0x61, 0x6E, 0x74, 0x0A, 0x00, 0x05, 0x74, 0x69, 0x74, 0x6C, 0x65, 0x08, 0x00, 0x05, 0x63, 0x6F, 0x6C, 0x6F, 0x72, 0x00, 0x06, 0x79, 0x65, 0x6C, 0x6C, 0x6F, 0x77, 0x08, 0x00, 0x09, 0x74, 0x72, 0x61, 0x6E, 0x73, 0x6C, 0x61, 0x74, 0x65, 0x00, 0x1E, 0x70, 0x61, 0x69, 0x6E, 0x74, 0x69, 0x6E, 0x67, 0x2E, 0x6D, 0x69, 0x6E, 0x65, 0x63, 0x72, 0x61, 0x66, 0x74, 0x2E, 0x70, 0x6C, 0x61, 0x6E, 0x74, 0x2E, 0x74, 0x69, 0x74, 0x6C, 0x65, 0x00, 0x03, 0x00, 0x06, 0x68, 0x65, 0x69, 0x67, 0x68, 0x74, 0x00, 0x00, 0x00, 0x01, 0x00, 0x11, 0x6D, 0x69, 0x6E, 0x65, 0x63, 0x72, 0x61, 0x66, 0x74, 0x3A, 0x70, 0x6F, 0x69, 0x6E, 0x74, 0x65, 0x72, 0x01, 0x0A, 0x0A, 0x00, 0x06, 0x61, 0x75, 0x74, 0x68, 0x6F, 0x72, 0x08, 0x00, 0x05, 0x63, 0x6F, 0x6C, 0x6F, 0x72, 0x00, 0x04, 0x67, 0x72, 0x61, 0x79, 0x08, 0x00, 0x09, 0x74, 0x72, 0x61, 0x6E, 0x73, 0x6C, 0x61, 0x74, 0x65, 0x00, 0x21, 0x70, 0x61, 0x69, 0x6E, 0x74, 0x69, 0x6E, 0x67, 0x2E, 0x6D, 0x69, 0x6E, 0x65, 0x63, 0x72, 0x61, 0x66, 0x74, 0x2E, 0x70, 0x6F, 0x69, 0x6E, 0x74, 0x65, 0x72, 0x2E, 0x61, 0x75, 0x74, 0x68, 0x6F, 0x72, 0x00, 0x03, 0x00, 0x05, 0x77, 0x69, 0x64, 0x74, 0x68, 0x00, 0x00, 0x00, 0x04, 0x08, 0x00, 0x08, 0x61, 0x73, 0x73, 0x65, 0x74, 0x5F, 0x69, 0x64, 0x00, 0x11, 0x6D, 0x69, 0x6E, 0x65, 0x63, 0x72, 0x61, 0x66, 0x74, 0x3A, 0x70, 0x6F, 0x69, 0x6E, 0x74, 0x65, 0x72, 0x0A, 0x00, 0x05, 0x74, 0x69, 0x74, 0x6C, 0x65, 0x08, 0x00, 0x05, 0x63, 0x6F, 0x6C, 0x6F, 0x72, 0x00, 0x06, 0x79, 0x65, 0x6C, 0x6C, 0x6F, 0x77, 0x08, 0x00, 0x09, 0x74, 0x72, 0x61, 0x6E, 0x73, 0x6C, 0x61, 0x74, 0x65, 0x00, 0x20, 0x70, 0x61, 0x69, 0x6E, 0x74, 0x69, 0x6E, 0x67, 0x2E, 0x6D, 0x69, 0x6E, 0x65, 0x63, 0x72, 0x61, 0x66, 0x74, 0x2E, 0x70, 0x6F, 0x69, 0x6E, 0x74, 0x65, 0x72, 0x2E, 0x74, 0x69, 0x74, 0x6C, 0x65, 0x00, 0x03, 0x00, 0x06, 0x68, 0x65, 0x69, 0x67, 0x68, 0x74, 0x00, 0x00, 0x00, 0x04, 0x00, 0x0E, 0x6D, 0x69, 0x6E, 0x65, 0x63, 0x72, 0x61, 0x66, 0x74, 0x3A, 0x70, 0x6F, 0x6E, 0x64, 0x01, 0x0A, 0x0A, 0x00, 0x06, 0x61, 0x75, 0x74, 0x68, 0x6F, 0x72, 0x08, 0x00, 0x05, 0x63, 0x6F, 0x6C, 0x6F, 0x72, 0x00, 0x04, 0x67, 0x72, 0x61, 0x79, 0x08, 0x00, 0x09, 0x74, 0x72, 0x61, 0x6E, 0x73, 0x6C, 0x61, 0x74, 0x65, 0x00, 0x1E, 0x70, 0x61, 0x69, 0x6E, 0x74, 0x69, 0x6E, 0x67, 0x2E, 0x6D, 0x69, 0x6E, 0x65, 0x63, 0x72, 0x61, 0x66, 0x74, 0x2E, 0x70, 0x6F, 0x6E, 0x64, 0x2E, 0x61, 0x75, 0x74, 0x68, 0x6F, 0x72, 0x00, 0x03, 0x00, 0x05, 0x77, 0x69, 0x64, 0x74, 0x68, 0x00, 0x00, 0x00, 0x03, 0x08, 0x00, 0x08, 0x61, 0x73, 0x73, 0x65, 0x74, 0x5F, 0x69, 0x64, 0x00, 0x0E, 0x6D, 0x69, 0x6E, 0x65, 0x63, 0x72, 0x61, 0x66, 0x74, 0x3A, 0x70, 0x6F, 0x6E, 0x64, 0x0A, 0x00, 0x05, 0x74, 0x69, 0x74, 0x6C, 0x65, 0x08, 0x00, 0x05, 0x63, 0x6F, 0x6C, 0x6F, 0x72, 0x00, 0x06, 0x79, 0x65, 0x6C, 0x6C, 0x6F, 0x77, 0x08, 0x00, 0x09, 0x74, 0x72, 0x61, 0x6E, 0x73, 0x6C, 0x61, 0x74, 0x65, 0x00, 0x1D, 0x70, 0x61, 0x69, 0x6E, 0x74, 0x69, 0x6E, 0x67, 0x2E, 0x6D, 0x69, 0x6E, 0x65, 0x63, 0x72, 0x61, 0x66, 0x74, 0x2E, 0x70, 0x6F, 0x6E, 0x64, 0x2E, 0x74, 0x69, 0x74, 0x6C, 0x65, 0x00, 0x03, 0x00, 0x06, 0x68, 0x65, 0x69, 0x67, 0x68, 0x74, 0x00, 0x00, 0x00, 0x04, 0x00, 0x0E, 0x6D, 0x69, 0x6E, 0x65, 0x63, 0x72, 0x61, 0x66, 0x74, 0x3A, 0x70, 0x6F, 0x6F, 0x6C, 0x01, 0x0A, 0x0A, 0x00, 0x06, 0x61, 0x75, 0x74, 0x68, 0x6F, 0x72, 0x08, 0x00, 0x05, 0x63, 0x6F, 0x6C, 0x6F, 0x72, 0x00, 0x04, 0x67, 0x72, 0x61, 0x79, 0x08, 0x00, 0x09, 0x74, 0x72, 0x61, 0x6E, 0x73, 0x6C, 0x61, 0x74, 0x65, 0x00, 0x1E, 0x70, 0x61, 0x69, 0x6E, 0x74, 0x69, 0x6E, 0x67, 0x2E, 0x6D, 0x69, 0x6E, 0x65, 0x63, 0x72, 0x61, 0x66, 0x74, 0x2E, 0x70, 0x6F, 0x6F, 0x6C, 0x2E, 0x61, 0x75, 0x74, 0x68, 0x6F, 0x72, 0x00, 0x03, 0x00, 0x05, 0x77, 0x69, 0x64, 0x74, 0x68, 0x00, 0x00, 0x00, 0x02, 0x08, 0x00, 0x08, 0x61, 0x73, 0x73, 0x65, 0x74, 0x5F, 0x69, 0x64, 0x00, 0x0E, 0x6D, 0x69, 0x6E, 0x65, 0x63, 0x72, 0x61, 0x66, 0x74, 0x3A, 0x70, 0x6F, 0x6F, 0x6C, 0x0A, 0x00, 0x05, 0x74, 0x69, 0x74, 0x6C, 0x65, 0x08, 0x00, 0x05, 0x63, 0x6F, 0x6C, 0x6F, 0x72, 0x00, 0x06, 0x79, 0x65, 0x6C, 0x6C, 0x6F, 0x77, 0x08, 0x00, 0x09, 0x74, 0x72, 0x61, 0x6E, 0x73, 0x6C, 0x61, 0x74, 0x65, 0x00, 0x1D, 0x70, 0x61, 0x69, 0x6E, 0x74, 0x69, 0x6E, 0x67, 0x2E, 0x6D, 0x69, 0x6E, 0x65, 0x63, 0x72, 0x61, 0x66, 0x74, 0x2E, 0x70, 0x6F, 0x6F, 0x6C, 0x2E, 0x74, 0x69, 0x74, 0x6C, 0x65, 0x00, 0x03, 0x00, 0x06, 0x68, 0x65, 0x69, 0x67, 0x68, 0x74, 0x00, 0x00, 0x00, 0x01, 0x00, 0x16, 0x6D, 0x69, 0x6E, 0x65, 0x63, 0x72, 0x61, 0x66, 0x74, 0x3A, 0x70, 0x72, 0x61, 0x69, 0x72, 0x69, 0x65, 0x5F, 0x72, 0x69, 0x64, 0x65, 0x01, 0x0A, 0x0A, 0x00, 0x06, 0x61, 0x75, 0x74, 0x68, 0x6F, 0x72, 0x08, 0x00, 0x05, 0x63, 0x6F, 0x6C, 0x6F, 0x72, 0x00, 0x04, 0x67, 0x72, 0x61, 0x79, 0x08, 0x00, 0x09, 0x74, 0x72, 0x61, 0x6E, 0x73, 0x6C, 0x61, 0x74, 0x65, 0x00, 0x26, 0x70, 0x61, 0x69, 0x6E, 0x74, 0x69, 0x6E, 0x67, 0x2E, 0x6D, 0x69, 0x6E, 0x65, 0x63, 0x72, 0x61, 0x66, 0x74, 0x2E, 0x70, 0x72, 0x61, 0x69, 0x72, 0x69, 0x65, 0x5F, 0x72, 0x69, 0x64, 0x65, 0x2E, 0x61, 0x75, 0x74, 0x68, 0x6F, 0x72, 0x00, 0x03, 0x00, 0x05, 0x77, 0x69, 0x64, 0x74, 0x68, 0x00, 0x00, 0x00, 0x01, 0x08, 0x00, 0x08, 0x61, 0x73, 0x73, 0x65, 0x74, 0x5F, 0x69, 0x64, 0x00, 0x16, 0x6D, 0x69, 0x6E, 0x65, 0x63, 0x72, 0x61, 0x66, 0x74, 0x3A, 0x70, 0x72, 0x61, 0x69, 0x72, 0x69, 0x65, 0x5F, 0x72, 0x69, 0x64, 0x65, 0x0A, 0x00, 0x05, 0x74, 0x69, 0x74, 0x6C, 0x65, 0x08, 0x00, 0x05, 0x63, 0x6F, 0x6C, 0x6F, 0x72, 0x00, 0x06, 0x79, 0x65, 0x6C, 0x6C, 0x6F, 0x77, 0x08, 0x00, 0x09, 0x74, 0x72, 0x61, 0x6E, 0x73, 0x6C, 0x61, 0x74, 0x65, 0x00, 0x25, 0x70, 0x61, 0x69, 0x6E, 0x74, 0x69, 0x6E, 0x67, 0x2E, 0x6D, 0x69, 0x6E, 0x65, 0x63, 0x72, 0x61, 0x66, 0x74, 0x2E, 0x70, 0x72, 0x61, 0x69, 0x72, 0x69, 0x65, 0x5F, 0x72, 0x69, 0x64, 0x65, 0x2E, 0x74, 0x69, 0x74, 0x6C, 0x65, 0x00, 0x03, 0x00, 0x06, 0x68, 0x65, 0x69, 0x67, 0x68, 0x74, 0x00, 0x00, 0x00, 0x02, 0x00, 0x0D, 0x6D, 0x69, 0x6E, 0x65, 0x63, 0x72, 0x61, 0x66, 0x74, 0x3A, 0x73, 0x65, 0x61, 0x01, 0x0A, 0x0A, 0x00, 0x06, 0x61, 0x75, 0x74, 0x68, 0x6F, 0x72, 0x08, 0x00, 0x05, 0x63, 0x6F, 0x6C, 0x6F, 0x72, 0x00, 0x04, 0x67, 0x72, 0x61, 0x79, 0x08, 0x00, 0x09, 0x74, 0x72, 0x61, 0x6E, 0x73, 0x6C, 0x61, 0x74, 0x65, 0x00, 0x1D, 0x70, 0x61, 0x69, 0x6E, 0x74, 0x69, 0x6E, 0x67, 0x2E, 0x6D, 0x69, 0x6E, 0x65, 0x63, 0x72, 0x61, 0x66, 0x74, 0x2E, 0x73, 0x65, 0x61, 0x2E, 0x61, 0x75, 0x74, 0x68, 0x6F, 0x72, 0x00, 0x03, 0x00, 0x05, 0x77, 0x69, 0x64, 0x74, 0x68, 0x00, 0x00, 0x00, 0x02, 0x08, 0x00, 0x08, 0x61, 0x73, 0x73, 0x65, 0x74, 0x5F, 0x69, 0x64, 0x00, 0x0D, 0x6D, 0x69, 0x6E, 0x65, 0x63, 0x72, 0x61, 0x66, 0x74, 0x3A, 0x73, 0x65, 0x61, 0x0A, 0x00, 0x05, 0x74, 0x69, 0x74, 0x6C, 0x65, 0x08, 0x00, 0x05, 0x63, 0x6F, 0x6C, 0x6F, 0x72, 0x00, 0x06, 0x79, 0x65, 0x6C, 0x6C, 0x6F, 0x77, 0x08, 0x00, 0x09, 0x74, 0x72, 0x61, 0x6E, 0x73, 0x6C, 0x61, 0x74, 0x65, 0x00, 0x1C, 0x70, 0x61, 0x69, 0x6E, 0x74, 0x69, 0x6E, 0x67, 0x2E, 0x6D, 0x69, 0x6E, 0x65, 0x63, 0x72, 0x61, 0x66, 0x74, 0x2E, 0x73, 0x65, 0x61, 0x2E, 0x74, 0x69, 0x74, 0x6C, 0x65, 0x00, 0x03, 0x00, 0x06, 0x68, 0x65, 0x69, 0x67, 0x68, 0x74, 0x00, 0x00, 0x00, 0x01, 0x00, 0x12, 0x6D, 0x69, 0x6E, 0x65, 0x63, 0x72, 0x61, 0x66, 0x74, 0x3A, 0x73, 0x6B, 0x65, 0x6C, 0x65, 0x74, 0x6F, 0x6E, 0x01, 0x0A, 0x0A, 0x00, 0x06, 0x61, 0x75, 0x74, 0x68, 0x6F, 0x72, 0x08, 0x00, 0x05, 0x63, 0x6F, 0x6C, 0x6F, 0x72, 0x00, 0x04, 0x67, 0x72, 0x61, 0x79, 0x08, 0x00, 0x09, 0x74, 0x72, 0x61, 0x6E, 0x73, 0x6C, 0x61, 0x74, 0x65, 0x00, 0x22, 0x70, 0x61, 0x69, 0x6E, 0x74, 0x69, 0x6E, 0x67, 0x2E, 0x6D, 0x69, 0x6E, 0x65, 0x63, 0x72, 0x61, 0x66, 0x74, 0x2E, 0x73, 0x6B, 0x65, 0x6C, 0x65, 0x74, 0x6F, 0x6E, 0x2E, 0x61, 0x75, 0x74, 0x68, 0x6F, 0x72, 0x00, 0x03, 0x00, 0x05, 0x77, 0x69, 0x64, 0x74, 0x68, 0x00, 0x00, 0x00, 0x04, 0x08, 0x00, 0x08, 0x61, 0x73, 0x73, 0x65, 0x74, 0x5F, 0x69, 0x64, 0x00, 0x12, 0x6D, 0x69, 0x6E, 0x65, 0x63, 0x72, 0x61, 0x66, 0x74, 0x3A, 0x73, 0x6B, 0x65, 0x6C, 0x65, 0x74, 0x6F, 0x6E, 0x0A, 0x00, 0x05, 0x74, 0x69, 0x74, 0x6C, 0x65, 0x08, 0x00, 0x05, 0x63, 0x6F, 0x6C, 0x6F, 0x72, 0x00, 0x06, 0x79, 0x65, 0x6C, 0x6C, 0x6F, 0x77, 0x08, 0x00, 0x09, 0x74, 0x72, 0x61, 0x6E, 0x73, 0x6C, 0x61, 0x74, 0x65, 0x00, 0x21, 0x70, 0x61, 0x69, 0x6E, 0x74, 0x69, 0x6E, 0x67, 0x2E, 0x6D, 0x69, 0x6E, 0x65, 0x63, 0x72, 0x61, 0x66, 0x74, 0x2E, 0x73, 0x6B, 0x65, 0x6C, 0x65, 0x74, 0x6F, 0x6E, 0x2E, 0x74, 0x69, 0x74, 0x6C, 0x65, 0x00, 0x03, 0x00, 0x06, 0x68, 0x65, 0x69, 0x67, 0x68, 0x74, 0x00, 0x00, 0x00, 0x03, 0x00, 0x19, 0x6D, 0x69, 0x6E, 0x65, 0x63, 0x72, 0x61, 0x66, 0x74, 0x3A, 0x73, 0x6B, 0x75, 0x6C, 0x6C, 0x5F, 0x61, 0x6E, 0x64, 0x5F, 0x72, 0x6F, 0x73, 0x65, 0x73, 0x01, 0x0A, 0x0A, 0x00, 0x06, 0x61, 0x75, 0x74, 0x68, 0x6F, 0x72, 0x08, 0x00, 0x05, 0x63, 0x6F, 0x6C, 0x6F, 0x72, 0x00, 0x04, 0x67, 0x72, 0x61, 0x79, 0x08, 0x00, 0x09, 0x74, 0x72, 0x61, 0x6E, 0x73, 0x6C, 0x61, 0x74, 0x65, 0x00, 0x29, 0x70, 0x61, 0x69, 0x6E, 0x74, 0x69, 0x6E, 0x67, 0x2E, 0x6D, 0x69, 0x6E, 0x65, 0x63, 0x72, 0x61, 0x66, 0x74, 0x2E, 0x73, 0x6B, 0x75, 0x6C, 0x6C, 0x5F, 0x61, 0x6E, 0x64, 0x5F, 0x72, 0x6F, 0x73, 0x65, 0x73, 0x2E, 0x61, 0x75, 0x74, 0x68, 0x6F, 0x72, 0x00, 0x03, 0x00, 0x05, 0x77, 0x69, 0x64, 0x74, 0x68, 0x00, 0x00, 0x00, 0x02, 0x08, 0x00, 0x08, 0x61, 0x73, 0x73, 0x65, 0x74, 0x5F, 0x69, 0x64, 0x00, 0x19, 0x6D, 0x69, 0x6E, 0x65, 0x63, 0x72, 0x61, 0x66, 0x74, 0x3A, 0x73, 0x6B, 0x75, 0x6C, 0x6C, 0x5F, 0x61, 0x6E, 0x64, 0x5F, 0x72, 0x6F, 0x73, 0x65, 0x73, 0x0A, 0x00, 0x05, 0x74, 0x69, 0x74, 0x6C, 0x65, 0x08, 0x00, 0x05, 0x63, 0x6F, 0x6C, 0x6F, 0x72, 0x00, 0x06, 0x79, 0x65, 0x6C, 0x6C, 0x6F, 0x77, 0x08, 0x00, 0x09, 0x74, 0x72, 0x61, 0x6E, 0x73, 0x6C, 0x61, 0x74, 0x65, 0x00, 0x28, 0x70, 0x61, 0x69, 0x6E, 0x74, 0x69, 0x6E, 0x67, 0x2E, 0x6D, 0x69, 0x6E, 0x65, 0x63, 0x72, 0x61, 0x66, 0x74, 0x2E, 0x73, 0x6B, 0x75, 0x6C, 0x6C, 0x5F, 0x61, 0x6E, 0x64, 0x5F, 0x72, 0x6F, 0x73, 0x65, 0x73, 0x2E, 0x74, 0x69, 0x74, 0x6C, 0x65, 0x00, 0x03, 0x00, 0x06, 0x68, 0x65, 0x69, 0x67, 0x68, 0x74, 0x00, 0x00, 0x00, 0x02, 0x00, 0x0F, 0x6D, 0x69, 0x6E, 0x65, 0x63, 0x72, 0x61, 0x66, 0x74, 0x3A, 0x73, 0x74, 0x61, 0x67, 0x65, 0x01, 0x0A, 0x0A, 0x00, 0x06, 0x61, 0x75, 0x74, 0x68, 0x6F, 0x72, 0x08, 0x00, 0x05, 0x63, 0x6F, 0x6C, 0x6F, 0x72, 0x00, 0x04, 0x67, 0x72, 0x61, 0x79, 0x08, 0x00, 0x09, 0x74, 0x72, 0x61, 0x6E, 0x73, 0x6C, 0x61, 0x74, 0x65, 0x00, 0x1F, 0x70, 0x61, 0x69, 0x6E, 0x74, 0x69, 0x6E, 0x67, 0x2E, 0x6D, 0x69, 0x6E, 0x65, 0x63, 0x72, 0x61, 0x66, 0x74, 0x2E, 0x73, 0x74, 0x61, 0x67, 0x65, 0x2E, 0x61, 0x75, 0x74, 0x68, 0x6F, 0x72, 0x00, 0x03, 0x00, 0x05, 0x77, 0x69, 0x64, 0x74, 0x68, 0x00, 0x00, 0x00, 0x02, 0x08, 0x00, 0x08, 0x61, 0x73, 0x73, 0x65, 0x74, 0x5F, 0x69, 0x64, 0x00, 0x0F, 0x6D, 0x69, 0x6E, 0x65, 0x63, 0x72, 0x61, 0x66, 0x74, 0x3A, 0x73, 0x74, 0x61, 0x67, 0x65, 0x0A, 0x00, 0x05, 0x74, 0x69, 0x74, 0x6C, 0x65, 0x08, 0x00, 0x05, 0x63, 0x6F, 0x6C, 0x6F, 0x72, 0x00, 0x06, 0x79, 0x65, 0x6C, 0x6C, 0x6F, 0x77, 0x08, 0x00, 0x09, 0x74, 0x72, 0x61, 0x6E, 0x73, 0x6C, 0x61, 0x74, 0x65, 0x00, 0x1E, 0x70, 0x61, 0x69, 0x6E, 0x74, 0x69, 0x6E, 0x67, 0x2E, 0x6D, 0x69, 0x6E, 0x65, 0x63, 0x72, 0x61, 0x66, 0x74, 0x2E, 0x73, 0x74, 0x61, 0x67, 0x65, 0x2E, 0x74, 0x69, 0x74, 0x6C, 0x65, 0x00, 0x03, 0x00, 0x06, 0x68, 0x65, 0x69, 0x67, 0x68, 0x74, 0x00, 0x00, 0x00, 0x02, 0x00, 0x14, 0x6D, 0x69, 0x6E, 0x65, 0x63, 0x72, 0x61, 0x66, 0x74, 0x3A, 0x73, 0x75, 0x6E, 0x66, 0x6C, 0x6F, 0x77, 0x65, 0x72, 0x73, 0x01, 0x0A, 0x0A, 0x00, 0x06, 0x61, 0x75, 0x74, 0x68, 0x6F, 0x72, 0x08, 0x00, 0x05, 0x63, 0x6F, 0x6C, 0x6F, 0x72, 0x00, 0x04, 0x67, 0x72, 0x61, 0x79, 0x08, 0x00, 0x09, 0x74, 0x72, 0x61, 0x6E, 0x73, 0x6C, 0x61, 0x74, 0x65, 0x00, 0x24, 0x70, 0x61, 0x69, 0x6E, 0x74, 0x69, 0x6E, 0x67, 0x2E, 0x6D, 0x69, 0x6E, 0x65, 0x63, 0x72, 0x61, 0x66, 0x74, 0x2E, 0x73, 0x75, 0x6E, 0x66, 0x6C, 0x6F, 0x77, 0x65, 0x72, 0x73, 0x2E, 0x61, 0x75, 0x74, 0x68, 0x6F, 0x72, 0x00, 0x03, 0x00, 0x05, 0x77, 0x69, 0x64, 0x74, 0x68, 0x00, 0x00, 0x00, 0x03, 0x08, 0x00, 0x08, 0x61, 0x73, 0x73, 0x65, 0x74, 0x5F, 0x69, 0x64, 0x00, 0x14, 0x6D, 0x69, 0x6E, 0x65, 0x63, 0x72, 0x61, 0x66, 0x74, 0x3A, 0x73, 0x75, 0x6E, 0x66, 0x6C, 0x6F, 0x77, 0x65, 0x72, 0x73, 0x0A, 0x00, 0x05, 0x74, 0x69, 0x74, 0x6C, 0x65, 0x08, 0x00, 0x05, 0x63, 0x6F, 0x6C, 0x6F, 0x72, 0x00, 0x06, 0x79, 0x65, 0x6C, 0x6C, 0x6F, 0x77, 0x08, 0x00, 0x09, 0x74, 0x72, 0x61, 0x6E, 0x73, 0x6C, 0x61, 0x74, 0x65, 0x00, 0x23, 0x70, 0x61, 0x69, 0x6E, 0x74, 0x69, 0x6E, 0x67, 0x2E, 0x6D, 0x69, 0x6E, 0x65, 0x63, 0x72, 0x61, 0x66, 0x74, 0x2E, 0x73, 0x75, 0x6E, 0x66, 0x6C, 0x6F, 0x77, 0x65, 0x72, 0x73, 0x2E, 0x74, 0x69, 0x74, 0x6C, 0x65, 0x00, 0x03, 0x00, 0x06, 0x68, 0x65, 0x69, 0x67, 0x68, 0x74, 0x00, 0x00, 0x00, 0x03, 0x00, 0x10, 0x6D, 0x69, 0x6E, 0x65, 0x63, 0x72, 0x61, 0x66, 0x74, 0x3A, 0x73, 0x75, 0x6E, 0x73, 0x65, 0x74, 0x01, 0x0A, 0x0A, 0x00, 0x06, 0x61, 0x75, 0x74, 0x68, 0x6F, 0x72, 0x08, 0x00, 0x05, 0x63, 0x6F, 0x6C, 0x6F, 0x72, 0x00, 0x04, 0x67, 0x72, 0x61, 0x79, 0x08, 0x00, 0x09, 0x74, 0x72, 0x61, 0x6E, 0x73, 0x6C, 0x61, 0x74, 0x65, 0x00, 0x20, 0x70, 0x61, 0x69, 0x6E, 0x74, 0x69, 0x6E, 0x67, 0x2E, 0x6D, 0x69, 0x6E, 0x65, 0x63, 0x72, 0x61, 0x66, 0x74, 0x2E, 0x73, 0x75, 0x6E, 0x73, 0x65, 0x74, 0x2E, 0x61, 0x75, 0x74, 0x68, 0x6F, 0x72, 0x00, 0x03, 0x00, 0x05, 0x77, 0x69, 0x64, 0x74, 0x68, 0x00, 0x00, 0x00, 0x02, 0x08, 0x00, 0x08, 0x61, 0x73, 0x73, 0x65, 0x74, 0x5F, 0x69, 0x64, 0x00, 0x10, 0x6D, 0x69, 0x6E, 0x65, 0x63, 0x72, 0x61, 0x66, 0x74, 0x3A, 0x73, 0x75, 0x6E, 0x73, 0x65, 0x74, 0x0A, 0x00, 0x05, 0x74, 0x69, 0x74, 0x6C, 0x65, 0x08, 0x00, 0x05, 0x63, 0x6F, 0x6C, 0x6F, 0x72, 0x00, 0x06, 0x79, 0x65, 0x6C, 0x6C, 0x6F, 0x77, 0x08, 0x00, 0x09, 0x74, 0x72, 0x61, 0x6E, 0x73, 0x6C, 0x61, 0x74, 0x65, 0x00, 0x1F, 0x70, 0x61, 0x69, 0x6E, 0x74, 0x69, 0x6E, 0x67, 0x2E, 0x6D, 0x69, 0x6E, 0x65, 0x63, 0x72, 0x61, 0x66, 0x74, 0x2E, 0x73, 0x75, 0x6E, 0x73, 0x65, 0x74, 0x2E, 0x74, 0x69, 0x74, 0x6C, 0x65, 0x00, 0x03, 0x00, 0x06, 0x68, 0x65, 0x69, 0x67, 0x68, 0x74, 0x00, 0x00, 0x00, 0x01, 0x00, 0x0F, 0x6D, 0x69, 0x6E, 0x65, 0x63, 0x72, 0x61, 0x66, 0x74, 0x3A, 0x74, 0x69, 0x64, 0x65, 0x73, 0x01, 0x0A, 0x0A, 0x00, 0x06, 0x61, 0x75, 0x74, 0x68, 0x6F, 0x72, 0x08, 0x00, 0x05, 0x63, 0x6F, 0x6C, 0x6F, 0x72, 0x00, 0x04, 0x67, 0x72, 0x61, 0x79, 0x08, 0x00, 0x09, 0x74, 0x72, 0x61, 0x6E, 0x73, 0x6C, 0x61, 0x74, 0x65, 0x00, 0x1F, 0x70, 0x61, 0x69, 0x6E, 0x74, 0x69, 0x6E, 0x67, 0x2E, 0x6D, 0x69, 0x6E, 0x65, 0x63, 0x72, 0x61, 0x66, 0x74, 0x2E, 0x74, 0x69, 0x64, 0x65, 0x73, 0x2E, 0x61, 0x75, 0x74, 0x68, 0x6F, 0x72, 0x00, 0x03, 0x00, 0x05, 0x77, 0x69, 0x64, 0x74, 0x68, 0x00, 0x00, 0x00, 0x03, 0x08, 0x00, 0x08, 0x61, 0x73, 0x73, 0x65, 0x74, 0x5F, 0x69, 0x64, 0x00, 0x0F, 0x6D, 0x69, 0x6E, 0x65, 0x63, 0x72, 0x61, 0x66, 0x74, 0x3A, 0x74, 0x69, 0x64, 0x65, 0x73, 0x0A, 0x00, 0x05, 0x74, 0x69, 0x74, 0x6C, 0x65, 0x08, 0x00, 0x05, 0x63, 0x6F, 0x6C, 0x6F, 0x72, 0x00, 0x06, 0x79, 0x65, 0x6C, 0x6C, 0x6F, 0x77, 0x08, 0x00, 0x09, 0x74, 0x72, 0x61, 0x6E, 0x73, 0x6C, 0x61, 0x74, 0x65, 0x00, 0x1E, 0x70, 0x61, 0x69, 0x6E, 0x74, 0x69, 0x6E, 0x67, 0x2E, 0x6D, 0x69, 0x6E, 0x65, 0x63, 0x72, 0x61, 0x66, 0x74, 0x2E, 0x74, 0x69, 0x64, 0x65, 0x73, 0x2E, 0x74, 0x69, 0x74, 0x6C, 0x65, 0x00, 0x03, 0x00, 0x06, 0x68, 0x65, 0x69, 0x67, 0x68, 0x74, 0x00, 0x00, 0x00, 0x03, 0x00, 0x12, 0x6D, 0x69, 0x6E, 0x65, 0x63, 0x72, 0x61, 0x66, 0x74, 0x3A, 0x75, 0x6E, 0x70, 0x61, 0x63, 0x6B, 0x65, 0x64, 0x01, 0x0A, 0x0A, 0x00, 0x06, 0x61, 0x75, 0x74, 0x68, 0x6F, 0x72, 0x08, 0x00, 0x05, 0x63, 0x6F, 0x6C, 0x6F, 0x72, 0x00, 0x04, 0x67, 0x72, 0x61, 0x79, 0x08, 0x00, 0x09, 0x74, 0x72, 0x61, 0x6E, 0x73, 0x6C, 0x61, 0x74, 0x65, 0x00, 0x22, 0x70, 0x61, 0x69, 0x6E, 0x74, 0x69, 0x6E, 0x67, 0x2E, 0x6D, 0x69, 0x6E, 0x65, 0x63, 0x72, 0x61, 0x66, 0x74, 0x2E, 0x75, 0x6E, 0x70, 0x61, 0x63, 0x6B, 0x65, 0x64, 0x2E, 0x61, 0x75, 0x74, 0x68, 0x6F, 0x72, 0x00, 0x03, 0x00, 0x05, 0x77, 0x69, 0x64, 0x74, 0x68, 0x00, 0x00, 0x00, 0x04, 0x08, 0x00, 0x08, 0x61, 0x73, 0x73, 0x65, 0x74, 0x5F, 0x69, 0x64, 0x00, 0x12, 0x6D, 0x69, 0x6E, 0x65, 0x63, 0x72, 0x61, 0x66, 0x74, 0x3A, 0x75, 0x6E, 0x70, 0x61, 0x63, 0x6B, 0x65, 0x64, 0x0A, 0x00, 0x05, 0x74, 0x69, 0x74, 0x6C, 0x65, 0x08, 0x00, 0x05, 0x63, 0x6F, 0x6C, 0x6F, 0x72, 0x00, 0x06, 0x79, 0x65, 0x6C, 0x6C, 0x6F, 0x77, 0x08, 0x00, 0x09, 0x74, 0x72, 0x61, 0x6E, 0x73, 0x6C, 0x61, 0x74, 0x65, 0x00, 0x21, 0x70, 0x61, 0x69, 0x6E, 0x74, 0x69, 0x6E, 0x67, 0x2E, 0x6D, 0x69, 0x6E, 0x65, 0x63, 0x72, 0x61, 0x66, 0x74, 0x2E, 0x75, 0x6E, 0x70, 0x61, 0x63, 0x6B, 0x65, 0x64, 0x2E, 0x74, 0x69, 0x74, 0x6C, 0x65, 0x00, 0x03, 0x00, 0x06, 0x68, 0x65, 0x69, 0x67, 0x68, 0x74, 0x00, 0x00, 0x00, 0x04, 0x00, 0x0E, 0x6D, 0x69, 0x6E, 0x65, 0x63, 0x72, 0x61, 0x66, 0x74, 0x3A, 0x76, 0x6F, 0x69, 0x64, 0x01, 0x0A, 0x0A, 0x00, 0x06, 0x61, 0x75, 0x74, 0x68, 0x6F, 0x72, 0x08, 0x00, 0x05, 0x63, 0x6F, 0x6C, 0x6F, 0x72, 0x00, 0x04, 0x67, 0x72, 0x61, 0x79, 0x08, 0x00, 0x09, 0x74, 0x72, 0x61, 0x6E, 0x73, 0x6C, 0x61, 0x74, 0x65, 0x00, 0x1E, 0x70, 0x61, 0x69, 0x6E, 0x74, 0x69, 0x6E, 0x67, 0x2E, 0x6D, 0x69, 0x6E, 0x65, 0x63, 0x72, 0x61, 0x66, 0x74, 0x2E, 0x76, 0x6F, 0x69, 0x64, 0x2E, 0x61, 0x75, 0x74, 0x68, 0x6F, 0x72, 0x00, 0x03, 0x00, 0x05, 0x77, 0x69, 0x64, 0x74, 0x68, 0x00, 0x00, 0x00, 0x02, 0x08, 0x00, 0x08, 0x61, 0x73, 0x73, 0x65, 0x74, 0x5F, 0x69, 0x64, 0x00, 0x0E, 0x6D, 0x69, 0x6E, 0x65, 0x63, 0x72, 0x61, 0x66, 0x74, 0x3A, 0x76, 0x6F, 0x69, 0x64, 0x0A, 0x00, 0x05, 0x74, 0x69, 0x74, 0x6C, 0x65, 0x08, 0x00, 0x05, 0x63, 0x6F, 0x6C, 0x6F, 0x72, 0x00, 0x06, 0x79, 0x65, 0x6C, 0x6C, 0x6F, 0x77, 0x08, 0x00, 0x09, 0x74, 0x72, 0x61, 0x6E, 0x73, 0x6C, 0x61, 0x74, 0x65, 0x00, 0x1D, 0x70, 0x61, 0x69, 0x6E, 0x74, 0x69, 0x6E, 0x67, 0x2E, 0x6D, 0x69, 0x6E, 0x65, 0x63, 0x72, 0x61, 0x66, 0x74, 0x2E, 0x76, 0x6F, 0x69, 0x64, 0x2E, 0x74, 0x69, 0x74, 0x6C, 0x65, 0x00, 0x03, 0x00, 0x06, 0x68, 0x65, 0x69, 0x67, 0x68, 0x74, 0x00, 0x00, 0x00, 0x02, 0x00, 0x12, 0x6D, 0x69, 0x6E, 0x65, 0x63, 0x72, 0x61, 0x66, 0x74, 0x3A, 0x77, 0x61, 0x6E, 0x64, 0x65, 0x72, 0x65, 0x72, 0x01, 0x0A, 0x0A, 0x00, 0x06, 0x61, 0x75, 0x74, 0x68, 0x6F, 0x72, 0x08, 0x00, 0x05, 0x63, 0x6F, 0x6C, 0x6F, 0x72, 0x00, 0x04, 0x67, 0x72, 0x61, 0x79, 0x08, 0x00, 0x09, 0x74, 0x72, 0x61, 0x6E, 0x73, 0x6C, 0x61, 0x74, 0x65, 0x00, 0x22, 0x70, 0x61, 0x69, 0x6E, 0x74, 0x69, 0x6E, 0x67, 0x2E, 0x6D, 0x69, 0x6E, 0x65, 0x63, 0x72, 0x61, 0x66, 0x74, 0x2E, 0x77, 0x61, 0x6E, 0x64, 0x65, 0x72, 0x65, 0x72, 0x2E, 0x61, 0x75, 0x74, 0x68, 0x6F, 0x72, 0x00, 0x03, 0x00, 0x05, 0x77, 0x69, 0x64, 0x74, 0x68, 0x00, 0x00, 0x00, 0x01, 0x08, 0x00, 0x08, 0x61, 0x73, 0x73, 0x65, 0x74, 0x5F, 0x69, 0x64, 0x00, 0x12, 0x6D, 0x69, 0x6E, 0x65, 0x63, 0x72, 0x61, 0x66, 0x74, 0x3A, 0x77, 0x61, 0x6E, 0x64, 0x65, 0x72, 0x65, 0x72, 0x0A, 0x00, 0x05, 0x74, 0x69, 0x74, 0x6C, 0x65, 0x08, 0x00, 0x05, 0x63, 0x6F, 0x6C, 0x6F, 0x72, 0x00, 0x06, 0x79, 0x65, 0x6C, 0x6C, 0x6F, 0x77, 0x08, 0x00, 0x09, 0x74, 0x72, 0x61, 0x6E, 0x73, 0x6C, 0x61, 0x74, 0x65, 0x00, 0x21, 0x70, 0x61, 0x69, 0x6E, 0x74, 0x69, 0x6E, 0x67, 0x2E, 0x6D, 0x69, 0x6E, 0x65, 0x63, 0x72, 0x61, 0x66, 0x74, 0x2E, 0x77, 0x61, 0x6E, 0x64, 0x65, 0x72, 0x65, 0x72, 0x2E, 0x74, 0x69, 0x74, 0x6C, 0x65, 0x00, 0x03, 0x00, 0x06, 0x68, 0x65, 0x69, 0x67, 0x68, 0x74, 0x00, 0x00, 0x00, 0x02, 0x00, 0x13, 0x6D, 0x69, 0x6E, 0x65, 0x63, 0x72, 0x61, 0x66, 0x74, 0x3A, 0x77, 0x61, 0x73, 0x74, 0x65, 0x6C, 0x61, 0x6E, 0x64, 0x01, 0x0A, 0x0A, 0x00, 0x06, 0x61, 0x75, 0x74, 0x68, 0x6F, 0x72, 0x08, 0x00, 0x05, 0x63, 0x6F, 0x6C, 0x6F, 0x72, 0x00, 0x04, 0x67, 0x72, 0x61, 0x79, 0x08, 0x00, 0x09, 0x74, 0x72, 0x61, 0x6E, 0x73, 0x6C, 0x61, 0x74, 0x65, 0x00, 0x23, 0x70, 0x61, 0x69, 0x6E, 0x74, 0x69, 0x6E, 0x67, 0x2E, 0x6D, 0x69, 0x6E, 0x65, 0x63, 0x72, 0x61, 0x66, 0x74, 0x2E, 0x77, 0x61, 0x73, 0x74, 0x65, 0x6C, 0x61, 0x6E, 0x64, 0x2E, 0x61, 0x75, 0x74, 0x68, 0x6F, 0x72, 0x00, 0x03, 0x00, 0x05, 0x77, 0x69, 0x64, 0x74, 0x68, 0x00, 0x00, 0x00, 0x01, 0x08, 0x00, 0x08, 0x61, 0x73, 0x73, 0x65, 0x74, 0x5F, 0x69, 0x64, 0x00, 0x13, 0x6D, 0x69, 0x6E, 0x65, 0x63, 0x72, 0x61, 0x66, 0x74, 0x3A, 0x77, 0x61, 0x73, 0x74, 0x65, 0x6C, 0x61, 0x6E, 0x64, 0x0A, 0x00, 0x05, 0x74, 0x69, 0x74, 0x6C, 0x65, 0x08, 0x00, 0x05, 0x63, 0x6F, 0x6C, 0x6F, 0x72, 0x00, 0x06, 0x79, 0x65, 0x6C, 0x6C, 0x6F, 0x77, 0x08, 0x00, 0x09, 0x74, 0x72, 0x61, 0x6E, 0x73, 0x6C, 0x61, 0x74, 0x65, 0x00, 0x22, 0x70, 0x61, 0x69, 0x6E, 0x74, 0x69, 0x6E, 0x67, 0x2E, 0x6D, 0x69, 0x6E, 0x65, 0x63, 0x72, 0x61, 0x66, 0x74, 0x2E, 0x77, 0x61, 0x73, 0x74, 0x65, 0x6C, 0x61, 0x6E, 0x64, 0x2E, 0x74, 0x69, 0x74, 0x6C, 0x65, 0x00, 0x03, 0x00, 0x06, 0x68, 0x65, 0x69, 0x67, 0x68, 0x74, 0x00, 0x00, 0x00, 0x01, 0x00, 0x0F, 0x6D, 0x69, 0x6E, 0x65, 0x63, 0x72, 0x61, 0x66, 0x74, 0x3A, 0x77, 0x61, 0x74, 0x65, 0x72, 0x01, 0x0A, 0x03, 0x00, 0x05, 0x77, 0x69, 0x64, 0x74, 0x68, 0x00, 0x00, 0x00, 0x02, 0x08, 0x00, 0x08, 0x61, 0x73, 0x73, 0x65, 0x74, 0x5F, 0x69, 0x64, 0x00, 0x0F, 0x6D, 0x69, 0x6E, 0x65, 0x63, 0x72, 0x61, 0x66, 0x74, 0x3A, 0x77, 0x61, 0x74, 0x65, 0x72, 0x0A, 0x00, 0x05, 0x74, 0x69, 0x74, 0x6C, 0x65, 0x08, 0x00, 0x05, 0x63, 0x6F, 0x6C, 0x6F, 0x72, 0x00, 0x06, 0x79, 0x65, 0x6C, 0x6C, 0x6F, 0x77, 0x08, 0x00, 0x09, 0x74, 0x72, 0x61, 0x6E, 0x73, 0x6C, 0x61, 0x74, 0x65, 0x00, 0x1E, 0x70, 0x61, 0x69, 0x6E, 0x74, 0x69, 0x6E, 0x67, 0x2E, 0x6D, 0x69, 0x6E, 0x65, 0x63, 0x72, 0x61, 0x66, 0x74, 0x2E, 0x77, 0x61, 0x74, 0x65, 0x72, 0x2E, 0x74, 0x69, 0x74, 0x6C, 0x65, 0x00, 0x03, 0x00, 0x06, 0x68, 0x65, 0x69, 0x67, 0x68, 0x74, 0x00, 0x00, 0x00, 0x02, 0x00, 0x0E, 0x6D, 0x69, 0x6E, 0x65, 0x63, 0x72, 0x61, 0x66, 0x74, 0x3A, 0x77, 0x69, 0x6E, 0x64, 0x01, 0x0A, 0x03, 0x00, 0x05, 0x77, 0x69, 0x64, 0x74, 0x68, 0x00, 0x00, 0x00, 0x02, 0x08, 0x00, 0x08, 0x61, 0x73, 0x73, 0x65, 0x74, 0x5F, 0x69, 0x64, 0x00, 0x0E, 0x6D, 0x69, 0x6E, 0x65, 0x63, 0x72, 0x61, 0x66, 0x74, 0x3A, 0x77, 0x69, 0x6E, 0x64, 0x0A, 0x00, 0x05, 0x74, 0x69, 0x74, 0x6C, 0x65, 0x08, 0x00, 0x05, 0x63, 0x6F, 0x6C, 0x6F, 0x72, 0x00, 0x06, 0x79, 0x65, 0x6C, 0x6C, 0x6F, 0x77, 0x08, 0x00, 0x09, 0x74, 0x72, 0x61, 0x6E, 0x73, 0x6C, 0x61, 0x74, 0x65, 0x00, 0x1D, 0x70, 0x61, 0x69, 0x6E, 0x74, 0x69, 0x6E, 0x67, 0x2E, 0x6D, 0x69, 0x6E, 0x65, 0x63, 0x72, 0x61, 0x66, 0x74, 0x2E, 0x77, 0x69, 0x6E, 0x64, 0x2E, 0x74, 0x69, 0x74, 0x6C, 0x65, 0x00, 0x03, 0x00, 0x06, 0x68, 0x65, 0x69, 0x67, 0x68, 0x74, 0x00, 0x00, 0x00, 0x02, 0x00, 0x10, 0x6D, 0x69, 0x6E, 0x65, 0x63, 0x72, 0x61, 0x66, 0x74, 0x3A, 0x77, 0x69, 0x74, 0x68, 0x65, 0x72, 0x01, 0x0A, 0x03, 0x00, 0x05, 0x77, 0x69, 0x64, 0x74, 0x68, 0x00, 0x00, 0x00, 0x02, 0x08, 0x00, 0x08, 0x61, 0x73, 0x73, 0x65, 0x74, 0x5F, 0x69, 0x64, 0x00, 0x10, 0x6D, 0x69, 0x6E, 0x65, 0x63, 0x72, 0x61, 0x66, 0x74, 0x3A, 0x77, 0x69, 0x74, 0x68, 0x65, 0x72, 0x0A, 0x00, 0x05, 0x74, 0x69, 0x74, 0x6C, 0x65, 0x08, 0x00, 0x05, 0x63, 0x6F, 0x6C, 0x6F, 0x72, 0x00, 0x06, 0x79, 0x65, 0x6C, 0x6C, 0x6F, 0x77, 0x08, 0x00, 0x09, 0x74, 0x72, 0x61, 0x6E, 0x73, 0x6C, 0x61, 0x74, 0x65, 0x00, 0x1F, 0x70, 0x61, 0x69, 0x6E, 0x74, 0x69, 0x6E, 0x67, 0x2E, 0x6D, 0x69, 0x6E, 0x65, 0x63, 0x72, 0x61, 0x66, 0x74, 0x2E, 0x77, 0x69, 0x74, 0x68, 0x65, 0x72, 0x2E, 0x74, 0x69, 0x74, 0x6C, 0x65, 0x00, 0x03, 0x00, 0x06, 0x68, 0x65, 0x69, 0x67, 0x68, 0x74, 0x00, 0x00, 0x00, 0x02, 0x00 };

inline constexpr uint8_t config_packet_20[] = { 0xD9, 0x1C, 0x07, 0x18, 0x6D, 0x69, 0x6E, 0x65, 0x63, 0x72, 0x61, 0x66, 0x74, 0x3A, 0x64, 0x69, 0x6D, 0x65, 0x6E, 0x73, 0x69, 0x6F, 0x6E, 0x5F, 0x74, 0x79, 0x70, 0x65, 0x04, 0x13, 0x6D, 0x69, 0x6E, 0x65, 0x63, 0x72, 0x61, 0x66, 0x74, 0x3A, 0x6F, 0x76, 0x65, 0x72, 0x77, 0x6F, 0x72, 0x6C, 0x64, 0x01, 0x0A, 0x08, 0x00, 0x0D, 0x64, 0x65, 0x66, 0x61, 0x75, 0x6C, 0x74, 0x5F, 0x63, 0x6C, 0x6F, 0x63, 0x6B, 0x00, 0x13, 0x6D, 0x69, 0x6E, 0x65, 0x63, 0x72, 0x61, 0x66, 0x74, 0x3A, 0x6F, 0x76, 0x65, 0x72, 0x77, 0x6F, 0x72, 0x6C, 0x64, 0x01, 0x00, 0x16, 0x68, 0x61, 0x73, 0x5F, 0x65, 0x6E, 0x64, 0x65, 0x72, 0x5F, 0x64, 0x72, 0x61, 0x67, 0x6F, 0x6E, 0x5F, 0x66, 0x69, 0x67, 0x68, 0x74, 0x00, 0x05, 0x00, 0x0D, 0x61, 0x6D, 0x62, 0x69, 0x65, 0x6E, 0x74, 0x5F, 0x6C, 0x69, 0x67, 0x68, 0x74, 0x00, 0x00, 0x00, 0x00, 0x03, 0x00, 0x1F, 0x6D, 0x6F, 0x6E, 0x73, 0x74, 0x65, 0x72, 0x5F, 0x73, 0x70, 0x61, 0x77, 0x6E, 0x5F, 0x62, 0x6C, 0x6F, 0x63, 0x6B, 0x5F, 0x6C, 0x69, 0x67, 0x68, 0x74, 0x5F, 0x6C, 0x69, 0x6D, 0x69, 0x74, 0x00, 0x00, 0x00, 0x00, 0x08, 0x00, 0x0A, 0x69, 0x6E, 0x66, 0x69, 0x6E, 0x69, 0x62, 0x75, 0x72, 0x6E, 0x00, 0x1F, 0x23, 0x6D, 0x69, 0x6E, 0x65, 0x63, 0x72, 0x61, 0x66, 0x74, 0x3A, 0x69, 0x6E, 0x66, 0x69, 0x6E, 0x69, 0x62, 0x75, 0x72, 0x6E, 0x5F, 0x6F, 0x76, 0x65, 0x72, 0x77, 0x6F, 0x72, 0x6C, 0x64, 0x01, 0x00, 0x0C, 0x68, 0x61, 0x73, 0x5F, 0x73, 0x6B, 0x79, 0x6C, 0x69, 0x67, 0x68, 0x74, 0x01, 0x08, 0x00, 0x09, 0x74, 0x69, 0x6D, 0x65, 0x6C, 0x69, 0x6E, 0x65, 0x73, 0x00, 0x17, 0x23, 0x6D, 0x69, 0x6E, 0x65, 0x63, 0x72, 0x61, 0x66, 0x74, 0x3A, 0x69, 0x6E, 0x5F, 0x6F, 0x76, 0x65, 0x72, 0x77, 0x6F, 0x72, 0x6C, 0x64, 0x06, 0x00, 0x10, 0x63, 0x6F, 0x6F, 0x72, 0x64, 0x69, 0x6E, 0x61, 0x74, 0x65, 0x5F, 0x73, 0x63, 0x61, 0x6C, 0x65, 0x3F, 0xF0, 0x00, 0x00, 0x00, 0x00, 0x00, 0x00, 0x03, 0x00, 0x0E, 0x6C, 0x6F, 0x67, 0x69, 0x63, 0x61, 0x6C, 0x5F, 0x68, 0x65, 0x69, 0x67, 0x68, 0x74, 0x00, 0x00, 0x01, 0x80, 0x0A, 0x00, 0x0A, 0x61, 0x74, 0x74, 0x72, 0x69, 0x62, 0x75, 0x74, 0x65, 0x73, 0x0A, 0x00, 0x20, 0x6D, 0x69, 0x6E, 0x65, 0x63, 0x72, 0x61, 0x66, 0x74, 0x3A, 0x61, 0x75, 0x64, 0x69, 0x6F, 0x2F, 0x62, 0x61, 0x63, 0x6B, 0x67, 0x72, 0x6F, 0x75, 0x6E, 0x64, 0x5F, 0x6D, 0x75, 0x73, 0x69, 0x63, 0x0A, 0x00, 0x07, 0x64, 0x65, 0x66, 0x61, 0x75, 0x6C, 0x74, 0x03, 0x00, 0x09, 0x6D, 0x61, 0x78, 0x5F, 0x64, 0x65, 0x6C, 0x61, 0x79, 0x00, 0x00, 0x5D, 0xC0, 0x08, 0x00, 0x05, 0x73, 0x6F, 0x75, 0x6E, 0x64, 0x00, 0x14, 0x6D, 0x69, 0x6E, 0x65, 0x63, 0x72, 0x61, 0x66, 0x74, 0x3A, 0x6D, 0x75, 0x73, 0x69, 0x63, 0x2E, 0x67, 0x61, 0x6D, 0x65, 0x03, 0x00, 0x09, 0x6D, 0x69, 0x6E, 0x5F, 0x64, 0x65, 0x6C, 0x61, 0x79, 0x00, 0x00, 0x2E, 0xE0, 0x00, 0x0A, 0x00, 0x08, 0x63, 0x72, 0x65, 0x61, 0x74, 0x69, 0x76, 0x65, 0x03, 0x00, 0x09, 0x6D, 0x61, 0x78, 0x5F, 0x64, 0x65, 0x6C, 0x61, 0x79, 0x00, 0x00, 0x5D, 0xC0, 0x08, 0x00, 0x05, 0x73, 0x6F, 0x75, 0x6E, 0x64, 0x00, 0x18, 0x6D, 0x69, 0x6E, 0x65, 0x63, 0x72, 0x61, 0x66, 0x74, 0x3A, 0x6D, 0x75, 0x73, 0x69, 0x63, 0x2E, 0x63, 0x72, 0x65, 0x61, 0x74, 0x69, 0x76, 0x65, 0x03, 0x00, 0x09, 0x6D, 0x69, 0x6E, 0x5F, 0x64, 0x65, 0x6C, 0x61, 0x79, 0x00, 0x00, 0x2E, 0xE0, 0x00, 0x00, 0x08, 0x00, 0x1A, 0x6D, 0x69, 0x6E, 0x65, 0x63, 0x72, 0x61, 0x66, 0x74, 0x3A, 0x76, 0x69, 0x73, 0x75, 0x61, 0x6C, 0x2F, 0x66, 0x6F, 0x67, 0x5F, 0x63, 0x6F, 0x6C, 0x6F, 0x72, 0x00, 0x07, 0x23, 0x63, 0x30, 0x64, 0x38, 0x66, 0x66, 0x05, 0x00, 0x1D, 0x6D, 0x69, 0x6E, 0x65, 0x63, 0x72, 0x61, 0x66, 0x74, 0x3A, 0x76, 0x69, 0x73, 0x75, 0x61, 0x6C, 0x2F, 0x63, 0x6C, 0x6F, 0x75, 0x64, 0x5F, 0x68, 0x65, 0x69, 0x67, 0x68, 0x74, 0x43, 0x40, 0x54, 0x7B, 0x08, 0x00, 0x24, 0x6D, 0x69, 0x6E, 0x65, 0x63, 0x72, 0x61, 0x66, 0x74, 0x3A, 0x76, 0x69, 0x73, 0x75, 0x61, 0x6C, 0x2F, 0x61, 0x6D, 0x62, 0x69, 0x65, 0x6E, 0x74, 0x5F, 0x6C, 0x69, 0x67, 0x68, 0x74, 0x5F, 0x63, 0x6F, 0x6C, 0x6F, 0x72, 0x00, 0x07, 0x23, 0x30, 0x61, 0x30, 0x61, 0x30, 0x61, 0x08, 0x00, 0x1A, 0x6D, 0x69, 0x6E, 0x65, 0x63, 0x72, 0x61, 0x66, 0x74, 0x3A, 0x76, 0x69, 0x73, 0x75, 0x61, 0x6C, 0x2F, 0x73, 0x6B, 0x79, 0x5F, 0x63, 0x6F, 0x6C, 0x6F, 0x72, 0x00, 0x07, 0x23, 0x37, 0x38, 0x61, 0x37, 0x66, 0x66, 0x0A, 0x00, 0x1E, 0x6D, 0x69, 0x6E, 0x65, 0x63, 0x72, 0x61, 0x66, 0x74, 0x3A, 0x61, 0x75, 0x64, 0x69, 0x6F, 0x2F, 0x61, 0x6D, 0x62, 0x69, 0x65, 0x6E, 0x74, 0x5F, 0x73, 0x6F, 0x75, 0x6E, 0x64, 0x73, 0x0A, 0x00, 0x04, 0x6D, 0x6F, 0x6F, 0x64, 0x03, 0x00, 0x0A, 0x74, 0x69, 0x63, 0x6B, 0x5F, 0x64, 0x65, 0x6C, 0x61, 0x79, 0x00, 0x00, 0x17, 0x70, 0x06, 0x00, 0x06, 0x6F, 0x66, 0x66, 0x73, 0x65, 0x74, 0x40, 0x00, 0x00, 0x00, 0x00, 0x00, 0x00, 0x00, 0x08, 0x00, 0x05, 0x73, 0x6F, 0x75, 0x6E, 0x64, 0x00, 0x16, 0x6D, 0x69, 0x6E, 0x65, 0x63, 0x72, 0x61, 0x66, 0x74, 0x3A, 0x61, 0x6D, 0x62, 0x69, 0x65, 0x6E, 0x74, 0x2E, 0x63, 0x61, 0x76, 0x65, 0x03, 0x00, 0x13, 0x62, 0x6C, 0x6F, 0x63, 0x6B, 0x5F, 0x73, 0x65, 0x61, 0x72, 0x63, 0x68, 0x5F, 0x65, 0x78, 0x74, 0x65, 0x6E, 0x74, 0x00, 0x00, 0x00, 0x08, 0x00, 0x00, 0x08, 0x00, 0x1C, 0x6D, 0x69, 0x6E, 0x65, 0x63, 0x72, 0x61, 0x66, 0x74, 0x3A, 0x76, 0x69, 0x73, 0x75, 0x61, 0x6C, 0x2F, 0x63, 0x6C, 0x6F, 0x75, 0x64, 0x5F, 0x63, 0x6F, 0x6C, 0x6F, 0x72, 0x00, 0x09, 0x23, 0x63, 0x63, 0x66, 0x66, 0x66, 0x66, 0x66, 0x66, 0x00, 0x03, 0x00, 0x05, 0x6D, 0x69, 0x6E, 0x5F, 0x79, 0xFF, 0xFF, 0xFF, 0xC0, 0x0A, 0x00, 0x19, 0x6D, 0x6F, 0x6E, 0x73, 0x74, 0x65, 0x72, 0x5F, 0x73, 0x70, 0x61, 0x77, 0x6E, 0x5F, 0x6C, 0x69, 0x67, 0x68, 0x74, 0x5F, 0x6C, 0x65, 0x76, 0x65, 0x6C, 0x03, 0x00, 0x0D, 0x6D, 0x69, 0x6E, 0x5F, 0x69, 0x6E, 0x63, 0x6C, 0x75, 0x73, 0x69, 0x76, 0x65, 0x00, 0x00, 0x00, 0x00, 0x03, 0x00, 0x0D, 0x6D, 0x61, 0x78, 0x5F, 0x69, 0x6E, 0x63, 0x6C, 0x75, 0x73, 0x69, 0x76, 0x65, 0x00, 0x00, 0x00, 0x07, 0x08, 0x00, 0x04, 0x74, 0x79, 0x70, 0x65, 0x00, 0x11, 0x6D, 0x69, 0x6E, 0x65, 0x63, 0x72, 0x61, 0x66, 0x74, 0x3A, 0x75, 0x6E, 0x69, 0x66, 0x6F, 0x72, 0x6D, 0x00, 0x01, 0x00, 0x0B, 0x68, 0x61, 0x73, 0x5F, 0x63, 0x65, 0x69, 0x6C, 0x69, 0x6E, 0x67, 0x00, 0x03, 0x00, 0x06, 0x68, 0x65, 0x69, 0x67, 0x68, 0x74, 0x00, 0x00, 0x01, 0x80, 0x00, 0x19, 0x6D, 0x69, 0x6E, 0x65, 0x63, 0x72, 0x61, 0x66, 0x74, 0x3A, 0x6F, 0x76, 0x65, 0x72, 0x77, 0x6F, 0x72, 0x6C, 0x64, 0x5F, 0x63, 0x61, 0x76, 0x65, 0x73, 0x01, 0x0A, 0x08, 0x00, 0x0D, 0x64, 0x65, 0x66, 0x61, 0x75, 0x6C, 0x74, 0x5F, 0x63, 0x6C, 0x6F, 0x63, 0x6B, 0x00, 0x13, 0x6D, 0x69, 0x6E, 0x65, 0x63, 0x72, 0x61, 0x66, 0x74, 0x3A, 0x6F, 0x76, 0x65, 0x72, 0x77, 0x6F, 0x72, 0x6C, 0x64, 0x01, 0x00, 0x16, 0x68, 0x61, 0x73, 0x5F, 0x65, 0x6E, 0x64, 0x65, 0x72, 0x5F, 0x64, 0x72, 0x61, 0x67, 0x6F, 0x6E, 0x5F, 0x66, 0x69, 0x67, 0x68, 0x74, 0x00, 0x05, 0x00, 0x0D, 0x61, 0x6D, 0x62, 0x69, 0x65, 0x6E, 0x74, 0x5F, 0x6C, 0x69, 0x67, 0x68, 0x74, 0x00, 0x00, 0x00, 0x00, 0x03, 0x00, 0x1F, 0x6D, 0x6F, 0x6E, 0x73, 0x74, 0x65, 0x72, 0x5F, 0x73, 0x70, 0x61, 0x77, 0x6E, 0x5F, 0x62, 0x6C, 0x6F, 0x63, 0x6B, 0x5F, 0x6C, 0x69, 0x67, 0x68, 0x74, 0x5F, 0x6C, 0x69, 0x6D, 0x69, 0x74, 0x00, 0x00, 0x00, 0x00, 0x08, 0x00, 0x0A, 0x69, 0x6E, 0x66, 0x69, 0x6E, 0x69, 0x62, 0x75, 0x72, 0x6E, 0x00, 0x1F, 0x23, 0x6D, 0x69, 0x6E, 0x65, 0x63, 0x72, 0x61, 0x66, 0x74, 0x3A, 0x69, 0x6E, 0x66, 0x69, 0x6E, 0x69, 0x62, 0x75, 0x72, 0x6E, 0x5F, 0x6F, 0x76, 0x65, 0x72, 0x77, 0x6F, 0x72, 0x6C, 0x64, 0x01, 0x00, 0x0C, 0x68, 0x61, 0x73, 0x5F, 0x73, 0x6B, 0x79, 0x6C, 0x69, 0x67, 0x68, 0x74, 0x01, 0x08, 0x00, 0x09, 0x74, 0x69, 0x6D, 0x65, 0x6C, 0x69, 0x6E, 0x65, 0x73, 0x00, 0x17, 0x23, 0x6D, 0x69, 0x6E, 0x65, 0x63, 0x72, 0x61, 0x66, 0x74, 0x3A, 0x69, 0x6E, 0x5F, 0x6F, 0x76, 0x65, 0x72, 0x77, 0x6F, 0x72, 0x6C, 0x64, 0x06, 0x00, 0x10, 0x63, 0x6F, 0x6F, 0x72, 0x64, 0x69, 0x6E, 0x61, 0x74, 0x65, 0x5F, 0x73, 0x63, 0x61, 0x6C, 0x65, 0x3F, 0xF0, 0x00, 0x00, 0x00, 0x00, 0x00, 0x00, 0x03, 0x00, 0x0E, 0x6C, 0x6F, 0x67, 0x69, 0x63, 0x61, 0x6C, 0x5F, 0x68, 0x65, 0x69, 0x67, 0x68, 0x74, 0x00, 0x00, 0x01, 0x80, 0x0A, 0x00, 0x0A, 0x61, 0x74, 0x74, 0x72, 0x69, 0x62, 0x75, 0x74, 0x65, 0x73, 0x0A, 0x00, 0x20, 0x6D, 0x69, 0x6E, 0x65, 0x63, 0x72, 0x61, 0x66, 0x74, 0x3A, 0x61, 0x75, 0x64, 0x69, 0x6F, 0x2F, 0x62, 0x61, 0x63, 0x6B, 0x67, 0x72, 0x6F, 0x75, 0x6E, 0x64, 0x5F, 0x6D, 0x75, 0x73, 0x69, 0x63, 0x0A, 0x00, 0x07, 0x64, 0x65, 0x66, 0x61, 0x75, 0x6C, 0x74, 0x03, 0x00, 0x09, 0x6D, 0x61, 0x78, 0x5F, 0x64, 0x65, 0x6C, 0x61, 0x79, 0x00, 0x00, 0x5D, 0xC0, 0x08, 0x00, 0x05, 0x73, 0x6F, 0x75, 0x6E, 0x64, 0x00, 0x14, 0x6D, 0x69, 0x6E, 0x65, 0x63, 0x72, 0x61, 0x66, 0x74, 0x3A, 0x6D, 0x75, 0x73, 0x69, 0x63, 0x2E, 0x67, 0x61, 0x6D, 0x65, 0x03, 0x00, 0x09, 0x6D, 0x69, 0x6E, 0x5F, 0x64, 0x65, 0x6C, 0x61, 0x79, 0x00, 0x00, 0x2E, 0xE0, 0x00, 0x0A, 0x00, 0x08, 0x63, 0x72, 0x65, 0x61, 0x74, 0x69, 0x76, 0x65, 0x03, 0x00, 0x09, 0x6D, 0x61, 0x78, 0x5F, 0x64, 0x65, 0x6C, 0x61, 0x79, 0x00, 0x00, 0x5D, 0xC0, 0x08, 0x00, 0x05, 0x73, 0x6F, 0x75, 0x6E, 0x64, 0x00, 0x18, 0x6D, 0x69, 0x6E, 0x65, 0x63, 0x72, 0x61, 0x66, 0x74, 0x3A, 0x6D, 0x75, 0x73, 0x69, 0x63, 0x2E, 0x63, 0x72, 0x65, 0x61, 0x74, 0x69, 0x76, 0x65, 0x03, 0x00, 0x09, 0x6D, 0x69, 0x6E, 0x5F, 0x64, 0x65, 0x6C, 0x61, 0x79, 0x00, 0x00, 0x2E, 0xE0, 0x00, 0x00, 0x08, 0x00, 0x1A, 0x6D, 0x69, 0x6E, 0x65, 0x63, 0x72, 0x61, 0x66, 0x74, 0x3A, 0x76, 0x69, 0x73, 0x75, 0x61, 0x6C, 0x2F, 0x66, 0x6F, 0x67, 0x5F, 0x63, 0x6F, 0x6C, 0x6F, 0x72, 0x00, 0x07, 0x23, 0x63, 0x30, 0x64, 0x38, 0x66, 0x66, 0x05, 0x00, 0x1D, 0x6D, 0x69, 0x6E, 0x65, 0x63, 0x72, 0x61, 0x66, 0x74, 0x3A, 0x76, 0x69, 0x73, 0x75, 0x61, 0x6C, 0x2F, 0x63, 0x6C, 0x6F, 0x75, 0x64, 0x5F, 0x68, 0x65, 0x69, 0x67, 0x68, 0x74, 0x43, 0x40, 0x54, 0x7B, 0x08, 0x00, 0x24, 0x6D, 0x69, 0x6E, 0x65, 0x63, 0x72, 0x61, 0x66, 0x74, 0x3A, 0x76, 0x69, 0x73, 0x75, 0x61, 0x6C, 0x2F, 0x61, 0x6D, 0x62, 0x69, 0x65, 0x6E, 0x74, 0x5F, 0x6C, 0x69, 0x67, 0x68, 0x74, 0x5F, 0x63, 0x6F, 0x6C, 0x6F, 0x72, 0x00, 0x07, 0x23, 0x30, 0x61, 0x30, 0x61, 0x30, 0x61, 0x08, 0x00, 0x1A, 0x6D, 0x69, 0x6E, 0x65, 0x63, 0x72, 0x61, 0x66, 0x74, 0x3A, 0x76, 0x69, 0x73, 0x75, 0x61, 0x6C, 0x2F, 0x73, 0x6B, 0x79, 0x5F, 0x63, 0x6F, 0x6C, 0x6F, 0x72, 0x00, 0x07, 0x23, 0x37, 0x38, 0x61, 0x37, 0x66, 0x66, 0x0A, 0x00, 0x1E, 0x6D, 0x69, 0x6E, 0x65, 0x63, 0x72, 0x61, 0x66, 0x74, 0x3A, 0x61, 0x75, 0x64, 0x69, 0x6F, 0x2F, 0x61, 0x6D, 0x62, 0x69, 0x65, 0x6E, 0x74, 0x5F, 0x73, 0x6F, 0x75, 0x6E, 0x64, 0x73, 0x0A, 0x00, 0x04, 0x6D, 0x6F, 0x6F, 0x64, 0x03, 0x00, 0x0A, 0x74, 0x69, 0x63, 0x6B, 0x5F, 0x64, 0x65, 0x6C, 0x61, 0x79, 0x00, 0x00, 0x17, 0x70, 0x06, 0x00, 0x06, 0x6F, 0x66, 0x66, 0x73, 0x65, 0x74, 0x40, 0x00, 0x00, 0x00, 0x00, 0x00, 0x00, 0x00, 0x08, 0x00, 0x05, 0x73, 0x6F, 0x75, 0x6E, 0x64, 0x00, 0x16, 0x6D, 0x69, 0x6E, 0x65, 0x63, 0x72, 0x61, 0x66, 0x74, 0x3A, 0x61, 0x6D, 0x62, 0x69, 0x65, 0x6E, 0x74, 0x2E, 0x63, 0x61, 0x76, 0x65, 0x03, 0x00, 0x13, 0x62, 0x6C, 0x6F, 0x63, 0x6B, 0x5F, 0x73, 0x65, 0x61, 0x72, 0x63, 0x68, 0x5F, 0x65, 0x78, 0x74, 0x65, 0x6E, 0x74, 0x00, 0x00, 0x00, 0x08, 0x00, 0x00, 0x08, 0x00, 0x1C, 0x6D, 0x69, 0x6E, 0x65, 0x63, 0x72, 0x61, 0x66, 0x74, 0x3A, 0x76, 0x69, 0x73, 0x75, 0x61, 0x6C, 0x2F, 0x63, 0x6C, 0x6F, 0x75, 0x64, 0x5F, 0x63, 0x6F, 0x6C, 0x6F, 0x72, 0x00, 0x09, 0x23, 0x63, 0x63, 0x66, 0x66, 0x66, 0x66, 0x66, 0x66, 0x00, 0x03, 0x00, 0x05, 0x6D, 0x69, 0x6E, 0x5F, 0x79, 0xFF, 0xFF, 0xFF, 0xC0, 0x0A, 0x00, 0x19, 0x6D, 0x6F, 0x6E, 0x73, 0x74, 0x65, 0x72, 0x5F, 0x73, 0x70, 0x61, 0x77, 0x6E, 0x5F, 0x6C, 0x69, 0x67, 0x68, 0x74, 0x5F, 0x6C, 0x65, 0x76, 0x65, 0x6C, 0x03, 0x00, 0x0D, 0x6D, 0x69, 0x6E, 0x5F, 0x69, 0x6E, 0x63, 0x6C, 0x75, 0x73, 0x69, 0x76, 0x65, 0x00, 0x00, 0x00, 0x00, 0x03, 0x00, 0x0D, 0x6D, 0x61, 0x78, 0x5F, 0x69, 0x6E, 0x63, 0x6C, 0x75, 0x73, 0x69, 0x76, 0x65, 0x00, 0x00, 0x00, 0x07, 0x08, 0x00, 0x04, 0x74, 0x79, 0x70, 0x65, 0x00, 0x11, 0x6D, 0x69, 0x6E, 0x65, 0x63, 0x72, 0x61, 0x66, 0x74, 0x3A, 0x75, 0x6E, 0x69, 0x66, 0x6F, 0x72, 0x6D, 0x00, 0x01, 0x00, 0x0B, 0x68, 0x61, 0x73, 0x5F, 0x63, 0x65, 0x69, 0x6C, 0x69, 0x6E, 0x67, 0x01, 0x03, 0x00, 0x06, 0x68, 0x65, 0x69, 0x67, 0x68, 0x74, 0x00, 0x00, 0x01, 0x80, 0x00, 0x11, 0x6D, 0x69, 0x6E, 0x65, 0x63, 0x72, 0x61, 0x66, 0x74, 0x3A, 0x74, 0x68, 0x65, 0x5F, 0x65, 0x6E, 0x64, 0x01, 0x0A, 0x08, 0x00, 0x0D, 0x64, 0x65, 0x66, 0x61, 0x75, 0x6C, 0x74, 0x5F, 0x63, 0x6C, 0x6F, 0x63, 0x6B, 0x00, 0x11, 0x6D, 0x69, 0x6E, 0x65, 0x63, 0x72, 0x61, 0x66, 0x74, 0x3A, 0x74, 0x68, 0x65, 0x5F, 0x65, 0x6E, 0x64, 0x01, 0x00, 0x16, 0x68, 0x61, 0x73, 0x5F, 0x65, 0x6E, 0x64, 0x65, 0x72, 0x5F, 0x64, 0x72, 0x61, 0x67, 0x6F, 0x6E, 0x5F, 0x66, 0x69, 0x67, 0x68, 0x74, 0x01, 0x05, 0x00, 0x0D, 0x61, 0x6D, 0x62, 0x69, 0x65, 0x6E, 0x74, 0x5F, 0x6C, 0x69, 0x67, 0x68, 0x74, 0x3E, 0x80, 0x00, 0x00, 0x03, 0x00, 0x1F, 0x6D, 0x6F, 0x6E, 0x73, 0x74, 0x65, 0x72, 0x5F, 0x73, 0x70, 0x61, 0x77, 0x6E, 0x5F, 0x62, 0x6C, 0x6F, 0x63, 0x6B, 0x5F, 0x6C, 0x69, 0x67, 0x68, 0x74, 0x5F, 0x6C, 0x69, 0x6D, 0x69, 0x74, 0x00, 0x00, 0x00, 0x00, 0x01, 0x00, 0x0E, 0x68, 0x61, 0x73, 0x5F, 0x66, 0x69, 0x78, 0x65, 0x64, 0x5F, 0x74, 0x69, 0x6D, 0x65, 0x01, 0x08, 0x00, 0x0A, 0x69, 0x6E, 0x66, 0x69, 0x6E, 0x69, 0x62, 0x75, 0x72, 0x6E, 0x00, 0x19, 0x23, 0x6D, 0x69, 0x6E, 0x65, 0x63, 0x72, 0x61, 0x66, 0x74, 0x3A, 0x69, 0x6E, 0x66, 0x69, 0x6E, 0x69, 0x62, 0x75, 0x72, 0x6E, 0x5F, 0x65, 0x6E, 0x64, 0x01, 0x00, 0x0C, 0x68, 0x61, 0x73, 0x5F, 0x73, 0x6B, 0x79, 0x6C, 0x69, 0x67, 0x68, 0x74, 0x01, 0x08, 0x00, 0x06, 0x73, 0x6B, 0x79, 0x62, 0x6F, 0x78, 0x00, 0x03, 0x65, 0x6E, 0x64, 0x08, 0x00, 0x09, 0x74, 0x69, 0x6D, 0x65, 0x6C, 0x69, 0x6E, 0x65, 0x73, 0x00, 0x11, 0x23, 0x6D, 0x69, 0x6E, 0x65, 0x63, 0x72, 0x61, 0x66, 0x74, 0x3A, 0x69, 0x6E, 0x5F, 0x65, 0x6E, 0x64, 0x06, 0x00, 0x10, 0x63, 0x6F, 0x6F, 0x72, 0x64, 0x69, 0x6E, 0x61, 0x74, 0x65, 0x5F, 0x73, 0x63, 0x61, 0x6C, 0x65, 0x3F, 0xF0, 0x00, 0x00, 0x00, 0x00, 0x00, 0x00, 0x03, 0x00, 0x0E, 0x6C, 0x6F, 0x67, 0x69, 0x63, 0x61, 0x6C, 0x5F, 0x68, 0x65, 0x69, 0x67, 0x68, 0x74, 0x00, 0x00, 0x01, 0x00, 0x0A, 0x00, 0x0A, 0x61, 0x74, 0x74, 0x72, 0x69, 0x62, 0x75, 0x74, 0x65, 0x73, 0x0A, 0x00, 0x20, 0x6D, 0x69, 0x6E, 0x65, 0x63, 0x72, 0x61, 0x66, 0x74, 0x3A, 0x61, 0x75, 0x64, 0x69, 0x6F, 0x2F, 0x62, 0x61, 0x63, 0x6B, 0x67, 0x72, 0x6F, 0x75, 0x6E, 0x64, 0x5F, 0x6D, 0x75, 0x73, 0x69, 0x63, 0x0A, 0x00, 0x07, 0x64, 0x65, 0x66, 0x61, 0x75, 0x6C, 0x74, 0x01, 0x00, 0x15, 0x72, 0x65, 0x70, 0x6C, 0x61, 0x63, 0x65, 0x5F, 0x63, 0x75, 0x72, 0x72, 0x65, 0x6E, 0x74, 0x5F, 0x6D, 0x75, 0x73, 0x69, 0x63, 0x01, 0x03, 0x00, 0x09, 0x6D, 0x61, 0x78, 0x5F, 0x64, 0x65, 0x6C, 0x61, 0x79, 0x00, 0x00, 0x5D, 0xC0, 0x08, 0x00, 0x05, 0x73, 0x6F, 0x75, 0x6E, 0x64, 0x00, 0x13, 0x6D, 0x69, 0x6E, 0x65, 0x63, 0x72, 0x61, 0x66, 0x74, 0x3A, 0x6D, 0x75, 0x73, 0x69, 0x63, 0x2E, 0x65, 0x6E, 0x64, 0x03, 0x00, 0x09, 0x6D, 0x69, 0x6E, 0x5F, 0x64, 0x65, 0x6C, 0x61, 0x79, 0x00, 0x00, 0x17, 0x70, 0x00, 0x00, 0x08, 0x00, 0x1A, 0x6D, 0x69, 0x6E, 0x65, 0x63, 0x72, 0x61, 0x66, 0x74, 0x3A, 0x76, 0x69, 0x73, 0x75, 0x61, 0x6C, 0x2F, 0x66, 0x6F, 0x67, 0x5F, 0x63, 0x6F, 0x6C, 0x6F, 0x72, 0x00, 0x07, 0x23, 0x31, 0x38, 0x31, 0x33, 0x31, 0x38, 0x08, 0x00, 0x24, 0x6D, 0x69, 0x6E, 0x65, 0x63, 0x72, 0x61, 0x66, 0x74, 0x3A, 0x76, 0x69, 0x73, 0x75, 0x61, 0x6C, 0x2F, 0x61, 0x6D, 0x62, 0x69, 0x65, 0x6E, 0x74, 0x5F, 0x6C, 0x69, 0x67, 0x68, 0x74, 0x5F, 0x63, 0x6F, 0x6C, 0x6F, 0x72, 0x00, 0x07, 0x23, 0x33, 0x66, 0x34, 0x37, 0x33, 0x66, 0x08, 0x00, 0x1A, 0x6D, 0x69, 0x6E, 0x65, 0x63, 0x72, 0x61, 0x66, 0x74, 0x3A, 0x76, 0x69, 0x73, 0x75, 0x61, 0x6C, 0x2F, 0x73, 0x6B, 0x79, 0x5F, 0x63, 0x6F, 0x6C, 0x6F, 0x72, 0x00, 0x07, 0x23, 0x30, 0x30, 0x30, 0x30, 0x30, 0x30, 0x0A, 0x00, 0x1E, 0x6D, 0x69, 0x6E, 0x65, 0x63, 0x72, 0x61, 0x66, 0x74, 0x3A, 0x61, 0x75, 0x64, 0x69, 0x6F, 0x2F, 0x61, 0x6D, 0x62, 0x69, 0x65, 0x6E, 0x74, 0x5F, 0x73, 0x6F, 0x75, 0x6E, 0x64, 0x73, 0x0A, 0x00, 0x04, 0x6D, 0x6F, 0x6F, 0x64, 0x03, 0x00, 0x0A, 0x74, 0x69, 0x63, 0x6B, 0x5F, 0x64, 0x65, 0x6C, 0x61, 0x79, 0x00, 0x00, 0x17, 0x70, 0x06, 0x00, 0x06, 0x6F, 0x66, 0x66, 0x73, 0x65, 0x74, 0x40, 0x00, 0x00, 0x00, 0x00, 0x00, 0x00, 0x00, 0x08, 0x00, 0x05, 0x73, 0x6F, 0x75, 0x6E, 0x64, 0x00, 0x16, 0x6D, 0x69, 0x6E, 0x65, 0x63, 0x72, 0x61, 0x66, 0x74, 0x3A, 0x61, 0x6D, 0x62, 0x69, 0x65, 0x6E, 0x74, 0x2E, 0x63, 0x61, 0x76, 0x65, 0x03, 0x00, 0x13, 0x62, 0x6C, 0x6F, 0x63, 0x6B, 0x5F, 0x73, 0x65, 0x61, 0x72, 0x63, 0x68, 0x5F, 0x65, 0x78, 0x74, 0x65, 0x6E, 0x74, 0x00, 0x00, 0x00, 0x08, 0x00, 0x00, 0x08, 0x00, 0x20, 0x6D, 0x69, 0x6E, 0x65, 0x63, 0x72, 0x61, 0x66, 0x74, 0x3A, 0x76, 0x69, 0x73, 0x75, 0x61, 0x6C, 0x2F, 0x73, 0x6B, 0x79, 0x5F, 0x6C, 0x69, 0x67, 0x68, 0x74, 0x5F, 0x63, 0x6F, 0x6C, 0x6F, 0x72, 0x00, 0x07, 0x23, 0x61, 0x63, 0x36, 0x30, 0x63, 0x64, 0x05, 0x00, 0x21, 0x6D, 0x69, 0x6E, 0x65, 0x63, 0x72, 0x61, 0x66, 0x74, 0x3A, 0x76, 0x69, 0x73, 0x75, 0x61, 0x6C, 0x2F, 0x73, 0x6B, 0x79, 0x5F, 0x6C, 0x69, 0x67, 0x68, 0x74, 0x5F, 0x66, 0x61, 0x63, 0x74, 0x6F, 0x72, 0x00, 0x00, 0x00, 0x00, 0x00, 0x03, 0x00, 0x05, 0x6D, 0x69, 0x6E, 0x5F, 0x79, 0x00, 0x00, 0x00, 0x00, 0x03, 0x00, 0x19, 0x6D, 0x6F, 0x6E, 0x73, 0x74, 0x65, 0x72, 0x5F, 0x73, 0x70, 0x61, 0x77, 0x6E, 0x5F, 0x6C, 0x69, 0x67, 0x68, 0x74, 0x5F, 0x6C, 0x65, 0x76, 0x65, 0x6C, 0x00, 0x00, 0x00, 0x0F, 0x01, 0x00, 0x0B, 0x68, 0x61, 0x73, 0x5F, 0x63, 0x65, 0x69, 0x6C, 0x69, 0x6E, 0x67, 0x00, 0x03, 0x00, 0x06, 0x68, 0x65, 0x69, 0x67, 0x68, 0x74, 0x00, 0x00, 0x01, 0x00, 0x00, 0x14, 0x6D, 0x69, 0x6E, 0x65, 0x63, 0x72, 0x61, 0x66, 0x74, 0x3A, 0x74, 0x68, 0x65, 0x5F, 0x6E, 0x65, 0x74, 0x68, 0x65, 0x72, 0x01, 0x0A, 0x08, 0x00, 0x0E, 0x63, 0x61, 0x72, 0x64, 0x69, 0x6E, 0x61, 0x6C, 0x5F, 0x6C, 0x69, 0x67, 0x68, 0x74, 0x00, 0x06, 0x6E, 0x65, 0x74, 0x68, 0x65, 0x72, 0x01, 0x00, 0x16, 0x68, 0x61, 0x73, 0x5F, 0x65, 0x6E, 0x64, 0x65, 0x72, 0x5F, 0x64, 0x72, 0x61, 0x67, 0x6F, 0x6E, 0x5F, 0x66, 0x69, 0x67, 0x68, 0x74, 0x00, 0x05, 0x00, 0x0D, 0x61, 0x6D, 0x62, 0x69, 0x65, 0x6E, 0x74, 0x5F, 0x6C, 0x69, 0x67, 0x68, 0x74, 0x3D, 0xCC, 0xCC, 0xCD, 0x03, 0x00, 0x1F, 0x6D, 0x6F, 0x6E, 0x73, 0x74, 0x65, 0x72, 0x5F, 0x73, 0x70, 0x61, 0x77, 0x6E, 0x5F, 0x62, 0x6C, 0x6F, 0x63, 0x6B, 0x5F, 0x6C, 0x69, 0x67, 0x68, 0x74, 0x5F, 0x6C, 0x69, 0x6D, 0x69, 0x74, 0x00, 0x00, 0x00, 0x0F, 0x01, 0x00, 0x0E, 0x68, 0x61, 0x73, 0x5F, 0x66, 0x69, 0x78, 0x65, 0x64, 0x5F, 0x74, 0x69, 0x6D, 0x65, 0x01, 0x08, 0x00, 0x0A, 0x69, 0x6E, 0x66, 0x69, 0x6E, 0x69, 0x62, 0x75, 0x72, 0x6E, 0x00, 0x1C, 0x23, 0x6D, 0x69, 0x6E, 0x65, 0x63, 0x72, 0x61, 0x66, 0x74, 0x3A, 0x69, 0x6E, 0x66, 0x69, 0x6E, 0x69, 0x62, 0x75, 0x72, 0x6E, 0x5F, 0x6E, 0x65, 0x74, 0x68, 0x65, 0x72, 0x01, 0x00, 0x0C, 0x68, 0x61, 0x73, 0x5F, 0x73, 0x6B, 0x79, 0x6C, 0x69, 0x67, 0x68, 0x74, 0x00, 0x08, 0x00, 0x06, 0x73, 0x6B, 0x79, 0x62, 0x6F, 0x78, 0x00, 0x04, 0x6E, 0x6F, 0x6E, 0x65, 0x08, 0x00, 0x09, 0x74, 0x69, 0x6D, 0x65, 0x6C, 0x69, 0x6E, 0x65, 0x73, 0x00, 0x14, 0x23, 0x6D, 0x69, 0x6E, 0x65, 0x63, 0x72, 0x61, 0x66, 0x74, 0x3A, 0x69, 0x6E, 0x5F, 0x6E, 0x65, 0x74, 0x68, 0x65, 0x72, 0x06, 0x00, 0x10, 0x63, 0x6F, 0x6F, 0x72, 0x64, 0x69, 0x6E, 0x61, 0x74, 0x65, 0x5F, 0x73, 0x63, 0x61, 0x6C, 0x65, 0x40, 0x20, 0x00, 0x00, 0x00, 0x00, 0x00, 0x00, 0x03, 0x00, 0x0E, 0x6C, 0x6F, 0x67, 0x69, 0x63, 0x61, 0x6C, 0x5F, 0x68, 0x65, 0x69, 0x67, 0x68, 0x74, 0x00, 0x00, 0x00, 0x80, 0x0A, 0x00, 0x0A, 0x61, 0x74, 0x74, 0x72, 0x69, 0x62, 0x75, 0x74, 0x65, 0x73, 0x05, 0x00, 0x21, 0x6D, 0x69, 0x6E, 0x65, 0x63, 0x72, 0x61, 0x66, 0x74, 0x3A, 0x76, 0x69, 0x73, 0x75, 0x61, 0x6C, 0x2F, 0x66, 0x6F, 0x67, 0x5F, 0x65, 0x6E, 0x64, 0x5F, 0x64, 0x69, 0x73, 0x74, 0x61, 0x6E, 0x63, 0x65, 0x42, 0xC0, 0x00, 0x00, 0x0A, 0x00, 0x2B, 0x6D, 0x69, 0x6E, 0x65, 0x63, 0x72, 0x61, 0x66, 0x74, 0x3A, 0x76, 0x69, 0x73, 0x75, 0x61, 0x6C, 0x2F, 0x64, 0x65, 0x66, 0x61, 0x75, 0x6C, 0x74, 0x5F, 0x64, 0x72, 0x69, 0x70, 0x73, 0x74, 0x6F, 0x6E, 0x65, 0x5F, 0x70, 0x61, 0x72, 0x74, 0x69, 0x63, 0x6C, 0x65, 0x08, 0x00, 0x04, 0x74, 0x79, 0x70, 0x65, 0x00, 0x21, 0x6D, 0x69, 0x6E, 0x65, 0x63, 0x72, 0x61, 0x66, 0x74, 0x3A, 0x64, 0x72, 0x69, 0x70, 0x70, 0x69, 0x6E, 0x67, 0x5F, 0x64, 0x72, 0x69, 0x70, 0x73, 0x74, 0x6F, 0x6E, 0x65, 0x5F, 0x6C, 0x61, 0x76, 0x61, 0x00, 0x05, 0x00, 0x22, 0x6D, 0x69, 0x6E, 0x65, 0x63, 0x72, 0x61, 0x66, 0x74, 0x3A, 0x67, 0x61, 0x6D, 0x65, 0x70, 0x6C, 0x61, 0x79, 0x2F, 0x73, 0x6B, 0x79, 0x5F, 0x6C, 0x69, 0x67, 0x68, 0x74, 0x5F, 0x6C, 0x65, 0x76, 0x65, 0x6C, 0x40, 0x80, 0x00, 0x00, 0x08, 0x00, 0x24, 0x6D, 0x69, 0x6E, 0x65, 0x63, 0x72, 0x61, 0x66, 0x74, 0x3A, 0x76, 0x69, 0x73, 0x75, 0x61, 0x6C, 0x2F, 0x61, 0x6D, 0x62, 0x69, 0x65, 0x6E, 0x74, 0x5F, 0x6C, 0x69, 0x67, 0x68, 0x74, 0x5F, 0x63, 0x6F, 0x6C, 0x6F, 0x72, 0x00, 0x07, 0x23, 0x33, 0x30, 0x32, 0x38, 0x32, 0x31, 0x01, 0x00, 0x22, 0x6D, 0x69, 0x6E, 0x65, 0x63, 0x72, 0x61, 0x66, 0x74, 0x3A, 0x67, 0x61, 0x6D, 0x65, 0x70, 0x6C, 0x61, 0x79, 0x2F, 0x70, 0x69, 0x67, 0x6C, 0x69, 0x6E, 0x73, 0x5F, 0x7A, 0x6F, 0x6D, 0x62, 0x69, 0x66, 0x79, 0x00, 0x01, 0x00, 0x1C, 0x6D, 0x69, 0x6E, 0x65, 0x63, 0x72, 0x61, 0x66, 0x74, 0x3A, 0x67, 0x61, 0x6D, 0x65, 0x70, 0x6C, 0x61, 0x79, 0x2F, 0x66, 0x61, 0x73, 0x74, 0x5F, 0x6C, 0x61, 0x76, 0x61, 0x01, 0x05, 0x00, 0x21, 0x6D, 0x69, 0x6E, 0x65, 0x63, 0x72, 0x61, 0x66, 0x74, 0x3A, 0x76, 0x69, 0x73, 0x75, 0x61, 0x6C, 0x2F, 0x73, 0x6B, 0x79, 0x5F, 0x6C, 0x69, 0x67, 0x68, 0x74, 0x5F, 0x66, 0x61, 0x63, 0x74, 0x6F, 0x72, 0x00, 0x00, 0x00, 0x00, 0x08, 0x00, 0x20, 0x6D, 0x69, 0x6E, 0x65, 0x63, 0x72, 0x61, 0x66, 0x74, 0x3A, 0x76, 0x69, 0x73, 0x75, 0x61, 0x6C, 0x2F, 0x73, 0x6B, 0x79, 0x5F, 0x6C, 0x69, 0x67, 0x68, 0x74, 0x5F, 0x63, 0x6F, 0x6C, 0x6F, 0x72, 0x00, 0x07, 0x23, 0x37, 0x61, 0x37, 0x61, 0x66, 0x66, 0x01, 0x00, 0x23, 0x6D, 0x69, 0x6E, 0x65, 0x63, 0x72, 0x61, 0x66, 0x74, 0x3A, 0x67, 0x61, 0x6D, 0x65, 0x70, 0x6C, 0x61, 0x79, 0x2F, 0x77, 0x61, 0x74, 0x65, 0x72, 0x5F, 0x65, 0x76, 0x61, 0x70, 0x6F, 0x72, 0x61, 0x74, 0x65, 0x73, 0x01, 0x05, 0x00, 0x23, 0x6D, 0x69, 0x6E, 0x65, 0x63, 0x72, 0x61, 0x66, 0x74, 0x3A, 0x76, 0x69, 0x73, 0x75, 0x61, 0x6C, 0x2F, 0x66, 0x6F, 0x67, 0x5F, 0x73, 0x74, 0x61, 0x72, 0x74, 0x5F, 0x64, 0x69, 0x73, 0x74, 0x61, 0x6E, 0x63, 0x65, 0x41, 0x20, 0x00, 0x00, 0x00, 0x03, 0x00, 0x05, 0x6D, 0x69, 0x6E, 0x5F, 0x79, 0x00, 0x00, 0x00, 0x00, 0x03, 0x00, 0x19, 0x6D, 0x6F, 0x6E, 0x73, 0x74, 0x65, 0x72, 0x5F, 0x73, 0x70, 0x61, 0x77, 0x6E, 0x5F, 0x6C, 0x69, 0x67, 0x68, 0x74, 0x5F, 0x6C, 0x65, 0x76, 0x65, 0x6C, 0x00, 0x00, 0x00, 0x07, 0x01, 0x00, 0x0B, 0x68, 0x61, 0x73, 0x5F, 0x63, 0x65, 0x69, 0x6C, 0x69, 0x6E, 0x67, 0x01, 0x03, 0x00, 0x06, 0x68, 0x65, 0x69, 0x67, 0x68, 0x74, 0x00, 0x00, 0x01, 0x00, 0x00 };

inline constexpr uint8_t config_packet_21[] = {
    0x85, 0x2D, 0x07, 0x15, 0x6D, 0x69, 0x6E, 0x65, 0x63, 0x72, 0x61, 0x66, 0x74, 0x3A, 0x64, 0x61, 0x6D, 0x61, 0x67, 0x65,
    0x5F, 0x74, 0x79, 0x70, 0x65, 0x33, 0x0F, 0x6D, 0x69, 0x6E, 0x65, 0x63, 0x72, 0x61, 0x66, 0x74, 0x3A, 0x61, 0x72, 0x72,
    0x6F, 0x77, 0x01, 0x0A, 0x08, 0x00, 0x07, 0x73, 0x63, 0x61, 0x6C, 0x69, 0x6E, 0x67, 0x00, 0x20, 0x77, 0x68, 0x65, 0x6E,
    0x5F, 0x63, 0x61, 0x75, 0x73, 0x65, 0x64, 0x5F, 0x62, 0x79, 0x5F, 0x6C, 0x69, 0x76, 0x69, 0x6E, 0x67, 0x5F, 0x6E, 0x6F,
    0x6E, 0x5F, 0x70, 0x6C, 0x61, 0x79, 0x65, 0x72, 0x05, 0x00, 0x0A, 0x65, 0x78, 0x68, 0x61, 0x75, 0x73, 0x74, 0x69, 0x6F,
    0x6E, 0x3D, 0xCC, 0xCC, 0xCD, 0x08, 0x00, 0x0A, 0x6D, 0x65, 0x73, 0x73, 0x61, 0x67, 0x65, 0x5F, 0x69, 0x64, 0x00, 0x05,
    0x61, 0x72, 0x72, 0x6F, 0x77, 0x00, 0x1B, 0x6D, 0x69, 0x6E, 0x65, 0x63, 0x72, 0x61, 0x66, 0x74, 0x3A, 0x62, 0x61, 0x64,
    0x5F, 0x72, 0x65, 0x73, 0x70, 0x61, 0x77, 0x6E, 0x5F, 0x70, 0x6F, 0x69, 0x6E, 0x74, 0x01, 0x0A, 0x08, 0x00, 0x07, 0x73,
    0x63, 0x61, 0x6C, 0x69, 0x6E, 0x67, 0x00, 0x06, 0x61, 0x6C, 0x77, 0x61, 0x79, 0x73, 0x05, 0x00, 0x0A, 0x65, 0x78, 0x68,
    0x61, 0x75, 0x73, 0x74, 0x69, 0x6F, 0x6E, 0x3D, 0xCC, 0xCC, 0xCD, 0x08, 0x00, 0x0A, 0x6D, 0x65, 0x73, 0x73, 0x61, 0x67,
    0x65, 0x5F, 0x69, 0x64, 0x00, 0x0F, 0x62, 0x61, 0x64, 0x52, 0x65, 0x73, 0x70, 0x61, 0x77, 0x6E, 0x50, 0x6F, 0x69, 0x6E,
    0x74, 0x08, 0x00, 0x12, 0x64, 0x65, 0x61, 0x74, 0x68, 0x5F, 0x6D, 0x65, 0x73, 0x73, 0x61, 0x67, 0x65, 0x5F, 0x74, 0x79,
    0x70, 0x65, 0x00, 0x17, 0x69, 0x6E, 0x74, 0x65, 0x6E, 0x74, 0x69, 0x6F, 0x6E, 0x61, 0x6C, 0x5F, 0x67, 0x61, 0x6D, 0x65,
    0x5F, 0x64, 0x65, 0x73, 0x69, 0x67, 0x6E, 0x00, 0x10, 0x6D, 0x69, 0x6E, 0x65, 0x63, 0x72, 0x61, 0x66, 0x74, 0x3A, 0x63,
    0x61, 0x63, 0x74, 0x75, 0x73, 0x01, 0x0A, 0x08, 0x00, 0x07, 0x73, 0x63, 0x61, 0x6C, 0x69, 0x6E, 0x67, 0x00, 0x20, 0x77,
    0x68, 0x65, 0x6E, 0x5F, 0x63, 0x61, 0x75, 0x73, 0x65, 0x64, 0x5F, 0x62, 0x79, 0x5F, 0x6C, 0x69, 0x76, 0x69, 0x6E, 0x67,
    0x5F, 0x6E, 0x6F, 0x6E, 0x5F, 0x70, 0x6C, 0x61, 0x79, 0x65, 0x72, 0x05, 0x00, 0x0A, 0x65, 0x78, 0x68, 0x61, 0x75, 0x73,
    0x74, 0x69, 0x6F, 0x6E, 0x3D, 0xCC, 0xCC, 0xCD, 0x08, 0x00, 0x0A, 0x6D, 0x65, 0x73, 0x73, 0x61, 0x67, 0x65, 0x5F, 0x69,
    0x64, 0x00, 0x06, 0x63, 0x61, 0x63, 0x74, 0x75, 0x73, 0x00, 0x12, 0x6D, 0x69, 0x6E, 0x65, 0x63, 0x72, 0x61, 0x66, 0x74,
    0x3A, 0x63, 0x61, 0x6D, 0x70, 0x66, 0x69, 0x72, 0x65, 0x01, 0x0A, 0x08, 0x00, 0x07, 0x73, 0x63, 0x61, 0x6C, 0x69, 0x6E,
    0x67, 0x00, 0x20, 0x77, 0x68, 0x65, 0x6E, 0x5F, 0x63, 0x61, 0x75, 0x73, 0x65, 0x64, 0x5F, 0x62, 0x79, 0x5F, 0x6C, 0x69,
    0x76, 0x69, 0x6E, 0x67, 0x5F, 0x6E, 0x6F, 0x6E, 0x5F, 0x70, 0x6C, 0x61, 0x79, 0x65, 0x72, 0x08, 0x00, 0x07, 0x65, 0x66,
    0x66, 0x65, 0x63, 0x74, 0x73, 0x00, 0x07, 0x62, 0x75, 0x72, 0x6E, 0x69, 0x6E, 0x67, 0x05, 0x00, 0x0A, 0x65, 0x78, 0x68,
    0x61, 0x75, 0x73, 0x74, 0x69, 0x6F, 0x6E, 0x3D, 0xCC, 0xCC, 0xCD, 0x08, 0x00, 0x0A, 0x6D, 0x65, 0x73, 0x73, 0x61, 0x67,
    0x65, 0x5F, 0x69, 0x64, 0x00, 0x06, 0x69, 0x6E, 0x46, 0x69, 0x72, 0x65, 0x00, 0x12, 0x6D, 0x69, 0x6E, 0x65, 0x63, 0x72,
    0x61, 0x66, 0x74, 0x3A, 0x63, 0x72, 0x61, 0x6D, 0x6D, 0x69, 0x6E, 0x67, 0x01, 0x0A, 0x08, 0x00, 0x07, 0x73, 0x63, 0x61,
    0x6C, 0x69, 0x6E, 0x67, 0x00, 0x20, 0x77, 0x68, 0x65, 0x6E, 0x5F, 0x63, 0x61, 0x75, 0x73, 0x65, 0x64, 0x5F, 0x62, 0x79,
    0x5F, 0x6C, 0x69, 0x76, 0x69, 0x6E, 0x67, 0x5F, 0x6E, 0x6F, 0x6E, 0x5F, 0x70, 0x6C, 0x61, 0x79, 0x65, 0x72, 0x05, 0x00,
    0x0A, 0x65, 0x78, 0x68, 0x61, 0x75, 0x73, 0x74, 0x69, 0x6F, 0x6E, 0x00, 0x00, 0x00, 0x00, 0x08, 0x00, 0x0A, 0x6D, 0x65,
    0x73, 0x73, 0x61, 0x67, 0x65, 0x5F, 0x69, 0x64, 0x00, 0x08, 0x63, 0x72, 0x61, 0x6D, 0x6D, 0x69, 0x6E, 0x67, 0x00, 0x17,
    0x6D, 0x69, 0x6E, 0x65, 0x63, 0x72, 0x61, 0x66, 0x74, 0x3A, 0x64, 0x72, 0x61, 0x67, 0x6F, 0x6E, 0x5F, 0x62, 0x72, 0x65,
    0x61, 0x74, 0x68, 0x01, 0x0A, 0x08, 0x00, 0x07, 0x73, 0x63, 0x61, 0x6C, 0x69, 0x6E, 0x67, 0x00, 0x20, 0x77, 0x68, 0x65,
    0x6E, 0x5F, 0x63, 0x61, 0x75, 0x73, 0x65, 0x64, 0x5F, 0x62, 0x79, 0x5F, 0x6C, 0x69, 0x76, 0x69, 0x6E, 0x67, 0x5F, 0x6E,
    0x6F, 0x6E, 0x5F, 0x70, 0x6C, 0x61, 0x79, 0x65, 0x72, 0x05, 0x00, 0x0A, 0x65, 0x78, 0x68, 0x61, 0x75, 0x73, 0x74, 0x69,
    0x6F, 0x6E, 0x00, 0x00, 0x00, 0x00, 0x08, 0x00, 0x0A, 0x6D, 0x65, 0x73, 0x73, 0x61, 0x67, 0x65, 0x5F, 0x69, 0x64, 0x00,
    0x0C, 0x64, 0x72, 0x61, 0x67, 0x6F, 0x6E, 0x42, 0x72, 0x65, 0x61, 0x74, 0x68, 0x00, 0x0F, 0x6D, 0x69, 0x6E, 0x65, 0x63,
    0x72, 0x61, 0x66, 0x74, 0x3A, 0x64, 0x72, 0x6F, 0x77, 0x6E, 0x01, 0x0A, 0x08, 0x00, 0x07, 0x73, 0x63, 0x61, 0x6C, 0x69,
    0x6E, 0x67, 0x00, 0x20, 0x77, 0x68, 0x65, 0x6E, 0x5F, 0x63, 0x61, 0x75, 0x73, 0x65, 0x64, 0x5F, 0x62, 0x79, 0x5F, 0x6C,
    0x69, 0x76, 0x69, 0x6E, 0x67, 0x5F, 0x6E, 0x6F, 0x6E, 0x5F, 0x70, 0x6C, 0x61, 0x79, 0x65, 0x72, 0x08, 0x00, 0x07, 0x65,
    0x66, 0x66, 0x65, 0x63, 0x74, 0x73, 0x00, 0x08, 0x64, 0x72, 0x6F, 0x77, 0x6E, 0x69, 0x6E, 0x67, 0x05, 0x00, 0x0A, 0x65,
    0x78, 0x68, 0x61, 0x75, 0x73, 0x74, 0x69, 0x6F, 0x6E, 0x00, 0x00, 0x00, 0x00, 0x08, 0x00, 0x0A, 0x6D, 0x65, 0x73, 0x73,
    0x61, 0x67, 0x65, 0x5F, 0x69, 0x64, 0x00, 0x05, 0x64, 0x72, 0x6F, 0x77, 0x6E, 0x00, 0x11, 0x6D, 0x69, 0x6E, 0x65, 0x63,
    0x72, 0x61, 0x66, 0x74, 0x3A, 0x64, 0x72, 0x79, 0x5F, 0x6F, 0x75, 0x74, 0x01, 0x0A, 0x08, 0x00, 0x07, 0x73, 0x63, 0x61,
    0x6C, 0x69, 0x6E, 0x67, 0x00, 0x20, 0x77, 0x68, 0x65, 0x6E, 0x5F, 0x63, 0x61, 0x75, 0x73, 0x65, 0x64, 0x5F, 0x62, 0x79,
    0x5F, 0x6C, 0x69, 0x76, 0x69, 0x6E, 0x67, 0x5F, 0x6E, 0x6F, 0x6E, 0x5F, 0x70, 0x6C, 0x61, 0x79, 0x65, 0x72, 0x05, 0x00,
    0x0A, 0x65, 0x78, 0x68, 0x61, 0x75, 0x73, 0x74, 0x69, 0x6F, 0x6E, 0x3D, 0xCC, 0xCC, 0xCD, 0x08, 0x00, 0x0A, 0x6D, 0x65,
    0x73, 0x73, 0x61, 0x67, 0x65, 0x5F, 0x69, 0x64, 0x00, 0x06, 0x64, 0x72, 0x79, 0x6F, 0x75, 0x74, 0x00, 0x15, 0x6D, 0x69,
    0x6E, 0x65, 0x63, 0x72, 0x61, 0x66, 0x74, 0x3A, 0x65, 0x6E, 0x64, 0x65, 0x72, 0x5F, 0x70, 0x65, 0x61, 0x72, 0x6C, 0x01,
    0x0A, 0x08, 0x00, 0x07, 0x73, 0x63, 0x61, 0x6C, 0x69, 0x6E, 0x67, 0x00, 0x20, 0x77, 0x68, 0x65, 0x6E, 0x5F, 0x63, 0x61,
    0x75, 0x73, 0x65, 0x64, 0x5F, 0x62, 0x79, 0x5F, 0x6C, 0x69, 0x76, 0x69, 0x6E, 0x67, 0x5F, 0x6E, 0x6F, 0x6E, 0x5F, 0x70,
    0x6C, 0x61, 0x79, 0x65, 0x72, 0x05, 0x00, 0x0A, 0x65, 0x78, 0x68, 0x61, 0x75, 0x73, 0x74, 0x69, 0x6F, 0x6E, 0x00, 0x00,
    0x00, 0x00, 0x08, 0x00, 0x0A, 0x6D, 0x65, 0x73, 0x73, 0x61, 0x67, 0x65, 0x5F, 0x69, 0x64, 0x00, 0x04, 0x66, 0x61, 0x6C,
    0x6C, 0x08, 0x00, 0x12, 0x64, 0x65, 0x61, 0x74, 0x68, 0x5F, 0x6D, 0x65, 0x73, 0x73, 0x61, 0x67, 0x65, 0x5F, 0x74, 0x79,
    0x70, 0x65, 0x00, 0x0D, 0x66, 0x61, 0x6C, 0x6C, 0x5F, 0x76, 0x61, 0x72, 0x69, 0x61, 0x6E, 0x74, 0x73, 0x00, 0x13, 0x6D,
    0x69, 0x6E, 0x65, 0x63, 0x72, 0x61, 0x66, 0x74, 0x3A, 0x65, 0x78, 0x70, 0x6C, 0x6F, 0x73, 0x69, 0x6F, 0x6E, 0x01, 0x0A,
    0x08, 0x00, 0x07, 0x73, 0x63, 0x61, 0x6C, 0x69, 0x6E, 0x67, 0x00, 0x06, 0x61, 0x6C, 0x77, 0x61, 0x79, 0x73, 0x05, 0x00,
    0x0A, 0x65, 0x78, 0x68, 0x61, 0x75, 0x73, 0x74, 0x69, 0x6F, 0x6E, 0x3D, 0xCC, 0xCC, 0xCD, 0x08, 0x00, 0x0A, 0x6D, 0x65,
    0x73, 0x73, 0x61, 0x67, 0x65, 0x5F, 0x69, 0x64, 0x00, 0x09, 0x65, 0x78, 0x70, 0x6C, 0x6F, 0x73, 0x69, 0x6F, 0x6E, 0x00,
    0x0E, 0x6D, 0x69, 0x6E, 0x65, 0x63, 0x72, 0x61, 0x66, 0x74, 0x3A, 0x66, 0x61, 0x6C, 0x6C, 0x01, 0x0A, 0x08, 0x00, 0x07,
    0x73, 0x63, 0x61, 0x6C, 0x69, 0x6E, 0x67, 0x00, 0x20, 0x77, 0x68, 0x65, 0x6E, 0x5F, 0x63, 0x61, 0x75, 0x73, 0x65, 0x64,
    0x5F, 0x62, 0x79, 0x5F, 0x6C, 0x69, 0x76, 0x69, 0x6E, 0x67, 0x5F, 0x6E, 0x6F, 0x6E, 0x5F, 0x70, 0x6C, 0x61, 0x79, 0x65,
    0x72, 0x05, 0x00, 0x0A, 0x65, 0x78, 0x68, 0x61, 0x75, 0x73, 0x74, 0x69, 0x6F, 0x6E, 0x00, 0x00, 0x00, 0x00, 0x08, 0x00,
    0x0A, 0x6D, 0x65, 0x73, 0x73, 0x61, 0x67, 0x65, 0x5F, 0x69, 0x64, 0x00, 0x04, 0x66, 0x61, 0x6C, 0x6C, 0x08, 0x00, 0x12,
    0x64, 0x65, 0x61, 0x74, 0x68, 0x5F, 0x6D, 0x65, 0x73, 0x73, 0x61, 0x67, 0x65, 0x5F, 0x74, 0x79, 0x70, 0x65, 0x00, 0x0D,
    0x66, 0x61, 0x6C, 0x6C, 0x5F, 0x76, 0x61, 0x72, 0x69, 0x61, 0x6E, 0x74, 0x73, 0x00, 0x17, 0x6D, 0x69, 0x6E, 0x65, 0x63,
    0x72, 0x61, 0x66, 0x74, 0x3A, 0x66, 0x61, 0x6C, 0x6C, 0x69, 0x6E, 0x67, 0x5F, 0x61, 0x6E, 0x76, 0x69, 0x6C, 0x01, 0x0A,
    0x08, 0x00, 0x07, 0x73, 0x63, 0x61, 0x6C, 0x69, 0x6E, 0x67, 0x00, 0x20, 0x77, 0x68, 0x65, 0x6E, 0x5F, 0x63, 0x61, 0x75,
    0x73, 0x65, 0x64, 0x5F, 0x62, 0x79, 0x5F, 0x6C, 0x69, 0x76, 0x69, 0x6E, 0x67, 0x5F, 0x6E, 0x6F, 0x6E, 0x5F, 0x70, 0x6C,
    0x61, 0x79, 0x65, 0x72, 0x05, 0x00, 0x0A, 0x65, 0x78, 0x68, 0x61, 0x75, 0x73, 0x74, 0x69, 0x6F, 0x6E, 0x3D, 0xCC, 0xCC,
    0xCD, 0x08, 0x00, 0x0A, 0x6D, 0x65, 0x73, 0x73, 0x61, 0x67, 0x65, 0x5F, 0x69, 0x64, 0x00, 0x05, 0x61, 0x6E, 0x76, 0x69,
    0x6C, 0x00, 0x17, 0x6D, 0x69, 0x6E, 0x65, 0x63, 0x72, 0x61, 0x66, 0x74, 0x3A, 0x66, 0x61, 0x6C, 0x6C, 0x69, 0x6E, 0x67,
    0x5F, 0x62, 0x6C, 0x6F, 0x63, 0x6B, 0x01, 0x0A, 0x08, 0x00, 0x07, 0x73, 0x63, 0x61, 0x6C, 0x69, 0x6E, 0x67, 0x00, 0x20,
    0x77, 0x68, 0x65, 0x6E, 0x5F, 0x63, 0x61, 0x75, 0x73, 0x65, 0x64, 0x5F, 0x62, 0x79, 0x5F, 0x6C, 0x69, 0x76, 0x69, 0x6E,
    0x67, 0x5F, 0x6E, 0x6F, 0x6E, 0x5F, 0x70, 0x6C, 0x61, 0x79, 0x65, 0x72, 0x05, 0x00, 0x0A, 0x65, 0x78, 0x68, 0x61, 0x75,
    0x73, 0x74, 0x69, 0x6F, 0x6E, 0x3D, 0xCC, 0xCC, 0xCD, 0x08, 0x00, 0x0A, 0x6D, 0x65, 0x73, 0x73, 0x61, 0x67, 0x65, 0x5F,
    0x69, 0x64, 0x00, 0x0C, 0x66, 0x61, 0x6C, 0x6C, 0x69, 0x6E, 0x67, 0x42, 0x6C, 0x6F, 0x63, 0x6B, 0x00, 0x1C, 0x6D, 0x69,
    0x6E, 0x65, 0x63, 0x72, 0x61, 0x66, 0x74, 0x3A, 0x66, 0x61, 0x6C, 0x6C, 0x69, 0x6E, 0x67, 0x5F, 0x73, 0x74, 0x61, 0x6C,
    0x61, 0x63, 0x74, 0x69, 0x74, 0x65, 0x01, 0x0A, 0x08, 0x00, 0x07, 0x73, 0x63, 0x61, 0x6C, 0x69, 0x6E, 0x67, 0x00, 0x20,
    0x77, 0x68, 0x65, 0x6E, 0x5F, 0x63, 0x61, 0x75, 0x73, 0x65, 0x64, 0x5F, 0x62, 0x79, 0x5F, 0x6C, 0x69, 0x76, 0x69, 0x6E,
    0x67, 0x5F, 0x6E, 0x6F, 0x6E, 0x5F, 0x70, 0x6C, 0x61, 0x79, 0x65, 0x72, 0x05, 0x00, 0x0A, 0x65, 0x78, 0x68, 0x61, 0x75,
    0x73, 0x74, 0x69, 0x6F, 0x6E, 0x3D, 0xCC, 0xCC, 0xCD, 0x08, 0x00, 0x0A, 0x6D, 0x65, 0x73, 0x73, 0x61, 0x67, 0x65, 0x5F,
    0x69, 0x64, 0x00, 0x11, 0x66, 0x61, 0x6C, 0x6C, 0x69, 0x6E, 0x67, 0x53, 0x74, 0x61, 0x6C, 0x61, 0x63, 0x74, 0x69, 0x74,
    0x65, 0x00, 0x12, 0x6D, 0x69, 0x6E, 0x65, 0x63, 0x72, 0x61, 0x66, 0x74, 0x3A, 0x66, 0x69, 0x72, 0x65, 0x62, 0x61, 0x6C,
    0x6C, 0x01, 0x0A, 0x08, 0x00, 0x07, 0x73, 0x63, 0x61, 0x6C, 0x69, 0x6E, 0x67, 0x00, 0x20, 0x77, 0x68, 0x65, 0x6E, 0x5F,
    0x63, 0x61, 0x75, 0x73, 0x65, 0x64, 0x5F, 0x62, 0x79, 0x5F, 0x6C, 0x69, 0x76, 0x69, 0x6E, 0x67, 0x5F, 0x6E, 0x6F, 0x6E,
    0x5F, 0x70, 0x6C, 0x61, 0x79, 0x65, 0x72, 0x08, 0x00, 0x07, 0x65, 0x66, 0x66, 0x65, 0x63, 0x74, 0x73, 0x00, 0x07, 0x62,
    0x75, 0x72, 0x6E, 0x69, 0x6E, 0x67, 0x05, 0x00, 0x0A, 0x65, 0x78, 0x68, 0x61, 0x75, 0x73, 0x74, 0x69, 0x6F, 0x6E, 0x3D,
    0xCC, 0xCC, 0xCD, 0x08, 0x00, 0x0A, 0x6D, 0x65, 0x73, 0x73, 0x61, 0x67, 0x65, 0x5F, 0x69, 0x64, 0x00, 0x08, 0x66, 0x69,
    0x72, 0x65, 0x62, 0x61, 0x6C, 0x6C, 0x00, 0x13, 0x6D, 0x69, 0x6E, 0x65, 0x63, 0x72, 0x61, 0x66, 0x74, 0x3A, 0x66, 0x69,
    0x72, 0x65, 0x77, 0x6F, 0x72, 0x6B, 0x73, 0x01, 0x0A, 0x08, 0x00, 0x07, 0x73, 0x63, 0x61, 0x6C, 0x69, 0x6E, 0x67, 0x00,
    0x20, 0x77, 0x68, 0x65, 0x6E, 0x5F, 0x63, 0x61, 0x75, 0x73, 0x65, 0x64, 0x5F, 0x62, 0x79, 0x5F, 0x6C, 0x69, 0x76, 0x69,
    0x6E, 0x67, 0x5F, 0x6E, 0x6F, 0x6E, 0x5F, 0x70, 0x6C, 0x61, 0x79, 0x65, 0x72, 0x05, 0x00, 0x0A, 0x65, 0x78, 0x68, 0x61,
    0x75, 0x73, 0x74, 0x69, 0x6F, 0x6E, 0x3D, 0xCC, 0xCC, 0xCD, 0x08, 0x00, 0x0A, 0x6D, 0x65, 0x73, 0x73, 0x61, 0x67, 0x65,
    0x5F, 0x69, 0x64, 0x00, 0x09, 0x66, 0x69, 0x72, 0x65, 0x77, 0x6F, 0x72, 0x6B, 0x73, 0x00, 0x17, 0x6D, 0x69, 0x6E, 0x65,
    0x63, 0x72, 0x61, 0x66, 0x74, 0x3A, 0x66, 0x6C, 0x79, 0x5F, 0x69, 0x6E, 0x74, 0x6F, 0x5F, 0x77, 0x61, 0x6C, 0x6C, 0x01,
    0x0A, 0x08, 0x00, 0x07, 0x73, 0x63, 0x61, 0x6C, 0x69, 0x6E, 0x67, 0x00, 0x20, 0x77, 0x68, 0x65, 0x6E, 0x5F, 0x63, 0x61,
    0x75, 0x73, 0x65, 0x64, 0x5F, 0x62, 0x79, 0x5F, 0x6C, 0x69, 0x76, 0x69, 0x6E, 0x67, 0x5F, 0x6E, 0x6F, 0x6E, 0x5F, 0x70,
    0x6C, 0x61, 0x79, 0x65, 0x72, 0x05, 0x00, 0x0A, 0x65, 0x78, 0x68, 0x61, 0x75, 0x73, 0x74, 0x69, 0x6F, 0x6E, 0x00, 0x00,
    0x00, 0x00, 0x08, 0x00, 0x0A, 0x6D, 0x65, 0x73, 0x73, 0x61, 0x67, 0x65, 0x5F, 0x69, 0x64, 0x00, 0x0B, 0x66, 0x6C, 0x79,
    0x49, 0x6E, 0x74, 0x6F, 0x57, 0x61, 0x6C, 0x6C, 0x00, 0x10, 0x6D, 0x69, 0x6E, 0x65, 0x63, 0x72, 0x61, 0x66, 0x74, 0x3A,
    0x66, 0x72, 0x65, 0x65, 0x7A, 0x65, 0x01, 0x0A, 0x08, 0x00, 0x07, 0x73, 0x63, 0x61, 0x6C, 0x69, 0x6E, 0x67, 0x00, 0x20,
    0x77, 0x68, 0x65, 0x6E, 0x5F, 0x63, 0x61, 0x75, 0x73, 0x65, 0x64, 0x5F, 0x62, 0x79, 0x5F, 0x6C, 0x69, 0x76, 0x69, 0x6E,
    0x67, 0x5F, 0x6E, 0x6F, 0x6E, 0x5F, 0x70, 0x6C, 0x61, 0x79, 0x65, 0x72, 0x08, 0x00, 0x07, 0x65, 0x66, 0x66, 0x65, 0x63,
    0x74, 0x73, 0x00, 0x08, 0x66, 0x72, 0x65, 0x65, 0x7A, 0x69, 0x6E, 0x67, 0x05, 0x00, 0x0A, 0x65, 0x78, 0x68, 0x61, 0x75,
    0x73, 0x74, 0x69, 0x6F, 0x6E, 0x00, 0x00, 0x00, 0x00, 0x08, 0x00, 0x0A, 0x6D, 0x65, 0x73, 0x73, 0x61, 0x67, 0x65, 0x5F,
    0x69, 0x64, 0x00, 0x06, 0x66, 0x72, 0x65, 0x65, 0x7A, 0x65, 0x00, 0x11, 0x6D, 0x69, 0x6E, 0x65, 0x63, 0x72, 0x61, 0x66,
    0x74, 0x3A, 0x67, 0x65, 0x6E, 0x65, 0x72, 0x69, 0x63, 0x01, 0x0A, 0x08, 0x00, 0x07, 0x73, 0x63, 0x61, 0x6C, 0x69, 0x6E,
    0x67, 0x00, 0x20, 0x77, 0x68, 0x65, 0x6E, 0x5F, 0x63, 0x61, 0x75, 0x73, 0x65, 0x64, 0x5F, 0x62, 0x79, 0x5F, 0x6C, 0x69,
    0x76, 0x69, 0x6E, 0x67, 0x5F, 0x6E, 0x6F, 0x6E, 0x5F, 0x70, 0x6C, 0x61, 0x79, 0x65, 0x72, 0x05, 0x00, 0x0A, 0x65, 0x78,
    0x68, 0x61, 0x75, 0x73, 0x74, 0x69, 0x6F, 0x6E, 0x00, 0x00, 0x00, 0x00, 0x08, 0x00, 0x0A, 0x6D, 0x65, 0x73, 0x73, 0x61,
    0x67, 0x65, 0x5F, 0x69, 0x64, 0x00, 0x07, 0x67, 0x65, 0x6E, 0x65, 0x72, 0x69, 0x63, 0x00, 0x16, 0x6D, 0x69, 0x6E, 0x65,
    0x63, 0x72, 0x61, 0x66, 0x74, 0x3A, 0x67, 0x65, 0x6E, 0x65, 0x72, 0x69, 0x63, 0x5F, 0x6B, 0x69, 0x6C, 0x6C, 0x01, 0x0A,
    0x08, 0x00, 0x07, 0x73, 0x63, 0x61, 0x6C, 0x69, 0x6E, 0x67, 0x00, 0x20, 0x77, 0x68, 0x65, 0x6E, 0x5F, 0x63, 0x61, 0x75,
    0x73, 0x65, 0x64, 0x5F, 0x62, 0x79, 0x5F, 0x6C, 0x69, 0x76, 0x69, 0x6E, 0x67, 0x5F, 0x6E, 0x6F, 0x6E, 0x5F, 0x70, 0x6C,
    0x61, 0x79, 0x65, 0x72, 0x05, 0x00, 0x0A, 0x65, 0x78, 0x68, 0x61, 0x75, 0x73, 0x74, 0x69, 0x6F, 0x6E, 0x00, 0x00, 0x00,
    0x00, 0x08, 0x00, 0x0A, 0x6D, 0x65, 0x73, 0x73, 0x61, 0x67, 0x65, 0x5F, 0x69, 0x64, 0x00, 0x0B, 0x67, 0x65, 0x6E, 0x65,
    0x72, 0x69, 0x63, 0x4B, 0x69, 0x6C, 0x6C, 0x00, 0x13, 0x6D, 0x69, 0x6E, 0x65, 0x63, 0x72, 0x61, 0x66, 0x74, 0x3A, 0x68,
    0x6F, 0x74, 0x5F, 0x66, 0x6C, 0x6F, 0x6F, 0x72, 0x01, 0x0A, 0x08, 0x00, 0x07, 0x73, 0x63, 0x61, 0x6C, 0x69, 0x6E, 0x67,
    0x00, 0x20, 0x77, 0x68, 0x65, 0x6E, 0x5F, 0x63, 0x61, 0x75, 0x73, 0x65, 0x64, 0x5F, 0x62, 0x79, 0x5F, 0x6C, 0x69, 0x76,
    0x69, 0x6E, 0x67, 0x5F, 0x6E, 0x6F, 0x6E, 0x5F, 0x70, 0x6C, 0x61, 0x79, 0x65, 0x72, 0x08, 0x00, 0x07, 0x65, 0x66, 0x66,
    0x65, 0x63, 0x74, 0x73, 0x00, 0x07, 0x62, 0x75, 0x72, 0x6E, 0x69, 0x6E, 0x67, 0x05, 0x00, 0x0A, 0x65, 0x78, 0x68, 0x61,
    0x75, 0x73, 0x74, 0x69, 0x6F, 0x6E, 0x3D, 0xCC, 0xCC, 0xCD, 0x08, 0x00, 0x0A, 0x6D, 0x65, 0x73, 0x73, 0x61, 0x67, 0x65,
    0x5F, 0x69, 0x64, 0x00, 0x08, 0x68, 0x6F, 0x74, 0x46, 0x6C, 0x6F, 0x6F, 0x72, 0x00, 0x11, 0x6D, 0x69, 0x6E, 0x65, 0x63,
    0x72, 0x61, 0x66, 0x74, 0x3A, 0x69, 0x6E, 0x5F, 0x66, 0x69, 0x72, 0x65, 0x01, 0x0A, 0x08, 0x00, 0x07, 0x73, 0x63, 0x61,
    0x6C, 0x69, 0x6E, 0x67, 0x00, 0x20, 0x77, 0x68, 0x65, 0x6E, 0x5F, 0x63, 0x61, 0x75, 0x73, 0x65, 0x64, 0x5F, 0x62, 0x79,
    0x5F, 0x6C, 0x69, 0x76, 0x69, 0x6E, 0x67, 0x5F, 0x6E, 0x6F, 0x6E, 0x5F, 0x70, 0x6C, 0x61, 0x79, 0x65, 0x72, 0x08, 0x00,
    0x07, 0x65, 0x66, 0x66, 0x65, 0x63, 0x74, 0x73, 0x00, 0x07, 0x62, 0x75, 0x72, 0x6E, 0x69, 0x6E, 0x67, 0x05, 0x00, 0x0A,
    0x65, 0x78, 0x68, 0x61, 0x75, 0x73, 0x74, 0x69, 0x6F, 0x6E, 0x3D, 0xCC, 0xCC, 0xCD, 0x08, 0x00, 0x0A, 0x6D, 0x65, 0x73,
    0x73, 0x61, 0x67, 0x65, 0x5F, 0x69, 0x64, 0x00, 0x06, 0x69, 0x6E, 0x46, 0x69, 0x72, 0x65, 0x00, 0x11, 0x6D, 0x69, 0x6E,
    0x65, 0x63, 0x72, 0x61, 0x66, 0x74, 0x3A, 0x69, 0x6E, 0x5F, 0x77, 0x61, 0x6C, 0x6C, 0x01, 0x0A, 0x08, 0x00, 0x07, 0x73,
    0x63, 0x61, 0x6C, 0x69, 0x6E, 0x67, 0x00, 0x20, 0x77, 0x68, 0x65, 0x6E, 0x5F, 0x63, 0x61, 0x75, 0x73, 0x65, 0x64, 0x5F,
    0x62, 0x79, 0x5F, 0x6C, 0x69, 0x76, 0x69, 0x6E, 0x67, 0x5F, 0x6E, 0x6F, 0x6E, 0x5F, 0x70, 0x6C, 0x61, 0x79, 0x65, 0x72,
    0x05, 0x00, 0x0A, 0x65, 0x78, 0x68, 0x61, 0x75, 0x73, 0x74, 0x69, 0x6F, 0x6E, 0x00, 0x00, 0x00, 0x00, 0x08, 0x00, 0x0A,
    0x6D, 0x65, 0x73, 0x73, 0x61, 0x67, 0x65, 0x5F, 0x69, 0x64, 0x00, 0x06, 0x69, 0x6E, 0x57, 0x61, 0x6C, 0x6C, 0x00, 0x18,
    0x6D, 0x69, 0x6E, 0x65, 0x63, 0x72, 0x61, 0x66, 0x74, 0x3A, 0x69, 0x6E, 0x64, 0x69, 0x72, 0x65, 0x63, 0x74, 0x5F, 0x6D,
    0x61, 0x67, 0x69, 0x63, 0x01, 0x0A, 0x08, 0x00, 0x07, 0x73, 0x63, 0x61, 0x6C, 0x69, 0x6E, 0x67, 0x00, 0x20, 0x77, 0x68,
    0x65, 0x6E, 0x5F, 0x63, 0x61, 0x75, 0x73, 0x65, 0x64, 0x5F, 0x62, 0x79, 0x5F, 0x6C, 0x69, 0x76, 0x69, 0x6E, 0x67, 0x5F,
    0x6E, 0x6F, 0x6E, 0x5F, 0x70, 0x6C, 0x61, 0x79, 0x65, 0x72, 0x05, 0x00, 0x0A, 0x65, 0x78, 0x68, 0x61, 0x75, 0x73, 0x74,
    0x69, 0x6F, 0x6E, 0x00, 0x00, 0x00, 0x00, 0x08, 0x00, 0x0A, 0x6D, 0x65, 0x73, 0x73, 0x61, 0x67, 0x65, 0x5F, 0x69, 0x64,
    0x00, 0x0D, 0x69, 0x6E, 0x64, 0x69, 0x72, 0x65, 0x63, 0x74, 0x4D, 0x61, 0x67, 0x69, 0x63, 0x00, 0x0E, 0x6D, 0x69, 0x6E,
    0x65, 0x63, 0x72, 0x61, 0x66, 0x74, 0x3A, 0x6C, 0x61, 0x76, 0x61, 0x01, 0x0A, 0x08, 0x00, 0x07, 0x73, 0x63, 0x61, 0x6C,
    0x69, 0x6E, 0x67, 0x00, 0x20, 0x77, 0x68, 0x65, 0x6E, 0x5F, 0x63, 0x61, 0x75, 0x73, 0x65, 0x64, 0x5F, 0x62, 0x79, 0x5F,
    0x6C, 0x69, 0x76, 0x69, 0x6E, 0x67, 0x5F, 0x6E, 0x6F, 0x6E, 0x5F, 0x70, 0x6C, 0x61, 0x79, 0x65, 0x72, 0x08, 0x00, 0x07,
    0x65, 0x66, 0x66, 0x65, 0x63, 0x74, 0x73, 0x00, 0x07, 0x62, 0x75, 0x72, 0x6E, 0x69, 0x6E, 0x67, 0x05, 0x00, 0x0A, 0x65,
    0x78, 0x68, 0x61, 0x75, 0x73, 0x74, 0x69, 0x6F, 0x6E, 0x3D, 0xCC, 0xCC, 0xCD, 0x08, 0x00, 0x0A, 0x6D, 0x65, 0x73, 0x73,
    0x61, 0x67, 0x65, 0x5F, 0x69, 0x64, 0x00, 0x04, 0x6C, 0x61, 0x76, 0x61, 0x00, 0x18, 0x6D, 0x69, 0x6E, 0x65, 0x63, 0x72,
    0x61, 0x66, 0x74, 0x3A, 0x6C, 0x69, 0x67, 0x68, 0x74, 0x6E, 0x69, 0x6E, 0x67, 0x5F, 0x62, 0x6F, 0x6C, 0x74, 0x01, 0x0A,
    0x08, 0x00, 0x07, 0x73, 0x63, 0x61, 0x6C, 0x69, 0x6E, 0x67, 0x00, 0x20, 0x77, 0x68, 0x65, 0x6E, 0x5F, 0x63, 0x61, 0x75,
    0x73, 0x65, 0x64, 0x5F, 0x62, 0x79, 0x5F, 0x6C, 0x69, 0x76, 0x69, 0x6E, 0x67, 0x5F, 0x6E, 0x6F, 0x6E, 0x5F, 0x70, 0x6C,
    0x61, 0x79, 0x65, 0x72, 0x05, 0x00, 0x0A, 0x65, 0x78, 0x68, 0x61, 0x75, 0x73, 0x74, 0x69, 0x6F, 0x6E, 0x3D, 0xCC, 0xCC,
    0xCD, 0x08, 0x00, 0x0A, 0x6D, 0x65, 0x73, 0x73, 0x61, 0x67, 0x65, 0x5F, 0x69, 0x64, 0x00, 0x0D, 0x6C, 0x69, 0x67, 0x68,
    0x74, 0x6E, 0x69, 0x6E, 0x67, 0x42, 0x6F, 0x6C, 0x74, 0x00, 0x14, 0x6D, 0x69, 0x6E, 0x65, 0x63, 0x72, 0x61, 0x66, 0x74,
    0x3A, 0x6D, 0x61, 0x63, 0x65, 0x5F, 0x73, 0x6D, 0x61, 0x73, 0x68, 0x01, 0x0A, 0x08, 0x00, 0x07, 0x73, 0x63, 0x61, 0x6C,
    0x69, 0x6E, 0x67, 0x00, 0x20, 0x77, 0x68, 0x65, 0x6E, 0x5F, 0x63, 0x61, 0x75, 0x73, 0x65, 0x64, 0x5F, 0x62, 0x79, 0x5F,
    0x6C, 0x69, 0x76, 0x69, 0x6E, 0x67, 0x5F, 0x6E, 0x6F, 0x6E, 0x5F, 0x70, 0x6C, 0x61, 0x79, 0x65, 0x72, 0x05, 0x00, 0x0A,
    0x65, 0x78, 0x68, 0x61, 0x75, 0x73, 0x74, 0x69, 0x6F, 0x6E, 0x3D, 0xCC, 0xCC, 0xCD, 0x08, 0x00, 0x0A, 0x6D, 0x65, 0x73,
    0x73, 0x61, 0x67, 0x65, 0x5F, 0x69, 0x64, 0x00, 0x0A, 0x6D, 0x61, 0x63, 0x65, 0x5F, 0x73, 0x6D, 0x61, 0x73, 0x68, 0x00,
    0x0F, 0x6D, 0x69, 0x6E, 0x65, 0x63, 0x72, 0x61, 0x66, 0x74, 0x3A, 0x6D, 0x61, 0x67, 0x69, 0x63, 0x01, 0x0A, 0x08, 0x00,
    0x07, 0x73, 0x63, 0x61, 0x6C, 0x69, 0x6E, 0x67, 0x00, 0x20, 0x77, 0x68, 0x65, 0x6E, 0x5F, 0x63, 0x61, 0x75, 0x73, 0x65,
    0x64, 0x5F, 0x62, 0x79, 0x5F, 0x6C, 0x69, 0x76, 0x69, 0x6E, 0x67, 0x5F, 0x6E, 0x6F, 0x6E, 0x5F, 0x70, 0x6C, 0x61, 0x79,
    0x65, 0x72, 0x05, 0x00, 0x0A, 0x65, 0x78, 0x68, 0x61, 0x75, 0x73, 0x74, 0x69, 0x6F, 0x6E, 0x00, 0x00, 0x00, 0x00, 0x08,
    0x00, 0x0A, 0x6D, 0x65, 0x73, 0x73, 0x61, 0x67, 0x65, 0x5F, 0x69, 0x64, 0x00, 0x05, 0x6D, 0x61, 0x67, 0x69, 0x63, 0x00,
    0x14, 0x6D, 0x69, 0x6E, 0x65, 0x63, 0x72, 0x61, 0x66, 0x74, 0x3A, 0x6D, 0x6F, 0x62, 0x5F, 0x61, 0x74, 0x74, 0x61, 0x63,
    0x6B, 0x01, 0x0A, 0x08, 0x00, 0x07, 0x73, 0x63, 0x61, 0x6C, 0x69, 0x6E, 0x67, 0x00, 0x20, 0x77, 0x68, 0x65, 0x6E, 0x5F,
    0x63, 0x61, 0x75, 0x73, 0x65, 0x64, 0x5F, 0x62, 0x79, 0x5F, 0x6C, 0x69, 0x76, 0x69, 0x6E, 0x67, 0x5F, 0x6E, 0x6F, 0x6E,
    0x5F, 0x70, 0x6C, 0x61, 0x79, 0x65, 0x72, 0x05, 0x00, 0x0A, 0x65, 0x78, 0x68, 0x61, 0x75, 0x73, 0x74, 0x69, 0x6F, 0x6E,
    0x3D, 0xCC, 0xCC, 0xCD, 0x08, 0x00, 0x0A, 0x6D, 0x65, 0x73, 0x73, 0x61, 0x67, 0x65, 0x5F, 0x69, 0x64, 0x00, 0x03, 0x6D,
    0x6F, 0x62, 0x00, 0x1D, 0x6D, 0x69, 0x6E, 0x65, 0x63, 0x72, 0x61, 0x66, 0x74, 0x3A, 0x6D, 0x6F, 0x62, 0x5F, 0x61, 0x74,
    0x74, 0x61, 0x63, 0x6B, 0x5F, 0x6E, 0x6F, 0x5F, 0x61, 0x67, 0x67, 0x72, 0x6F, 0x01, 0x0A, 0x08, 0x00, 0x07, 0x73, 0x63,
    0x61, 0x6C, 0x69, 0x6E, 0x67, 0x00, 0x20, 0x77, 0x68, 0x65, 0x6E, 0x5F, 0x63, 0x61, 0x75, 0x73, 0x65, 0x64, 0x5F, 0x62,
    0x79, 0x5F, 0x6C, 0x69, 0x76, 0x69, 0x6E, 0x67, 0x5F, 0x6E, 0x6F, 0x6E, 0x5F, 0x70, 0x6C, 0x61, 0x79, 0x65, 0x72, 0x05,
    0x00, 0x0A, 0x65, 0x78, 0x68, 0x61, 0x75, 0x73, 0x74, 0x69, 0x6F, 0x6E, 0x3D, 0xCC, 0xCC, 0xCD, 0x08, 0x00, 0x0A, 0x6D,
    0x65, 0x73, 0x73, 0x61, 0x67, 0x65, 0x5F, 0x69, 0x64, 0x00, 0x03, 0x6D, 0x6F, 0x62, 0x00, 0x18, 0x6D, 0x69, 0x6E, 0x65,
    0x63, 0x72, 0x61, 0x66, 0x74, 0x3A, 0x6D, 0x6F, 0x62, 0x5F, 0x70, 0x72, 0x6F, 0x6A, 0x65, 0x63, 0x74, 0x69, 0x6C, 0x65,
    0x01, 0x0A, 0x08, 0x00, 0x07, 0x73, 0x63, 0x61, 0x6C, 0x69, 0x6E, 0x67, 0x00, 0x20, 0x77, 0x68, 0x65, 0x6E, 0x5F, 0x63,
    0x61, 0x75, 0x73, 0x65, 0x64, 0x5F, 0x62, 0x79, 0x5F, 0x6C, 0x69, 0x76, 0x69, 0x6E, 0x67, 0x5F, 0x6E, 0x6F, 0x6E, 0x5F,
    0x70, 0x6C, 0x61, 0x79, 0x65, 0x72, 0x05, 0x00, 0x0A, 0x65, 0x78, 0x68, 0x61, 0x75, 0x73, 0x74, 0x69, 0x6F, 0x6E, 0x3D,
    0xCC, 0xCC, 0xCD, 0x08, 0x00, 0x0A, 0x6D, 0x65, 0x73, 0x73, 0x61, 0x67, 0x65, 0x5F, 0x69, 0x64, 0x00, 0x03, 0x6D, 0x6F,
    0x62, 0x00, 0x11, 0x6D, 0x69, 0x6E, 0x65, 0x63, 0x72, 0x61, 0x66, 0x74, 0x3A, 0x6F, 0x6E, 0x5F, 0x66, 0x69, 0x72, 0x65,
    0x01, 0x0A, 0x08, 0x00, 0x07, 0x73, 0x63, 0x61, 0x6C, 0x69, 0x6E, 0x67, 0x00, 0x20, 0x77, 0x68, 0x65, 0x6E, 0x5F, 0x63,
    0x61, 0x75, 0x73, 0x65, 0x64, 0x5F, 0x62, 0x79, 0x5F, 0x6C, 0x69, 0x76, 0x69, 0x6E, 0x67, 0x5F, 0x6E, 0x6F, 0x6E, 0x5F,
    0x70, 0x6C, 0x61, 0x79, 0x65, 0x72, 0x08, 0x00, 0x07, 0x65, 0x66, 0x66, 0x65, 0x63, 0x74, 0x73, 0x00, 0x07, 0x62, 0x75,
    0x72, 0x6E, 0x69, 0x6E, 0x67, 0x05, 0x00, 0x0A, 0x65, 0x78, 0x68, 0x61, 0x75, 0x73, 0x74, 0x69, 0x6F, 0x6E, 0x00, 0x00,
    0x00, 0x00, 0x08, 0x00, 0x0A, 0x6D, 0x65, 0x73, 0x73, 0x61, 0x67, 0x65, 0x5F, 0x69, 0x64, 0x00, 0x06, 0x6F, 0x6E, 0x46,
    0x69, 0x72, 0x65, 0x00, 0x16, 0x6D, 0x69, 0x6E, 0x65, 0x63, 0x72, 0x61, 0x66, 0x74, 0x3A, 0x6F, 0x75, 0x74, 0x5F, 0x6F,
    0x66, 0x5F, 0x77, 0x6F, 0x72, 0x6C, 0x64, 0x01, 0x0A, 0x08, 0x00, 0x07, 0x73, 0x63, 0x61, 0x6C, 0x69, 0x6E, 0x67, 0x00,
    0x20, 0x77, 0x68, 0x65, 0x6E, 0x5F, 0x63, 0x61, 0x75, 0x73, 0x65, 0x64, 0x5F, 0x62, 0x79, 0x5F, 0x6C, 0x69, 0x76, 0x69,
    0x6E, 0x67, 0x5F, 0x6E, 0x6F, 0x6E, 0x5F, 0x70, 0x6C, 0x61, 0x79, 0x65, 0x72, 0x05, 0x00, 0x0A, 0x65, 0x78, 0x68, 0x61,
    0x75, 0x73, 0x74, 0x69, 0x6F, 0x6E, 0x00, 0x00, 0x00, 0x00, 0x08, 0x00, 0x0A, 0x6D, 0x65, 0x73, 0x73, 0x61, 0x67, 0x65,
    0x5F, 0x69, 0x64, 0x00, 0x0A, 0x6F, 0x75, 0x74, 0x4F, 0x66, 0x57, 0x6F, 0x72, 0x6C, 0x64, 0x00, 0x18, 0x6D, 0x69, 0x6E,
    0x65, 0x63, 0x72, 0x61, 0x66, 0x74, 0x3A, 0x6F, 0x75, 0x74, 0x73, 0x69, 0x64, 0x65, 0x5F, 0x62, 0x6F, 0x72, 0x64, 0x65,
    0x72, 0x01, 0x0A, 0x08, 0x00, 0x07, 0x73, 0x63, 0x61, 0x6C, 0x69, 0x6E, 0x67, 0x00, 0x20, 0x77, 0x68, 0x65, 0x6E, 0x5F,
    0x63, 0x61, 0x75, 0x73, 0x65, 0x64, 0x5F, 0x62, 0x79, 0x5F, 0x6C, 0x69, 0x76, 0x69, 0x6E, 0x67, 0x5F, 0x6E, 0x6F, 0x6E,
    0x5F, 0x70, 0x6C, 0x61, 0x79, 0x65, 0x72, 0x05, 0x00, 0x0A, 0x65, 0x78, 0x68, 0x61, 0x75, 0x73, 0x74, 0x69, 0x6F, 0x6E,
    0x00, 0x00, 0x00, 0x00, 0x08, 0x00, 0x0A, 0x6D, 0x65, 0x73, 0x73, 0x61, 0x67, 0x65, 0x5F, 0x69, 0x64, 0x00, 0x0D, 0x6F,
    0x75, 0x74, 0x73, 0x69, 0x64, 0x65, 0x42, 0x6F, 0x72, 0x64, 0x65, 0x72, 0x00, 0x17, 0x6D, 0x69, 0x6E, 0x65, 0x63, 0x72,
    0x61, 0x66, 0x74, 0x3A, 0x70, 0x6C, 0x61, 0x79, 0x65, 0x72, 0x5F, 0x61, 0x74, 0x74, 0x61, 0x63, 0x6B, 0x01, 0x0A, 0x08,
    0x00, 0x07, 0x73, 0x63, 0x61, 0x6C, 0x69, 0x6E, 0x67, 0x00, 0x20, 0x77, 0x68, 0x65, 0x6E, 0x5F, 0x63, 0x61, 0x75, 0x73,
    0x65, 0x64, 0x5F, 0x62, 0x79, 0x5F, 0x6C, 0x69, 0x76, 0x69, 0x6E, 0x67, 0x5F, 0x6E, 0x6F, 0x6E, 0x5F, 0x70, 0x6C, 0x61,
    0x79, 0x65, 0x72, 0x05, 0x00, 0x0A, 0x65, 0x78, 0x68, 0x61, 0x75, 0x73, 0x74, 0x69, 0x6F, 0x6E, 0x3D, 0xCC, 0xCC, 0xCD,
    0x08, 0x00, 0x0A, 0x6D, 0x65, 0x73, 0x73, 0x61, 0x67, 0x65, 0x5F, 0x69, 0x64, 0x00, 0x06, 0x70, 0x6C, 0x61, 0x79, 0x65,
    0x72, 0x00, 0x1A, 0x6D, 0x69, 0x6E, 0x65, 0x63, 0x72, 0x61, 0x66, 0x74, 0x3A, 0x70, 0x6C, 0x61, 0x79, 0x65, 0x72, 0x5F,
    0x65, 0x78, 0x70, 0x6C, 0x6F, 0x73, 0x69, 0x6F, 0x6E, 0x01, 0x0A, 0x08, 0x00, 0x07, 0x73, 0x63, 0x61, 0x6C, 0x69, 0x6E,
    0x67, 0x00, 0x06, 0x61, 0x6C, 0x77, 0x61, 0x79, 0x73, 0x05, 0x00, 0x0A, 0x65, 0x78, 0x68, 0x61, 0x75, 0x73, 0x74, 0x69,
    0x6F, 0x6E, 0x3D, 0xCC, 0xCC, 0xCD, 0x08, 0x00, 0x0A, 0x6D, 0x65, 0x73, 0x73, 0x61, 0x67, 0x65, 0x5F, 0x69, 0x64, 0x00,
    0x10, 0x65, 0x78, 0x70, 0x6C, 0x6F, 0x73, 0x69, 0x6F, 0x6E, 0x2E, 0x70, 0x6C, 0x61, 0x79, 0x65, 0x72, 0x00, 0x14, 0x6D,
    0x69, 0x6E, 0x65, 0x63, 0x72, 0x61, 0x66, 0x74, 0x3A, 0x73, 0x6F, 0x6E, 0x69, 0x63, 0x5F, 0x62, 0x6F, 0x6F, 0x6D, 0x01,
    0x0A, 0x08, 0x00, 0x07, 0x73, 0x63, 0x61, 0x6C, 0x69, 0x6E, 0x67, 0x00, 0x06, 0x61, 0x6C, 0x77, 0x61, 0x79, 0x73, 0x05,
    0x00, 0x0A, 0x65, 0x78, 0x68, 0x61, 0x75, 0x73, 0x74, 0x69, 0x6F, 0x6E, 0x00, 0x00, 0x00, 0x00, 0x08, 0x00, 0x0A, 0x6D,
    0x65, 0x73, 0x73, 0x61, 0x67, 0x65, 0x5F, 0x69, 0x64, 0x00, 0x0A, 0x73, 0x6F, 0x6E, 0x69, 0x63, 0x5F, 0x62, 0x6F, 0x6F,
    0x6D, 0x00, 0x0F, 0x6D, 0x69, 0x6E, 0x65, 0x63, 0x72, 0x61, 0x66, 0x74, 0x3A, 0x73, 0x70, 0x65, 0x61, 0x72, 0x01, 0x0A,
    0x08, 0x00, 0x07, 0x73, 0x63, 0x61, 0x6C, 0x69, 0x6E, 0x67, 0x00, 0x20, 0x77, 0x68, 0x65, 0x6E, 0x5F, 0x63, 0x61, 0x75,
    0x73, 0x65, 0x64, 0x5F, 0x62, 0x79, 0x5F, 0x6C, 0x69, 0x76, 0x69, 0x6E, 0x67, 0x5F, 0x6E, 0x6F, 0x6E, 0x5F, 0x70, 0x6C,
    0x61, 0x79, 0x65, 0x72, 0x05, 0x00, 0x0A, 0x65, 0x78, 0x68, 0x61, 0x75, 0x73, 0x74, 0x69, 0x6F, 0x6E, 0x3D, 0xCC, 0xCC,
    0xCD, 0x08, 0x00, 0x0A, 0x6D, 0x65, 0x73, 0x73, 0x61, 0x67, 0x65, 0x5F, 0x69, 0x64, 0x00, 0x05, 0x73, 0x70, 0x65, 0x61,
    0x72, 0x00, 0x0E, 0x6D, 0x69, 0x6E, 0x65, 0x63, 0x72, 0x61, 0x66, 0x74, 0x3A, 0x73, 0x70, 0x69, 0x74, 0x01, 0x0A, 0x08,
    0x00, 0x07, 0x73, 0x63, 0x61, 0x6C, 0x69, 0x6E, 0x67, 0x00, 0x20, 0x77, 0x68, 0x65, 0x6E, 0x5F, 0x63, 0x61, 0x75, 0x73,
    0x65, 0x64, 0x5F, 0x62, 0x79, 0x5F, 0x6C, 0x69, 0x76, 0x69, 0x6E, 0x67, 0x5F, 0x6E, 0x6F, 0x6E, 0x5F, 0x70, 0x6C, 0x61,
    0x79, 0x65, 0x72, 0x05, 0x00, 0x0A, 0x65, 0x78, 0x68, 0x61, 0x75, 0x73, 0x74, 0x69, 0x6F, 0x6E, 0x3D, 0xCC, 0xCC, 0xCD,
    0x08, 0x00, 0x0A, 0x6D, 0x65, 0x73, 0x73, 0x61, 0x67, 0x65, 0x5F, 0x69, 0x64, 0x00, 0x03, 0x6D, 0x6F, 0x62, 0x00, 0x14,
    0x6D, 0x69, 0x6E, 0x65, 0x63, 0x72, 0x61, 0x66, 0x74, 0x3A, 0x73, 0x74, 0x61, 0x6C, 0x61, 0x67, 0x6D, 0x69, 0x74, 0x65,
    0x01, 0x0A, 0x08, 0x00, 0x07, 0x73, 0x63, 0x61, 0x6C, 0x69, 0x6E, 0x67, 0x00, 0x20, 0x77, 0x68, 0x65, 0x6E, 0x5F, 0x63,
    0x61, 0x75, 0x73, 0x65, 0x64, 0x5F, 0x62, 0x79, 0x5F, 0x6C, 0x69, 0x76, 0x69, 0x6E, 0x67, 0x5F, 0x6E, 0x6F, 0x6E, 0x5F,
    0x70, 0x6C, 0x61, 0x79, 0x65, 0x72, 0x05, 0x00, 0x0A, 0x65, 0x78, 0x68, 0x61, 0x75, 0x73, 0x74, 0x69, 0x6F, 0x6E, 0x00,
    0x00, 0x00, 0x00, 0x08, 0x00, 0x0A, 0x6D, 0x65, 0x73, 0x73, 0x61, 0x67, 0x65, 0x5F, 0x69, 0x64, 0x00, 0x0A, 0x73, 0x74,
    0x61, 0x6C, 0x61, 0x67, 0x6D, 0x69, 0x74, 0x65, 0x00, 0x10, 0x6D, 0x69, 0x6E, 0x65, 0x63, 0x72, 0x61, 0x66, 0x74, 0x3A,
    0x73, 0x74, 0x61, 0x72, 0x76, 0x65, 0x01, 0x0A, 0x08, 0x00, 0x07, 0x73, 0x63, 0x61, 0x6C, 0x69, 0x6E, 0x67, 0x00, 0x20,
    0x77, 0x68, 0x65, 0x6E, 0x5F, 0x63, 0x61, 0x75, 0x73, 0x65, 0x64, 0x5F, 0x62, 0x79, 0x5F, 0x6C, 0x69, 0x76, 0x69, 0x6E,
    0x67, 0x5F, 0x6E, 0x6F, 0x6E, 0x5F, 0x70, 0x6C, 0x61, 0x79, 0x65, 0x72, 0x05, 0x00, 0x0A, 0x65, 0x78, 0x68, 0x61, 0x75,
    0x73, 0x74, 0x69, 0x6F, 0x6E, 0x00, 0x00, 0x00, 0x00, 0x08, 0x00, 0x0A, 0x6D, 0x65, 0x73, 0x73, 0x61, 0x67, 0x65, 0x5F,
    0x69, 0x64, 0x00, 0x06, 0x73, 0x74, 0x61, 0x72, 0x76, 0x65, 0x00, 0x0F, 0x6D, 0x69, 0x6E, 0x65, 0x63, 0x72, 0x61, 0x66,
    0x74, 0x3A, 0x73, 0x74, 0x69, 0x6E, 0x67, 0x01, 0x0A, 0x08, 0x00, 0x07, 0x73, 0x63, 0x61, 0x6C, 0x69, 0x6E, 0x67, 0x00,
    0x20, 0x77, 0x68, 0x65, 0x6E, 0x5F, 0x63, 0x61, 0x75, 0x73, 0x65, 0x64, 0x5F, 0x62, 0x79, 0x5F, 0x6C, 0x69, 0x76, 0x69,
    0x6E, 0x67, 0x5F, 0x6E, 0x6F, 0x6E, 0x5F, 0x70, 0x6C, 0x61, 0x79, 0x65, 0x72, 0x05, 0x00, 0x0A, 0x65, 0x78, 0x68, 0x61,
    0x75, 0x73, 0x74, 0x69, 0x6F, 0x6E, 0x3D, 0xCC, 0xCC, 0xCD, 0x08, 0x00, 0x0A, 0x6D, 0x65, 0x73, 0x73, 0x61, 0x67, 0x65,
    0x5F, 0x69, 0x64, 0x00, 0x05, 0x73, 0x74, 0x69, 0x6E, 0x67, 0x00, 0x19, 0x6D, 0x69, 0x6E, 0x65, 0x63, 0x72, 0x61, 0x66,
    0x74, 0x3A, 0x73, 0x75, 0x6C, 0x66, 0x75, 0x72, 0x5F, 0x63, 0x75, 0x62, 0x65, 0x5F, 0x68, 0x6F, 0x74, 0x01, 0x0A, 0x08,
    0x00, 0x07, 0x73, 0x63, 0x61, 0x6C, 0x69, 0x6E, 0x67, 0x00, 0x20, 0x77, 0x68, 0x65, 0x6E, 0x5F, 0x63, 0x61, 0x75, 0x73,
    0x65, 0x64, 0x5F, 0x62, 0x79, 0x5F, 0x6C, 0x69, 0x76, 0x69, 0x6E, 0x67, 0x5F, 0x6E, 0x6F, 0x6E, 0x5F, 0x70, 0x6C, 0x61,
    0x79, 0x65, 0x72, 0x08, 0x00, 0x07, 0x65, 0x66, 0x66, 0x65, 0x63, 0x74, 0x73, 0x00, 0x07, 0x62, 0x75, 0x72, 0x6E, 0x69,
    0x6E, 0x67, 0x05, 0x00, 0x0A, 0x65, 0x78, 0x68, 0x61, 0x75, 0x73, 0x74, 0x69, 0x6F, 0x6E, 0x3D, 0xCC, 0xCC, 0xCD, 0x08,
    0x00, 0x0A, 0x6D, 0x65, 0x73, 0x73, 0x61, 0x67, 0x65, 0x5F, 0x69, 0x64, 0x00, 0x0D, 0x73, 0x75, 0x6C, 0x66, 0x75, 0x72,
    0x43, 0x75, 0x62, 0x65, 0x48, 0x6F, 0x74, 0x00, 0x1A, 0x6D, 0x69, 0x6E, 0x65, 0x63, 0x72, 0x61, 0x66, 0x74, 0x3A, 0x73,
    0x77, 0x65, 0x65, 0x74, 0x5F, 0x62, 0x65, 0x72, 0x72, 0x79, 0x5F, 0x62, 0x75, 0x73, 0x68, 0x01, 0x0A, 0x08, 0x00, 0x07,
    0x73, 0x63, 0x61, 0x6C, 0x69, 0x6E, 0x67, 0x00, 0x20, 0x77, 0x68, 0x65, 0x6E, 0x5F, 0x63, 0x61, 0x75, 0x73, 0x65, 0x64,
    0x5F, 0x62, 0x79, 0x5F, 0x6C, 0x69, 0x76, 0x69, 0x6E, 0x67, 0x5F, 0x6E, 0x6F, 0x6E, 0x5F, 0x70, 0x6C, 0x61, 0x79, 0x65,
    0x72, 0x08, 0x00, 0x07, 0x65, 0x66, 0x66, 0x65, 0x63, 0x74, 0x73, 0x00, 0x06, 0x70, 0x6F, 0x6B, 0x69, 0x6E, 0x67, 0x05,
    0x00, 0x0A, 0x65, 0x78, 0x68, 0x61, 0x75, 0x73, 0x74, 0x69, 0x6F, 0x6E, 0x3D, 0xCC, 0xCC, 0xCD, 0x08, 0x00, 0x0A, 0x6D,
    0x65, 0x73, 0x73, 0x61, 0x67, 0x65, 0x5F, 0x69, 0x64, 0x00, 0x0E, 0x73, 0x77, 0x65, 0x65, 0x74, 0x42, 0x65, 0x72, 0x72,
    0x79, 0x42, 0x75, 0x73, 0x68, 0x00, 0x10, 0x6D, 0x69, 0x6E, 0x65, 0x63, 0x72, 0x61, 0x66, 0x74, 0x3A, 0x74, 0x68, 0x6F,
    0x72, 0x6E, 0x73, 0x01, 0x0A, 0x08, 0x00, 0x07, 0x73, 0x63, 0x61, 0x6C, 0x69, 0x6E, 0x67, 0x00, 0x20, 0x77, 0x68, 0x65,
    0x6E, 0x5F, 0x63, 0x61, 0x75, 0x73, 0x65, 0x64, 0x5F, 0x62, 0x79, 0x5F, 0x6C, 0x69, 0x76, 0x69, 0x6E, 0x67, 0x5F, 0x6E,
    0x6F, 0x6E, 0x5F, 0x70, 0x6C, 0x61, 0x79, 0x65, 0x72, 0x08, 0x00, 0x07, 0x65, 0x66, 0x66, 0x65, 0x63, 0x74, 0x73, 0x00,
    0x06, 0x74, 0x68, 0x6F, 0x72, 0x6E, 0x73, 0x05, 0x00, 0x0A, 0x65, 0x78, 0x68, 0x61, 0x75, 0x73, 0x74, 0x69, 0x6F, 0x6E,
    0x3D, 0xCC, 0xCC, 0xCD, 0x08, 0x00, 0x0A, 0x6D, 0x65, 0x73, 0x73, 0x61, 0x67, 0x65, 0x5F, 0x69, 0x64, 0x00, 0x06, 0x74,
    0x68, 0x6F, 0x72, 0x6E, 0x73, 0x00, 0x10, 0x6D, 0x69, 0x6E, 0x65, 0x63, 0x72, 0x61, 0x66, 0x74, 0x3A, 0x74, 0x68, 0x72,
    0x6F, 0x77, 0x6E, 0x01, 0x0A, 0x08, 0x00, 0x07, 0x73, 0x63, 0x61, 0x6C, 0x69, 0x6E, 0x67, 0x00, 0x20, 0x77, 0x68, 0x65,
    0x6E, 0x5F, 0x63, 0x61, 0x75, 0x73, 0x65, 0x64, 0x5F, 0x62, 0x79, 0x5F, 0x6C, 0x69, 0x76, 0x69, 0x6E, 0x67, 0x5F, 0x6E,
    0x6F, 0x6E, 0x5F, 0x70, 0x6C, 0x61, 0x79, 0x65, 0x72, 0x05, 0x00, 0x0A, 0x65, 0x78, 0x68, 0x61, 0x75, 0x73, 0x74, 0x69,
    0x6F, 0x6E, 0x3D, 0xCC, 0xCC, 0xCD, 0x08, 0x00, 0x0A, 0x6D, 0x65, 0x73, 0x73, 0x61, 0x67, 0x65, 0x5F, 0x69, 0x64, 0x00,
    0x06, 0x74, 0x68, 0x72, 0x6F, 0x77, 0x6E, 0x00, 0x11, 0x6D, 0x69, 0x6E, 0x65, 0x63, 0x72, 0x61, 0x66, 0x74, 0x3A, 0x74,
    0x72, 0x69, 0x64, 0x65, 0x6E, 0x74, 0x01, 0x0A, 0x08, 0x00, 0x07, 0x73, 0x63, 0x61, 0x6C, 0x69, 0x6E, 0x67, 0x00, 0x20,
    0x77, 0x68, 0x65, 0x6E, 0x5F, 0x63, 0x61, 0x75, 0x73, 0x65, 0x64, 0x5F, 0x62, 0x79, 0x5F, 0x6C, 0x69, 0x76, 0x69, 0x6E,
    0x67, 0x5F, 0x6E, 0x6F, 0x6E, 0x5F, 0x70, 0x6C, 0x61, 0x79, 0x65, 0x72, 0x05, 0x00, 0x0A, 0x65, 0x78, 0x68, 0x61, 0x75,
    0x73, 0x74, 0x69, 0x6F, 0x6E, 0x3D, 0xCC, 0xCC, 0xCD, 0x08, 0x00, 0x0A, 0x6D, 0x65, 0x73, 0x73, 0x61, 0x67, 0x65, 0x5F,
    0x69, 0x64, 0x00, 0x07, 0x74, 0x72, 0x69, 0x64, 0x65, 0x6E, 0x74, 0x00, 0x1F, 0x6D, 0x69, 0x6E, 0x65, 0x63, 0x72, 0x61,
    0x66, 0x74, 0x3A, 0x75, 0x6E, 0x61, 0x74, 0x74, 0x72, 0x69, 0x62, 0x75, 0x74, 0x65, 0x64, 0x5F, 0x66, 0x69, 0x72, 0x65,
    0x62, 0x61, 0x6C, 0x6C, 0x01, 0x0A, 0x08, 0x00, 0x07, 0x73, 0x63, 0x61, 0x6C, 0x69, 0x6E, 0x67, 0x00, 0x20, 0x77, 0x68,
    0x65, 0x6E, 0x5F, 0x63, 0x61, 0x75, 0x73, 0x65, 0x64, 0x5F, 0x62, 0x79, 0x5F, 0x6C, 0x69, 0x76, 0x69, 0x6E, 0x67, 0x5F,
    0x6E, 0x6F, 0x6E, 0x5F, 0x70, 0x6C, 0x61, 0x79, 0x65, 0x72, 0x08, 0x00, 0x07, 0x65, 0x66, 0x66, 0x65, 0x63, 0x74, 0x73,
    0x00, 0x07, 0x62, 0x75, 0x72, 0x6E, 0x69, 0x6E, 0x67, 0x05, 0x00, 0x0A, 0x65, 0x78, 0x68, 0x61, 0x75, 0x73, 0x74, 0x69,
    0x6F, 0x6E, 0x3D, 0xCC, 0xCC, 0xCD, 0x08, 0x00, 0x0A, 0x6D, 0x65, 0x73, 0x73, 0x61, 0x67, 0x65, 0x5F, 0x69, 0x64, 0x00,
    0x06, 0x6F, 0x6E, 0x46, 0x69, 0x72, 0x65, 0x00, 0x15, 0x6D, 0x69, 0x6E, 0x65, 0x63, 0x72, 0x61, 0x66, 0x74, 0x3A, 0x77,
    0x69, 0x6E, 0x64, 0x5F, 0x63, 0x68, 0x61, 0x72, 0x67, 0x65, 0x01, 0x0A, 0x08, 0x00, 0x07, 0x73, 0x63, 0x61, 0x6C, 0x69,
    0x6E, 0x67, 0x00, 0x20, 0x77, 0x68, 0x65, 0x6E, 0x5F, 0x63, 0x61, 0x75, 0x73, 0x65, 0x64, 0x5F, 0x62, 0x79, 0x5F, 0x6C,
    0x69, 0x76, 0x69, 0x6E, 0x67, 0x5F, 0x6E, 0x6F, 0x6E, 0x5F, 0x70, 0x6C, 0x61, 0x79, 0x65, 0x72, 0x05, 0x00, 0x0A, 0x65,
    0x78, 0x68, 0x61, 0x75, 0x73, 0x74, 0x69, 0x6F, 0x6E, 0x3D, 0xCC, 0xCC, 0xCD, 0x08, 0x00, 0x0A, 0x6D, 0x65, 0x73, 0x73,
    0x61, 0x67, 0x65, 0x5F, 0x69, 0x64, 0x00, 0x03, 0x6D, 0x6F, 0x62, 0x00, 0x10, 0x6D, 0x69, 0x6E, 0x65, 0x63, 0x72, 0x61,
    0x66, 0x74, 0x3A, 0x77, 0x69, 0x74, 0x68, 0x65, 0x72, 0x01, 0x0A, 0x08, 0x00, 0x07, 0x73, 0x63, 0x61, 0x6C, 0x69, 0x6E,
    0x67, 0x00, 0x20, 0x77, 0x68, 0x65, 0x6E, 0x5F, 0x63, 0x61, 0x75, 0x73, 0x65, 0x64, 0x5F, 0x62, 0x79, 0x5F, 0x6C, 0x69,
    0x76, 0x69, 0x6E, 0x67, 0x5F, 0x6E, 0x6F, 0x6E, 0x5F, 0x70, 0x6C, 0x61, 0x79, 0x65, 0x72, 0x05, 0x00, 0x0A, 0x65, 0x78,
    0x68, 0x61, 0x75, 0x73, 0x74, 0x69, 0x6F, 0x6E, 0x00, 0x00, 0x00, 0x00, 0x08, 0x00, 0x0A, 0x6D, 0x65, 0x73, 0x73, 0x61,
    0x67, 0x65, 0x5F, 0x69, 0x64, 0x00, 0x06, 0x77, 0x69, 0x74, 0x68, 0x65, 0x72, 0x00, 0x16, 0x6D, 0x69, 0x6E, 0x65, 0x63,
    0x72, 0x61, 0x66, 0x74, 0x3A, 0x77, 0x69, 0x74, 0x68, 0x65, 0x72, 0x5F, 0x73, 0x6B, 0x75, 0x6C, 0x6C, 0x01, 0x0A, 0x08,
    0x00, 0x07, 0x73, 0x63, 0x61, 0x6C, 0x69, 0x6E, 0x67, 0x00, 0x20, 0x77, 0x68, 0x65, 0x6E, 0x5F, 0x63, 0x61, 0x75, 0x73,
    0x65, 0x64, 0x5F, 0x62, 0x79, 0x5F, 0x6C, 0x69, 0x76, 0x69, 0x6E, 0x67, 0x5F, 0x6E, 0x6F, 0x6E, 0x5F, 0x70, 0x6C, 0x61,
    0x79, 0x65, 0x72, 0x05, 0x00, 0x0A, 0x65, 0x78, 0x68, 0x61, 0x75, 0x73, 0x74, 0x69, 0x6F, 0x6E, 0x3D, 0xCC, 0xCC, 0xCD,
    0x08, 0x00, 0x0A, 0x6D, 0x65, 0x73, 0x73, 0x61, 0x67, 0x65, 0x5F, 0x69, 0x64, 0x00, 0x0B, 0x77, 0x69, 0x74, 0x68, 0x65,
    0x72, 0x53, 0x6B, 0x75, 0x6C, 0x6C, 0x00
};

inline constexpr uint8_t config_packet_22[] = { 0xD2, 0x26, 0x07, 0x18, 0x6D, 0x69, 0x6E, 0x65, 0x63, 0x72, 0x61, 0x66, 0x74, 0x3A, 0x62, 0x61, 0x6E, 0x6E, 0x65, 0x72, 0x5F, 0x70, 0x61, 0x74, 0x74, 0x65, 0x72, 0x6E, 0x2B, 0x0E, 0x6D, 0x69, 0x6E, 0x65, 0x63, 0x72, 0x61, 0x66, 0x74, 0x3A, 0x62, 0x61, 0x73, 0x65, 0x01, 0x0A, 0x08, 0x00, 0x0F, 0x74, 0x72, 0x61, 0x6E, 0x73, 0x6C, 0x61, 0x74, 0x69, 0x6F, 0x6E, 0x5F, 0x6B, 0x65, 0x79, 0x00, 0x1B, 0x62, 0x6C, 0x6F, 0x63, 0x6B, 0x2E, 0x6D, 0x69, 0x6E, 0x65, 0x63, 0x72, 0x61, 0x66, 0x74, 0x2E, 0x62, 0x61, 0x6E, 0x6E, 0x65, 0x72, 0x2E, 0x62, 0x61, 0x73, 0x65, 0x08, 0x00, 0x08, 0x61, 0x73, 0x73, 0x65, 0x74, 0x5F, 0x69, 0x64, 0x00, 0x0E, 0x6D, 0x69, 0x6E, 0x65, 0x63, 0x72, 0x61, 0x66, 0x74, 0x3A, 0x62, 0x61, 0x73, 0x65, 0x00, 0x10, 0x6D, 0x69, 0x6E, 0x65, 0x63, 0x72, 0x61, 0x66, 0x74, 0x3A, 0x62, 0x6F, 0x72, 0x64, 0x65, 0x72, 0x01, 0x0A, 0x08, 0x00, 0x0F, 0x74, 0x72, 0x61, 0x6E, 0x73, 0x6C, 0x61, 0x74, 0x69, 0x6F, 0x6E, 0x5F, 0x6B, 0x65, 0x79, 0x00, 0x1D, 0x62, 0x6C, 0x6F, 0x63, 0x6B, 0x2E, 0x6D, 0x69, 0x6E, 0x65, 0x63, 0x72, 0x61, 0x66, 0x74, 0x2E, 0x62, 0x61, 0x6E, 0x6E, 0x65, 0x72, 0x2E, 0x62, 0x6F, 0x72, 0x64, 0x65, 0x72, 0x08, 0x00, 0x08, 0x61, 0x73, 0x73, 0x65, 0x74, 0x5F, 0x69, 0x64, 0x00, 0x10, 0x6D, 0x69, 0x6E, 0x65, 0x63, 0x72, 0x61, 0x66, 0x74, 0x3A, 0x62, 0x6F, 0x72, 0x64, 0x65, 0x72, 0x00, 0x10, 0x6D, 0x69, 0x6E, 0x65, 0x63, 0x72, 0x61, 0x66, 0x74, 0x3A, 0x62, 0x72, 0x69, 0x63, 0x6B, 0x73, 0x01, 0x0A, 0x08, 0x00, 0x0F, 0x74, 0x72, 0x61, 0x6E, 0x73, 0x6C, 0x61, 0x74, 0x69, 0x6F, 0x6E, 0x5F, 0x6B, 0x65, 0x79, 0x00, 0x1D, 0x62, 0x6C, 0x6F, 0x63, 0x6B, 0x2E, 0x6D, 0x69, 0x6E, 0x65, 0x63, 0x72, 0x61, 0x66, 0x74, 0x2E, 0x62, 0x61, 0x6E, 0x6E, 0x65, 0x72, 0x2E, 0x62, 0x72, 0x69, 0x63, 0x6B, 0x73, 0x08, 0x00, 0x08, 0x61, 0x73, 0x73, 0x65, 0x74, 0x5F, 0x69, 0x64, 0x00, 0x10, 0x6D, 0x69, 0x6E, 0x65, 0x63, 0x72, 0x61, 0x66, 0x74, 0x3A, 0x62, 0x72, 0x69, 0x63, 0x6B, 0x73, 0x00, 0x10, 0x6D, 0x69, 0x6E, 0x65, 0x63, 0x72, 0x61, 0x66, 0x74, 0x3A, 0x63, 0x69, 0x72, 0x63, 0x6C, 0x65, 0x01, 0x0A, 0x08, 0x00, 0x0F, 0x74, 0x72, 0x61, 0x6E, 0x73, 0x6C, 0x61, 0x74, 0x69, 0x6F, 0x6E, 0x5F, 0x6B, 0x65, 0x79, 0x00, 0x1D, 0x62, 0x6C, 0x6F, 0x63, 0x6B, 0x2E, 0x6D, 0x69, 0x6E, 0x65, 0x63, 0x72, 0x61, 0x66, 0x74, 0x2E, 0x62, 0x61, 0x6E, 0x6E, 0x65, 0x72, 0x2E, 0x63, 0x69, 0x72, 0x63, 0x6C, 0x65, 0x08, 0x00, 0x08, 0x61, 0x73, 0x73, 0x65, 0x74, 0x5F, 0x69, 0x64, 0x00, 0x10, 0x6D, 0x69, 0x6E, 0x65, 0x63, 0x72, 0x61, 0x66, 0x74, 0x3A, 0x63, 0x69, 0x72, 0x63, 0x6C, 0x65, 0x00, 0x11, 0x6D, 0x69, 0x6E, 0x65, 0x63, 0x72, 0x61, 0x66, 0x74, 0x3A, 0x63, 0x72, 0x65, 0x65, 0x70, 0x65, 0x72, 0x01, 0x0A, 0x08, 0x00, 0x0F, 0x74, 0x72, 0x61, 0x6E, 0x73, 0x6C, 0x61, 0x74, 0x69, 0x6F, 0x6E, 0x5F, 0x6B, 0x65, 0x79, 0x00, 0x1E, 0x62, 0x6C, 0x6F, 0x63, 0x6B, 0x2E, 0x6D, 0x69, 0x6E, 0x65, 0x63, 0x72, 0x61, 0x66, 0x74, 0x2E, 0x62, 0x61, 0x6E, 0x6E, 0x65, 0x72, 0x2E, 0x63, 0x72, 0x65, 0x65, 0x70, 0x65, 0x72, 0x08, 0x00, 0x08, 0x61, 0x73, 0x73, 0x65, 0x74, 0x5F, 0x69, 0x64, 0x00, 0x11, 0x6D, 0x69, 0x6E, 0x65, 0x63, 0x72, 0x61, 0x66, 0x74, 0x3A, 0x63, 0x72, 0x65, 0x65, 0x70, 0x65, 0x72, 0x00, 0x0F, 0x6D, 0x69, 0x6E, 0x65, 0x63, 0x72, 0x61, 0x66, 0x74, 0x3A, 0x63, 0x72, 0x6F, 0x73, 0x73, 0x01, 0x0A, 0x08, 0x00, 0x0F, 0x74, 0x72, 0x61, 0x6E, 0x73, 0x6C, 0x61, 0x74, 0x69, 0x6F, 0x6E, 0x5F, 0x6B, 0x65, 0x79, 0x00, 0x1C, 0x62, 0x6C, 0x6F, 0x63, 0x6B, 0x2E, 0x6D, 0x69, 0x6E, 0x65, 0x63, 0x72, 0x61, 0x66, 0x74, 0x2E, 0x62, 0x61, 0x6E, 0x6E, 0x65, 0x72, 0x2E, 0x63, 0x72, 0x6F, 0x73, 0x73, 0x08, 0x00, 0x08, 0x61, 0x73, 0x73, 0x65, 0x74, 0x5F, 0x69, 0x64, 0x00, 0x0F, 0x6D, 0x69, 0x6E, 0x65, 0x63, 0x72, 0x61, 0x66, 0x74, 0x3A, 0x63, 0x72, 0x6F, 0x73, 0x73, 0x00, 0x16, 0x6D, 0x69, 0x6E, 0x65, 0x63, 0x72, 0x61, 0x66, 0x74, 0x3A, 0x63, 0x75, 0x72, 0x6C, 0x79, 0x5F, 0x62, 0x6F, 0x72, 0x64, 0x65, 0x72, 0x01, 0x0A, 0x08, 0x00, 0x0F, 0x74, 0x72, 0x61, 0x6E, 0x73, 0x6C, 0x61, 0x74, 0x69, 0x6F, 0x6E, 0x5F, 0x6B, 0x65, 0x79, 0x00, 0x23, 0x62, 0x6C, 0x6F, 0x63, 0x6B, 0x2E, 0x6D, 0x69, 0x6E, 0x65, 0x63, 0x72, 0x61, 0x66, 0x74, 0x2E, 0x62, 0x61, 0x6E, 0x6E, 0x65, 0x72, 0x2E, 0x63, 0x75, 0x72, 0x6C, 0x79, 0x5F, 0x62, 0x6F, 0x72, 0x64, 0x65, 0x72, 0x08, 0x00, 0x08, 0x61, 0x73, 0x73, 0x65, 0x74, 0x5F, 0x69, 0x64, 0x00, 0x16, 0x6D, 0x69, 0x6E, 0x65, 0x63, 0x72, 0x61, 0x66, 0x74, 0x3A, 0x63, 0x75, 0x72, 0x6C, 0x79, 0x5F, 0x62, 0x6F, 0x72, 0x64, 0x65, 0x72, 0x00, 0x17, 0x6D, 0x69, 0x6E, 0x65, 0x63, 0x72, 0x61, 0x66, 0x74, 0x3A, 0x64, 0x69, 0x61, 0x67, 0x6F, 0x6E, 0x61, 0x6C, 0x5F, 0x6C, 0x65, 0x66, 0x74, 0x01, 0x0A, 0x08, 0x00, 0x0F, 0x74, 0x72, 0x61, 0x6E, 0x73, 0x6C, 0x61, 0x74, 0x69, 0x6F, 0x6E, 0x5F, 0x6B, 0x65, 0x79, 0x00, 0x24, 0x62, 0x6C, 0x6F, 0x63, 0x6B, 0x2E, 0x6D, 0x69, 0x6E, 0x65, 0x63, 0x72, 0x61, 0x66, 0x74, 0x2E, 0x62, 0x61, 0x6E, 0x6E, 0x65, 0x72, 0x2E, 0x64, 0x69, 0x61, 0x67, 0x6F, 0x6E, 0x61, 0x6C, 0x5F, 0x6C, 0x65, 0x66, 0x74, 0x08, 0x00, 0x08, 0x61, 0x73, 0x73, 0x65, 0x74, 0x5F, 0x69, 0x64, 0x00, 0x17, 0x6D, 0x69, 0x6E, 0x65, 0x63, 0x72, 0x61, 0x66, 0x74, 0x3A, 0x64, 0x69, 0x61, 0x67, 0x6F, 0x6E, 0x61, 0x6C, 0x5F, 0x6C, 0x65, 0x66, 0x74, 0x00, 0x18, 0x6D, 0x69, 0x6E, 0x65, 0x63, 0x72, 0x61, 0x66, 0x74, 0x3A, 0x64, 0x69, 0x61, 0x67, 0x6F, 0x6E, 0x61, 0x6C, 0x5F, 0x72, 0x69, 0x67, 0x68, 0x74, 0x01, 0x0A, 0x08, 0x00, 0x0F, 0x74, 0x72, 0x61, 0x6E, 0x73, 0x6C, 0x61, 0x74, 0x69, 0x6F, 0x6E, 0x5F, 0x6B, 0x65, 0x79, 0x00, 0x25, 0x62, 0x6C, 0x6F, 0x63, 0x6B, 0x2E, 0x6D, 0x69, 0x6E, 0x65, 0x63, 0x72, 0x61, 0x66, 0x74, 0x2E, 0x62, 0x61, 0x6E, 0x6E, 0x65, 0x72, 0x2E, 0x64, 0x69, 0x61, 0x67, 0x6F, 0x6E, 0x61, 0x6C, 0x5F, 0x72, 0x69, 0x67, 0x68, 0x74, 0x08, 0x00, 0x08, 0x61, 0x73, 0x73, 0x65, 0x74, 0x5F, 0x69, 0x64, 0x00, 0x18, 0x6D, 0x69, 0x6E, 0x65, 0x63, 0x72, 0x61, 0x66, 0x74, 0x3A, 0x64, 0x69, 0x61, 0x67, 0x6F, 0x6E, 0x61, 0x6C, 0x5F, 0x72, 0x69, 0x67, 0x68, 0x74, 0x00, 0x1A, 0x6D, 0x69, 0x6E, 0x65, 0x63, 0x72, 0x61, 0x66, 0x74, 0x3A, 0x64, 0x69, 0x61, 0x67, 0x6F, 0x6E, 0x61, 0x6C, 0x5F, 0x75, 0x70, 0x5F, 0x6C, 0x65, 0x66, 0x74, 0x01, 0x0A, 0x08, 0x00, 0x0F, 0x74, 0x72, 0x61, 0x6E, 0x73, 0x6C, 0x61, 0x74, 0x69, 0x6F, 0x6E, 0x5F, 0x6B, 0x65, 0x79, 0x00, 0x27, 0x62, 0x6C, 0x6F, 0x63, 0x6B, 0x2E, 0x6D, 0x69, 0x6E, 0x65, 0x63, 0x72, 0x61, 0x66, 0x74, 0x2E, 0x62, 0x61, 0x6E, 0x6E, 0x65, 0x72, 0x2E, 0x64, 0x69, 0x61, 0x67, 0x6F, 0x6E, 0x61, 0x6C, 0x5F, 0x75, 0x70, 0x5F, 0x6C, 0x65, 0x66, 0x74, 0x08, 0x00, 0x08, 0x61, 0x73, 0x73, 0x65, 0x74, 0x5F, 0x69, 0x64, 0x00, 0x1A, 0x6D, 0x69, 0x6E, 0x65, 0x63, 0x72, 0x61, 0x66, 0x74, 0x3A, 0x64, 0x69, 0x61, 0x67, 0x6F, 0x6E, 0x61, 0x6C, 0x5F, 0x75, 0x70, 0x5F, 0x6C, 0x65, 0x66, 0x74, 0x00, 0x1B, 0x6D, 0x69, 0x6E, 0x65, 0x63, 0x72, 0x61, 0x66, 0x74, 0x3A, 0x64, 0x69, 0x61, 0x67, 0x6F, 0x6E, 0x61, 0x6C, 0x5F, 0x75, 0x70, 0x5F, 0x72, 0x69, 0x67, 0x68, 0x74, 0x01, 0x0A, 0x08, 0x00, 0x0F, 0x74, 0x72, 0x61, 0x6E, 0x73, 0x6C, 0x61, 0x74, 0x69, 0x6F, 0x6E, 0x5F, 0x6B, 0x65, 0x79, 0x00, 0x28, 0x62, 0x6C, 0x6F, 0x63, 0x6B, 0x2E, 0x6D, 0x69, 0x6E, 0x65, 0x63, 0x72, 0x61, 0x66, 0x74, 0x2E, 0x62, 0x61, 0x6E, 0x6E, 0x65, 0x72, 0x2E, 0x64, 0x69, 0x61, 0x67, 0x6F, 0x6E, 0x61, 0x6C, 0x5F, 0x75, 0x70, 0x5F, 0x72, 0x69, 0x67, 0x68, 0x74, 0x08, 0x00, 0x08, 0x61, 0x73, 0x73, 0x65, 0x74, 0x5F, 0x69, 0x64, 0x00, 0x1B, 0x6D, 0x69, 0x6E, 0x65, 0x63, 0x72, 0x61, 0x66, 0x74, 0x3A, 0x64, 0x69, 0x61, 0x67, 0x6F, 0x6E, 0x61, 0x6C, 0x5F, 0x75, 0x70, 0x5F, 0x72, 0x69, 0x67, 0x68, 0x74, 0x00, 0x0E, 0x6D, 0x69, 0x6E, 0x65, 0x63, 0x72, 0x61, 0x66, 0x74, 0x3A, 0x66, 0x6C, 0x6F, 0x77, 0x01, 0x0A, 0x08, 0x00, 0x0F, 0x74, 0x72, 0x61, 0x6E, 0x73, 0x6C, 0x61, 0x74, 0x69, 0x6F, 0x6E, 0x5F, 0x6B, 0x65, 0x79, 0x00, 0x1B, 0x62, 0x6C, 0x6F, 0x63, 0x6B, 0x2E, 0x6D, 0x69, 0x6E, 0x65, 0x63, 0x72, 0x61, 0x66, 0x74, 0x2E, 0x62, 0x61, 0x6E, 0x6E, 0x65, 0x72, 0x2E, 0x66, 0x6C, 0x6F, 0x77, 0x08, 0x00, 0x08, 0x61, 0x73, 0x73, 0x65, 0x74, 0x5F, 0x69, 0x64, 0x00, 0x0E, 0x6D, 0x69, 0x6E, 0x65, 0x63, 0x72, 0x61, 0x66, 0x74, 0x3A, 0x66, 0x6C, 0x6F, 0x77, 0x00, 0x10, 0x6D, 0x69, 0x6E, 0x65, 0x63, 0x72, 0x61, 0x66, 0x74, 0x3A, 0x66, 0x6C, 0x6F, 0x77, 0x65, 0x72, 0x01, 0x0A, 0x08, 0x00, 0x0F, 0x74, 0x72, 0x61, 0x6E, 0x73, 0x6C, 0x61, 0x74, 0x69, 0x6F, 0x6E, 0x5F, 0x6B, 0x65, 0x79, 0x00, 0x1D, 0x62, 0x6C, 0x6F, 0x63, 0x6B, 0x2E, 0x6D, 0x69, 0x6E, 0x65, 0x63, 0x72, 0x61, 0x66, 0x74, 0x2E, 0x62, 0x61, 0x6E, 0x6E, 0x65, 0x72, 0x2E, 0x66, 0x6C, 0x6F, 0x77, 0x65, 0x72, 0x08, 0x00, 0x08, 0x61, 0x73, 0x73, 0x65, 0x74, 0x5F, 0x69, 0x64, 0x00, 0x10, 0x6D, 0x69, 0x6E, 0x65, 0x63, 0x72, 0x61, 0x66, 0x74, 0x3A, 0x66, 0x6C, 0x6F, 0x77, 0x65, 0x72, 0x00, 0x0F, 0x6D, 0x69, 0x6E, 0x65, 0x63, 0x72, 0x61, 0x66, 0x74, 0x3A, 0x67, 0x6C, 0x6F, 0x62, 0x65, 0x01, 0x0A, 0x08, 0x00, 0x0F, 0x74, 0x72, 0x61, 0x6E, 0x73, 0x6C, 0x61, 0x74, 0x69, 0x6F, 0x6E, 0x5F, 0x6B, 0x65, 0x79, 0x00, 0x1C, 0x62, 0x6C, 0x6F, 0x63, 0x6B, 0x2E, 0x6D, 0x69, 0x6E, 0x65, 0x63, 0x72, 0x61, 0x66, 0x74, 0x2E, 0x62, 0x61, 0x6E, 0x6E, 0x65, 0x72, 0x2E, 0x67, 0x6C, 0x6F, 0x62, 0x65, 0x08, 0x00, 0x08, 0x61, 0x73, 0x73, 0x65, 0x74, 0x5F, 0x69, 0x64, 0x00, 0x0F, 0x6D, 0x69, 0x6E, 0x65, 0x63, 0x72, 0x61, 0x66, 0x74, 0x3A, 0x67, 0x6C, 0x6F, 0x62, 0x65, 0x00, 0x12, 0x6D, 0x69, 0x6E, 0x65, 0x63, 0x72, 0x61, 0x66, 0x74, 0x3A, 0x67, 0x72, 0x61, 0x64, 0x69, 0x65, 0x6E, 0x74, 0x01, 0x0A, 0x08, 0x00, 0x0F, 0x74, 0x72, 0x61, 0x6E, 0x73, 0x6C, 0x61, 0x74, 0x69, 0x6F, 0x6E, 0x5F, 0x6B, 0x65, 0x79, 0x00, 0x1F, 0x62, 0x6C, 0x6F, 0x63, 0x6B, 0x2E, 0x6D, 0x69, 0x6E, 0x65, 0x63, 0x72, 0x61, 0x66, 0x74, 0x2E, 0x62, 0x61, 0x6E, 0x6E, 0x65, 0x72, 0x2E, 0x67, 0x72, 0x61, 0x64, 0x69, 0x65, 0x6E, 0x74, 0x08, 0x00, 0x08, 0x61, 0x73, 0x73, 0x65, 0x74, 0x5F, 0x69, 0x64, 0x00, 0x12, 0x6D, 0x69, 0x6E, 0x65, 0x63, 0x72, 0x61, 0x66, 0x74, 0x3A, 0x67, 0x72, 0x61, 0x64, 0x69, 0x65, 0x6E, 0x74, 0x00, 0x15, 0x6D, 0x69, 0x6E, 0x65, 0x63, 0x72, 0x61, 0x66, 0x74, 0x3A, 0x67, 0x72, 0x61, 0x64, 0x69, 0x65, 0x6E, 0x74, 0x5F, 0x75, 0x70, 0x01, 0x0A, 0x08, 0x00, 0x0F, 0x74, 0x72, 0x61, 0x6E, 0x73, 0x6C, 0x61, 0x74, 0x69, 0x6F, 0x6E, 0x5F, 0x6B, 0x65, 0x79, 0x00, 0x22, 0x62, 0x6C, 0x6F, 0x63, 0x6B, 0x2E, 0x6D, 0x69, 0x6E, 0x65, 0x63, 0x72, 0x61, 0x66, 0x74, 0x2E, 0x62, 0x61, 0x6E, 0x6E, 0x65, 0x72, 0x2E, 0x67, 0x72, 0x61, 0x64, 0x69, 0x65, 0x6E, 0x74, 0x5F, 0x75, 0x70, 0x08, 0x00, 0x08, 0x61, 0x73, 0x73, 0x65, 0x74, 0x5F, 0x69, 0x64, 0x00, 0x15, 0x6D, 0x69, 0x6E, 0x65, 0x63, 0x72, 0x61, 0x66, 0x74, 0x3A, 0x67, 0x72, 0x61, 0x64, 0x69, 0x65, 0x6E, 0x74, 0x5F, 0x75, 0x70, 0x00, 0x10, 0x6D, 0x69, 0x6E, 0x65, 0x63, 0x72, 0x61, 0x66, 0x74, 0x3A, 0x67, 0x75, 0x73, 0x74, 0x65, 0x72, 0x01, 0x0A, 0x08, 0x00, 0x0F, 0x74, 0x72, 0x61, 0x6E, 0x73, 0x6C, 0x61, 0x74, 0x69, 0x6F, 0x6E, 0x5F, 0x6B, 0x65, 0x79, 0x00, 0x1D, 0x62, 0x6C, 0x6F, 0x63, 0x6B, 0x2E, 0x6D, 0x69, 0x6E, 0x65, 0x63, 0x72, 0x61, 0x66, 0x74, 0x2E, 0x62, 0x61, 0x6E, 0x6E, 0x65, 0x72, 0x2E, 0x67, 0x75, 0x73, 0x74, 0x65, 0x72, 0x08, 0x00, 0x08, 0x61, 0x73, 0x73, 0x65, 0x74, 0x5F, 0x69, 0x64, 0x00, 0x10, 0x6D, 0x69, 0x6E, 0x65, 0x63, 0x72, 0x61, 0x66, 0x74, 0x3A, 0x67, 0x75, 0x73, 0x74, 0x65, 0x72, 0x00, 0x19, 0x6D, 0x69, 0x6E, 0x65, 0x63, 0x72, 0x61, 0x66, 0x74, 0x3A, 0x68, 0x61, 0x6C, 0x66, 0x5F, 0x68, 0x6F, 0x72, 0x69, 0x7A, 0x6F, 0x6E, 0x74, 0x61, 0x6C, 0x01, 0x0A, 0x08, 0x00, 0x0F, 0x74, 0x72, 0x61, 0x6E, 0x73, 0x6C, 0x61, 0x74, 0x69, 0x6F, 0x6E, 0x5F, 0x6B, 0x65, 0x79, 0x00, 0x26, 0x62, 0x6C, 0x6F, 0x63, 0x6B, 0x2E, 0x6D, 0x69, 0x6E, 0x65, 0x63, 0x72, 0x61, 0x66, 0x74, 0x2E, 0x62, 0x61, 0x6E, 0x6E, 0x65, 0x72, 0x2E, 0x68, 0x61, 0x6C, 0x66, 0x5F, 0x68, 0x6F, 0x72, 0x69, 0x7A, 0x6F, 0x6E, 0x74, 0x61, 0x6C, 0x08, 0x00, 0x08, 0x61, 0x73, 0x73, 0x65, 0x74, 0x5F, 0x69, 0x64, 0x00, 0x19, 0x6D, 0x69, 0x6E, 0x65, 0x63, 0x72, 0x61, 0x66, 0x74, 0x3A, 0x68, 0x61, 0x6C, 0x66, 0x5F, 0x68, 0x6F, 0x72, 0x69, 0x7A, 0x6F, 0x6E, 0x74, 0x61, 0x6C, 0x00, 0x20, 0x6D, 0x69, 0x6E, 0x65, 0x63, 0x72, 0x61, 0x66, 0x74, 0x3A, 0x68, 0x61, 0x6C, 0x66, 0x5F, 0x68, 0x6F, 0x72, 0x69, 0x7A, 0x6F, 0x6E, 0x74, 0x61, 0x6C, 0x5F, 0x62, 0x6F, 0x74, 0x74, 0x6F, 0x6D, 0x01, 0x0A, 0x08, 0x00, 0x0F, 0x74, 0x72, 0x61, 0x6E, 0x73, 0x6C, 0x61, 0x74, 0x69, 0x6F, 0x6E, 0x5F, 0x6B, 0x65, 0x79, 0x00, 0x2D, 0x62, 0x6C, 0x6F, 0x63, 0x6B, 0x2E, 0x6D, 0x69, 0x6E, 0x65, 0x63, 0x72, 0x61, 0x66, 0x74, 0x2E, 0x62, 0x61, 0x6E, 0x6E, 0x65, 0x72, 0x2E, 0x68, 0x61, 0x6C, 0x66, 0x5F, 0x68, 0x6F, 0x72, 0x69, 0x7A, 0x6F, 0x6E, 0x74, 0x61, 0x6C, 0x5F, 0x62, 0x6F, 0x74, 0x74, 0x6F, 0x6D, 0x08, 0x00, 0x08, 0x61, 0x73, 0x73, 0x65, 0x74, 0x5F, 0x69, 0x64, 0x00, 0x20, 0x6D, 0x69, 0x6E, 0x65, 0x63, 0x72, 0x61, 0x66, 0x74, 0x3A, 0x68, 0x61, 0x6C, 0x66, 0x5F, 0x68, 0x6F, 0x72, 0x69, 0x7A, 0x6F, 0x6E, 0x74, 0x61, 0x6C, 0x5F, 0x62, 0x6F, 0x74, 0x74, 0x6F, 0x6D, 0x00, 0x17, 0x6D, 0x69, 0x6E, 0x65, 0x63, 0x72, 0x61, 0x66, 0x74, 0x3A, 0x68, 0x61, 0x6C, 0x66, 0x5F, 0x76, 0x65, 0x72, 0x74, 0x69, 0x63, 0x61, 0x6C, 0x01, 0x0A, 0x08, 0x00, 0x0F, 0x74, 0x72, 0x61, 0x6E, 0x73, 0x6C, 0x61, 0x74, 0x69, 0x6F, 0x6E, 0x5F, 0x6B, 0x65, 0x79, 0x00, 0x24, 0x62, 0x6C, 0x6F, 0x63, 0x6B, 0x2E, 0x6D, 0x69, 0x6E, 0x65, 0x63, 0x72, 0x61, 0x66, 0x74, 0x2E, 0x62, 0x61, 0x6E, 0x6E, 0x65, 0x72, 0x2E, 0x68, 0x61, 0x6C, 0x66, 0x5F, 0x76, 0x65, 0x72, 0x74, 0x69, 0x63, 0x61, 0x6C, 0x08, 0x00, 0x08, 0x61, 0x73, 0x73, 0x65, 0x74, 0x5F, 0x69, 0x64, 0x00, 0x17, 0x6D, 0x69, 0x6E, 0x65, 0x63, 0x72, 0x61, 0x66, 0x74, 0x3A, 0x68, 0x61, 0x6C, 0x66, 0x5F, 0x76, 0x65, 0x72, 0x74, 0x69, 0x63, 0x61, 0x6C, 0x00, 0x1D, 0x6D, 0x69, 0x6E, 0x65, 0x63, 0x72, 0x61, 0x66, 0x74, 0x3A, 0x68, 0x61, 0x6C, 0x66, 0x5F, 0x76, 0x65, 0x72, 0x74, 0x69, 0x63, 0x61, 0x6C, 0x5F, 0x72, 0x69, 0x67, 0x68, 0x74, 0x01, 0x0A, 0x08, 0x00, 0x0F, 0x74, 0x72, 0x61, 0x6E, 0x73, 0x6C, 0x61, 0x74, 0x69, 0x6F, 0x6E, 0x5F, 0x6B, 0x65, 0x79, 0x00, 0x2A, 0x62, 0x6C, 0x6F, 0x63, 0x6B, 0x2E, 0x6D, 0x69, 0x6E, 0x65, 0x63, 0x72, 0x61, 0x66, 0x74, 0x2E, 0x62, 0x61, 0x6E, 0x6E, 0x65, 0x72, 0x2E, 0x68, 0x61, 0x6C, 0x66, 0x5F, 0x76, 0x65, 0x72, 0x74, 0x69, 0x63, 0x61, 0x6C, 0x5F, 0x72, 0x69, 0x67, 0x68, 0x74, 0x08, 0x00, 0x08, 0x61, 0x73, 0x73, 0x65, 0x74, 0x5F, 0x69, 0x64, 0x00, 0x1D, 0x6D, 0x69, 0x6E, 0x65, 0x63, 0x72, 0x61, 0x66, 0x74, 0x3A, 0x68, 0x61, 0x6C, 0x66, 0x5F, 0x76, 0x65, 0x72, 0x74, 0x69, 0x63, 0x61, 0x6C, 0x5F, 0x72, 0x69, 0x67, 0x68, 0x74, 0x00, 0x10, 0x6D, 0x69, 0x6E, 0x65, 0x63, 0x72, 0x61, 0x66, 0x74, 0x3A, 0x6D, 0x6F, 0x6A, 0x61, 0x6E, 0x67, 0x01, 0x0A, 0x08, 0x00, 0x0F, 0x74, 0x72, 0x61, 0x6E, 0x73, 0x6C, 0x61, 0x74, 0x69, 0x6F, 0x6E, 0x5F, 0x6B, 0x65, 0x79, 0x00, 0x1D, 0x62, 0x6C, 0x6F, 0x63, 0x6B, 0x2E, 0x6D, 0x69, 0x6E, 0x65, 0x63, 0x72, 0x61, 0x66, 0x74, 0x2E, 0x62, 0x61, 0x6E, 0x6E, 0x65, 0x72, 0x2E, 0x6D, 0x6F, 0x6A, 0x61, 0x6E, 0x67, 0x08, 0x00, 0x08, 0x61, 0x73, 0x73, 0x65, 0x74, 0x5F, 0x69, 0x64, 0x00, 0x10, 0x6D, 0x69, 0x6E, 0x65, 0x63, 0x72, 0x61, 0x66, 0x74, 0x3A, 0x6D, 0x6F, 0x6A, 0x61, 0x6E, 0x67, 0x00, 0x10, 0x6D, 0x69, 0x6E, 0x65, 0x63, 0x72, 0x61, 0x66, 0x74, 0x3A, 0x70, 0x69, 0x67, 0x6C, 0x69, 0x6E, 0x01, 0x0A, 0x08, 0x00, 0x0F, 0x74, 0x72, 0x61, 0x6E, 0x73, 0x6C, 0x61, 0x74, 0x69, 0x6F, 0x6E, 0x5F, 0x6B, 0x65, 0x79, 0x00, 0x1D, 0x62, 0x6C, 0x6F, 0x63, 0x6B, 0x2E, 0x6D, 0x69, 0x6E, 0x65, 0x63, 0x72, 0x61, 0x66, 0x74, 0x2E, 0x62, 0x61, 0x6E, 0x6E, 0x65, 0x72, 0x2E, 0x70, 0x69, 0x67, 0x6C, 0x69, 0x6E, 0x08, 0x00, 0x08, 0x61, 0x73, 0x73, 0x65, 0x74, 0x5F, 0x69, 0x64, 0x00, 0x10, 0x6D, 0x69, 0x6E, 0x65, 0x63, 0x72, 0x61, 0x66, 0x74, 0x3A, 0x70, 0x69, 0x67, 0x6C, 0x69, 0x6E, 0x00, 0x11, 0x6D, 0x69, 0x6E, 0x65, 0x63, 0x72, 0x61, 0x66, 0x74, 0x3A, 0x72, 0x68, 0x6F, 0x6D, 0x62, 0x75, 0x73, 0x01, 0x0A, 0x08, 0x00, 0x0F, 0x74, 0x72, 0x61, 0x6E, 0x73, 0x6C, 0x61, 0x74, 0x69, 0x6F, 0x6E, 0x5F, 0x6B, 0x65, 0x79, 0x00, 0x1E, 0x62, 0x6C, 0x6F, 0x63, 0x6B, 0x2E, 0x6D, 0x69, 0x6E, 0x65, 0x63, 0x72, 0x61, 0x66, 0x74, 0x2E, 0x62, 0x61, 0x6E, 0x6E, 0x65, 0x72, 0x2E, 0x72, 0x68, 0x6F, 0x6D, 0x62, 0x75, 0x73, 0x08, 0x00, 0x08, 0x61, 0x73, 0x73, 0x65, 0x74, 0x5F, 0x69, 0x64, 0x00, 0x11, 0x6D, 0x69, 0x6E, 0x65, 0x63, 0x72, 0x61, 0x66, 0x74, 0x3A, 0x72, 0x68, 0x6F, 0x6D, 0x62, 0x75, 0x73, 0x00, 0x0F, 0x6D, 0x69, 0x6E, 0x65, 0x63, 0x72, 0x61, 0x66, 0x74, 0x3A, 0x73, 0x6B, 0x75, 0x6C, 0x6C, 0x01, 0x0A, 0x08, 0x00, 0x0F, 0x74, 0x72, 0x61, 0x6E, 0x73, 0x6C, 0x61, 0x74, 0x69, 0x6F, 0x6E, 0x5F, 0x6B, 0x65, 0x79, 0x00, 0x1C, 0x62, 0x6C, 0x6F, 0x63, 0x6B, 0x2E, 0x6D, 0x69, 0x6E, 0x65, 0x63, 0x72, 0x61, 0x66, 0x74, 0x2E, 0x62, 0x61, 0x6E, 0x6E, 0x65, 0x72, 0x2E, 0x73, 0x6B, 0x75, 0x6C, 0x6C, 0x08, 0x00, 0x08, 0x61, 0x73, 0x73, 0x65, 0x74, 0x5F, 0x69, 0x64, 0x00, 0x0F, 0x6D, 0x69, 0x6E, 0x65, 0x63, 0x72, 0x61, 0x66, 0x74, 0x3A, 0x73, 0x6B, 0x75, 0x6C, 0x6C, 0x00, 0x17, 0x6D, 0x69, 0x6E, 0x65, 0x63, 0x72, 0x61, 0x66, 0x74, 0x3A, 0x73, 0x6D, 0x61, 0x6C, 0x6C, 0x5F, 0x73, 0x74, 0x72, 0x69, 0x70, 0x65, 0x73, 0x01, 0x0A, 0x08, 0x00, 0x0F, 0x74, 0x72, 0x61, 0x6E, 0x73, 0x6C, 0x61, 0x74, 0x69, 0x6F, 0x6E, 0x5F, 0x6B, 0x65, 0x79, 0x00, 0x24, 0x62, 0x6C, 0x6F, 0x63, 0x6B, 0x2E, 0x6D, 0x69, 0x6E, 0x65, 0x63, 0x72, 0x61, 0x66, 0x74, 0x2E, 0x62, 0x61, 0x6E, 0x6E, 0x65, 0x72, 0x2E, 0x73, 0x6D, 0x61, 0x6C, 0x6C, 0x5F, 0x73, 0x74, 0x72, 0x69, 0x70, 0x65, 0x73, 0x08, 0x00, 0x08, 0x61, 0x73, 0x73, 0x65, 0x74, 0x5F, 0x69, 0x64, 0x00, 0x17, 0x6D, 0x69, 0x6E, 0x65, 0x63, 0x72, 0x61, 0x66, 0x74, 0x3A, 0x73, 0x6D, 0x61, 0x6C, 0x6C, 0x5F, 0x73, 0x74, 0x72, 0x69, 0x70, 0x65, 0x73, 0x00, 0x1C, 0x6D, 0x69, 0x6E, 0x65, 0x63, 0x72, 0x61, 0x66, 0x74, 0x3A, 0x73, 0x71, 0x75, 0x61, 0x72, 0x65, 0x5F, 0x62, 0x6F, 0x74, 0x74, 0x6F, 0x6D, 0x5F, 0x6C, 0x65, 0x66, 0x74, 0x01, 0x0A, 0x08, 0x00, 0x0F, 0x74, 0x72, 0x61, 0x6E, 0x73, 0x6C, 0x61, 0x74, 0x69, 0x6F, 0x6E, 0x5F, 0x6B, 0x65, 0x79, 0x00, 0x29, 0x62, 0x6C, 0x6F, 0x63, 0x6B, 0x2E, 0x6D, 0x69, 0x6E, 0x65, 0x63, 0x72, 0x61, 0x66, 0x74, 0x2E, 0x62, 0x61, 0x6E, 0x6E, 0x65, 0x72, 0x2E, 0x73, 0x71, 0x75, 0x61, 0x72, 0x65, 0x5F, 0x62, 0x6F, 0x74, 0x74, 0x6F, 0x6D, 0x5F, 0x6C, 0x65, 0x66, 0x74, 0x08, 0x00, 0x08, 0x61, 0x73, 0x73, 0x65, 0x74, 0x5F, 0x69, 0x64, 0x00, 0x1C, 0x6D, 0x69, 0x6E, 0x65, 0x63, 0x72, 0x61, 0x66, 0x74, 0x3A, 0x73, 0x71, 0x75, 0x61, 0x72, 0x65, 0x5F, 0x62, 0x6F, 0x74, 0x74, 0x6F, 0x6D, 0x5F, 0x6C, 0x65, 0x66, 0x74, 0x00, 0x1D, 0x6D, 0x69, 0x6E, 0x65, 0x63, 0x72, 0x61, 0x66, 0x74, 0x3A, 0x73, 0x71, 0x75, 0x61, 0x72, 0x65, 0x5F, 0x62, 0x6F, 0x74, 0x74, 0x6F, 0x6D, 0x5F, 0x72, 0x69, 0x67, 0x68, 0x74, 0x01, 0x0A, 0x08, 0x00, 0x0F, 0x74, 0x72, 0x61, 0x6E, 0x73, 0x6C, 0x61, 0x74, 0x69, 0x6F, 0x6E, 0x5F, 0x6B, 0x65, 0x79, 0x00, 0x2A, 0x62, 0x6C, 0x6F, 0x63, 0x6B, 0x2E, 0x6D, 0x69, 0x6E, 0x65, 0x63, 0x72, 0x61, 0x66, 0x74, 0x2E, 0x62, 0x61, 0x6E, 0x6E, 0x65, 0x72, 0x2E, 0x73, 0x71, 0x75, 0x61, 0x72, 0x65, 0x5F, 0x62, 0x6F, 0x74, 0x74, 0x6F, 0x6D, 0x5F, 0x72, 0x69, 0x67, 0x68, 0x74, 0x08, 0x00, 0x08, 0x61, 0x73, 0x73, 0x65, 0x74, 0x5F, 0x69, 0x64, 0x00, 0x1D, 0x6D, 0x69, 0x6E, 0x65, 0x63, 0x72, 0x61, 0x66, 0x74, 0x3A, 0x73, 0x71, 0x75, 0x61, 0x72, 0x65, 0x5F, 0x62, 0x6F, 0x74, 0x74, 0x6F, 0x6D, 0x5F, 0x72, 0x69, 0x67, 0x68, 0x74, 0x00, 0x19, 0x6D, 0x69, 0x6E, 0x65, 0x63, 0x72, 0x61, 0x66, 0x74, 0x3A, 0x73, 0x71, 0x75, 0x61, 0x72, 0x65, 0x5F, 0x74, 0x6F, 0x70, 0x5F, 0x6C, 0x65, 0x66, 0x74, 0x01, 0x0A, 0x08, 0x00, 0x0F, 0x74, 0x72, 0x61, 0x6E, 0x73, 0x6C, 0x61, 0x74, 0x69, 0x6F, 0x6E, 0x5F, 0x6B, 0x65, 0x79, 0x00, 0x26, 0x62, 0x6C, 0x6F, 0x63, 0x6B, 0x2E, 0x6D, 0x69, 0x6E, 0x65, 0x63, 0x72, 0x61, 0x66, 0x74, 0x2E, 0x62, 0x61, 0x6E, 0x6E, 0x65, 0x72, 0x2E, 0x73, 0x71, 0x75, 0x61, 0x72, 0x65, 0x5F, 0x74, 0x6F, 0x70, 0x5F, 0x6C, 0x65, 0x66, 0x74, 0x08, 0x00, 0x08, 0x61, 0x73, 0x73, 0x65, 0x74, 0x5F, 0x69, 0x64, 0x00, 0x19, 0x6D, 0x69, 0x6E, 0x65, 0x63, 0x72, 0x61, 0x66, 0x74, 0x3A, 0x73, 0x71, 0x75, 0x61, 0x72, 0x65, 0x5F, 0x74, 0x6F, 0x70, 0x5F, 0x6C, 0x65, 0x66, 0x74, 0x00, 0x1A, 0x6D, 0x69, 0x6E, 0x65, 0x63, 0x72, 0x61, 0x66, 0x74, 0x3A, 0x73, 0x71, 0x75, 0x61, 0x72, 0x65, 0x5F, 0x74, 0x6F, 0x70, 0x5F, 0x72, 0x69, 0x67, 0x68, 0x74, 0x01, 0x0A, 0x08, 0x00, 0x0F, 0x74, 0x72, 0x61, 0x6E, 0x73, 0x6C, 0x61, 0x74, 0x69, 0x6F, 0x6E, 0x5F, 0x6B, 0x65, 0x79, 0x00, 0x27, 0x62, 0x6C, 0x6F, 0x63, 0x6B, 0x2E, 0x6D, 0x69, 0x6E, 0x65, 0x63, 0x72, 0x61, 0x66, 0x74, 0x2E, 0x62, 0x61, 0x6E, 0x6E, 0x65, 0x72, 0x2E, 0x73, 0x71, 0x75, 0x61, 0x72, 0x65, 0x5F, 0x74, 0x6F, 0x70, 0x5F, 0x72, 0x69, 0x67, 0x68, 0x74, 0x08, 0x00, 0x08, 0x61, 0x73, 0x73, 0x65, 0x74, 0x5F, 0x69, 0x64, 0x00, 0x1A, 0x6D, 0x69, 0x6E, 0x65, 0x63, 0x72, 0x61, 0x66, 0x74, 0x3A, 0x73, 0x71, 0x75, 0x61, 0x72, 0x65, 0x5F, 0x74, 0x6F, 0x70, 0x5F, 0x72, 0x69, 0x67, 0x68, 0x74, 0x00, 0x18, 0x6D, 0x69, 0x6E, 0x65, 0x63, 0x72, 0x61, 0x66, 0x74, 0x3A, 0x73, 0x74, 0x72, 0x61, 0x69, 0x67, 0x68, 0x74, 0x5F, 0x63, 0x72, 0x6F, 0x73, 0x73, 0x01, 0x0A, 0x08, 0x00, 0x0F, 0x74, 0x72, 0x61, 0x6E, 0x73, 0x6C, 0x61, 0x74, 0x69, 0x6F, 0x6E, 0x5F, 0x6B, 0x65, 0x79, 0x00, 0x25, 0x62, 0x6C, 0x6F, 0x63, 0x6B, 0x2E, 0x6D, 0x69, 0x6E, 0x65, 0x63, 0x72, 0x61, 0x66, 0x74, 0x2E, 0x62, 0x61, 0x6E, 0x6E, 0x65, 0x72, 0x2E, 0x73, 0x74, 0x72, 0x61, 0x69, 0x67, 0x68, 0x74, 0x5F, 0x63, 0x72, 0x6F, 0x73, 0x73, 0x08, 0x00, 0x08, 0x61, 0x73, 0x73, 0x65, 0x74, 0x5F, 0x69, 0x64, 0x00, 0x18, 0x6D, 0x69, 0x6E, 0x65, 0x63, 0x72, 0x61, 0x66, 0x74, 0x3A, 0x73, 0x74, 0x72, 0x61, 0x69, 0x67, 0x68, 0x74, 0x5F, 0x63, 0x72, 0x6F, 0x73, 0x73, 0x00, 0x17, 0x6D, 0x69, 0x6E, 0x65, 0x63, 0x72, 0x61, 0x66, 0x74, 0x3A, 0x73, 0x74, 0x72, 0x69, 0x70, 0x65, 0x5F, 0x62, 0x6F, 0x74, 0x74, 0x6F, 0x6D, 0x01, 0x0A, 0x08, 0x00, 0x0F, 0x74, 0x72, 0x61, 0x6E, 0x73, 0x6C, 0x61, 0x74, 0x69, 0x6F, 0x6E, 0x5F, 0x6B, 0x65, 0x79, 0x00, 0x24, 0x62, 0x6C, 0x6F, 0x63, 0x6B, 0x2E, 0x6D, 0x69, 0x6E, 0x65, 0x63, 0x72, 0x61, 0x66, 0x74, 0x2E, 0x62, 0x61, 0x6E, 0x6E, 0x65, 0x72, 0x2E, 0x73, 0x74, 0x72, 0x69, 0x70, 0x65, 0x5F, 0x62, 0x6F, 0x74, 0x74, 0x6F, 0x6D, 0x08, 0x00, 0x08, 0x61, 0x73, 0x73, 0x65, 0x74, 0x5F, 0x69, 0x64, 0x00, 0x17, 0x6D, 0x69, 0x6E, 0x65, 0x63, 0x72, 0x61, 0x66, 0x74, 0x3A, 0x73, 0x74, 0x72, 0x69, 0x70, 0x65, 0x5F, 0x62, 0x6F, 0x74, 0x74, 0x6F, 0x6D, 0x00, 0x17, 0x6D, 0x69, 0x6E, 0x65, 0x63, 0x72, 0x61, 0x66, 0x74, 0x3A, 0x73, 0x74, 0x72, 0x69, 0x70, 0x65, 0x5F, 0x63, 0x65, 0x6E, 0x74, 0x65, 0x72, 0x01, 0x0A, 0x08, 0x00, 0x0F, 0x74, 0x72, 0x61, 0x6E, 0x73, 0x6C, 0x61, 0x74, 0x69, 0x6F, 0x6E, 0x5F, 0x6B, 0x65, 0x79, 0x00, 0x24, 0x62, 0x6C, 0x6F, 0x63, 0x6B, 0x2E, 0x6D, 0x69, 0x6E, 0x65, 0x63, 0x72, 0x61, 0x66, 0x74, 0x2E, 0x62, 0x61, 0x6E, 0x6E, 0x65, 0x72, 0x2E, 0x73, 0x74, 0x72, 0x69, 0x70, 0x65, 0x5F, 0x63, 0x65, 0x6E, 0x74, 0x65, 0x72, 0x08, 0x00, 0x08, 0x61, 0x73, 0x73, 0x65, 0x74, 0x5F, 0x69, 0x64, 0x00, 0x17, 0x6D, 0x69, 0x6E, 0x65, 0x63, 0x72, 0x61, 0x66, 0x74, 0x3A, 0x73, 0x74, 0x72, 0x69, 0x70, 0x65, 0x5F, 0x63, 0x65, 0x6E, 0x74, 0x65, 0x72, 0x00, 0x19, 0x6D, 0x69, 0x6E, 0x65, 0x63, 0x72, 0x61, 0x66, 0x74, 0x3A, 0x73, 0x74, 0x72, 0x69, 0x70, 0x65, 0x5F, 0x64, 0x6F, 0x77, 0x6E, 0x6C, 0x65, 0x66, 0x74, 0x01, 0x0A, 0x08, 0x00, 0x0F, 0x74, 0x72, 0x61, 0x6E, 0x73, 0x6C, 0x61, 0x74, 0x69, 0x6F, 0x6E, 0x5F, 0x6B, 0x65, 0x79, 0x00, 0x26, 0x62, 0x6C, 0x6F, 0x63, 0x6B, 0x2E, 0x6D, 0x69, 0x6E, 0x65, 0x63, 0x72, 0x61, 0x66, 0x74, 0x2E, 0x62, 0x61, 0x6E, 0x6E, 0x65, 0x72, 0x2E, 0x73, 0x74, 0x72, 0x69, 0x70, 0x65, 0x5F, 0x64, 0x6F, 0x77, 0x6E, 0x6C, 0x65, 0x66, 0x74, 0x08, 0x00, 0x08, 0x61, 0x73, 0x73, 0x65, 0x74, 0x5F, 0x69, 0x64, 0x00, 0x19, 0x6D, 0x69, 0x6E, 0x65, 0x63, 0x72, 0x61, 0x66, 0x74, 0x3A, 0x73, 0x74, 0x72, 0x69, 0x70, 0x65, 0x5F, 0x64, 0x6F, 0x77, 0x6E, 0x6C, 0x65, 0x66, 0x74, 0x00, 0x1A, 0x6D, 0x69, 0x6E, 0x65, 0x63, 0x72, 0x61, 0x66, 0x74, 0x3A, 0x73, 0x74, 0x72, 0x69, 0x70, 0x65, 0x5F, 0x64, 0x6F, 0x77, 0x6E, 0x72, 0x69, 0x67, 0x68, 0x74, 0x01, 0x0A, 0x08, 0x00, 0x0F, 0x74, 0x72, 0x61, 0x6E, 0x73, 0x6C, 0x61, 0x74, 0x69, 0x6F, 0x6E, 0x5F, 0x6B, 0x65, 0x79, 0x00, 0x27, 0x62, 0x6C, 0x6F, 0x63, 0x6B, 0x2E, 0x6D, 0x69, 0x6E, 0x65, 0x63, 0x72, 0x61, 0x66, 0x74, 0x2E, 0x62, 0x61, 0x6E, 0x6E, 0x65, 0x72, 0x2E, 0x73, 0x74, 0x72, 0x69, 0x70, 0x65, 0x5F, 0x64, 0x6F, 0x77, 0x6E, 0x72, 0x69, 0x67, 0x68, 0x74, 0x08, 0x00, 0x08, 0x61, 0x73, 0x73, 0x65, 0x74, 0x5F, 0x69, 0x64, 0x00, 0x1A, 0x6D, 0x69, 0x6E, 0x65, 0x63, 0x72, 0x61, 0x66, 0x74, 0x3A, 0x73, 0x74, 0x72, 0x69, 0x70, 0x65, 0x5F, 0x64, 0x6F, 0x77, 0x6E, 0x72, 0x69, 0x67, 0x68, 0x74, 0x00, 0x15, 0x6D, 0x69, 0x6E, 0x65, 0x63, 0x72, 0x61, 0x66, 0x74, 0x3A, 0x73, 0x74, 0x72, 0x69, 0x70, 0x65, 0x5F, 0x6C, 0x65, 0x66, 0x74, 0x01, 0x0A, 0x08, 0x00, 0x0F, 0x74, 0x72, 0x61, 0x6E, 0x73, 0x6C, 0x61, 0x74, 0x69, 0x6F, 0x6E, 0x5F, 0x6B, 0x65, 0x79, 0x00, 0x22, 0x62, 0x6C, 0x6F, 0x63, 0x6B, 0x2E, 0x6D, 0x69, 0x6E, 0x65, 0x63, 0x72, 0x61, 0x66, 0x74, 0x2E, 0x62, 0x61, 0x6E, 0x6E, 0x65, 0x72, 0x2E, 0x73, 0x74, 0x72, 0x69, 0x70, 0x65, 0x5F, 0x6C, 0x65, 0x66, 0x74, 0x08, 0x00, 0x08, 0x61, 0x73, 0x73, 0x65, 0x74, 0x5F, 0x69, 0x64, 0x00, 0x15, 0x6D, 0x69, 0x6E, 0x65, 0x63, 0x72, 0x61, 0x66, 0x74, 0x3A, 0x73, 0x74, 0x72, 0x69, 0x70, 0x65, 0x5F, 0x6C, 0x65, 0x66, 0x74, 0x00, 0x17, 0x6D, 0x69, 0x6E, 0x65, 0x63, 0x72, 0x61, 0x66, 0x74, 0x3A, 0x73, 0x74, 0x72, 0x69, 0x70, 0x65, 0x5F, 0x6D, 0x69, 0x64, 0x64, 0x6C, 0x65, 0x01, 0x0A, 0x08, 0x00, 0x0F, 0x74, 0x72, 0x61, 0x6E, 0x73, 0x6C, 0x61, 0x74, 0x69, 0x6F, 0x6E, 0x5F, 0x6B, 0x65, 0x79, 0x00, 0x24, 0x62, 0x6C, 0x6F, 0x63, 0x6B, 0x2E, 0x6D, 0x69, 0x6E, 0x65, 0x63, 0x72, 0x61, 0x66, 0x74, 0x2E, 0x62, 0x61, 0x6E, 0x6E, 0x65, 0x72, 0x2E, 0x73, 0x74, 0x72, 0x69, 0x70, 0x65, 0x5F, 0x6D, 0x69, 0x64, 0x64, 0x6C, 0x65, 0x08, 0x00, 0x08, 0x61, 0x73, 0x73, 0x65, 0x74, 0x5F, 0x69, 0x64, 0x00, 0x17, 0x6D, 0x69, 0x6E, 0x65, 0x63, 0x72, 0x61, 0x66, 0x74, 0x3A, 0x73, 0x74, 0x72, 0x69, 0x70, 0x65, 0x5F, 0x6D, 0x69, 0x64, 0x64, 0x6C, 0x65, 0x00, 0x16, 0x6D, 0x69, 0x6E, 0x65, 0x63, 0x72, 0x61, 0x66, 0x74, 0x3A, 0x73, 0x74, 0x72, 0x69, 0x70, 0x65, 0x5F, 0x72, 0x69, 0x67, 0x68, 0x74, 0x01, 0x0A, 0x08, 0x00, 0x0F, 0x74, 0x72, 0x61, 0x6E, 0x73, 0x6C, 0x61, 0x74, 0x69, 0x6F, 0x6E, 0x5F, 0x6B, 0x65, 0x79, 0x00, 0x23, 0x62, 0x6C, 0x6F, 0x63, 0x6B, 0x2E, 0x6D, 0x69, 0x6E, 0x65, 0x63, 0x72, 0x61, 0x66, 0x74, 0x2E, 0x62, 0x61, 0x6E, 0x6E, 0x65, 0x72, 0x2E, 0x73, 0x74, 0x72, 0x69, 0x70, 0x65, 0x5F, 0x72, 0x69, 0x67, 0x68, 0x74, 0x08, 0x00, 0x08, 0x61, 0x73, 0x73, 0x65, 0x74, 0x5F, 0x69, 0x64, 0x00, 0x16, 0x6D, 0x69, 0x6E, 0x65, 0x63, 0x72, 0x61, 0x66, 0x74, 0x3A, 0x73, 0x74, 0x72, 0x69, 0x70, 0x65, 0x5F, 0x72, 0x69, 0x67, 0x68, 0x74, 0x00, 0x14, 0x6D, 0x69, 0x6E, 0x65, 0x63, 0x72, 0x61, 0x66, 0x74, 0x3A, 0x73, 0x74, 0x72, 0x69, 0x70, 0x65, 0x5F, 0x74, 0x6F, 0x70, 0x01, 0x0A, 0x08, 0x00, 0x0F, 0x74, 0x72, 0x61, 0x6E, 0x73, 0x6C, 0x61, 0x74, 0x69, 0x6F, 0x6E, 0x5F, 0x6B, 0x65, 0x79, 0x00, 0x21, 0x62, 0x6C, 0x6F, 0x63, 0x6B, 0x2E, 0x6D, 0x69, 0x6E, 0x65, 0x63, 0x72, 0x61, 0x66, 0x74, 0x2E, 0x62, 0x61, 0x6E, 0x6E, 0x65, 0x72, 0x2E, 0x73, 0x74, 0x72, 0x69, 0x70, 0x65, 0x5F, 0x74, 0x6F, 0x70, 0x08, 0x00, 0x08, 0x61, 0x73, 0x73, 0x65, 0x74, 0x5F, 0x69, 0x64, 0x00, 0x14, 0x6D, 0x69, 0x6E, 0x65, 0x63, 0x72, 0x61, 0x66, 0x74, 0x3A, 0x73, 0x74, 0x72, 0x69, 0x70, 0x65, 0x5F, 0x74, 0x6F, 0x70, 0x00, 0x19, 0x6D, 0x69, 0x6E, 0x65, 0x63, 0x72, 0x61, 0x66, 0x74, 0x3A, 0x74, 0x72, 0x69, 0x61, 0x6E, 0x67, 0x6C, 0x65, 0x5F, 0x62, 0x6F, 0x74, 0x74, 0x6F, 0x6D, 0x01, 0x0A, 0x08, 0x00, 0x0F, 0x74, 0x72, 0x61, 0x6E, 0x73, 0x6C, 0x61, 0x74, 0x69, 0x6F, 0x6E, 0x5F, 0x6B, 0x65, 0x79, 0x00, 0x26, 0x62, 0x6C, 0x6F, 0x63, 0x6B, 0x2E, 0x6D, 0x69, 0x6E, 0x65, 0x63, 0x72, 0x61, 0x66, 0x74, 0x2E, 0x62, 0x61, 0x6E, 0x6E, 0x65, 0x72, 0x2E, 0x74, 0x72, 0x69, 0x61, 0x6E, 0x67, 0x6C, 0x65, 0x5F, 0x62, 0x6F, 0x74, 0x74, 0x6F, 0x6D, 0x08, 0x00, 0x08, 0x61, 0x73, 0x73, 0x65, 0x74, 0x5F, 0x69, 0x64, 0x00, 0x19, 0x6D, 0x69, 0x6E, 0x65, 0x63, 0x72, 0x61, 0x66, 0x74, 0x3A, 0x74, 0x72, 0x69, 0x61, 0x6E, 0x67, 0x6C, 0x65, 0x5F, 0x62, 0x6F, 0x74, 0x74, 0x6F, 0x6D, 0x00, 0x16, 0x6D, 0x69, 0x6E, 0x65, 0x63, 0x72, 0x61, 0x66, 0x74, 0x3A, 0x74, 0x72, 0x69, 0x61, 0x6E, 0x67, 0x6C, 0x65, 0x5F, 0x74, 0x6F, 0x70, 0x01, 0x0A, 0x08, 0x00, 0x0F, 0x74, 0x72, 0x61, 0x6E, 0x73, 0x6C, 0x61, 0x74, 0x69, 0x6F, 0x6E, 0x5F, 0x6B, 0x65, 0x79, 0x00, 0x23, 0x62, 0x6C, 0x6F, 0x63, 0x6B, 0x2E, 0x6D, 0x69, 0x6E, 0x65, 0x63, 0x72, 0x61, 0x66, 0x74, 0x2E, 0x62, 0x61, 0x6E, 0x6E, 0x65, 0x72, 0x2E, 0x74, 0x72, 0x69, 0x61, 0x6E, 0x67, 0x6C, 0x65, 0x5F, 0x74, 0x6F, 0x70, 0x08, 0x00, 0x08, 0x61, 0x73, 0x73, 0x65, 0x74, 0x5F, 0x69, 0x64, 0x00, 0x16, 0x6D, 0x69, 0x6E, 0x65, 0x63, 0x72, 0x61, 0x66, 0x74, 0x3A, 0x74, 0x72, 0x69, 0x61, 0x6E, 0x67, 0x6C, 0x65, 0x5F, 0x74, 0x6F, 0x70, 0x00, 0x1A, 0x6D, 0x69, 0x6E, 0x65, 0x63, 0x72, 0x61, 0x66, 0x74, 0x3A, 0x74, 0x72, 0x69, 0x61, 0x6E, 0x67, 0x6C, 0x65, 0x73, 0x5F, 0x62, 0x6F, 0x74, 0x74, 0x6F, 0x6D, 0x01, 0x0A, 0x08, 0x00, 0x0F, 0x74, 0x72, 0x61, 0x6E, 0x73, 0x6C, 0x61, 0x74, 0x69, 0x6F, 0x6E, 0x5F, 0x6B, 0x65, 0x79, 0x00, 0x27, 0x62, 0x6C, 0x6F, 0x63, 0x6B, 0x2E, 0x6D, 0x69, 0x6E, 0x65, 0x63, 0x72, 0x61, 0x66, 0x74, 0x2E, 0x62, 0x61, 0x6E, 0x6E, 0x65, 0x72, 0x2E, 0x74, 0x72, 0x69, 0x61, 0x6E, 0x67, 0x6C, 0x65, 0x73, 0x5F, 0x62, 0x6F, 0x74, 0x74, 0x6F, 0x6D, 0x08, 0x00, 0x08, 0x61, 0x73, 0x73, 0x65, 0x74, 0x5F, 0x69, 0x64, 0x00, 0x1A, 0x6D, 0x69, 0x6E, 0x65, 0x63, 0x72, 0x61, 0x66, 0x74, 0x3A, 0x74, 0x72, 0x69, 0x61, 0x6E, 0x67, 0x6C, 0x65, 0x73, 0x5F, 0x62, 0x6F, 0x74, 0x74, 0x6F, 0x6D, 0x00, 0x17, 0x6D, 0x69, 0x6E, 0x65, 0x63, 0x72, 0x61, 0x66, 0x74, 0x3A, 0x74, 0x72, 0x69, 0x61, 0x6E, 0x67, 0x6C, 0x65, 0x73, 0x5F, 0x74, 0x6F, 0x70, 0x01, 0x0A, 0x08, 0x00, 0x0F, 0x74, 0x72, 0x61, 0x6E, 0x73, 0x6C, 0x61, 0x74, 0x69, 0x6F, 0x6E, 0x5F, 0x6B, 0x65, 0x79, 0x00, 0x24, 0x62, 0x6C, 0x6F, 0x63, 0x6B, 0x2E, 0x6D, 0x69, 0x6E, 0x65, 0x63, 0x72, 0x61, 0x66, 0x74, 0x2E, 0x62, 0x61, 0x6E, 0x6E, 0x65, 0x72, 0x2E, 0x74, 0x72, 0x69, 0x61, 0x6E, 0x67, 0x6C, 0x65, 0x73, 0x5F, 0x74, 0x6F, 0x70, 0x08, 0x00, 0x08, 0x61, 0x73, 0x73, 0x65, 0x74, 0x5F, 0x69, 0x64, 0x00, 0x17, 0x6D, 0x69, 0x6E, 0x65, 0x63, 0x72, 0x61, 0x66, 0x74, 0x3A, 0x74, 0x72, 0x69, 0x61, 0x6E, 0x67, 0x6C, 0x65, 0x73, 0x5F, 0x74, 0x6F, 0x70, 0x00 };

inline constexpr uint8_t config_packet_23[] = {
    0xED, 0xF7, 0x01, 0x07, 0x15, 0x6D, 0x69, 0x6E, 0x65, 0x63, 0x72, 0x61, 0x66, 0x74, 0x3A, 0x65, 0x6E, 0x63, 0x68, 0x61,
    0x6E, 0x74, 0x6D, 0x65, 0x6E, 0x74, 0x2B, 0x17, 0x6D, 0x69, 0x6E, 0x65, 0x63, 0x72, 0x61, 0x66, 0x74, 0x3A, 0x61, 0x71,
    0x75, 0x61, 0x5F, 0x61, 0x66, 0x66, 0x69, 0x6E, 0x69, 0x74, 0x79, 0x01, 0x0A, 0x09, 0x00, 0x05, 0x73, 0x6C, 0x6F, 0x74,
    0x73, 0x08, 0x00, 0x00, 0x00, 0x01, 0x00, 0x04, 0x68, 0x65, 0x61, 0x64, 0x0A, 0x00, 0x07, 0x65, 0x66, 0x66, 0x65, 0x63,
    0x74, 0x73, 0x09, 0x00, 0x14, 0x6D, 0x69, 0x6E, 0x65, 0x63, 0x72, 0x61, 0x66, 0x74, 0x3A, 0x61, 0x74, 0x74, 0x72, 0x69,
    0x62, 0x75, 0x74, 0x65, 0x73, 0x0A, 0x00, 0x00, 0x00, 0x01, 0x0A, 0x00, 0x06, 0x61, 0x6D, 0x6F, 0x75, 0x6E, 0x74, 0x05,
    0x00, 0x15, 0x70, 0x65, 0x72, 0x5F, 0x6C, 0x65, 0x76, 0x65, 0x6C, 0x5F, 0x61, 0x62, 0x6F, 0x76, 0x65, 0x5F, 0x66, 0x69,
    0x72, 0x73, 0x74, 0x40, 0x80, 0x00, 0x00, 0x08, 0x00, 0x04, 0x74, 0x79, 0x70, 0x65, 0x00, 0x10, 0x6D, 0x69, 0x6E, 0x65,
    0x63, 0x72, 0x61, 0x66, 0x74, 0x3A, 0x6C, 0x69, 0x6E, 0x65, 0x61, 0x72, 0x05, 0x00, 0x04, 0x62, 0x61, 0x73, 0x65, 0x40,
    0x80, 0x00, 0x00, 0x00, 0x08, 0x00, 0x02, 0x69, 0x64, 0x00, 0x23, 0x6D, 0x69, 0x6E, 0x65, 0x63, 0x72, 0x61, 0x66, 0x74,
    0x3A, 0x65, 0x6E, 0x63, 0x68, 0x61, 0x6E, 0x74, 0x6D, 0x65, 0x6E, 0x74, 0x2E, 0x61, 0x71, 0x75, 0x61, 0x5F, 0x61, 0x66,
    0x66, 0x69, 0x6E, 0x69, 0x74, 0x79, 0x08, 0x00, 0x09, 0x61, 0x74, 0x74, 0x72, 0x69, 0x62, 0x75, 0x74, 0x65, 0x00, 0x20,
    0x6D, 0x69, 0x6E, 0x65, 0x63, 0x72, 0x61, 0x66, 0x74, 0x3A, 0x73, 0x75, 0x62, 0x6D, 0x65, 0x72, 0x67, 0x65, 0x64, 0x5F,
    0x6D, 0x69, 0x6E, 0x69, 0x6E, 0x67, 0x5F, 0x73, 0x70, 0x65, 0x65, 0x64, 0x08, 0x00, 0x09, 0x6F, 0x70, 0x65, 0x72, 0x61,
    0x74, 0x69, 0x6F, 0x6E, 0x00, 0x14, 0x61, 0x64, 0x64, 0x5F, 0x6D, 0x75, 0x6C, 0x74, 0x69, 0x70, 0x6C, 0x69, 0x65, 0x64,
    0x5F, 0x74, 0x6F, 0x74, 0x61, 0x6C, 0x00, 0x00, 0x0A, 0x00, 0x08, 0x6D, 0x61, 0x78, 0x5F, 0x63, 0x6F, 0x73, 0x74, 0x03,
    0x00, 0x15, 0x70, 0x65, 0x72, 0x5F, 0x6C, 0x65, 0x76, 0x65, 0x6C, 0x5F, 0x61, 0x62, 0x6F, 0x76, 0x65, 0x5F, 0x66, 0x69,
    0x72, 0x73, 0x74, 0x00, 0x00, 0x00, 0x00, 0x03, 0x00, 0x04, 0x62, 0x61, 0x73, 0x65, 0x00, 0x00, 0x00, 0x29, 0x00, 0x08,
    0x00, 0x0F, 0x73, 0x75, 0x70, 0x70, 0x6F, 0x72, 0x74, 0x65, 0x64, 0x5F, 0x69, 0x74, 0x65, 0x6D, 0x73, 0x00, 0x21, 0x23,
    0x6D, 0x69, 0x6E, 0x65, 0x63, 0x72, 0x61, 0x66, 0x74, 0x3A, 0x65, 0x6E, 0x63, 0x68, 0x61, 0x6E, 0x74, 0x61, 0x62, 0x6C,
    0x65, 0x2F, 0x68, 0x65, 0x61, 0x64, 0x5F, 0x61, 0x72, 0x6D, 0x6F, 0x72, 0x03, 0x00, 0x09, 0x6D, 0x61, 0x78, 0x5F, 0x6C,
    0x65, 0x76, 0x65, 0x6C, 0x00, 0x00, 0x00, 0x01, 0x0A, 0x00, 0x08, 0x6D, 0x69, 0x6E, 0x5F, 0x63, 0x6F, 0x73, 0x74, 0x03,
    0x00, 0x15, 0x70, 0x65, 0x72, 0x5F, 0x6C, 0x65, 0x76, 0x65, 0x6C, 0x5F, 0x61, 0x62, 0x6F, 0x76, 0x65, 0x5F, 0x66, 0x69,
    0x72, 0x73, 0x74, 0x00, 0x00, 0x00, 0x00, 0x03, 0x00, 0x04, 0x62, 0x61, 0x73, 0x65, 0x00, 0x00, 0x00, 0x01, 0x00, 0x0A,
    0x00, 0x0B, 0x64, 0x65, 0x73, 0x63, 0x72, 0x69, 0x70, 0x74, 0x69, 0x6F, 0x6E, 0x08, 0x00, 0x09, 0x74, 0x72, 0x61, 0x6E,
    0x73, 0x6C, 0x61, 0x74, 0x65, 0x00, 0x23, 0x65, 0x6E, 0x63, 0x68, 0x61, 0x6E, 0x74, 0x6D, 0x65, 0x6E, 0x74, 0x2E, 0x6D,
    0x69, 0x6E, 0x65, 0x63, 0x72, 0x61, 0x66, 0x74, 0x2E, 0x61, 0x71, 0x75, 0x61, 0x5F, 0x61, 0x66, 0x66, 0x69, 0x6E, 0x69,
    0x74, 0x79, 0x00, 0x03, 0x00, 0x06, 0x77, 0x65, 0x69, 0x67, 0x68, 0x74, 0x00, 0x00, 0x00, 0x02, 0x03, 0x00, 0x0A, 0x61,
    0x6E, 0x76, 0x69, 0x6C, 0x5F, 0x63, 0x6F, 0x73, 0x74, 0x00, 0x00, 0x00, 0x04, 0x00, 0x1C, 0x6D, 0x69, 0x6E, 0x65, 0x63,
    0x72, 0x61, 0x66, 0x74, 0x3A, 0x62, 0x61, 0x6E, 0x65, 0x5F, 0x6F, 0x66, 0x5F, 0x61, 0x72, 0x74, 0x68, 0x72, 0x6F, 0x70,
    0x6F, 0x64, 0x73, 0x01, 0x0A, 0x08, 0x00, 0x0D, 0x70, 0x72, 0x69, 0x6D, 0x61, 0x72, 0x79, 0x5F, 0x69, 0x74, 0x65, 0x6D,
    0x73, 0x00, 0x23, 0x23, 0x6D, 0x69, 0x6E, 0x65, 0x63, 0x72, 0x61, 0x66, 0x74, 0x3A, 0x65, 0x6E, 0x63, 0x68, 0x61, 0x6E,
    0x74, 0x61, 0x62, 0x6C, 0x65, 0x2F, 0x6D, 0x65, 0x6C, 0x65, 0x65, 0x5F, 0x77, 0x65, 0x61, 0x70, 0x6F, 0x6E, 0x09, 0x00,
    0x05, 0x73, 0x6C, 0x6F, 0x74, 0x73, 0x08, 0x00, 0x00, 0x00, 0x01, 0x00, 0x08, 0x6D, 0x61, 0x69, 0x6E, 0x68, 0x61, 0x6E,
    0x64, 0x0A, 0x00, 0x07, 0x65, 0x66, 0x66, 0x65, 0x63, 0x74, 0x73, 0x09, 0x00, 0x10, 0x6D, 0x69, 0x6E, 0x65, 0x63, 0x72,
    0x61, 0x66, 0x74, 0x3A, 0x64, 0x61, 0x6D, 0x61, 0x67, 0x65, 0x0A, 0x00, 0x00, 0x00, 0x01, 0x0A, 0x00, 0x0C, 0x72, 0x65,
    0x71, 0x75, 0x69, 0x72, 0x65, 0x6D, 0x65, 0x6E, 0x74, 0x73, 0x0A, 0x00, 0x09, 0x70, 0x72, 0x65, 0x64, 0x69, 0x63, 0x61,
    0x74, 0x65, 0x08, 0x00, 0x0B, 0x65, 0x6E, 0x74, 0x69, 0x74, 0x79, 0x5F, 0x74, 0x79, 0x70, 0x65, 0x00, 0x2A, 0x23, 0x6D,
    0x69, 0x6E, 0x65, 0x63, 0x72, 0x61, 0x66, 0x74, 0x3A, 0x73, 0x65, 0x6E, 0x73, 0x69, 0x74, 0x69, 0x76, 0x65, 0x5F, 0x74,
    0x6F, 0x5F, 0x62, 0x61, 0x6E, 0x65, 0x5F, 0x6F, 0x66, 0x5F, 0x61, 0x72, 0x74, 0x68, 0x72, 0x6F, 0x70, 0x6F, 0x64, 0x73,
    0x00, 0x08, 0x00, 0x09, 0x63, 0x6F, 0x6E, 0x64, 0x69, 0x74, 0x69, 0x6F, 0x6E, 0x00, 0x1B, 0x6D, 0x69, 0x6E, 0x65, 0x63,
    0x72, 0x61, 0x66, 0x74, 0x3A, 0x65, 0x6E, 0x74, 0x69, 0x74, 0x79, 0x5F, 0x70, 0x72, 0x6F, 0x70, 0x65, 0x72, 0x74, 0x69,
    0x65, 0x73, 0x08, 0x00, 0x06, 0x65, 0x6E, 0x74, 0x69, 0x74, 0x79, 0x00, 0x04, 0x74, 0x68, 0x69, 0x73, 0x00, 0x0A, 0x00,
    0x06, 0x65, 0x66, 0x66, 0x65, 0x63, 0x74, 0x08, 0x00, 0x04, 0x74, 0x79, 0x70, 0x65, 0x00, 0x0D, 0x6D, 0x69, 0x6E, 0x65,
    0x63, 0x72, 0x61, 0x66, 0x74, 0x3A, 0x61, 0x64, 0x64, 0x0A, 0x00, 0x05, 0x76, 0x61, 0x6C, 0x75, 0x65, 0x05, 0x00, 0x15,
    0x70, 0x65, 0x72, 0x5F, 0x6C, 0x65, 0x76, 0x65, 0x6C, 0x5F, 0x61, 0x62, 0x6F, 0x76, 0x65, 0x5F, 0x66, 0x69, 0x72, 0x73,
    0x74, 0x40, 0x20, 0x00, 0x00, 0x08, 0x00, 0x04, 0x74, 0x79, 0x70, 0x65, 0x00, 0x10, 0x6D, 0x69, 0x6E, 0x65, 0x63, 0x72,
    0x61, 0x66, 0x74, 0x3A, 0x6C, 0x69, 0x6E, 0x65, 0x61, 0x72, 0x05, 0x00, 0x04, 0x62, 0x61, 0x73, 0x65, 0x40, 0x20, 0x00,
    0x00, 0x00, 0x00, 0x00, 0x09, 0x00, 0x15, 0x6D, 0x69, 0x6E, 0x65, 0x63, 0x72, 0x61, 0x66, 0x74, 0x3A, 0x70, 0x6F, 0x73,
    0x74, 0x5F, 0x61, 0x74, 0x74, 0x61, 0x63, 0x6B, 0x0A, 0x00, 0x00, 0x00, 0x01, 0x0A, 0x00, 0x0C, 0x72, 0x65, 0x71, 0x75,
    0x69, 0x72, 0x65, 0x6D, 0x65, 0x6E, 0x74, 0x73, 0x08, 0x00, 0x09, 0x63, 0x6F, 0x6E, 0x64, 0x69, 0x74, 0x69, 0x6F, 0x6E,
    0x00, 0x10, 0x6D, 0x69, 0x6E, 0x65, 0x63, 0x72, 0x61, 0x66, 0x74, 0x3A, 0x61, 0x6C, 0x6C, 0x5F, 0x6F, 0x66, 0x09, 0x00,
    0x05, 0x74, 0x65, 0x72, 0x6D, 0x73, 0x0A, 0x00, 0x00, 0x00, 0x02, 0x0A, 0x00, 0x09, 0x70, 0x72, 0x65, 0x64, 0x69, 0x63,
    0x61, 0x74, 0x65, 0x08, 0x00, 0x0B, 0x65, 0x6E, 0x74, 0x69, 0x74, 0x79, 0x5F, 0x74, 0x79, 0x70, 0x65, 0x00, 0x2A, 0x23,
    0x6D, 0x69, 0x6E, 0x65, 0x63, 0x72, 0x61, 0x66, 0x74, 0x3A, 0x73, 0x65, 0x6E, 0x73, 0x69, 0x74, 0x69, 0x76, 0x65, 0x5F,
    0x74, 0x6F, 0x5F, 0x62, 0x61, 0x6E, 0x65, 0x5F, 0x6F, 0x66, 0x5F, 0x61, 0x72, 0x74, 0x68, 0x72, 0x6F, 0x70, 0x6F, 0x64,
    0x73, 0x00, 0x08, 0x00, 0x09, 0x63, 0x6F, 0x6E, 0x64, 0x69, 0x74, 0x69, 0x6F, 0x6E, 0x00, 0x1B, 0x6D, 0x69, 0x6E, 0x65,
    0x63, 0x72, 0x61, 0x66, 0x74, 0x3A, 0x65, 0x6E, 0x74, 0x69, 0x74, 0x79, 0x5F, 0x70, 0x72, 0x6F, 0x70, 0x65, 0x72, 0x74,
    0x69, 0x65, 0x73, 0x08, 0x00, 0x06, 0x65, 0x6E, 0x74, 0x69, 0x74, 0x79, 0x00, 0x04, 0x74, 0x68, 0x69, 0x73, 0x00, 0x0A,
    0x00, 0x09, 0x70, 0x72, 0x65, 0x64, 0x69, 0x63, 0x61, 0x74, 0x65, 0x01, 0x00, 0x09, 0x69, 0x73, 0x5F, 0x64, 0x69, 0x72,
    0x65, 0x63, 0x74, 0x01, 0x00, 0x08, 0x00, 0x09, 0x63, 0x6F, 0x6E, 0x64, 0x69, 0x74, 0x69, 0x6F, 0x6E, 0x00, 0x22, 0x6D,
    0x69, 0x6E, 0x65, 0x63, 0x72, 0x61, 0x66, 0x74, 0x3A, 0x64, 0x61, 0x6D, 0x61, 0x67, 0x65, 0x5F, 0x73, 0x6F, 0x75, 0x72,
    0x63, 0x65, 0x5F, 0x70, 0x72, 0x6F, 0x70, 0x65, 0x72, 0x74, 0x69, 0x65, 0x73, 0x00, 0x00, 0x08, 0x00, 0x09, 0x65, 0x6E,
    0x63, 0x68, 0x61, 0x6E, 0x74, 0x65, 0x64, 0x00, 0x08, 0x61, 0x74, 0x74, 0x61, 0x63, 0x6B, 0x65, 0x72, 0x0A, 0x00, 0x06,
    0x65, 0x66, 0x66, 0x65, 0x63, 0x74, 0x05, 0x00, 0x0D, 0x6D, 0x69, 0x6E, 0x5F, 0x61, 0x6D, 0x70, 0x6C, 0x69, 0x66, 0x69,
    0x65, 0x72, 0x40, 0x40, 0x00, 0x00, 0x08, 0x00, 0x08, 0x74, 0x6F, 0x5F, 0x61, 0x70, 0x70, 0x6C, 0x79, 0x00, 0x12, 0x6D,
    0x69, 0x6E, 0x65, 0x63, 0x72, 0x61, 0x66, 0x74, 0x3A, 0x73, 0x6C, 0x6F, 0x77, 0x6E, 0x65, 0x73, 0x73, 0x05, 0x00, 0x0C,
    0x6D, 0x69, 0x6E, 0x5F, 0x64, 0x75, 0x72, 0x61, 0x74, 0x69, 0x6F, 0x6E, 0x3F, 0xC0, 0x00, 0x00, 0x08, 0x00, 0x04, 0x74,
    0x79, 0x70, 0x65, 0x00, 0x1A, 0x6D, 0x69, 0x6E, 0x65, 0x63, 0x72, 0x61, 0x66, 0x74, 0x3A, 0x61, 0x70, 0x70, 0x6C, 0x79,
    0x5F, 0x6D, 0x6F, 0x62, 0x5F, 0x65, 0x66, 0x66, 0x65, 0x63, 0x74, 0x0A, 0x00, 0x0C, 0x6D, 0x61, 0x78, 0x5F, 0x64, 0x75,
    0x72, 0x61, 0x74, 0x69, 0x6F, 0x6E, 0x05, 0x00, 0x15, 0x70, 0x65, 0x72, 0x5F, 0x6C, 0x65, 0x76, 0x65, 0x6C, 0x5F, 0x61,
    0x62, 0x6F, 0x76, 0x65, 0x5F, 0x66, 0x69, 0x72, 0x73, 0x74, 0x3F, 0x00, 0x00, 0x00, 0x08, 0x00, 0x04, 0x74, 0x79, 0x70,
    0x65, 0x00, 0x10, 0x6D, 0x69, 0x6E, 0x65, 0x63, 0x72, 0x61, 0x66, 0x74, 0x3A, 0x6C, 0x69, 0x6E, 0x65, 0x61, 0x72, 0x05,
    0x00, 0x04, 0x62, 0x61, 0x73, 0x65, 0x3F, 0xC0, 0x00, 0x00, 0x00, 0x05, 0x00, 0x0D, 0x6D, 0x61, 0x78, 0x5F, 0x61, 0x6D,
    0x70, 0x6C, 0x69, 0x66, 0x69, 0x65, 0x72, 0x40, 0x40, 0x00, 0x00, 0x00, 0x08, 0x00, 0x08, 0x61, 0x66, 0x66, 0x65, 0x63,
    0x74, 0x65, 0x64, 0x00, 0x06, 0x76, 0x69, 0x63, 0x74, 0x69, 0x6D, 0x00, 0x00, 0x0A, 0x00, 0x08, 0x6D, 0x61, 0x78, 0x5F,
    0x63, 0x6F, 0x73, 0x74, 0x03, 0x00, 0x15, 0x70, 0x65, 0x72, 0x5F, 0x6C, 0x65, 0x76, 0x65, 0x6C, 0x5F, 0x61, 0x62, 0x6F,
    0x76, 0x65, 0x5F, 0x66, 0x69, 0x72, 0x73, 0x74, 0x00, 0x00, 0x00, 0x08, 0x03, 0x00, 0x04, 0x62, 0x61, 0x73, 0x65, 0x00,
    0x00, 0x00, 0x19, 0x00, 0x08, 0x00, 0x0F, 0x73, 0x75, 0x70, 0x70, 0x6F, 0x72, 0x74, 0x65, 0x64, 0x5F, 0x69, 0x74, 0x65,
    0x6D, 0x73, 0x00, 0x1D, 0x23, 0x6D, 0x69, 0x6E, 0x65, 0x63, 0x72, 0x61, 0x66, 0x74, 0x3A, 0x65, 0x6E, 0x63, 0x68, 0x61,
    0x6E, 0x74, 0x61, 0x62, 0x6C, 0x65, 0x2F, 0x77, 0x65, 0x61, 0x70, 0x6F, 0x6E, 0x03, 0x00, 0x09, 0x6D, 0x61, 0x78, 0x5F,
    0x6C, 0x65, 0x76, 0x65, 0x6C, 0x00, 0x00, 0x00, 0x05, 0x0A, 0x00, 0x08, 0x6D, 0x69, 0x6E, 0x5F, 0x63, 0x6F, 0x73, 0x74,
    0x03, 0x00, 0x15, 0x70, 0x65, 0x72, 0x5F, 0x6C, 0x65, 0x76, 0x65, 0x6C, 0x5F, 0x61, 0x62, 0x6F, 0x76, 0x65, 0x5F, 0x66,
    0x69, 0x72, 0x73, 0x74, 0x00, 0x00, 0x00, 0x08, 0x03, 0x00, 0x04, 0x62, 0x61, 0x73, 0x65, 0x00, 0x00, 0x00, 0x05, 0x00,
    0x0A, 0x00, 0x0B, 0x64, 0x65, 0x73, 0x63, 0x72, 0x69, 0x70, 0x74, 0x69, 0x6F, 0x6E, 0x08, 0x00, 0x09, 0x74, 0x72, 0x61,
    0x6E, 0x73, 0x6C, 0x61, 0x74, 0x65, 0x00, 0x28, 0x65, 0x6E, 0x63, 0x68, 0x61, 0x6E, 0x74, 0x6D, 0x65, 0x6E, 0x74, 0x2E,
    0x6D, 0x69, 0x6E, 0x65, 0x63, 0x72, 0x61, 0x66, 0x74, 0x2E, 0x62, 0x61, 0x6E, 0x65, 0x5F, 0x6F, 0x66, 0x5F, 0x61, 0x72,
    0x74, 0x68, 0x72, 0x6F, 0x70, 0x6F, 0x64, 0x73, 0x00, 0x03, 0x00, 0x06, 0x77, 0x65, 0x69, 0x67, 0x68, 0x74, 0x00, 0x00,
    0x00, 0x05, 0x03, 0x00, 0x0A, 0x61, 0x6E, 0x76, 0x69, 0x6C, 0x5F, 0x63, 0x6F, 0x73, 0x74, 0x00, 0x00, 0x00, 0x02, 0x08,
    0x00, 0x0D, 0x65, 0x78, 0x63, 0x6C, 0x75, 0x73, 0x69, 0x76, 0x65, 0x5F, 0x73, 0x65, 0x74, 0x00, 0x1F, 0x23, 0x6D, 0x69,
    0x6E, 0x65, 0x63, 0x72, 0x61, 0x66, 0x74, 0x3A, 0x65, 0x78, 0x63, 0x6C, 0x75, 0x73, 0x69, 0x76, 0x65, 0x5F, 0x73, 0x65,
    0x74, 0x2F, 0x64, 0x61, 0x6D, 0x61, 0x67, 0x65, 0x00, 0x17, 0x6D, 0x69, 0x6E, 0x65, 0x63, 0x72, 0x61, 0x66, 0x74, 0x3A,
    0x62, 0x69, 0x6E, 0x64, 0x69, 0x6E, 0x67, 0x5F, 0x63, 0x75, 0x72, 0x73, 0x65, 0x01, 0x0A, 0x09, 0x00, 0x05, 0x73, 0x6C,
    0x6F, 0x74, 0x73, 0x08, 0x00, 0x00, 0x00, 0x01, 0x00, 0x05, 0x61, 0x72, 0x6D, 0x6F, 0x72, 0x0A, 0x00, 0x07, 0x65, 0x66,
    0x66, 0x65, 0x63, 0x74, 0x73, 0x0A, 0x00, 0x1E, 0x6D, 0x69, 0x6E, 0x65, 0x63, 0x72, 0x61, 0x66, 0x74, 0x3A, 0x70, 0x72,
    0x65, 0x76, 0x65, 0x6E, 0x74, 0x5F, 0x61, 0x72, 0x6D, 0x6F, 0x72, 0x5F, 0x63, 0x68, 0x61, 0x6E, 0x67, 0x65, 0x00, 0x00,
    0x0A, 0x00, 0x08, 0x6D, 0x61, 0x78, 0x5F, 0x63, 0x6F, 0x73, 0x74, 0x03, 0x00, 0x15, 0x70, 0x65, 0x72, 0x5F, 0x6C, 0x65,
    0x76, 0x65, 0x6C, 0x5F, 0x61, 0x62, 0x6F, 0x76, 0x65, 0x5F, 0x66, 0x69, 0x72, 0x73, 0x74, 0x00, 0x00, 0x00, 0x00, 0x03,
    0x00, 0x04, 0x62, 0x61, 0x73, 0x65, 0x00, 0x00, 0x00, 0x32, 0x00, 0x08, 0x00, 0x0F, 0x73, 0x75, 0x70, 0x70, 0x6F, 0x72,
    0x74, 0x65, 0x64, 0x5F, 0x69, 0x74, 0x65, 0x6D, 0x73, 0x00, 0x21, 0x23, 0x6D, 0x69, 0x6E, 0x65, 0x63, 0x72, 0x61, 0x66,
    0x74, 0x3A, 0x65, 0x6E, 0x63, 0x68, 0x61, 0x6E, 0x74, 0x61, 0x62, 0x6C, 0x65, 0x2F, 0x65, 0x71, 0x75, 0x69, 0x70, 0x70,
    0x61, 0x62, 0x6C, 0x65, 0x03, 0x00, 0x09, 0x6D, 0x61, 0x78, 0x5F, 0x6C, 0x65, 0x76, 0x65, 0x6C, 0x00, 0x00, 0x00, 0x01,
    0x0A, 0x00, 0x08, 0x6D, 0x69, 0x6E, 0x5F, 0x63, 0x6F, 0x73, 0x74, 0x03, 0x00, 0x15, 0x70, 0x65, 0x72, 0x5F, 0x6C, 0x65,
    0x76, 0x65, 0x6C, 0x5F, 0x61, 0x62, 0x6F, 0x76, 0x65, 0x5F, 0x66, 0x69, 0x72, 0x73, 0x74, 0x00, 0x00, 0x00, 0x00, 0x03,
    0x00, 0x04, 0x62, 0x61, 0x73, 0x65, 0x00, 0x00, 0x00, 0x19, 0x00, 0x0A, 0x00, 0x0B, 0x64, 0x65, 0x73, 0x63, 0x72, 0x69,
    0x70, 0x74, 0x69, 0x6F, 0x6E, 0x08, 0x00, 0x09, 0x74, 0x72, 0x61, 0x6E, 0x73, 0x6C, 0x61, 0x74, 0x65, 0x00, 0x23, 0x65,
    0x6E, 0x63, 0x68, 0x61, 0x6E, 0x74, 0x6D, 0x65, 0x6E, 0x74, 0x2E, 0x6D, 0x69, 0x6E, 0x65, 0x63, 0x72, 0x61, 0x66, 0x74,
    0x2E, 0x62, 0x69, 0x6E, 0x64, 0x69, 0x6E, 0x67, 0x5F, 0x63, 0x75, 0x72, 0x73, 0x65, 0x00, 0x03, 0x00, 0x06, 0x77, 0x65,
    0x69, 0x67, 0x68, 0x74, 0x00, 0x00, 0x00, 0x01, 0x03, 0x00, 0x0A, 0x61, 0x6E, 0x76, 0x69, 0x6C, 0x5F, 0x63, 0x6F, 0x73,
    0x74, 0x00, 0x00, 0x00, 0x08, 0x00, 0x1A, 0x6D, 0x69, 0x6E, 0x65, 0x63, 0x72, 0x61, 0x66, 0x74, 0x3A, 0x62, 0x6C, 0x61,
    0x73, 0x74, 0x5F, 0x70, 0x72, 0x6F, 0x74, 0x65, 0x63, 0x74, 0x69, 0x6F, 0x6E, 0x01, 0x0A, 0x09, 0x00, 0x05, 0x73, 0x6C,
    0x6F, 0x74, 0x73, 0x08, 0x00, 0x00, 0x00, 0x01, 0x00, 0x05, 0x61, 0x72, 0x6D, 0x6F, 0x72, 0x0A, 0x00, 0x07, 0x65, 0x66,
    0x66, 0x65, 0x63, 0x74, 0x73, 0x09, 0x00, 0x14, 0x6D, 0x69, 0x6E, 0x65, 0x63, 0x72, 0x61, 0x66, 0x74, 0x3A, 0x61, 0x74,
    0x74, 0x72, 0x69, 0x62, 0x75, 0x74, 0x65, 0x73, 0x0A, 0x00, 0x00, 0x00, 0x01, 0x0A, 0x00, 0x06, 0x61, 0x6D, 0x6F, 0x75,
    0x6E, 0x74, 0x05, 0x00, 0x15, 0x70, 0x65, 0x72, 0x5F, 0x6C, 0x65, 0x76, 0x65, 0x6C, 0x5F, 0x61, 0x62, 0x6F, 0x76, 0x65,
    0x5F, 0x66, 0x69, 0x72, 0x73, 0x74, 0x3E, 0x19, 0x99, 0x9A, 0x08, 0x00, 0x04, 0x74, 0x79, 0x70, 0x65, 0x00, 0x10, 0x6D,
    0x69, 0x6E, 0x65, 0x63, 0x72, 0x61, 0x66, 0x74, 0x3A, 0x6C, 0x69, 0x6E, 0x65, 0x61, 0x72, 0x05, 0x00, 0x04, 0x62, 0x61,
    0x73, 0x65, 0x3E, 0x19, 0x99, 0x9A, 0x00, 0x08, 0x00, 0x02, 0x69, 0x64, 0x00, 0x26, 0x6D, 0x69, 0x6E, 0x65, 0x63, 0x72,
    0x61, 0x66, 0x74, 0x3A, 0x65, 0x6E, 0x63, 0x68, 0x61, 0x6E, 0x74, 0x6D, 0x65, 0x6E, 0x74, 0x2E, 0x62, 0x6C, 0x61, 0x73,
    0x74, 0x5F, 0x70, 0x72, 0x6F, 0x74, 0x65, 0x63, 0x74, 0x69, 0x6F, 0x6E, 0x08, 0x00, 0x09, 0x61, 0x74, 0x74, 0x72, 0x69,
    0x62, 0x75, 0x74, 0x65, 0x00, 0x28, 0x6D, 0x69, 0x6E, 0x65, 0x63, 0x72, 0x61, 0x66, 0x74, 0x3A, 0x65, 0x78, 0x70, 0x6C,
    0x6F, 0x73, 0x69, 0x6F, 0x6E, 0x5F, 0x6B, 0x6E, 0x6F, 0x63, 0x6B, 0x62, 0x61, 0x63, 0x6B, 0x5F, 0x72, 0x65, 0x73, 0x69,
    0x73, 0x74, 0x61, 0x6E, 0x63, 0x65, 0x08, 0x00, 0x09, 0x6F, 0x70, 0x65, 0x72, 0x61, 0x74, 0x69, 0x6F, 0x6E, 0x00, 0x09,
    0x61, 0x64, 0x64, 0x5F, 0x76, 0x61, 0x6C, 0x75, 0x65, 0x00, 0x09, 0x00, 0x1B, 0x6D, 0x69, 0x6E, 0x65, 0x63, 0x72, 0x61,
    0x66, 0x74, 0x3A, 0x64, 0x61, 0x6D, 0x61, 0x67, 0x65, 0x5F, 0x70, 0x72, 0x6F, 0x74, 0x65, 0x63, 0x74, 0x69, 0x6F, 0x6E,
    0x0A, 0x00, 0x00, 0x00, 0x01, 0x0A, 0x00, 0x0C, 0x72, 0x65, 0x71, 0x75, 0x69, 0x72, 0x65, 0x6D, 0x65, 0x6E, 0x74, 0x73,
    0x0A, 0x00, 0x09, 0x70, 0x72, 0x65, 0x64, 0x69, 0x63, 0x61, 0x74, 0x65, 0x09, 0x00, 0x04, 0x74, 0x61, 0x67, 0x73, 0x0A,
    0x00, 0x00, 0x00, 0x02, 0x01, 0x00, 0x08, 0x65, 0x78, 0x70, 0x65, 0x63, 0x74, 0x65, 0x64, 0x01, 0x08, 0x00, 0x02, 0x69,
    0x64, 0x00, 0x16, 0x6D, 0x69, 0x6E, 0x65, 0x63, 0x72, 0x61, 0x66, 0x74, 0x3A, 0x69, 0x73, 0x5F, 0x65, 0x78, 0x70, 0x6C,
    0x6F, 0x73, 0x69, 0x6F, 0x6E, 0x00, 0x01, 0x00, 0x08, 0x65, 0x78, 0x70, 0x65, 0x63, 0x74, 0x65, 0x64, 0x00, 0x08, 0x00,
    0x02, 0x69, 0x64, 0x00, 0x22, 0x6D, 0x69, 0x6E, 0x65, 0x63, 0x72, 0x61, 0x66, 0x74, 0x3A, 0x62, 0x79, 0x70, 0x61, 0x73,
    0x73, 0x65, 0x73, 0x5F, 0x69, 0x6E, 0x76, 0x75, 0x6C, 0x6E, 0x65, 0x72, 0x61, 0x62, 0x69, 0x6C, 0x69, 0x74, 0x79, 0x00,
    0x00, 0x08, 0x00, 0x09, 0x63, 0x6F, 0x6E, 0x64, 0x69, 0x74, 0x69, 0x6F, 0x6E, 0x00, 0x22, 0x6D, 0x69, 0x6E, 0x65, 0x63,
    0x72, 0x61, 0x66, 0x74, 0x3A, 0x64, 0x61, 0x6D, 0x61, 0x67, 0x65, 0x5F, 0x73, 0x6F, 0x75, 0x72, 0x63, 0x65, 0x5F, 0x70,
    0x72, 0x6F, 0x70, 0x65, 0x72, 0x74, 0x69, 0x65, 0x73, 0x00, 0x0A, 0x00, 0x06, 0x65, 0x66, 0x66, 0x65, 0x63, 0x74, 0x08,
    0x00, 0x04, 0x74, 0x79, 0x70, 0x65, 0x00, 0x0D, 0x6D, 0x69, 0x6E, 0x65, 0x63, 0x72, 0x61, 0x66, 0x74, 0x3A, 0x61, 0x64,
    0x64, 0x0A, 0x00, 0x05, 0x76, 0x61, 0x6C, 0x75, 0x65, 0x05, 0x00, 0x15, 0x70, 0x65, 0x72, 0x5F, 0x6C, 0x65, 0x76, 0x65,
    0x6C, 0x5F, 0x61, 0x62, 0x6F, 0x76, 0x65, 0x5F, 0x66, 0x69, 0x72, 0x73, 0x74, 0x40, 0x00, 0x00, 0x00, 0x08, 0x00, 0x04,
    0x74, 0x79, 0x70, 0x65, 0x00, 0x10, 0x6D, 0x69, 0x6E, 0x65, 0x63, 0x72, 0x61, 0x66, 0x74, 0x3A, 0x6C, 0x69, 0x6E, 0x65,
    0x61, 0x72, 0x05, 0x00, 0x04, 0x62, 0x61, 0x73, 0x65, 0x40, 0x00, 0x00, 0x00, 0x00, 0x00, 0x00, 0x00, 0x0A, 0x00, 0x08,
    0x6D, 0x61, 0x78, 0x5F, 0x63, 0x6F, 0x73, 0x74, 0x03, 0x00, 0x15, 0x70, 0x65, 0x72, 0x5F, 0x6C, 0x65, 0x76, 0x65, 0x6C,
    0x5F, 0x61, 0x62, 0x6F, 0x76, 0x65, 0x5F, 0x66, 0x69, 0x72, 0x73, 0x74, 0x00, 0x00, 0x00, 0x08, 0x03, 0x00, 0x04, 0x62,
    0x61, 0x73, 0x65, 0x00, 0x00, 0x00, 0x0D, 0x00, 0x08, 0x00, 0x0F, 0x73, 0x75, 0x70, 0x70, 0x6F, 0x72, 0x74, 0x65, 0x64,
    0x5F, 0x69, 0x74, 0x65, 0x6D, 0x73, 0x00, 0x1C, 0x23, 0x6D, 0x69, 0x6E, 0x65, 0x63, 0x72, 0x61, 0x66, 0x74, 0x3A, 0x65,
    0x6E, 0x63, 0x68, 0x61, 0x6E, 0x74, 0x61, 0x62, 0x6C, 0x65, 0x2F, 0x61, 0x72, 0x6D, 0x6F, 0x72, 0x03, 0x00, 0x09, 0x6D,
    0x61, 0x78, 0x5F, 0x6C, 0x65, 0x76, 0x65, 0x6C, 0x00, 0x00, 0x00, 0x04, 0x0A, 0x00, 0x08, 0x6D, 0x69, 0x6E, 0x5F, 0x63,
    0x6F, 0x73, 0x74, 0x03, 0x00, 0x15, 0x70, 0x65, 0x72, 0x5F, 0x6C, 0x65, 0x76, 0x65, 0x6C, 0x5F, 0x61, 0x62, 0x6F, 0x76,
    0x65, 0x5F, 0x66, 0x69, 0x72, 0x73, 0x74, 0x00, 0x00, 0x00, 0x08, 0x03, 0x00, 0x04, 0x62, 0x61, 0x73, 0x65, 0x00, 0x00,
    0x00, 0x05, 0x00, 0x0A, 0x00, 0x0B, 0x64, 0x65, 0x73, 0x63, 0x72, 0x69, 0x70, 0x74, 0x69, 0x6F, 0x6E, 0x08, 0x00, 0x09,
    0x74, 0x72, 0x61, 0x6E, 0x73, 0x6C, 0x61, 0x74, 0x65, 0x00, 0x26, 0x65, 0x6E, 0x63, 0x68, 0x61, 0x6E, 0x74, 0x6D, 0x65,
    0x6E, 0x74, 0x2E, 0x6D, 0x69, 0x6E, 0x65, 0x63, 0x72, 0x61, 0x66, 0x74, 0x2E, 0x62, 0x6C, 0x61, 0x73, 0x74, 0x5F, 0x70,
    0x72, 0x6F, 0x74, 0x65, 0x63, 0x74, 0x69, 0x6F, 0x6E, 0x00, 0x03, 0x00, 0x06, 0x77, 0x65, 0x69, 0x67, 0x68, 0x74, 0x00,
    0x00, 0x00, 0x02, 0x03, 0x00, 0x0A, 0x61, 0x6E, 0x76, 0x69, 0x6C, 0x5F, 0x63, 0x6F, 0x73, 0x74, 0x00, 0x00, 0x00, 0x04,
    0x08, 0x00, 0x0D, 0x65, 0x78, 0x63, 0x6C, 0x75, 0x73, 0x69, 0x76, 0x65, 0x5F, 0x73, 0x65, 0x74, 0x00, 0x1E, 0x23, 0x6D,
    0x69, 0x6E, 0x65, 0x63, 0x72, 0x61, 0x66, 0x74, 0x3A, 0x65, 0x78, 0x63, 0x6C, 0x75, 0x73, 0x69, 0x76, 0x65, 0x5F, 0x73,
    0x65, 0x74, 0x2F, 0x61, 0x72, 0x6D, 0x6F, 0x72, 0x00, 0x10, 0x6D, 0x69, 0x6E, 0x65, 0x63, 0x72, 0x61, 0x66, 0x74, 0x3A,
    0x62, 0x72, 0x65, 0x61, 0x63, 0x68, 0x01, 0x0A, 0x09, 0x00, 0x05, 0x73, 0x6C, 0x6F, 0x74, 0x73, 0x08, 0x00, 0x00, 0x00,
    0x01, 0x00, 0x08, 0x6D, 0x61, 0x69, 0x6E, 0x68, 0x61, 0x6E, 0x64, 0x0A, 0x00, 0x07, 0x65, 0x66, 0x66, 0x65, 0x63, 0x74,
    0x73, 0x09, 0x00, 0x1D, 0x6D, 0x69, 0x6E, 0x65, 0x63, 0x72, 0x61, 0x66, 0x74, 0x3A, 0x61, 0x72, 0x6D, 0x6F, 0x72, 0x5F,
    0x65, 0x66, 0x66, 0x65, 0x63, 0x74, 0x69, 0x76, 0x65, 0x6E, 0x65, 0x73, 0x73, 0x0A, 0x00, 0x00, 0x00, 0x01, 0x0A, 0x00,
    0x06, 0x65, 0x66, 0x66, 0x65, 0x63, 0x74, 0x08, 0x00, 0x04, 0x74, 0x79, 0x70, 0x65, 0x00, 0x0D, 0x6D, 0x69, 0x6E, 0x65,
    0x63, 0x72, 0x61, 0x66, 0x74, 0x3A, 0x61, 0x64, 0x64, 0x0A, 0x00, 0x05, 0x76, 0x61, 0x6C, 0x75, 0x65, 0x05, 0x00, 0x15,
    0x70, 0x65, 0x72, 0x5F, 0x6C, 0x65, 0x76, 0x65, 0x6C, 0x5F, 0x61, 0x62, 0x6F, 0x76, 0x65, 0x5F, 0x66, 0x69, 0x72, 0x73,
    0x74, 0xBE, 0x19, 0x99, 0x9A, 0x08, 0x00, 0x04, 0x74, 0x79, 0x70, 0x65, 0x00, 0x10, 0x6D, 0x69, 0x6E, 0x65, 0x63, 0x72,
    0x61, 0x66, 0x74, 0x3A, 0x6C, 0x69, 0x6E, 0x65, 0x61, 0x72, 0x05, 0x00, 0x04, 0x62, 0x61, 0x73, 0x65, 0xBE, 0x19, 0x99,
    0x9A, 0x00, 0x00, 0x00, 0x00, 0x0A, 0x00, 0x08, 0x6D, 0x61, 0x78, 0x5F, 0x63, 0x6F, 0x73, 0x74, 0x03, 0x00, 0x15, 0x70,
    0x65, 0x72, 0x5F, 0x6C, 0x65, 0x76, 0x65, 0x6C, 0x5F, 0x61, 0x62, 0x6F, 0x76, 0x65, 0x5F, 0x66, 0x69, 0x72, 0x73, 0x74,
    0x00, 0x00, 0x00, 0x09, 0x03, 0x00, 0x04, 0x62, 0x61, 0x73, 0x65, 0x00, 0x00, 0x00, 0x41, 0x00, 0x08, 0x00, 0x0F, 0x73,
    0x75, 0x70, 0x70, 0x6F, 0x72, 0x74, 0x65, 0x64, 0x5F, 0x69, 0x74, 0x65, 0x6D, 0x73, 0x00, 0x1B, 0x23, 0x6D, 0x69, 0x6E,
    0x65, 0x63, 0x72, 0x61, 0x66, 0x74, 0x3A, 0x65, 0x6E, 0x63, 0x68, 0x61, 0x6E, 0x74, 0x61, 0x62, 0x6C, 0x65, 0x2F, 0x6D,
    0x61, 0x63, 0x65, 0x03, 0x00, 0x09, 0x6D, 0x61, 0x78, 0x5F, 0x6C, 0x65, 0x76, 0x65, 0x6C, 0x00, 0x00, 0x00, 0x04, 0x0A,
    0x00, 0x08, 0x6D, 0x69, 0x6E, 0x5F, 0x63, 0x6F, 0x73, 0x74, 0x03, 0x00, 0x15, 0x70, 0x65, 0x72, 0x5F, 0x6C, 0x65, 0x76,
    0x65, 0x6C, 0x5F, 0x61, 0x62, 0x6F, 0x76, 0x65, 0x5F, 0x66, 0x69, 0x72, 0x73, 0x74, 0x00, 0x00, 0x00, 0x09, 0x03, 0x00,
    0x04, 0x62, 0x61, 0x73, 0x65, 0x00, 0x00, 0x00, 0x0F, 0x00, 0x0A, 0x00, 0x0B, 0x64, 0x65, 0x73, 0x63, 0x72, 0x69, 0x70,
    0x74, 0x69, 0x6F, 0x6E, 0x08, 0x00, 0x09, 0x74, 0x72, 0x61, 0x6E, 0x73, 0x6C, 0x61, 0x74, 0x65, 0x00, 0x1C, 0x65, 0x6E,
    0x63, 0x68, 0x61, 0x6E, 0x74, 0x6D, 0x65, 0x6E, 0x74, 0x2E, 0x6D, 0x69, 0x6E, 0x65, 0x63, 0x72, 0x61, 0x66, 0x74, 0x2E,
    0x62, 0x72, 0x65, 0x61, 0x63, 0x68, 0x00, 0x03, 0x00, 0x06, 0x77, 0x65, 0x69, 0x67, 0x68, 0x74, 0x00, 0x00, 0x00, 0x02,
    0x03, 0x00, 0x0A, 0x61, 0x6E, 0x76, 0x69, 0x6C, 0x5F, 0x63, 0x6F, 0x73, 0x74, 0x00, 0x00, 0x00, 0x04, 0x08, 0x00, 0x0D,
    0x65, 0x78, 0x63, 0x6C, 0x75, 0x73, 0x69, 0x76, 0x65, 0x5F, 0x73, 0x65, 0x74, 0x00, 0x1F, 0x23, 0x6D, 0x69, 0x6E, 0x65,
    0x63, 0x72, 0x61, 0x66, 0x74, 0x3A, 0x65, 0x78, 0x63, 0x6C, 0x75, 0x73, 0x69, 0x76, 0x65, 0x5F, 0x73, 0x65, 0x74, 0x2F,
    0x64, 0x61, 0x6D, 0x61, 0x67, 0x65, 0x00, 0x14, 0x6D, 0x69, 0x6E, 0x65, 0x63, 0x72, 0x61, 0x66, 0x74, 0x3A, 0x63, 0x68,
    0x61, 0x6E, 0x6E, 0x65, 0x6C, 0x69, 0x6E, 0x67, 0x01, 0x0A, 0x09, 0x00, 0x05, 0x73, 0x6C, 0x6F, 0x74, 0x73, 0x08, 0x00,
    0x00, 0x00, 0x01, 0x00, 0x08, 0x6D, 0x61, 0x69, 0x6E, 0x68, 0x61, 0x6E, 0x64, 0x0A, 0x00, 0x07, 0x65, 0x66, 0x66, 0x65,
    0x63, 0x74, 0x73, 0x09, 0x00, 0x15, 0x6D, 0x69, 0x6E, 0x65, 0x63, 0x72, 0x61, 0x66, 0x74, 0x3A, 0x70, 0x6F, 0x73, 0x74,
    0x5F, 0x61, 0x74, 0x74, 0x61, 0x63, 0x6B, 0x0A, 0x00, 0x00, 0x00, 0x01, 0x0A, 0x00, 0x0C, 0x72, 0x65, 0x71, 0x75, 0x69,
    0x72, 0x65, 0x6D, 0x65, 0x6E, 0x74, 0x73, 0x08, 0x00, 0x09, 0x63, 0x6F, 0x6E, 0x64, 0x69, 0x74, 0x69, 0x6F, 0x6E, 0x00,
    0x10, 0x6D, 0x69, 0x6E, 0x65, 0x63, 0x72, 0x61, 0x66, 0x74, 0x3A, 0x61, 0x6C, 0x6C, 0x5F, 0x6F, 0x66, 0x09, 0x00, 0x05,
    0x74, 0x65, 0x72, 0x6D, 0x73, 0x0A, 0x00, 0x00, 0x00, 0x03, 0x08, 0x00, 0x09, 0x63, 0x6F, 0x6E, 0x64, 0x69, 0x74, 0x69,
    0x6F, 0x6E, 0x00, 0x17, 0x6D, 0x69, 0x6E, 0x65, 0x63, 0x72, 0x61, 0x66, 0x74, 0x3A, 0x77, 0x65, 0x61, 0x74, 0x68, 0x65,
    0x72, 0x5F, 0x63, 0x68, 0x65, 0x63, 0x6B, 0x01, 0x00, 0x0A, 0x74, 0x68, 0x75, 0x6E, 0x64, 0x65, 0x72, 0x69, 0x6E, 0x67,
    0x01, 0x00, 0x0A, 0x00, 0x09, 0x70, 0x72, 0x65, 0x64, 0x69, 0x63, 0x61, 0x74, 0x65, 0x0A, 0x00, 0x08, 0x6C, 0x6F, 0x63,
    0x61, 0x74, 0x69, 0x6F, 0x6E, 0x01, 0x00, 0x0B, 0x63, 0x61, 0x6E, 0x5F, 0x73, 0x65, 0x65, 0x5F, 0x73, 0x6B, 0x79, 0x01,
    0x00, 0x00, 0x08, 0x00, 0x09, 0x63, 0x6F, 0x6E, 0x64, 0x69, 0x74, 0x69, 0x6F, 0x6E, 0x00, 0x1B, 0x6D, 0x69, 0x6E, 0x65,
    0x63, 0x72, 0x61, 0x66, 0x74, 0x3A, 0x65, 0x6E, 0x74, 0x69, 0x74, 0x79, 0x5F, 0x70, 0x72, 0x6F, 0x70, 0x65, 0x72, 0x74,
    0x69, 0x65, 0x73, 0x08, 0x00, 0x06, 0x65, 0x6E, 0x74, 0x69, 0x74, 0x79, 0x00, 0x04, 0x74, 0x68, 0x69, 0x73, 0x00, 0x0A,
    0x00, 0x09, 0x70, 0x72, 0x65, 0x64, 0x69, 0x63, 0x61, 0x74, 0x65, 0x08, 0x00, 0x0B, 0x65, 0x6E, 0x74, 0x69, 0x74, 0x79,
    0x5F, 0x74, 0x79, 0x70, 0x65, 0x00, 0x11, 0x6D, 0x69, 0x6E, 0x65, 0x63, 0x72, 0x61, 0x66, 0x74, 0x3A, 0x74, 0x72, 0x69,
    0x64, 0x65, 0x6E, 0x74, 0x00, 0x08, 0x00, 0x09, 0x63, 0x6F, 0x6E, 0x64, 0x69, 0x74, 0x69, 0x6F, 0x6E, 0x00, 0x1B, 0x6D,
    0x69, 0x6E, 0x65, 0x63, 0x72, 0x61, 0x66, 0x74, 0x3A, 0x65, 0x6E, 0x74, 0x69, 0x74, 0x79, 0x5F, 0x70, 0x72, 0x6F, 0x70,
    0x65, 0x72, 0x74, 0x69, 0x65, 0x73, 0x08, 0x00, 0x06, 0x65, 0x6E, 0x74, 0x69, 0x74, 0x79, 0x00, 0x0F, 0x64, 0x69, 0x72,
    0x65, 0x63, 0x74, 0x5F, 0x61, 0x74, 0x74, 0x61, 0x63, 0x6B, 0x65, 0x72, 0x00, 0x00, 0x08, 0x00, 0x09, 0x65, 0x6E, 0x63,
    0x68, 0x61, 0x6E, 0x74, 0x65, 0x64, 0x00, 0x08, 0x61, 0x74, 0x74, 0x61, 0x63, 0x6B, 0x65, 0x72, 0x0A, 0x00, 0x06, 0x65,
    0x66, 0x66, 0x65, 0x63, 0x74, 0x09, 0x00, 0x07, 0x65, 0x66, 0x66, 0x65, 0x63, 0x74, 0x73, 0x0A, 0x00, 0x00, 0x00, 0x02,
    0x08, 0x00, 0x04, 0x74, 0x79, 0x70, 0x65, 0x00, 0x17, 0x6D, 0x69, 0x6E, 0x65, 0x63, 0x72, 0x61, 0x66, 0x74, 0x3A, 0x73,
    0x75, 0x6D, 0x6D, 0x6F, 0x6E, 0x5F, 0x65, 0x6E, 0x74, 0x69, 0x74, 0x79, 0x08, 0x00, 0x06, 0x65, 0x6E, 0x74, 0x69, 0x74,
    0x79, 0x00, 0x18, 0x6D, 0x69, 0x6E, 0x65, 0x63, 0x72, 0x61, 0x66, 0x74, 0x3A, 0x6C, 0x69, 0x67, 0x68, 0x74, 0x6E, 0x69,
    0x6E, 0x67, 0x5F, 0x62, 0x6F, 0x6C, 0x74, 0x00, 0x05, 0x00, 0x06, 0x76, 0x6F, 0x6C, 0x75, 0x6D, 0x65, 0x40, 0xA0, 0x00,
    0x00, 0x08, 0x00, 0x05, 0x73, 0x6F, 0x75, 0x6E, 0x64, 0x00, 0x1E, 0x6D, 0x69, 0x6E, 0x65, 0x63, 0x72, 0x61, 0x66, 0x74,
    0x3A, 0x69, 0x74, 0x65, 0x6D, 0x2E, 0x74, 0x72, 0x69, 0x64, 0x65, 0x6E, 0x74, 0x2E, 0x74, 0x68, 0x75, 0x6E, 0x64, 0x65,
    0x72, 0x05, 0x00, 0x05, 0x70, 0x69, 0x74, 0x63, 0x68, 0x3F, 0x80, 0x00, 0x00, 0x08, 0x00, 0x04, 0x74, 0x79, 0x70, 0x65,
    0x00, 0x14, 0x6D, 0x69, 0x6E, 0x65, 0x63, 0x72, 0x61, 0x66, 0x74, 0x3A, 0x70, 0x6C, 0x61, 0x79, 0x5F, 0x73, 0x6F, 0x75,
    0x6E, 0x64, 0x00, 0x08, 0x00, 0x04, 0x74, 0x79, 0x70, 0x65, 0x00, 0x10, 0x6D, 0x69, 0x6E, 0x65, 0x63, 0x72, 0x61, 0x66,
    0x74, 0x3A, 0x61, 0x6C, 0x6C, 0x5F, 0x6F, 0x66, 0x00, 0x08, 0x00, 0x08, 0x61, 0x66, 0x66, 0x65, 0x63, 0x74, 0x65, 0x64,
    0x00, 0x06, 0x76, 0x69, 0x63, 0x74, 0x69, 0x6D, 0x00, 0x09, 0x00, 0x13, 0x6D, 0x69, 0x6E, 0x65, 0x63, 0x72, 0x61, 0x66,
    0x74, 0x3A, 0x68, 0x69, 0x74, 0x5F, 0x62, 0x6C, 0x6F, 0x63, 0x6B, 0x0A, 0x00, 0x00, 0x00, 0x01, 0x0A, 0x00, 0x0C, 0x72,
    0x65, 0x71, 0x75, 0x69, 0x72, 0x65, 0x6D, 0x65, 0x6E, 0x74, 0x73, 0x08, 0x00, 0x09, 0x63, 0x6F, 0x6E, 0x64, 0x69, 0x74,
    0x69, 0x6F, 0x6E, 0x00, 0x10, 0x6D, 0x69, 0x6E, 0x65, 0x63, 0x72, 0x61, 0x66, 0x74, 0x3A, 0x61, 0x6C, 0x6C, 0x5F, 0x6F,
    0x66, 0x09, 0x00, 0x05, 0x74, 0x65, 0x72, 0x6D, 0x73, 0x0A, 0x00, 0x00, 0x00, 0x03, 0x08, 0x00, 0x09, 0x63, 0x6F, 0x6E,
    0x64, 0x69, 0x74, 0x69, 0x6F, 0x6E, 0x00, 0x17, 0x6D, 0x69, 0x6E, 0x65, 0x63, 0x72, 0x61, 0x66, 0x74, 0x3A, 0x77, 0x65,
    0x61, 0x74, 0x68, 0x65, 0x72, 0x5F, 0x63, 0x68, 0x65, 0x63, 0x6B, 0x01, 0x00, 0x0A, 0x74, 0x68, 0x75, 0x6E, 0x64, 0x65,
    0x72, 0x69, 0x6E, 0x67, 0x01, 0x00, 0x0A, 0x00, 0x09, 0x70, 0x72, 0x65, 0x64, 0x69, 0x63, 0x61, 0x74, 0x65, 0x08, 0x00,
    0x0B, 0x65, 0x6E, 0x74, 0x69, 0x74, 0x79, 0x5F, 0x74, 0x79, 0x70, 0x65, 0x00, 0x11, 0x6D, 0x69, 0x6E, 0x65, 0x63, 0x72,
    0x61, 0x66, 0x74, 0x3A, 0x74, 0x72, 0x69, 0x64, 0x65, 0x6E, 0x74, 0x00, 0x08, 0x00, 0x09, 0x63, 0x6F, 0x6E, 0x64, 0x69,
    0x74, 0x69, 0x6F, 0x6E, 0x00, 0x1B, 0x6D, 0x69, 0x6E, 0x65, 0x63, 0x72, 0x61, 0x66, 0x74, 0x3A, 0x65, 0x6E, 0x74, 0x69,
    0x74, 0x79, 0x5F, 0x70, 0x72, 0x6F, 0x70, 0x65, 0x72, 0x74, 0x69, 0x65, 0x73, 0x08, 0x00, 0x06, 0x65, 0x6E, 0x74, 0x69,
    0x74, 0x79, 0x00, 0x04, 0x74, 0x68, 0x69, 0x73, 0x00, 0x0A, 0x00, 0x09, 0x70, 0x72, 0x65, 0x64, 0x69, 0x63, 0x61, 0x74,
    0x65, 0x01, 0x00, 0x0B, 0x63, 0x61, 0x6E, 0x5F, 0x73, 0x65, 0x65, 0x5F, 0x73, 0x6B, 0x79, 0x01, 0x0A, 0x00, 0x05, 0x62,
    0x6C, 0x6F, 0x63, 0x6B, 0x08, 0x00, 0x06, 0x62, 0x6C, 0x6F, 0x63, 0x6B, 0x73, 0x00, 0x19, 0x23, 0x6D, 0x69, 0x6E, 0x65,
    0x63, 0x72, 0x61, 0x66, 0x74, 0x3A, 0x6C, 0x69, 0x67, 0x68, 0x74, 0x6E, 0x69, 0x6E, 0x67, 0x5F, 0x72, 0x6F, 0x64, 0x73,
    0x00, 0x00, 0x08, 0x00, 0x09, 0x63, 0x6F, 0x6E, 0x64, 0x69, 0x74, 0x69, 0x6F, 0x6E, 0x00, 0x18, 0x6D, 0x69, 0x6E, 0x65,
    0x63, 0x72, 0x61, 0x66, 0x74, 0x3A, 0x6C, 0x6F, 0x63, 0x61, 0x74, 0x69, 0x6F, 0x6E, 0x5F, 0x63, 0x68, 0x65, 0x63, 0x6B,
    0x00, 0x00, 0x0A, 0x00, 0x06, 0x65, 0x66, 0x66, 0x65, 0x63, 0x74, 0x09, 0x00, 0x07, 0x65, 0x66, 0x66, 0x65, 0x63, 0x74,
    0x73, 0x0A, 0x00, 0x00, 0x00, 0x02, 0x08, 0x00, 0x04, 0x74, 0x79, 0x70, 0x65, 0x00, 0x17, 0x6D, 0x69, 0x6E, 0x65, 0x63,
    0x72, 0x61, 0x66, 0x74, 0x3A, 0x73, 0x75, 0x6D, 0x6D, 0x6F, 0x6E, 0x5F, 0x65, 0x6E, 0x74, 0x69, 0x74, 0x79, 0x08, 0x00,
    0x06, 0x65, 0x6E, 0x74, 0x69, 0x74, 0x79, 0x00, 0x18, 0x6D, 0x69, 0x6E, 0x65, 0x63, 0x72, 0x61, 0x66, 0x74, 0x3A, 0x6C,
    0x69, 0x67, 0x68, 0x74, 0x6E, 0x69, 0x6E, 0x67, 0x5F, 0x62, 0x6F, 0x6C, 0x74, 0x00, 0x05, 0x00, 0x06, 0x76, 0x6F, 0x6C,
    0x75, 0x6D, 0x65, 0x40, 0xA0, 0x00, 0x00, 0x08, 0x00, 0x05, 0x73, 0x6F, 0x75, 0x6E, 0x64, 0x00, 0x1E, 0x6D, 0x69, 0x6E,
    0x65, 0x63, 0x72, 0x61, 0x66, 0x74, 0x3A, 0x69, 0x74, 0x65, 0x6D, 0x2E, 0x74, 0x72, 0x69, 0x64, 0x65, 0x6E, 0x74, 0x2E,
    0x74, 0x68, 0x75, 0x6E, 0x64, 0x65, 0x72, 0x05, 0x00, 0x05, 0x70, 0x69, 0x74, 0x63, 0x68, 0x3F, 0x80, 0x00, 0x00, 0x08,
    0x00, 0x04, 0x74, 0x79, 0x70, 0x65, 0x00, 0x14, 0x6D, 0x69, 0x6E, 0x65, 0x63, 0x72, 0x61, 0x66, 0x74, 0x3A, 0x70, 0x6C,
    0x61, 0x79, 0x5F, 0x73, 0x6F, 0x75, 0x6E, 0x64, 0x00, 0x08, 0x00, 0x04, 0x74, 0x79, 0x70, 0x65, 0x00, 0x10, 0x6D, 0x69,
    0x6E, 0x65, 0x63, 0x72, 0x61, 0x66, 0x74, 0x3A, 0x61, 0x6C, 0x6C, 0x5F, 0x6F, 0x66, 0x00, 0x00, 0x00, 0x0A, 0x00, 0x08,
    0x6D, 0x61, 0x78, 0x5F, 0x63, 0x6F, 0x73, 0x74, 0x03, 0x00, 0x15, 0x70, 0x65, 0x72, 0x5F, 0x6C, 0x65, 0x76, 0x65, 0x6C,
    0x5F, 0x61, 0x62, 0x6F, 0x76, 0x65, 0x5F, 0x66, 0x69, 0x72, 0x73, 0x74, 0x00, 0x00, 0x00, 0x00, 0x03, 0x00, 0x04, 0x62,
    0x61, 0x73, 0x65, 0x00, 0x00, 0x00, 0x32, 0x00, 0x08, 0x00, 0x0F, 0x73, 0x75, 0x70, 0x70, 0x6F, 0x72, 0x74, 0x65, 0x64,
    0x5F, 0x69, 0x74, 0x65, 0x6D, 0x73, 0x00, 0x1E, 0x23, 0x6D, 0x69, 0x6E, 0x65, 0x63, 0x72, 0x61, 0x66, 0x74, 0x3A, 0x65,
    0x6E, 0x63, 0x68, 0x61, 0x6E, 0x74, 0x61, 0x62, 0x6C, 0x65, 0x2F, 0x74, 0x72, 0x69, 0x64, 0x65, 0x6E, 0x74, 0x03, 0x00,
    0x09, 0x6D, 0x61, 0x78, 0x5F, 0x6C, 0x65, 0x76, 0x65, 0x6C, 0x00, 0x00, 0x00, 0x01, 0x0A, 0x00, 0x08, 0x6D, 0x69, 0x6E,
    0x5F, 0x63, 0x6F, 0x73, 0x74, 0x03, 0x00, 0x15, 0x70, 0x65, 0x72, 0x5F, 0x6C, 0x65, 0x76, 0x65, 0x6C, 0x5F, 0x61, 0x62,
    0x6F, 0x76, 0x65, 0x5F, 0x66, 0x69, 0x72, 0x73, 0x74, 0x00, 0x00, 0x00, 0x00, 0x03, 0x00, 0x04, 0x62, 0x61, 0x73, 0x65,
    0x00, 0x00, 0x00, 0x19, 0x00, 0x0A, 0x00, 0x0B, 0x64, 0x65, 0x73, 0x63, 0x72, 0x69, 0x70, 0x74, 0x69, 0x6F, 0x6E, 0x08,
    0x00, 0x09, 0x74, 0x72, 0x61, 0x6E, 0x73, 0x6C, 0x61, 0x74, 0x65, 0x00, 0x20, 0x65, 0x6E, 0x63, 0x68, 0x61, 0x6E, 0x74,
    0x6D, 0x65, 0x6E, 0x74, 0x2E, 0x6D, 0x69, 0x6E, 0x65, 0x63, 0x72, 0x61, 0x66, 0x74, 0x2E, 0x63, 0x68, 0x61, 0x6E, 0x6E,
    0x65, 0x6C, 0x69, 0x6E, 0x67, 0x00, 0x03, 0x00, 0x06, 0x77, 0x65, 0x69, 0x67, 0x68, 0x74, 0x00, 0x00, 0x00, 0x01, 0x03,
    0x00, 0x0A, 0x61, 0x6E, 0x76, 0x69, 0x6C, 0x5F, 0x63, 0x6F, 0x73, 0x74, 0x00, 0x00, 0x00, 0x08, 0x00, 0x11, 0x6D, 0x69,
    0x6E, 0x65, 0x63, 0x72, 0x61, 0x66, 0x74, 0x3A, 0x64, 0x65, 0x6E, 0x73, 0x69, 0x74, 0x79, 0x01, 0x0A, 0x09, 0x00, 0x05,
    0x73, 0x6C, 0x6F, 0x74, 0x73, 0x08, 0x00, 0x00, 0x00, 0x01, 0x00, 0x08, 0x6D, 0x61, 0x69, 0x6E, 0x68, 0x61, 0x6E, 0x64,
    0x0A, 0x00, 0x07, 0x65, 0x66, 0x66, 0x65, 0x63, 0x74, 0x73, 0x09, 0x00, 0x27, 0x6D, 0x69, 0x6E, 0x65, 0x63, 0x72, 0x61,
    0x66, 0x74, 0x3A, 0x73, 0x6D, 0x61, 0x73, 0x68, 0x5F, 0x64, 0x61, 0x6D, 0x61, 0x67, 0x65, 0x5F, 0x70, 0x65, 0x72, 0x5F,
    0x66, 0x61, 0x6C, 0x6C, 0x65, 0x6E, 0x5F, 0x62, 0x6C, 0x6F, 0x63, 0x6B, 0x0A, 0x00, 0x00, 0x00, 0x01, 0x0A, 0x00, 0x06,
    0x65, 0x66, 0x66, 0x65, 0x63, 0x74, 0x08, 0x00, 0x04, 0x74, 0x79, 0x70, 0x65, 0x00, 0x0D, 0x6D, 0x69, 0x6E, 0x65, 0x63,
    0x72, 0x61, 0x66, 0x74, 0x3A, 0x61, 0x64, 0x64, 0x0A, 0x00, 0x05, 0x76, 0x61, 0x6C, 0x75, 0x65, 0x05, 0x00, 0x15, 0x70,
    0x65, 0x72, 0x5F, 0x6C, 0x65, 0x76, 0x65, 0x6C, 0x5F, 0x61, 0x62, 0x6F, 0x76, 0x65, 0x5F, 0x66, 0x69, 0x72, 0x73, 0x74,
    0x3F, 0x00, 0x00, 0x00, 0x08, 0x00, 0x04, 0x74, 0x79, 0x70, 0x65, 0x00, 0x10, 0x6D, 0x69, 0x6E, 0x65, 0x63, 0x72, 0x61,
    0x66, 0x74, 0x3A, 0x6C, 0x69, 0x6E, 0x65, 0x61, 0x72, 0x05, 0x00, 0x04, 0x62, 0x61, 0x73, 0x65, 0x3F, 0x00, 0x00, 0x00,
    0x00, 0x00, 0x00, 0x00, 0x0A, 0x00, 0x08, 0x6D, 0x61, 0x78, 0x5F, 0x63, 0x6F, 0x73, 0x74, 0x03, 0x00, 0x15, 0x70, 0x65,
    0x72, 0x5F, 0x6C, 0x65, 0x76, 0x65, 0x6C, 0x5F, 0x61, 0x62, 0x6F, 0x76, 0x65, 0x5F, 0x66, 0x69, 0x72, 0x73, 0x74, 0x00,
    0x00, 0x00, 0x08, 0x03, 0x00, 0x04, 0x62, 0x61, 0x73, 0x65, 0x00, 0x00, 0x00, 0x19, 0x00, 0x08, 0x00, 0x0F, 0x73, 0x75,
    0x70, 0x70, 0x6F, 0x72, 0x74, 0x65, 0x64, 0x5F, 0x69, 0x74, 0x65, 0x6D, 0x73, 0x00, 0x1B, 0x23, 0x6D, 0x69, 0x6E, 0x65,
    0x63, 0x72, 0x61, 0x66, 0x74, 0x3A, 0x65, 0x6E, 0x63, 0x68, 0x61, 0x6E, 0x74, 0x61, 0x62, 0x6C, 0x65, 0x2F, 0x6D, 0x61,
    0x63, 0x65, 0x03, 0x00, 0x09, 0x6D, 0x61, 0x78, 0x5F, 0x6C, 0x65, 0x76, 0x65, 0x6C, 0x00, 0x00, 0x00, 0x05, 0x0A, 0x00,
    0x08, 0x6D, 0x69, 0x6E, 0x5F, 0x63, 0x6F, 0x73, 0x74, 0x03, 0x00, 0x15, 0x70, 0x65, 0x72, 0x5F, 0x6C, 0x65, 0x76, 0x65,
    0x6C, 0x5F, 0x61, 0x62, 0x6F, 0x76, 0x65, 0x5F, 0x66, 0x69, 0x72, 0x73, 0x74, 0x00, 0x00, 0x00, 0x08, 0x03, 0x00, 0x04,
    0x62, 0x61, 0x73, 0x65, 0x00, 0x00, 0x00, 0x05, 0x00, 0x0A, 0x00, 0x0B, 0x64, 0x65, 0x73, 0x63, 0x72, 0x69, 0x70, 0x74,
    0x69, 0x6F, 0x6E, 0x08, 0x00, 0x09, 0x74, 0x72, 0x61, 0x6E, 0x73, 0x6C, 0x61, 0x74, 0x65, 0x00, 0x1D, 0x65, 0x6E, 0x63,
    0x68, 0x61, 0x6E, 0x74, 0x6D, 0x65, 0x6E, 0x74, 0x2E, 0x6D, 0x69, 0x6E, 0x65, 0x63, 0x72, 0x61, 0x66, 0x74, 0x2E, 0x64,
    0x65, 0x6E, 0x73, 0x69, 0x74, 0x79, 0x00, 0x03, 0x00, 0x06, 0x77, 0x65, 0x69, 0x67, 0x68, 0x74, 0x00, 0x00, 0x00, 0x05,
    0x03, 0x00, 0x0A, 0x61, 0x6E, 0x76, 0x69, 0x6C, 0x5F, 0x63, 0x6F, 0x73, 0x74, 0x00, 0x00, 0x00, 0x02, 0x08, 0x00, 0x0D,
    0x65, 0x78, 0x63, 0x6C, 0x75, 0x73, 0x69, 0x76, 0x65, 0x5F, 0x73, 0x65, 0x74, 0x00, 0x1F, 0x23, 0x6D, 0x69, 0x6E, 0x65,
    0x63, 0x72, 0x61, 0x66, 0x74, 0x3A, 0x65, 0x78, 0x63, 0x6C, 0x75, 0x73, 0x69, 0x76, 0x65, 0x5F, 0x73, 0x65, 0x74, 0x2F,
    0x64, 0x61, 0x6D, 0x61, 0x67, 0x65, 0x00, 0x17, 0x6D, 0x69, 0x6E, 0x65, 0x63, 0x72, 0x61, 0x66, 0x74, 0x3A, 0x64, 0x65,
    0x70, 0x74, 0x68, 0x5F, 0x73, 0x74, 0x72, 0x69, 0x64, 0x65, 0x72, 0x01, 0x0A, 0x09, 0x00, 0x05, 0x73, 0x6C, 0x6F, 0x74,
    0x73, 0x08, 0x00, 0x00, 0x00, 0x01, 0x00, 0x04, 0x66, 0x65, 0x65, 0x74, 0x0A, 0x00, 0x07, 0x65, 0x66, 0x66, 0x65, 0x63,
    0x74, 0x73, 0x09, 0x00, 0x14, 0x6D, 0x69, 0x6E, 0x65, 0x63, 0x72, 0x61, 0x66, 0x74, 0x3A, 0x61, 0x74, 0x74, 0x72, 0x69,
    0x62, 0x75, 0x74, 0x65, 0x73, 0x0A, 0x00, 0x00, 0x00, 0x01, 0x0A, 0x00, 0x06, 0x61, 0x6D, 0x6F, 0x75, 0x6E, 0x74, 0x05,
    0x00, 0x15, 0x70, 0x65, 0x72, 0x5F, 0x6C, 0x65, 0x76, 0x65, 0x6C, 0x5F, 0x61, 0x62, 0x6F, 0x76, 0x65, 0x5F, 0x66, 0x69,
    0x72, 0x73, 0x74, 0x3E, 0xAA, 0xAA, 0xAB, 0x08, 0x00, 0x04, 0x74, 0x79, 0x70, 0x65, 0x00, 0x10, 0x6D, 0x69, 0x6E, 0x65,
    0x63, 0x72, 0x61, 0x66, 0x74, 0x3A, 0x6C, 0x69, 0x6E, 0x65, 0x61, 0x72, 0x05, 0x00, 0x04, 0x62, 0x61, 0x73, 0x65, 0x3E,
    0xAA, 0xAA, 0xAB, 0x00, 0x08, 0x00, 0x02, 0x69, 0x64, 0x00, 0x23, 0x6D, 0x69, 0x6E, 0x65, 0x63, 0x72, 0x61, 0x66, 0x74,
    0x3A, 0x65, 0x6E, 0x63, 0x68, 0x61, 0x6E, 0x74, 0x6D, 0x65, 0x6E, 0x74, 0x2E, 0x64, 0x65, 0x70, 0x74, 0x68, 0x5F, 0x73,
    0x74, 0x72, 0x69, 0x64, 0x65, 0x72, 0x08, 0x00, 0x09, 0x61, 0x74, 0x74, 0x72, 0x69, 0x62, 0x75, 0x74, 0x65, 0x00, 0x23,
    0x6D, 0x69, 0x6E, 0x65, 0x63, 0x72, 0x61, 0x66, 0x74, 0x3A, 0x77, 0x61, 0x74, 0x65, 0x72, 0x5F, 0x6D, 0x6F, 0x76, 0x65,
    0x6D, 0x65, 0x6E, 0x74, 0x5F, 0x65, 0x66, 0x66, 0x69, 0x63, 0x69, 0x65, 0x6E, 0x63, 0x79, 0x08, 0x00, 0x09, 0x6F, 0x70,
    0x65, 0x72, 0x61, 0x74, 0x69, 0x6F, 0x6E, 0x00, 0x09, 0x61, 0x64, 0x64, 0x5F, 0x76, 0x61, 0x6C, 0x75, 0x65, 0x00, 0x00,
    0x0A, 0x00, 0x08, 0x6D, 0x61, 0x78, 0x5F, 0x63, 0x6F, 0x73, 0x74, 0x03, 0x00, 0x15, 0x70, 0x65, 0x72, 0x5F, 0x6C, 0x65,
    0x76, 0x65, 0x6C, 0x5F, 0x61, 0x62, 0x6F, 0x76, 0x65, 0x5F, 0x66, 0x69, 0x72, 0x73, 0x74, 0x00, 0x00, 0x00, 0x0A, 0x03,
    0x00, 0x04, 0x62, 0x61, 0x73, 0x65, 0x00, 0x00, 0x00, 0x19, 0x00, 0x08, 0x00, 0x0F, 0x73, 0x75, 0x70, 0x70, 0x6F, 0x72,
    0x74, 0x65, 0x64, 0x5F, 0x69, 0x74, 0x65, 0x6D, 0x73, 0x00, 0x21, 0x23, 0x6D, 0x69, 0x6E, 0x65, 0x63, 0x72, 0x61, 0x66,
    0x74, 0x3A, 0x65, 0x6E, 0x63, 0x68, 0x61, 0x6E, 0x74, 0x61, 0x62, 0x6C, 0x65, 0x2F, 0x66, 0x6F, 0x6F, 0x74, 0x5F, 0x61,
    0x72, 0x6D, 0x6F, 0x72, 0x03, 0x00, 0x09, 0x6D, 0x61, 0x78, 0x5F, 0x6C, 0x65, 0x76, 0x65, 0x6C, 0x00, 0x00, 0x00, 0x03,
    0x0A, 0x00, 0x08, 0x6D, 0x69, 0x6E, 0x5F, 0x63, 0x6F, 0x73, 0x74, 0x03, 0x00, 0x15, 0x70, 0x65, 0x72, 0x5F, 0x6C, 0x65,
    0x76, 0x65, 0x6C, 0x5F, 0x61, 0x62, 0x6F, 0x76, 0x65, 0x5F, 0x66, 0x69, 0x72, 0x73, 0x74, 0x00, 0x00, 0x00, 0x0A, 0x03,
    0x00, 0x04, 0x62, 0x61, 0x73, 0x65, 0x00, 0x00, 0x00, 0x0A, 0x00, 0x0A, 0x00, 0x0B, 0x64, 0x65, 0x73, 0x63, 0x72, 0x69,
    0x70, 0x74, 0x69, 0x6F, 0x6E, 0x08, 0x00, 0x09, 0x74, 0x72, 0x61, 0x6E, 0x73, 0x6C, 0x61, 0x74, 0x65, 0x00, 0x23, 0x65,
    0x6E, 0x63, 0x68, 0x61, 0x6E, 0x74, 0x6D, 0x65, 0x6E, 0x74, 0x2E, 0x6D, 0x69, 0x6E, 0x65, 0x63, 0x72, 0x61, 0x66, 0x74,
    0x2E, 0x64, 0x65, 0x70, 0x74, 0x68, 0x5F, 0x73, 0x74, 0x72, 0x69, 0x64, 0x65, 0x72, 0x00, 0x03, 0x00, 0x06, 0x77, 0x65,
    0x69, 0x67, 0x68, 0x74, 0x00, 0x00, 0x00, 0x02, 0x03, 0x00, 0x0A, 0x61, 0x6E, 0x76, 0x69, 0x6C, 0x5F, 0x63, 0x6F, 0x73,
    0x74, 0x00, 0x00, 0x00, 0x04, 0x08, 0x00, 0x0D, 0x65, 0x78, 0x63, 0x6C, 0x75, 0x73, 0x69, 0x76, 0x65, 0x5F, 0x73, 0x65,
    0x74, 0x00, 0x1E, 0x23, 0x6D, 0x69, 0x6E, 0x65, 0x63, 0x72, 0x61, 0x66, 0x74, 0x3A, 0x65, 0x78, 0x63, 0x6C, 0x75, 0x73,
    0x69, 0x76, 0x65, 0x5F, 0x73, 0x65, 0x74, 0x2F, 0x62, 0x6F, 0x6F, 0x74, 0x73, 0x00, 0x14, 0x6D, 0x69, 0x6E, 0x65, 0x63,
    0x72, 0x61, 0x66, 0x74, 0x3A, 0x65, 0x66, 0x66, 0x69, 0x63, 0x69, 0x65, 0x6E, 0x63, 0x79, 0x01, 0x0A, 0x09, 0x00, 0x05,
    0x73, 0x6C, 0x6F, 0x74, 0x73, 0x08, 0x00, 0x00, 0x00, 0x01, 0x00, 0x08, 0x6D, 0x61, 0x69, 0x6E, 0x68, 0x61, 0x6E, 0x64,
    0x0A, 0x00, 0x07, 0x65, 0x66, 0x66, 0x65, 0x63, 0x74, 0x73, 0x09, 0x00, 0x14, 0x6D, 0x69, 0x6E, 0x65, 0x63, 0x72, 0x61,
    0x66, 0x74, 0x3A, 0x61, 0x74, 0x74, 0x72, 0x69, 0x62, 0x75, 0x74, 0x65, 0x73, 0x0A, 0x00, 0x00, 0x00, 0x01, 0x0A, 0x00,
    0x06, 0x61, 0x6D, 0x6F, 0x75, 0x6E, 0x74, 0x05, 0x00, 0x05, 0x61, 0x64, 0x64, 0x65, 0x64, 0x3F, 0x80, 0x00, 0x00, 0x08,
    0x00, 0x04, 0x74, 0x79, 0x70, 0x65, 0x00, 0x18, 0x6D, 0x69, 0x6E, 0x65, 0x63, 0x72, 0x61, 0x66, 0x74, 0x3A, 0x6C, 0x65,
    0x76, 0x65, 0x6C, 0x73, 0x5F, 0x73, 0x71, 0x75, 0x61, 0x72, 0x65, 0x64, 0x00, 0x08, 0x00, 0x02, 0x69, 0x64, 0x00, 0x20,
    0x6D, 0x69, 0x6E, 0x65, 0x63, 0x72, 0x61, 0x66, 0x74, 0x3A, 0x65, 0x6E, 0x63, 0x68, 0x61, 0x6E, 0x74, 0x6D, 0x65, 0x6E,
    0x74, 0x2E, 0x65, 0x66, 0x66, 0x69, 0x63, 0x69, 0x65, 0x6E, 0x63, 0x79, 0x08, 0x00, 0x09, 0x61, 0x74, 0x74, 0x72, 0x69,
    0x62, 0x75, 0x74, 0x65, 0x00, 0x1B, 0x6D, 0x69, 0x6E, 0x65, 0x63, 0x72, 0x61, 0x66, 0x74, 0x3A, 0x6D, 0x69, 0x6E, 0x69,
    0x6E, 0x67, 0x5F, 0x65, 0x66, 0x66, 0x69, 0x63, 0x69, 0x65, 0x6E, 0x63, 0x79, 0x08, 0x00, 0x09, 0x6F, 0x70, 0x65, 0x72,
    0x61, 0x74, 0x69, 0x6F, 0x6E, 0x00, 0x09, 0x61, 0x64, 0x64, 0x5F, 0x76, 0x61, 0x6C, 0x75, 0x65, 0x00, 0x00, 0x0A, 0x00,
    0x08, 0x6D, 0x61, 0x78, 0x5F, 0x63, 0x6F, 0x73, 0x74, 0x03, 0x00, 0x15, 0x70, 0x65, 0x72, 0x5F, 0x6C, 0x65, 0x76, 0x65,
    0x6C, 0x5F, 0x61, 0x62, 0x6F, 0x76, 0x65, 0x5F, 0x66, 0x69, 0x72, 0x73, 0x74, 0x00, 0x00, 0x00, 0x0A, 0x03, 0x00, 0x04,
    0x62, 0x61, 0x73, 0x65, 0x00, 0x00, 0x00, 0x33, 0x00, 0x08, 0x00, 0x0F, 0x73, 0x75, 0x70, 0x70, 0x6F, 0x72, 0x74, 0x65,
    0x64, 0x5F, 0x69, 0x74, 0x65, 0x6D, 0x73, 0x00, 0x1D, 0x23, 0x6D, 0x69, 0x6E, 0x65, 0x63, 0x72, 0x61, 0x66, 0x74, 0x3A,
    0x65, 0x6E, 0x63, 0x68, 0x61, 0x6E, 0x74, 0x61, 0x62, 0x6C, 0x65, 0x2F, 0x6D, 0x69, 0x6E, 0x69, 0x6E, 0x67, 0x03, 0x00,
    0x09, 0x6D, 0x61, 0x78, 0x5F, 0x6C, 0x65, 0x76, 0x65, 0x6C, 0x00, 0x00, 0x00, 0x05, 0x0A, 0x00, 0x08, 0x6D, 0x69, 0x6E,
    0x5F, 0x63, 0x6F, 0x73, 0x74, 0x03, 0x00, 0x15, 0x70, 0x65, 0x72, 0x5F, 0x6C, 0x65, 0x76, 0x65, 0x6C, 0x5F, 0x61, 0x62,
    0x6F, 0x76, 0x65, 0x5F, 0x66, 0x69, 0x72, 0x73, 0x74, 0x00, 0x00, 0x00, 0x0A, 0x03, 0x00, 0x04, 0x62, 0x61, 0x73, 0x65,
    0x00, 0x00, 0x00, 0x01, 0x00, 0x0A, 0x00, 0x0B, 0x64, 0x65, 0x73, 0x63, 0x72, 0x69, 0x70, 0x74, 0x69, 0x6F, 0x6E, 0x08,
    0x00, 0x09, 0x74, 0x72, 0x61, 0x6E, 0x73, 0x6C, 0x61, 0x74, 0x65, 0x00, 0x20, 0x65, 0x6E, 0x63, 0x68, 0x61, 0x6E, 0x74,
    0x6D, 0x65, 0x6E, 0x74, 0x2E, 0x6D, 0x69, 0x6E, 0x65, 0x63, 0x72, 0x61, 0x66, 0x74, 0x2E, 0x65, 0x66, 0x66, 0x69, 0x63,
    0x69, 0x65, 0x6E, 0x63, 0x79, 0x00, 0x03, 0x00, 0x06, 0x77, 0x65, 0x69, 0x67, 0x68, 0x74, 0x00, 0x00, 0x00, 0x0A, 0x03,
    0x00, 0x0A, 0x61, 0x6E, 0x76, 0x69, 0x6C, 0x5F, 0x63, 0x6F, 0x73, 0x74, 0x00, 0x00, 0x00, 0x01, 0x00, 0x19, 0x6D, 0x69,
    0x6E, 0x65, 0x63, 0x72, 0x61, 0x66, 0x74, 0x3A, 0x66, 0x65, 0x61, 0x74, 0x68, 0x65, 0x72, 0x5F, 0x66, 0x61, 0x6C, 0x6C,
    0x69, 0x6E, 0x67, 0x01, 0x0A, 0x09, 0x00, 0x05, 0x73, 0x6C, 0x6F, 0x74, 0x73, 0x08, 0x00, 0x00, 0x00, 0x01, 0x00, 0x05,
    0x61, 0x72, 0x6D, 0x6F, 0x72, 0x0A, 0x00, 0x07, 0x65, 0x66, 0x66, 0x65, 0x63, 0x74, 0x73, 0x09, 0x00, 0x1B, 0x6D, 0x69,
    0x6E, 0x65, 0x63, 0x72, 0x61, 0x66, 0x74, 0x3A, 0x64, 0x61, 0x6D, 0x61, 0x67, 0x65, 0x5F, 0x70, 0x72, 0x6F, 0x74, 0x65,
    0x63, 0x74, 0x69, 0x6F, 0x6E, 0x0A, 0x00, 0x00, 0x00, 0x01, 0x0A, 0x00, 0x0C, 0x72, 0x65, 0x71, 0x75, 0x69, 0x72, 0x65,
    0x6D, 0x65, 0x6E, 0x74, 0x73, 0x0A, 0x00, 0x09, 0x70, 0x72, 0x65, 0x64, 0x69, 0x63, 0x61, 0x74, 0x65, 0x09, 0x00, 0x04,
    0x74, 0x61, 0x67, 0x73, 0x0A, 0x00, 0x00, 0x00, 0x02, 0x01, 0x00, 0x08, 0x65, 0x78, 0x70, 0x65, 0x63, 0x74, 0x65, 0x64,
    0x01, 0x08, 0x00, 0x02, 0x69, 0x64, 0x00, 0x11, 0x6D, 0x69, 0x6E, 0x65, 0x63, 0x72, 0x61, 0x66, 0x74, 0x3A, 0x69, 0x73,
    0x5F, 0x66, 0x61, 0x6C, 0x6C, 0x00, 0x01, 0x00, 0x08, 0x65, 0x78, 0x70, 0x65, 0x63, 0x74, 0x65, 0x64, 0x00, 0x08, 0x00,
    0x02, 0x69, 0x64, 0x00, 0x22, 0x6D, 0x69, 0x6E, 0x65, 0x63, 0x72, 0x61, 0x66, 0x74, 0x3A, 0x62, 0x79, 0x70, 0x61, 0x73,
    0x73, 0x65, 0x73, 0x5F, 0x69, 0x6E, 0x76, 0x75, 0x6C, 0x6E, 0x65, 0x72, 0x61, 0x62, 0x69, 0x6C, 0x69, 0x74, 0x79, 0x00,
    0x00, 0x08, 0x00, 0x09, 0x63, 0x6F, 0x6E, 0x64, 0x69, 0x74, 0x69, 0x6F, 0x6E, 0x00, 0x22, 0x6D, 0x69, 0x6E, 0x65, 0x63,
    0x72, 0x61, 0x66, 0x74, 0x3A, 0x64, 0x61, 0x6D, 0x61, 0x67, 0x65, 0x5F, 0x73, 0x6F, 0x75, 0x72, 0x63, 0x65, 0x5F, 0x70,
    0x72, 0x6F, 0x70, 0x65, 0x72, 0x74, 0x69, 0x65, 0x73, 0x00, 0x0A, 0x00, 0x06, 0x65, 0x66, 0x66, 0x65, 0x63, 0x74, 0x08,
    0x00, 0x04, 0x74, 0x79, 0x70, 0x65, 0x00, 0x0D, 0x6D, 0x69, 0x6E, 0x65, 0x63, 0x72, 0x61, 0x66, 0x74, 0x3A, 0x61, 0x64,
    0x64, 0x0A, 0x00, 0x05, 0x76, 0x61, 0x6C, 0x75, 0x65, 0x05, 0x00, 0x15, 0x70, 0x65, 0x72, 0x5F, 0x6C, 0x65, 0x76, 0x65,
    0x6C, 0x5F, 0x61, 0x62, 0x6F, 0x76, 0x65, 0x5F, 0x66, 0x69, 0x72, 0x73, 0x74, 0x40, 0x40, 0x00, 0x00, 0x08, 0x00, 0x04,
    0x74, 0x79, 0x70, 0x65, 0x00, 0x10, 0x6D, 0x69, 0x6E, 0x65, 0x63, 0x72, 0x61, 0x66, 0x74, 0x3A, 0x6C, 0x69, 0x6E, 0x65,
    0x61, 0x72, 0x05, 0x00, 0x04, 0x62, 0x61, 0x73, 0x65, 0x40, 0x40, 0x00, 0x00, 0x00, 0x00, 0x00, 0x00, 0x0A, 0x00, 0x08,
    0x6D, 0x61, 0x78, 0x5F, 0x63, 0x6F, 0x73, 0x74, 0x03, 0x00, 0x15, 0x70, 0x65, 0x72, 0x5F, 0x6C, 0x65, 0x76, 0x65, 0x6C,
    0x5F, 0x61, 0x62, 0x6F, 0x76, 0x65, 0x5F, 0x66, 0x69, 0x72, 0x73, 0x74, 0x00, 0x00, 0x00, 0x06, 0x03, 0x00, 0x04, 0x62,
    0x61, 0x73, 0x65, 0x00, 0x00, 0x00, 0x0B, 0x00, 0x08, 0x00, 0x0F, 0x73, 0x75, 0x70, 0x70, 0x6F, 0x72, 0x74, 0x65, 0x64,
    0x5F, 0x69, 0x74, 0x65, 0x6D, 0x73, 0x00, 0x21, 0x23, 0x6D, 0x69, 0x6E, 0x65, 0x63, 0x72, 0x61, 0x66, 0x74, 0x3A, 0x65,
    0x6E, 0x63, 0x68, 0x61, 0x6E, 0x74, 0x61, 0x62, 0x6C, 0x65, 0x2F, 0x66, 0x6F, 0x6F, 0x74, 0x5F, 0x61, 0x72, 0x6D, 0x6F,
    0x72, 0x03, 0x00, 0x09, 0x6D, 0x61, 0x78, 0x5F, 0x6C, 0x65, 0x76, 0x65, 0x6C, 0x00, 0x00, 0x00, 0x04, 0x0A, 0x00, 0x08,
    0x6D, 0x69, 0x6E, 0x5F, 0x63, 0x6F, 0x73, 0x74, 0x03, 0x00, 0x15, 0x70, 0x65, 0x72, 0x5F, 0x6C, 0x65, 0x76, 0x65, 0x6C,
    0x5F, 0x61, 0x62, 0x6F, 0x76, 0x65, 0x5F, 0x66, 0x69, 0x72, 0x73, 0x74, 0x00, 0x00, 0x00, 0x06, 0x03, 0x00, 0x04, 0x62,
    0x61, 0x73, 0x65, 0x00, 0x00, 0x00, 0x05, 0x00, 0x0A, 0x00, 0x0B, 0x64, 0x65, 0x73, 0x63, 0x72, 0x69, 0x70, 0x74, 0x69,
    0x6F, 0x6E, 0x08, 0x00, 0x09, 0x74, 0x72, 0x61, 0x6E, 0x73, 0x6C, 0x61, 0x74, 0x65, 0x00, 0x25, 0x65, 0x6E, 0x63, 0x68,
    0x61, 0x6E, 0x74, 0x6D, 0x65, 0x6E, 0x74, 0x2E, 0x6D, 0x69, 0x6E, 0x65, 0x63, 0x72, 0x61, 0x66, 0x74, 0x2E, 0x66, 0x65,
    0x61, 0x74, 0x68, 0x65, 0x72, 0x5F, 0x66, 0x61, 0x6C, 0x6C, 0x69, 0x6E, 0x67, 0x00, 0x03, 0x00, 0x06, 0x77, 0x65, 0x69,
    0x67, 0x68, 0x74, 0x00, 0x00, 0x00, 0x05, 0x03, 0x00, 0x0A, 0x61, 0x6E, 0x76, 0x69, 0x6C, 0x5F, 0x63, 0x6F, 0x73, 0x74,
    0x00, 0x00, 0x00, 0x02, 0x00, 0x15, 0x6D, 0x69, 0x6E, 0x65, 0x63, 0x72, 0x61, 0x66, 0x74, 0x3A, 0x66, 0x69, 0x72, 0x65,
    0x5F, 0x61, 0x73, 0x70, 0x65, 0x63, 0x74, 0x01, 0x0A, 0x08, 0x00, 0x0D, 0x70, 0x72, 0x69, 0x6D, 0x61, 0x72, 0x79, 0x5F,
    0x69, 0x74, 0x65, 0x6D, 0x73, 0x00, 0x23, 0x23, 0x6D, 0x69, 0x6E, 0x65, 0x63, 0x72, 0x61, 0x66, 0x74, 0x3A, 0x65, 0x6E,
    0x63, 0x68, 0x61, 0x6E, 0x74, 0x61, 0x62, 0x6C, 0x65, 0x2F, 0x6D, 0x65, 0x6C, 0x65, 0x65, 0x5F, 0x77, 0x65, 0x61, 0x70,
    0x6F, 0x6E, 0x09, 0x00, 0x05, 0x73, 0x6C, 0x6F, 0x74, 0x73, 0x08, 0x00, 0x00, 0x00, 0x01, 0x00, 0x08, 0x6D, 0x61, 0x69,
    0x6E, 0x68, 0x61, 0x6E, 0x64, 0x0A, 0x00, 0x07, 0x65, 0x66, 0x66, 0x65, 0x63, 0x74, 0x73, 0x09, 0x00, 0x15, 0x6D, 0x69,
    0x6E, 0x65, 0x63, 0x72, 0x61, 0x66, 0x74, 0x3A, 0x70, 0x6F, 0x73, 0x74, 0x5F, 0x61, 0x74, 0x74, 0x61, 0x63, 0x6B, 0x0A,
    0x00, 0x00, 0x00, 0x01, 0x0A, 0x00, 0x0C, 0x72, 0x65, 0x71, 0x75, 0x69, 0x72, 0x65, 0x6D, 0x65, 0x6E, 0x74, 0x73, 0x0A,
    0x00, 0x09, 0x70, 0x72, 0x65, 0x64, 0x69, 0x63, 0x61, 0x74, 0x65, 0x01, 0x00, 0x09, 0x69, 0x73, 0x5F, 0x64, 0x69, 0x72,
    0x65, 0x63, 0x74, 0x01, 0x00, 0x08, 0x00, 0x09, 0x63, 0x6F, 0x6E, 0x64, 0x69, 0x74, 0x69, 0x6F, 0x6E, 0x00, 0x22, 0x6D,
    0x69, 0x6E, 0x65, 0x63, 0x72, 0x61, 0x66, 0x74, 0x3A, 0x64, 0x61, 0x6D, 0x61, 0x67, 0x65, 0x5F, 0x73, 0x6F, 0x75, 0x72,
    0x63, 0x65, 0x5F, 0x70, 0x72, 0x6F, 0x70, 0x65, 0x72, 0x74, 0x69, 0x65, 0x73, 0x00, 0x08, 0x00, 0x09, 0x65, 0x6E, 0x63,
    0x68, 0x61, 0x6E, 0x74, 0x65, 0x64, 0x00, 0x08, 0x61, 0x74, 0x74, 0x61, 0x63, 0x6B, 0x65, 0x72, 0x0A, 0x00, 0x06, 0x65,
    0x66, 0x66, 0x65, 0x63, 0x74, 0x0A, 0x00, 0x08, 0x64, 0x75, 0x72, 0x61, 0x74, 0x69, 0x6F, 0x6E, 0x05, 0x00, 0x15, 0x70,
    0x65, 0x72, 0x5F, 0x6C, 0x65, 0x76, 0x65, 0x6C, 0x5F, 0x61, 0x62, 0x6F, 0x76, 0x65, 0x5F, 0x66, 0x69, 0x72, 0x73, 0x74,
    0x40, 0x80, 0x00, 0x00, 0x08, 0x00, 0x04, 0x74, 0x79, 0x70, 0x65, 0x00, 0x10, 0x6D, 0x69, 0x6E, 0x65, 0x63, 0x72, 0x61,
    0x66, 0x74, 0x3A, 0x6C, 0x69, 0x6E, 0x65, 0x61, 0x72, 0x05, 0x00, 0x04, 0x62, 0x61, 0x73, 0x65, 0x40, 0x80, 0x00, 0x00,
    0x00, 0x08, 0x00, 0x04, 0x74, 0x79, 0x70, 0x65, 0x00, 0x10, 0x6D, 0x69, 0x6E, 0x65, 0x63, 0x72, 0x61, 0x66, 0x74, 0x3A,
    0x69, 0x67, 0x6E, 0x69, 0x74, 0x65, 0x00, 0x08, 0x00, 0x08, 0x61, 0x66, 0x66, 0x65, 0x63, 0x74, 0x65, 0x64, 0x00, 0x06,
    0x76, 0x69, 0x63, 0x74, 0x69, 0x6D, 0x00, 0x00, 0x0A, 0x00, 0x08, 0x6D, 0x61, 0x78, 0x5F, 0x63, 0x6F, 0x73, 0x74, 0x03,
    0x00, 0x15, 0x70, 0x65, 0x72, 0x5F, 0x6C, 0x65, 0x76, 0x65, 0x6C, 0x5F, 0x61, 0x62, 0x6F, 0x76, 0x65, 0x5F, 0x66, 0x69,
    0x72, 0x73, 0x74, 0x00, 0x00, 0x00, 0x14, 0x03, 0x00, 0x04, 0x62, 0x61, 0x73, 0x65, 0x00, 0x00, 0x00, 0x3C, 0x00, 0x08,
    0x00, 0x0F, 0x73, 0x75, 0x70, 0x70, 0x6F, 0x72, 0x74, 0x65, 0x64, 0x5F, 0x69, 0x74, 0x65, 0x6D, 0x73, 0x00, 0x22, 0x23,
    0x6D, 0x69, 0x6E, 0x65, 0x63, 0x72, 0x61, 0x66, 0x74, 0x3A, 0x65, 0x6E, 0x63, 0x68, 0x61, 0x6E, 0x74, 0x61, 0x62, 0x6C,
    0x65, 0x2F, 0x66, 0x69, 0x72, 0x65, 0x5F, 0x61, 0x73, 0x70, 0x65, 0x63, 0x74, 0x03, 0x00, 0x09, 0x6D, 0x61, 0x78, 0x5F,
    0x6C, 0x65, 0x76, 0x65, 0x6C, 0x00, 0x00, 0x00, 0x02, 0x0A, 0x00, 0x08, 0x6D, 0x69, 0x6E, 0x5F, 0x63, 0x6F, 0x73, 0x74,
    0x03, 0x00, 0x15, 0x70, 0x65, 0x72, 0x5F, 0x6C, 0x65, 0x76, 0x65, 0x6C, 0x5F, 0x61, 0x62, 0x6F, 0x76, 0x65, 0x5F, 0x66,
    0x69, 0x72, 0x73, 0x74, 0x00, 0x00, 0x00, 0x14, 0x03, 0x00, 0x04, 0x62, 0x61, 0x73, 0x65, 0x00, 0x00, 0x00, 0x0A, 0x00,
    0x0A, 0x00, 0x0B, 0x64, 0x65, 0x73, 0x63, 0x72, 0x69, 0x70, 0x74, 0x69, 0x6F, 0x6E, 0x08, 0x00, 0x09, 0x74, 0x72, 0x61,
    0x6E, 0x73, 0x6C, 0x61, 0x74, 0x65, 0x00, 0x21, 0x65, 0x6E, 0x63, 0x68, 0x61, 0x6E, 0x74, 0x6D, 0x65, 0x6E, 0x74, 0x2E,
    0x6D, 0x69, 0x6E, 0x65, 0x63, 0x72, 0x61, 0x66, 0x74, 0x2E, 0x66, 0x69, 0x72, 0x65, 0x5F, 0x61, 0x73, 0x70, 0x65, 0x63,
    0x74, 0x00, 0x03, 0x00, 0x06, 0x77, 0x65, 0x69, 0x67, 0x68, 0x74, 0x00, 0x00, 0x00, 0x02, 0x03, 0x00, 0x0A, 0x61, 0x6E,
    0x76, 0x69, 0x6C, 0x5F, 0x63, 0x6F, 0x73, 0x74, 0x00, 0x00, 0x00, 0x04, 0x00, 0x19, 0x6D, 0x69, 0x6E, 0x65, 0x63, 0x72,
    0x61, 0x66, 0x74, 0x3A, 0x66, 0x69, 0x72, 0x65, 0x5F, 0x70, 0x72, 0x6F, 0x74, 0x65, 0x63, 0x74, 0x69, 0x6F, 0x6E, 0x01,
    0x0A, 0x09, 0x00, 0x05, 0x73, 0x6C, 0x6F, 0x74, 0x73, 0x08, 0x00, 0x00, 0x00, 0x01, 0x00, 0x05, 0x61, 0x72, 0x6D, 0x6F,
    0x72, 0x0A, 0x00, 0x07, 0x65, 0x66, 0x66, 0x65, 0x63, 0x74, 0x73, 0x09, 0x00, 0x14, 0x6D, 0x69, 0x6E, 0x65, 0x63, 0x72,
    0x61, 0x66, 0x74, 0x3A, 0x61, 0x74, 0x74, 0x72, 0x69, 0x62, 0x75, 0x74, 0x65, 0x73, 0x0A, 0x00, 0x00, 0x00, 0x01, 0x0A,
    0x00, 0x06, 0x61, 0x6D, 0x6F, 0x75, 0x6E, 0x74, 0x05, 0x00, 0x15, 0x70, 0x65, 0x72, 0x5F, 0x6C, 0x65, 0x76, 0x65, 0x6C,
    0x5F, 0x61, 0x62, 0x6F, 0x76, 0x65, 0x5F, 0x66, 0x69, 0x72, 0x73, 0x74, 0xBE, 0x19, 0x99, 0x9A, 0x08, 0x00, 0x04, 0x74,
    0x79, 0x70, 0x65, 0x00, 0x10, 0x6D, 0x69, 0x6E, 0x65, 0x63, 0x72, 0x61, 0x66, 0x74, 0x3A, 0x6C, 0x69, 0x6E, 0x65, 0x61,
    0x72, 0x05, 0x00, 0x04, 0x62, 0x61, 0x73, 0x65, 0xBE, 0x19, 0x99, 0x9A, 0x00, 0x08, 0x00, 0x02, 0x69, 0x64, 0x00, 0x25,
    0x6D, 0x69, 0x6E, 0x65, 0x63, 0x72, 0x61, 0x66, 0x74, 0x3A, 0x65, 0x6E, 0x63, 0x68, 0x61, 0x6E, 0x74, 0x6D, 0x65, 0x6E,
    0x74, 0x2E, 0x66, 0x69, 0x72, 0x65, 0x5F, 0x70, 0x72, 0x6F, 0x74, 0x65, 0x63, 0x74, 0x69, 0x6F, 0x6E, 0x08, 0x00, 0x09,
    0x61, 0x74, 0x74, 0x72, 0x69, 0x62, 0x75, 0x74, 0x65, 0x00, 0x16, 0x6D, 0x69, 0x6E, 0x65, 0x63, 0x72, 0x61, 0x66, 0x74,
    0x3A, 0x62, 0x75, 0x72, 0x6E, 0x69, 0x6E, 0x67, 0x5F, 0x74, 0x69, 0x6D, 0x65, 0x08, 0x00, 0x09, 0x6F, 0x70, 0x65, 0x72,
    0x61, 0x74, 0x69, 0x6F, 0x6E, 0x00, 0x13, 0x61, 0x64, 0x64, 0x5F, 0x6D, 0x75, 0x6C, 0x74, 0x69, 0x70, 0x6C, 0x69, 0x65,
    0x64, 0x5F, 0x62, 0x61, 0x73, 0x65, 0x00, 0x09, 0x00, 0x1B, 0x6D, 0x69, 0x6E, 0x65, 0x63, 0x72, 0x61, 0x66, 0x74, 0x3A,
    0x64, 0x61, 0x6D, 0x61, 0x67, 0x65, 0x5F, 0x70, 0x72, 0x6F, 0x74, 0x65, 0x63, 0x74, 0x69, 0x6F, 0x6E, 0x0A, 0x00, 0x00,
    0x00, 0x01, 0x0A, 0x00, 0x0C, 0x72, 0x65, 0x71, 0x75, 0x69, 0x72, 0x65, 0x6D, 0x65, 0x6E, 0x74, 0x73, 0x08, 0x00, 0x09,
    0x63, 0x6F, 0x6E, 0x64, 0x69, 0x74, 0x69, 0x6F, 0x6E, 0x00, 0x10, 0x6D, 0x69, 0x6E, 0x65, 0x63, 0x72, 0x61, 0x66, 0x74,
    0x3A, 0x61, 0x6C, 0x6C, 0x5F, 0x6F, 0x66, 0x09, 0x00, 0x05, 0x74, 0x65, 0x72, 0x6D, 0x73, 0x0A, 0x00, 0x00, 0x00, 0x01,
    0x0A, 0x00, 0x09, 0x70, 0x72, 0x65, 0x64, 0x69, 0x63, 0x61, 0x74, 0x65, 0x09, 0x00, 0x04, 0x74, 0x61, 0x67, 0x73, 0x0A,
    0x00, 0x00, 0x00, 0x02, 0x01, 0x00, 0x08, 0x65, 0x78, 0x70, 0x65, 0x63, 0x74, 0x65, 0x64, 0x01, 0x08, 0x00, 0x02, 0x69,
    0x64, 0x00, 0x11, 0x6D, 0x69, 0x6E, 0x65, 0x63, 0x72, 0x61, 0x66, 0x74, 0x3A, 0x69, 0x73, 0x5F, 0x66, 0x69, 0x72, 0x65,
    0x00, 0x01, 0x00, 0x08, 0x65, 0x78, 0x70, 0x65, 0x63, 0x74, 0x65, 0x64, 0x00, 0x08, 0x00, 0x02, 0x69, 0x64, 0x00, 0x22,
    0x6D, 0x69, 0x6E, 0x65, 0x63, 0x72, 0x61, 0x66, 0x74, 0x3A, 0x62, 0x79, 0x70, 0x61, 0x73, 0x73, 0x65, 0x73, 0x5F, 0x69,
    0x6E, 0x76, 0x75, 0x6C, 0x6E, 0x65, 0x72, 0x61, 0x62, 0x69, 0x6C, 0x69, 0x74, 0x79, 0x00, 0x00, 0x08, 0x00, 0x09, 0x63,
    0x6F, 0x6E, 0x64, 0x69, 0x74, 0x69, 0x6F, 0x6E, 0x00, 0x22, 0x6D, 0x69, 0x6E, 0x65, 0x63, 0x72, 0x61, 0x66, 0x74, 0x3A,
    0x64, 0x61, 0x6D, 0x61, 0x67, 0x65, 0x5F, 0x73, 0x6F, 0x75, 0x72, 0x63, 0x65, 0x5F, 0x70, 0x72, 0x6F, 0x70, 0x65, 0x72,
    0x74, 0x69, 0x65, 0x73, 0x00, 0x00, 0x0A, 0x00, 0x06, 0x65, 0x66, 0x66, 0x65, 0x63, 0x74, 0x08, 0x00, 0x04, 0x74, 0x79,
    0x70, 0x65, 0x00, 0x0D, 0x6D, 0x69, 0x6E, 0x65, 0x63, 0x72, 0x61, 0x66, 0x74, 0x3A, 0x61, 0x64, 0x64, 0x0A, 0x00, 0x05,
    0x76, 0x61, 0x6C, 0x75, 0x65, 0x05, 0x00, 0x15, 0x70, 0x65, 0x72, 0x5F, 0x6C, 0x65, 0x76, 0x65, 0x6C, 0x5F, 0x61, 0x62,
    0x6F, 0x76, 0x65, 0x5F, 0x66, 0x69, 0x72, 0x73, 0x74, 0x40, 0x00, 0x00, 0x00, 0x08, 0x00, 0x04, 0x74, 0x79, 0x70, 0x65,
    0x00, 0x10, 0x6D, 0x69, 0x6E, 0x65, 0x63, 0x72, 0x61, 0x66, 0x74, 0x3A, 0x6C, 0x69, 0x6E, 0x65, 0x61, 0x72, 0x05, 0x00,
    0x04, 0x62, 0x61, 0x73, 0x65, 0x40, 0x00, 0x00, 0x00, 0x00, 0x00, 0x00, 0x00, 0x0A, 0x00, 0x08, 0x6D, 0x61, 0x78, 0x5F,
    0x63, 0x6F, 0x73, 0x74, 0x03, 0x00, 0x15, 0x70, 0x65, 0x72, 0x5F, 0x6C, 0x65, 0x76, 0x65, 0x6C, 0x5F, 0x61, 0x62, 0x6F,
    0x76, 0x65, 0x5F, 0x66, 0x69, 0x72, 0x73, 0x74, 0x00, 0x00, 0x00, 0x08, 0x03, 0x00, 0x04, 0x62, 0x61, 0x73, 0x65, 0x00,
    0x00, 0x00, 0x12, 0x00, 0x08, 0x00, 0x0F, 0x73, 0x75, 0x70, 0x70, 0x6F, 0x72, 0x74, 0x65, 0x64, 0x5F, 0x69, 0x74, 0x65,
    0x6D, 0x73, 0x00, 0x1C, 0x23, 0x6D, 0x69, 0x6E, 0x65, 0x63, 0x72, 0x61, 0x66, 0x74, 0x3A, 0x65, 0x6E, 0x63, 0x68, 0x61,
    0x6E, 0x74, 0x61, 0x62, 0x6C, 0x65, 0x2F, 0x61, 0x72, 0x6D, 0x6F, 0x72, 0x03, 0x00, 0x09, 0x6D, 0x61, 0x78, 0x5F, 0x6C,
    0x65, 0x76, 0x65, 0x6C, 0x00, 0x00, 0x00, 0x04, 0x0A, 0x00, 0x08, 0x6D, 0x69, 0x6E, 0x5F, 0x63, 0x6F, 0x73, 0x74, 0x03,
    0x00, 0x15, 0x70, 0x65, 0x72, 0x5F, 0x6C, 0x65, 0x76, 0x65, 0x6C, 0x5F, 0x61, 0x62, 0x6F, 0x76, 0x65, 0x5F, 0x66, 0x69,
    0x72, 0x73, 0x74, 0x00, 0x00, 0x00, 0x08, 0x03, 0x00, 0x04, 0x62, 0x61, 0x73, 0x65, 0x00, 0x00, 0x00, 0x0A, 0x00, 0x0A,
    0x00, 0x0B, 0x64, 0x65, 0x73, 0x63, 0x72, 0x69, 0x70, 0x74, 0x69, 0x6F, 0x6E, 0x08, 0x00, 0x09, 0x74, 0x72, 0x61, 0x6E,
    0x73, 0x6C, 0x61, 0x74, 0x65, 0x00, 0x25, 0x65, 0x6E, 0x63, 0x68, 0x61, 0x6E, 0x74, 0x6D, 0x65, 0x6E, 0x74, 0x2E, 0x6D,
    0x69, 0x6E, 0x65, 0x63, 0x72, 0x61, 0x66, 0x74, 0x2E, 0x66, 0x69, 0x72, 0x65, 0x5F, 0x70, 0x72, 0x6F, 0x74, 0x65, 0x63,
    0x74, 0x69, 0x6F, 0x6E, 0x00, 0x03, 0x00, 0x06, 0x77, 0x65, 0x69, 0x67, 0x68, 0x74, 0x00, 0x00, 0x00, 0x05, 0x03, 0x00,
    0x0A, 0x61, 0x6E, 0x76, 0x69, 0x6C, 0x5F, 0x63, 0x6F, 0x73, 0x74, 0x00, 0x00, 0x00, 0x02, 0x08, 0x00, 0x0D, 0x65, 0x78,
    0x63, 0x6C, 0x75, 0x73, 0x69, 0x76, 0x65, 0x5F, 0x73, 0x65, 0x74, 0x00, 0x1E, 0x23, 0x6D, 0x69, 0x6E, 0x65, 0x63, 0x72,
    0x61, 0x66, 0x74, 0x3A, 0x65, 0x78, 0x63, 0x6C, 0x75, 0x73, 0x69, 0x76, 0x65, 0x5F, 0x73, 0x65, 0x74, 0x2F, 0x61, 0x72,
    0x6D, 0x6F, 0x72, 0x00, 0x0F, 0x6D, 0x69, 0x6E, 0x65, 0x63, 0x72, 0x61, 0x66, 0x74, 0x3A, 0x66, 0x6C, 0x61, 0x6D, 0x65,
    0x01, 0x0A, 0x09, 0x00, 0x05, 0x73, 0x6C, 0x6F, 0x74, 0x73, 0x08, 0x00, 0x00, 0x00, 0x01, 0x00, 0x08, 0x6D, 0x61, 0x69,
    0x6E, 0x68, 0x61, 0x6E, 0x64, 0x0A, 0x00, 0x07, 0x65, 0x66, 0x66, 0x65, 0x63, 0x74, 0x73, 0x09, 0x00, 0x1C, 0x6D, 0x69,
    0x6E, 0x65, 0x63, 0x72, 0x61, 0x66, 0x74, 0x3A, 0x70, 0x72, 0x6F, 0x6A, 0x65, 0x63, 0x74, 0x69, 0x6C, 0x65, 0x5F, 0x73,
    0x70, 0x61, 0x77, 0x6E, 0x65, 0x64, 0x0A, 0x00, 0x00, 0x00, 0x01, 0x0A, 0x00, 0x06, 0x65, 0x66, 0x66, 0x65, 0x63, 0x74,
    0x05, 0x00, 0x08, 0x64, 0x75, 0x72, 0x61, 0x74, 0x69, 0x6F, 0x6E, 0x42, 0xC8, 0x00, 0x00, 0x08, 0x00, 0x04, 0x74, 0x79,
    0x70, 0x65, 0x00, 0x10, 0x6D, 0x69, 0x6E, 0x65, 0x63, 0x72, 0x61, 0x66, 0x74, 0x3A, 0x69, 0x67, 0x6E, 0x69, 0x74, 0x65,
    0x00, 0x00, 0x00, 0x0A, 0x00, 0x08, 0x6D, 0x61, 0x78, 0x5F, 0x63, 0x6F, 0x73, 0x74, 0x03, 0x00, 0x15, 0x70, 0x65, 0x72,
    0x5F, 0x6C, 0x65, 0x76, 0x65, 0x6C, 0x5F, 0x61, 0x62, 0x6F, 0x76, 0x65, 0x5F, 0x66, 0x69, 0x72, 0x73, 0x74, 0x00, 0x00,
    0x00, 0x00, 0x03, 0x00, 0x04, 0x62, 0x61, 0x73, 0x65, 0x00, 0x00, 0x00, 0x32, 0x00, 0x08, 0x00, 0x0F, 0x73, 0x75, 0x70,
    0x70, 0x6F, 0x72, 0x74, 0x65, 0x64, 0x5F, 0x69, 0x74, 0x65, 0x6D, 0x73, 0x00, 0x1A, 0x23, 0x6D, 0x69, 0x6E, 0x65, 0x63,
    0x72, 0x61, 0x66, 0x74, 0x3A, 0x65, 0x6E, 0x63, 0x68, 0x61, 0x6E, 0x74, 0x61, 0x62, 0x6C, 0x65, 0x2F, 0x62, 0x6F, 0x77,
    0x03, 0x00, 0x09, 0x6D, 0x61, 0x78, 0x5F, 0x6C, 0x65, 0x76, 0x65, 0x6C, 0x00, 0x00, 0x00, 0x01, 0x0A, 0x00, 0x08, 0x6D,
    0x69, 0x6E, 0x5F, 0x63, 0x6F, 0x73, 0x74, 0x03, 0x00, 0x15, 0x70, 0x65, 0x72, 0x5F, 0x6C, 0x65, 0x76, 0x65, 0x6C, 0x5F,
    0x61, 0x62, 0x6F, 0x76, 0x65, 0x5F, 0x66, 0x69, 0x72, 0x73, 0x74, 0x00, 0x00, 0x00, 0x00, 0x03, 0x00, 0x04, 0x62, 0x61,
    0x73, 0x65, 0x00, 0x00, 0x00, 0x14, 0x00, 0x0A, 0x00, 0x0B, 0x64, 0x65, 0x73, 0x63, 0x72, 0x69, 0x70, 0x74, 0x69, 0x6F,
    0x6E, 0x08, 0x00, 0x09, 0x74, 0x72, 0x61, 0x6E, 0x73, 0x6C, 0x61, 0x74, 0x65, 0x00, 0x1B, 0x65, 0x6E, 0x63, 0x68, 0x61,
    0x6E, 0x74, 0x6D, 0x65, 0x6E, 0x74, 0x2E, 0x6D, 0x69, 0x6E, 0x65, 0x63, 0x72, 0x61, 0x66, 0x74, 0x2E, 0x66, 0x6C, 0x61,
    0x6D, 0x65, 0x00, 0x03, 0x00, 0x06, 0x77, 0x65, 0x69, 0x67, 0x68, 0x74, 0x00, 0x00, 0x00, 0x02, 0x03, 0x00, 0x0A, 0x61,
    0x6E, 0x76, 0x69, 0x6C, 0x5F, 0x63, 0x6F, 0x73, 0x74, 0x00, 0x00, 0x00, 0x04, 0x00, 0x11, 0x6D, 0x69, 0x6E, 0x65, 0x63,
    0x72, 0x61, 0x66, 0x74, 0x3A, 0x66, 0x6F, 0x72, 0x74, 0x75, 0x6E, 0x65, 0x01, 0x0A, 0x09, 0x00, 0x05, 0x73, 0x6C, 0x6F,
    0x74, 0x73, 0x08, 0x00, 0x00, 0x00, 0x01, 0x00, 0x08, 0x6D, 0x61, 0x69, 0x6E, 0x68, 0x61, 0x6E, 0x64, 0x0A, 0x00, 0x08,
    0x6D, 0x61, 0x78, 0x5F, 0x63, 0x6F, 0x73, 0x74, 0x03, 0x00, 0x15, 0x70, 0x65, 0x72, 0x5F, 0x6C, 0x65, 0x76, 0x65, 0x6C,
    0x5F, 0x61, 0x62, 0x6F, 0x76, 0x65, 0x5F, 0x66, 0x69, 0x72, 0x73, 0x74, 0x00, 0x00, 0x00, 0x09, 0x03, 0x00, 0x04, 0x62,
    0x61, 0x73, 0x65, 0x00, 0x00, 0x00, 0x41, 0x00, 0x08, 0x00, 0x0F, 0x73, 0x75, 0x70, 0x70, 0x6F, 0x72, 0x74, 0x65, 0x64,
    0x5F, 0x69, 0x74, 0x65, 0x6D, 0x73, 0x00, 0x22, 0x23, 0x6D, 0x69, 0x6E, 0x65, 0x63, 0x72, 0x61, 0x66, 0x74, 0x3A, 0x65,
    0x6E, 0x63, 0x68, 0x61, 0x6E, 0x74, 0x61, 0x62, 0x6C, 0x65, 0x2F, 0x6D, 0x69, 0x6E, 0x69, 0x6E, 0x67, 0x5F, 0x6C, 0x6F,
    0x6F, 0x74, 0x03, 0x00, 0x09, 0x6D, 0x61, 0x78, 0x5F, 0x6C, 0x65, 0x76, 0x65, 0x6C, 0x00, 0x00, 0x00, 0x03, 0x0A, 0x00,
    0x08, 0x6D, 0x69, 0x6E, 0x5F, 0x63, 0x6F, 0x73, 0x74, 0x03, 0x00, 0x15, 0x70, 0x65, 0x72, 0x5F, 0x6C, 0x65, 0x76, 0x65,
    0x6C, 0x5F, 0x61, 0x62, 0x6F, 0x76, 0x65, 0x5F, 0x66, 0x69, 0x72, 0x73, 0x74, 0x00, 0x00, 0x00, 0x09, 0x03, 0x00, 0x04,
    0x62, 0x61, 0x73, 0x65, 0x00, 0x00, 0x00, 0x0F, 0x00, 0x0A, 0x00, 0x0B, 0x64, 0x65, 0x73, 0x63, 0x72, 0x69, 0x70, 0x74,
    0x69, 0x6F, 0x6E, 0x08, 0x00, 0x09, 0x74, 0x72, 0x61, 0x6E, 0x73, 0x6C, 0x61, 0x74, 0x65, 0x00, 0x1D, 0x65, 0x6E, 0x63,
    0x68, 0x61, 0x6E, 0x74, 0x6D, 0x65, 0x6E, 0x74, 0x2E, 0x6D, 0x69, 0x6E, 0x65, 0x63, 0x72, 0x61, 0x66, 0x74, 0x2E, 0x66,
    0x6F, 0x72, 0x74, 0x75, 0x6E, 0x65, 0x00, 0x03, 0x00, 0x06, 0x77, 0x65, 0x69, 0x67, 0x68, 0x74, 0x00, 0x00, 0x00, 0x02,
    0x03, 0x00, 0x0A, 0x61, 0x6E, 0x76, 0x69, 0x6C, 0x5F, 0x63, 0x6F, 0x73, 0x74, 0x00, 0x00, 0x00, 0x04, 0x08, 0x00, 0x0D,
    0x65, 0x78, 0x63, 0x6C, 0x75, 0x73, 0x69, 0x76, 0x65, 0x5F, 0x73, 0x65, 0x74, 0x00, 0x1F, 0x23, 0x6D, 0x69, 0x6E, 0x65,
    0x63, 0x72, 0x61, 0x66, 0x74, 0x3A, 0x65, 0x78, 0x63, 0x6C, 0x75, 0x73, 0x69, 0x76, 0x65, 0x5F, 0x73, 0x65, 0x74, 0x2F,
    0x6D, 0x69, 0x6E, 0x69, 0x6E, 0x67, 0x00, 0x16, 0x6D, 0x69, 0x6E, 0x65, 0x63, 0x72, 0x61, 0x66, 0x74, 0x3A, 0x66, 0x72,
    0x6F, 0x73, 0x74, 0x5F, 0x77, 0x61, 0x6C, 0x6B, 0x65, 0x72, 0x01, 0x0A, 0x09, 0x00, 0x05, 0x73, 0x6C, 0x6F, 0x74, 0x73,
    0x08, 0x00, 0x00, 0x00, 0x01, 0x00, 0x04, 0x66, 0x65, 0x65, 0x74, 0x0A, 0x00, 0x07, 0x65, 0x66, 0x66, 0x65, 0x63, 0x74,
    0x73, 0x09, 0x00, 0x1A, 0x6D, 0x69, 0x6E, 0x65, 0x63, 0x72, 0x61, 0x66, 0x74, 0x3A, 0x6C, 0x6F, 0x63, 0x61, 0x74, 0x69,
    0x6F, 0x6E, 0x5F, 0x63, 0x68, 0x61, 0x6E, 0x67, 0x65, 0x64, 0x0A, 0x00, 0x00, 0x00, 0x01, 0x0A, 0x00, 0x0C, 0x72, 0x65,
    0x71, 0x75, 0x69, 0x72, 0x65, 0x6D, 0x65, 0x6E, 0x74, 0x73, 0x08, 0x00, 0x09, 0x63, 0x6F, 0x6E, 0x64, 0x69, 0x74, 0x69,
    0x6F, 0x6E, 0x00, 0x10, 0x6D, 0x69, 0x6E, 0x65, 0x63, 0x72, 0x61, 0x66, 0x74, 0x3A, 0x61, 0x6C, 0x6C, 0x5F, 0x6F, 0x66,
    0x09, 0x00, 0x05, 0x74, 0x65, 0x72, 0x6D, 0x73, 0x0A, 0x00, 0x00, 0x00, 0x02, 0x0A, 0x00, 0x09, 0x70, 0x72, 0x65, 0x64,
    0x69, 0x63, 0x61, 0x74, 0x65, 0x0A, 0x00, 0x05, 0x66, 0x6C, 0x61, 0x67, 0x73, 0x01, 0x00, 0x0C, 0x69, 0x73, 0x5F, 0x6F,
    0x6E, 0x5F, 0x67, 0x72, 0x6F, 0x75, 0x6E, 0x64, 0x01, 0x00, 0x00, 0x08, 0x00, 0x09, 0x63, 0x6F, 0x6E, 0x64, 0x69, 0x74,
    0x69, 0x6F, 0x6E, 0x00, 0x1B, 0x6D, 0x69, 0x6E, 0x65, 0x63, 0x72, 0x61, 0x66, 0x74, 0x3A, 0x65, 0x6E, 0x74, 0x69, 0x74,
    0x79, 0x5F, 0x70, 0x72, 0x6F, 0x70, 0x65, 0x72, 0x74, 0x69, 0x65, 0x73, 0x08, 0x00, 0x06, 0x65, 0x6E, 0x74, 0x69, 0x74,
    0x79, 0x00, 0x04, 0x74, 0x68, 0x69, 0x73, 0x00, 0x08, 0x00, 0x09, 0x63, 0x6F, 0x6E, 0x64, 0x69, 0x74, 0x69, 0x6F, 0x6E,
    0x00, 0x12, 0x6D, 0x69, 0x6E, 0x65, 0x63, 0x72, 0x61, 0x66, 0x74, 0x3A, 0x69, 0x6E, 0x76, 0x65, 0x72, 0x74, 0x65, 0x64,
    0x0A, 0x00, 0x04, 0x74, 0x65, 0x72, 0x6D, 0x0A, 0x00, 0x09, 0x70, 0x72, 0x65, 0x64, 0x69, 0x63, 0x61, 0x74, 0x65, 0x0A,
    0x00, 0x07, 0x76, 0x65, 0x68, 0x69, 0x63, 0x6C, 0x65, 0x00, 0x00, 0x08, 0x00, 0x09, 0x63, 0x6F, 0x6E, 0x64, 0x69, 0x74,
    0x69, 0x6F, 0x6E, 0x00, 0x1B, 0x6D, 0x69, 0x6E, 0x65, 0x63, 0x72, 0x61, 0x66, 0x74, 0x3A, 0x65, 0x6E, 0x74, 0x69, 0x74,
    0x79, 0x5F, 0x70, 0x72, 0x6F, 0x70, 0x65, 0x72, 0x74, 0x69, 0x65, 0x73, 0x08, 0x00, 0x06, 0x65, 0x6E, 0x74, 0x69, 0x74,
    0x79, 0x00, 0x04, 0x74, 0x68, 0x69, 0x73, 0x00, 0x00, 0x00, 0x0A, 0x00, 0x06, 0x65, 0x66, 0x66, 0x65, 0x63, 0x74, 0x0A,
    0x00, 0x09, 0x70, 0x72, 0x65, 0x64, 0x69, 0x63, 0x61, 0x74, 0x65, 0x09, 0x00, 0x0A, 0x70, 0x72, 0x65, 0x64, 0x69, 0x63,
    0x61, 0x74, 0x65, 0x73, 0x0A, 0x00, 0x00, 0x00, 0x04, 0x0B, 0x00, 0x06, 0x6F, 0x66, 0x66, 0x73, 0x65, 0x74, 0x00, 0x00,
    0x00, 0x03, 0x00, 0x00, 0x00, 0x00, 0x00, 0x00, 0x00, 0x01, 0x00, 0x00, 0x00, 0x00, 0x08, 0x00, 0x03, 0x74, 0x61, 0x67,
    0x00, 0x0D, 0x6D, 0x69, 0x6E, 0x65, 0x63, 0x72, 0x61, 0x66, 0x74, 0x3A, 0x61, 0x69, 0x72, 0x08, 0x00, 0x04, 0x74, 0x79,
    0x70, 0x65, 0x00, 0x1C, 0x6D, 0x69, 0x6E, 0x65, 0x63, 0x72, 0x61, 0x66, 0x74, 0x3A, 0x6D, 0x61, 0x74, 0x63, 0x68, 0x69,
    0x6E, 0x67, 0x5F, 0x62, 0x6C, 0x6F, 0x63, 0x6B, 0x5F, 0x74, 0x61, 0x67, 0x00, 0x08, 0x00, 0x06, 0x62, 0x6C, 0x6F, 0x63,
    0x6B, 0x73, 0x00, 0x0F, 0x6D, 0x69, 0x6E, 0x65, 0x63, 0x72, 0x61, 0x66, 0x74, 0x3A, 0x77, 0x61, 0x74, 0x65, 0x72, 0x08,
    0x00, 0x04, 0x74, 0x79, 0x70, 0x65, 0x00, 0x19, 0x6D, 0x69, 0x6E, 0x65, 0x63, 0x72, 0x61, 0x66, 0x74, 0x3A, 0x6D, 0x61,
    0x74, 0x63, 0x68, 0x69, 0x6E, 0x67, 0x5F, 0x62, 0x6C, 0x6F, 0x63, 0x6B, 0x73, 0x00, 0x08, 0x00, 0x04, 0x74, 0x79, 0x70,
    0x65, 0x00, 0x19, 0x6D, 0x69, 0x6E, 0x65, 0x63, 0x72, 0x61, 0x66, 0x74, 0x3A, 0x6D, 0x61, 0x74, 0x63, 0x68, 0x69, 0x6E,
    0x67, 0x5F, 0x66, 0x6C, 0x75, 0x69, 0x64, 0x73, 0x08, 0x00, 0x06, 0x66, 0x6C, 0x75, 0x69, 0x64, 0x73, 0x00, 0x0F, 0x6D,
    0x69, 0x6E, 0x65, 0x63, 0x72, 0x61, 0x66, 0x74, 0x3A, 0x77, 0x61, 0x74, 0x65, 0x72, 0x00, 0x08, 0x00, 0x04, 0x74, 0x79,
    0x70, 0x65, 0x00, 0x16, 0x6D, 0x69, 0x6E, 0x65, 0x63, 0x72, 0x61, 0x66, 0x74, 0x3A, 0x75, 0x6E, 0x6F, 0x62, 0x73, 0x74,
    0x72, 0x75, 0x63, 0x74, 0x65, 0x64, 0x00, 0x08, 0x00, 0x04, 0x74, 0x79, 0x70, 0x65, 0x00, 0x10, 0x6D, 0x69, 0x6E, 0x65,
    0x63, 0x72, 0x61, 0x66, 0x74, 0x3A, 0x61, 0x6C, 0x6C, 0x5F, 0x6F, 0x66, 0x00, 0x08, 0x00, 0x12, 0x74, 0x72, 0x69, 0x67,
    0x67, 0x65, 0x72, 0x5F, 0x67, 0x61, 0x6D, 0x65, 0x5F, 0x65, 0x76, 0x65, 0x6E, 0x74, 0x00, 0x15, 0x6D, 0x69, 0x6E, 0x65,
    0x63, 0x72, 0x61, 0x66, 0x74, 0x3A, 0x62, 0x6C, 0x6F, 0x63, 0x6B, 0x5F, 0x70, 0x6C, 0x61, 0x63, 0x65, 0x0B, 0x00, 0x06,
    0x6F, 0x66, 0x66, 0x73, 0x65, 0x74, 0x00, 0x00, 0x00, 0x03, 0x00, 0x00, 0x00, 0x00, 0xFF, 0xFF, 0xFF, 0xFF, 0x00, 0x00,
    0x00, 0x00, 0x0A, 0x00, 0x0B, 0x62, 0x6C, 0x6F, 0x63, 0x6B, 0x5F, 0x73, 0x74, 0x61, 0x74, 0x65, 0x0A, 0x00, 0x05, 0x73,
    0x74, 0x61, 0x74, 0x65, 0x0A, 0x00, 0x0A, 0x50, 0x72, 0x6F, 0x70, 0x65, 0x72, 0x74, 0x69, 0x65, 0x73, 0x08, 0x00, 0x03,
    0x61, 0x67, 0x65, 0x00, 0x01, 0x30, 0x00, 0x08, 0x00, 0x04, 0x4E, 0x61, 0x6D, 0x65, 0x00, 0x15, 0x6D, 0x69, 0x6E, 0x65,
    0x63, 0x72, 0x61, 0x66, 0x74, 0x3A, 0x66, 0x72, 0x6F, 0x73, 0x74, 0x65, 0x64, 0x5F, 0x69, 0x63, 0x65, 0x00, 0x08, 0x00,
    0x04, 0x74, 0x79, 0x70, 0x65, 0x00, 0x1F, 0x6D, 0x69, 0x6E, 0x65, 0x63, 0x72, 0x61, 0x66, 0x74, 0x3A, 0x73, 0x69, 0x6D,
    0x70, 0x6C, 0x65, 0x5F, 0x73, 0x74, 0x61, 0x74, 0x65, 0x5F, 0x70, 0x72, 0x6F, 0x76, 0x69, 0x64, 0x65, 0x72, 0x00, 0x0A,
    0x00, 0x06, 0x72, 0x61, 0x64, 0x69, 0x75, 0x73, 0x05, 0x00, 0x03, 0x6D, 0x69, 0x6E, 0x00, 0x00, 0x00, 0x00, 0x05, 0x00,
    0x03, 0x6D, 0x61, 0x78, 0x41, 0x80, 0x00, 0x00, 0x08, 0x00, 0x04, 0x74, 0x79, 0x70, 0x65, 0x00, 0x11, 0x6D, 0x69, 0x6E,
    0x65, 0x63, 0x72, 0x61, 0x66, 0x74, 0x3A, 0x63, 0x6C, 0x61, 0x6D, 0x70, 0x65, 0x64, 0x0A, 0x00, 0x05, 0x76, 0x61, 0x6C,
    0x75, 0x65, 0x05, 0x00, 0x15, 0x70, 0x65, 0x72, 0x5F, 0x6C, 0x65, 0x76, 0x65, 0x6C, 0x5F, 0x61, 0x62, 0x6F, 0x76, 0x65,
    0x5F, 0x66, 0x69, 0x72, 0x73, 0x74, 0x3F, 0x80, 0x00, 0x00, 0x08, 0x00, 0x04, 0x74, 0x79, 0x70, 0x65, 0x00, 0x10, 0x6D,
    0x69, 0x6E, 0x65, 0x63, 0x72, 0x61, 0x66, 0x74, 0x3A, 0x6C, 0x69, 0x6E, 0x65, 0x61, 0x72, 0x05, 0x00, 0x04, 0x62, 0x61,
    0x73, 0x65, 0x40, 0x40, 0x00, 0x00, 0x00, 0x00, 0x08, 0x00, 0x04, 0x74, 0x79, 0x70, 0x65, 0x00, 0x16, 0x6D, 0x69, 0x6E,
    0x65, 0x63, 0x72, 0x61, 0x66, 0x74, 0x3A, 0x72, 0x65, 0x70, 0x6C, 0x61, 0x63, 0x65, 0x5F, 0x64, 0x69, 0x73, 0x6B, 0x05,
    0x00, 0x06, 0x68, 0x65, 0x69, 0x67, 0x68, 0x74, 0x3F, 0x80, 0x00, 0x00, 0x00, 0x00, 0x09, 0x00, 0x19, 0x6D, 0x69, 0x6E,
    0x65, 0x63, 0x72, 0x61, 0x66, 0x74, 0x3A, 0x64, 0x61, 0x6D, 0x61, 0x67, 0x65, 0x5F, 0x69, 0x6D, 0x6D, 0x75, 0x6E, 0x69,
    0x74, 0x79, 0x0A, 0x00, 0x00, 0x00, 0x01, 0x0A, 0x00, 0x0C, 0x72, 0x65, 0x71, 0x75, 0x69, 0x72, 0x65, 0x6D, 0x65, 0x6E,
    0x74, 0x73, 0x0A, 0x00, 0x09, 0x70, 0x72, 0x65, 0x64, 0x69, 0x63, 0x61, 0x74, 0x65, 0x09, 0x00, 0x04, 0x74, 0x61, 0x67,
    0x73, 0x0A, 0x00, 0x00, 0x00, 0x02, 0x01, 0x00, 0x08, 0x65, 0x78, 0x70, 0x65, 0x63, 0x74, 0x65, 0x64, 0x01, 0x08, 0x00,
    0x02, 0x69, 0x64, 0x00, 0x1C, 0x6D, 0x69, 0x6E, 0x65, 0x63, 0x72, 0x61, 0x66, 0x74, 0x3A, 0x62, 0x75, 0x72, 0x6E, 0x5F,
    0x66, 0x72, 0x6F, 0x6D, 0x5F, 0x73, 0x74, 0x65, 0x70, 0x70, 0x69, 0x6E, 0x67, 0x00, 0x01, 0x00, 0x08, 0x65, 0x78, 0x70,
    0x65, 0x63, 0x74, 0x65, 0x64, 0x00, 0x08, 0x00, 0x02, 0x69, 0x64, 0x00, 0x22, 0x6D, 0x69, 0x6E, 0x65, 0x63, 0x72, 0x61,
    0x66, 0x74, 0x3A, 0x62, 0x79, 0x70, 0x61, 0x73, 0x73, 0x65, 0x73, 0x5F, 0x69, 0x6E, 0x76, 0x75, 0x6C, 0x6E, 0x65, 0x72,
    0x61, 0x62, 0x69, 0x6C, 0x69, 0x74, 0x79, 0x00, 0x00, 0x08, 0x00, 0x09, 0x63, 0x6F, 0x6E, 0x64, 0x69, 0x74, 0x69, 0x6F,
    0x6E, 0x00, 0x22, 0x6D, 0x69, 0x6E, 0x65, 0x63, 0x72, 0x61, 0x66, 0x74, 0x3A, 0x64, 0x61, 0x6D, 0x61, 0x67, 0x65, 0x5F,
    0x73, 0x6F, 0x75, 0x72, 0x63, 0x65, 0x5F, 0x70, 0x72, 0x6F, 0x70, 0x65, 0x72, 0x74, 0x69, 0x65, 0x73, 0x00, 0x0A, 0x00,
    0x06, 0x65, 0x66, 0x66, 0x65, 0x63, 0x74, 0x00, 0x00, 0x00, 0x0A, 0x00, 0x08, 0x6D, 0x61, 0x78, 0x5F, 0x63, 0x6F, 0x73,
    0x74, 0x03, 0x00, 0x15, 0x70, 0x65, 0x72, 0x5F, 0x6C, 0x65, 0x76, 0x65, 0x6C, 0x5F, 0x61, 0x62, 0x6F, 0x76, 0x65, 0x5F,
    0x66, 0x69, 0x72, 0x73, 0x74, 0x00, 0x00, 0x00, 0x0A, 0x03, 0x00, 0x04, 0x62, 0x61, 0x73, 0x65, 0x00, 0x00, 0x00, 0x19,
    0x00, 0x08, 0x00, 0x0F, 0x73, 0x75, 0x70, 0x70, 0x6F, 0x72, 0x74, 0x65, 0x64, 0x5F, 0x69, 0x74, 0x65, 0x6D, 0x73, 0x00,
    0x21, 0x23, 0x6D, 0x69, 0x6E, 0x65, 0x63, 0x72, 0x61, 0x66, 0x74, 0x3A, 0x65, 0x6E, 0x63, 0x68, 0x61, 0x6E, 0x74, 0x61,
    0x62, 0x6C, 0x65, 0x2F, 0x66, 0x6F, 0x6F, 0x74, 0x5F, 0x61, 0x72, 0x6D, 0x6F, 0x72, 0x03, 0x00, 0x09, 0x6D, 0x61, 0x78,
    0x5F, 0x6C, 0x65, 0x76, 0x65, 0x6C, 0x00, 0x00, 0x00, 0x02, 0x0A, 0x00, 0x08, 0x6D, 0x69, 0x6E, 0x5F, 0x63, 0x6F, 0x73,
    0x74, 0x03, 0x00, 0x15, 0x70, 0x65, 0x72, 0x5F, 0x6C, 0x65, 0x76, 0x65, 0x6C, 0x5F, 0x61, 0x62, 0x6F, 0x76, 0x65, 0x5F,
    0x66, 0x69, 0x72, 0x73, 0x74, 0x00, 0x00, 0x00, 0x0A, 0x03, 0x00, 0x04, 0x62, 0x61, 0x73, 0x65, 0x00, 0x00, 0x00, 0x0A,
    0x00, 0x0A, 0x00, 0x0B, 0x64, 0x65, 0x73, 0x63, 0x72, 0x69, 0x70, 0x74, 0x69, 0x6F, 0x6E, 0x08, 0x00, 0x09, 0x74, 0x72,
    0x61, 0x6E, 0x73, 0x6C, 0x61, 0x74, 0x65, 0x00, 0x22, 0x65, 0x6E, 0x63, 0x68, 0x61, 0x6E, 0x74, 0x6D, 0x65, 0x6E, 0x74,
    0x2E, 0x6D, 0x69, 0x6E, 0x65, 0x63, 0x72, 0x61, 0x66, 0x74, 0x2E, 0x66, 0x72, 0x6F, 0x73, 0x74, 0x5F, 0x77, 0x61, 0x6C,
    0x6B, 0x65, 0x72, 0x00, 0x03, 0x00, 0x06, 0x77, 0x65, 0x69, 0x67, 0x68, 0x74, 0x00, 0x00, 0x00, 0x02, 0x03, 0x00, 0x0A,
    0x61, 0x6E, 0x76, 0x69, 0x6C, 0x5F, 0x63, 0x6F, 0x73, 0x74, 0x00, 0x00, 0x00, 0x04, 0x08, 0x00, 0x0D, 0x65, 0x78, 0x63,
    0x6C, 0x75, 0x73, 0x69, 0x76, 0x65, 0x5F, 0x73, 0x65, 0x74, 0x00, 0x1E, 0x23, 0x6D, 0x69, 0x6E, 0x65, 0x63, 0x72, 0x61,
    0x66, 0x74, 0x3A, 0x65, 0x78, 0x63, 0x6C, 0x75, 0x73, 0x69, 0x76, 0x65, 0x5F, 0x73, 0x65, 0x74, 0x2F, 0x62, 0x6F, 0x6F,
    0x74, 0x73, 0x00, 0x12, 0x6D, 0x69, 0x6E, 0x65, 0x63, 0x72, 0x61, 0x66, 0x74, 0x3A, 0x69, 0x6D, 0x70, 0x61, 0x6C, 0x69,
    0x6E, 0x67, 0x01, 0x0A, 0x09, 0x00, 0x05, 0x73, 0x6C, 0x6F, 0x74, 0x73, 0x08, 0x00, 0x00, 0x00, 0x01, 0x00, 0x08, 0x6D,
    0x61, 0x69, 0x6E, 0x68, 0x61, 0x6E, 0x64, 0x0A, 0x00, 0x07, 0x65, 0x66, 0x66, 0x65, 0x63, 0x74, 0x73, 0x09, 0x00, 0x10,
    0x6D, 0x69, 0x6E, 0x65, 0x63, 0x72, 0x61, 0x66, 0x74, 0x3A, 0x64, 0x61, 0x6D, 0x61, 0x67, 0x65, 0x0A, 0x00, 0x00, 0x00,
    0x01, 0x0A, 0x00, 0x0C, 0x72, 0x65, 0x71, 0x75, 0x69, 0x72, 0x65, 0x6D, 0x65, 0x6E, 0x74, 0x73, 0x0A, 0x00, 0x09, 0x70,
    0x72, 0x65, 0x64, 0x69, 0x63, 0x61, 0x74, 0x65, 0x08, 0x00, 0x0B, 0x65, 0x6E, 0x74, 0x69, 0x74, 0x79, 0x5F, 0x74, 0x79,
    0x70, 0x65, 0x00, 0x20, 0x23, 0x6D, 0x69, 0x6E, 0x65, 0x63, 0x72, 0x61, 0x66, 0x74, 0x3A, 0x73, 0x65, 0x6E, 0x73, 0x69,
    0x74, 0x69, 0x76, 0x65, 0x5F, 0x74, 0x6F, 0x5F, 0x69, 0x6D, 0x70, 0x61, 0x6C, 0x69, 0x6E, 0x67, 0x00, 0x08, 0x00, 0x09,
    0x63, 0x6F, 0x6E, 0x64, 0x69, 0x74, 0x69, 0x6F, 0x6E, 0x00, 0x1B, 0x6D, 0x69, 0x6E, 0x65, 0x63, 0x72, 0x61, 0x66, 0x74,
    0x3A, 0x65, 0x6E, 0x74, 0x69, 0x74, 0x79, 0x5F, 0x70, 0x72, 0x6F, 0x70, 0x65, 0x72, 0x74, 0x69, 0x65, 0x73, 0x08, 0x00,
    0x06, 0x65, 0x6E, 0x74, 0x69, 0x74, 0x79, 0x00, 0x04, 0x74, 0x68, 0x69, 0x73, 0x00, 0x0A, 0x00, 0x06, 0x65, 0x66, 0x66,
    0x65, 0x63, 0x74, 0x08, 0x00, 0x04, 0x74, 0x79, 0x70, 0x65, 0x00, 0x0D, 0x6D, 0x69, 0x6E, 0x65, 0x63, 0x72, 0x61, 0x66,
    0x74, 0x3A, 0x61, 0x64, 0x64, 0x0A, 0x00, 0x05, 0x76, 0x61, 0x6C, 0x75, 0x65, 0x05, 0x00, 0x15, 0x70, 0x65, 0x72, 0x5F,
    0x6C, 0x65, 0x76, 0x65, 0x6C, 0x5F, 0x61, 0x62, 0x6F, 0x76, 0x65, 0x5F, 0x66, 0x69, 0x72, 0x73, 0x74, 0x40, 0x20, 0x00,
    0x00, 0x08, 0x00, 0x04, 0x74, 0x79, 0x70, 0x65, 0x00, 0x10, 0x6D, 0x69, 0x6E, 0x65, 0x63, 0x72, 0x61, 0x66, 0x74, 0x3A,
    0x6C, 0x69, 0x6E, 0x65, 0x61, 0x72, 0x05, 0x00, 0x04, 0x62, 0x61, 0x73, 0x65, 0x40, 0x20, 0x00, 0x00, 0x00, 0x00, 0x00,
    0x00, 0x0A, 0x00, 0x08, 0x6D, 0x61, 0x78, 0x5F, 0x63, 0x6F, 0x73, 0x74, 0x03, 0x00, 0x15, 0x70, 0x65, 0x72, 0x5F, 0x6C,
    0x65, 0x76, 0x65, 0x6C, 0x5F, 0x61, 0x62, 0x6F, 0x76, 0x65, 0x5F, 0x66, 0x69, 0x72, 0x73, 0x74, 0x00, 0x00, 0x00, 0x08,
    0x03, 0x00, 0x04, 0x62, 0x61, 0x73, 0x65, 0x00, 0x00, 0x00, 0x15, 0x00, 0x08, 0x00, 0x0F, 0x73, 0x75, 0x70, 0x70, 0x6F,
    0x72, 0x74, 0x65, 0x64, 0x5F, 0x69, 0x74, 0x65, 0x6D, 0x73, 0x00, 0x1E, 0x23, 0x6D, 0x69, 0x6E, 0x65, 0x63, 0x72, 0x61,
    0x66, 0x74, 0x3A, 0x65, 0x6E, 0x63, 0x68, 0x61, 0x6E, 0x74, 0x61, 0x62, 0x6C, 0x65, 0x2F, 0x74, 0x72, 0x69, 0x64, 0x65,
    0x6E, 0x74, 0x03, 0x00, 0x09, 0x6D, 0x61, 0x78, 0x5F, 0x6C, 0x65, 0x76, 0x65, 0x6C, 0x00, 0x00, 0x00, 0x05, 0x0A, 0x00,
    0x08, 0x6D, 0x69, 0x6E, 0x5F, 0x63, 0x6F, 0x73, 0x74, 0x03, 0x00, 0x15, 0x70, 0x65, 0x72, 0x5F, 0x6C, 0x65, 0x76, 0x65,
    0x6C, 0x5F, 0x61, 0x62, 0x6F, 0x76, 0x65, 0x5F, 0x66, 0x69, 0x72, 0x73, 0x74, 0x00, 0x00, 0x00, 0x08, 0x03, 0x00, 0x04,
    0x62, 0x61, 0x73, 0x65, 0x00, 0x00, 0x00, 0x01, 0x00, 0x0A, 0x00, 0x0B, 0x64, 0x65, 0x73, 0x63, 0x72, 0x69, 0x70, 0x74,
    0x69, 0x6F, 0x6E, 0x08, 0x00, 0x09, 0x74, 0x72, 0x61, 0x6E, 0x73, 0x6C, 0x61, 0x74, 0x65, 0x00, 0x1E, 0x65, 0x6E, 0x63,
    0x68, 0x61, 0x6E, 0x74, 0x6D, 0x65, 0x6E, 0x74, 0x2E, 0x6D, 0x69, 0x6E, 0x65, 0x63, 0x72, 0x61, 0x66, 0x74, 0x2E, 0x69,
    0x6D, 0x70, 0x61, 0x6C, 0x69, 0x6E, 0x67, 0x00, 0x03, 0x00, 0x06, 0x77, 0x65, 0x69, 0x67, 0x68, 0x74, 0x00, 0x00, 0x00,
    0x02, 0x03, 0x00, 0x0A, 0x61, 0x6E, 0x76, 0x69, 0x6C, 0x5F, 0x63, 0x6F, 0x73, 0x74, 0x00, 0x00, 0x00, 0x04, 0x08, 0x00,
    0x0D, 0x65, 0x78, 0x63, 0x6C, 0x75, 0x73, 0x69, 0x76, 0x65, 0x5F, 0x73, 0x65, 0x74, 0x00, 0x1F, 0x23, 0x6D, 0x69, 0x6E,
    0x65, 0x63, 0x72, 0x61, 0x66, 0x74, 0x3A, 0x65, 0x78, 0x63, 0x6C, 0x75, 0x73, 0x69, 0x76, 0x65, 0x5F, 0x73, 0x65, 0x74,
    0x2F, 0x64, 0x61, 0x6D, 0x61, 0x67, 0x65, 0x00, 0x12, 0x6D, 0x69, 0x6E, 0x65, 0x63, 0x72, 0x61, 0x66, 0x74, 0x3A, 0x69,
    0x6E, 0x66, 0x69, 0x6E, 0x69, 0x74, 0x79, 0x01, 0x0A, 0x09, 0x00, 0x05, 0x73, 0x6C, 0x6F, 0x74, 0x73, 0x08, 0x00, 0x00,
    0x00, 0x01, 0x00, 0x08, 0x6D, 0x61, 0x69, 0x6E, 0x68, 0x61, 0x6E, 0x64, 0x0A, 0x00, 0x07, 0x65, 0x66, 0x66, 0x65, 0x63,
    0x74, 0x73, 0x09, 0x00, 0x12, 0x6D, 0x69, 0x6E, 0x65, 0x63, 0x72, 0x61, 0x66, 0x74, 0x3A, 0x61, 0x6D, 0x6D, 0x6F, 0x5F,
    0x75, 0x73, 0x65, 0x0A, 0x00, 0x00, 0x00, 0x01, 0x0A, 0x00, 0x0C, 0x72, 0x65, 0x71, 0x75, 0x69, 0x72, 0x65, 0x6D, 0x65,
    0x6E, 0x74, 0x73, 0x0A, 0x00, 0x09, 0x70, 0x72, 0x65, 0x64, 0x69, 0x63, 0x61, 0x74, 0x65, 0x08, 0x00, 0x05, 0x69, 0x74,
    0x65, 0x6D, 0x73, 0x00, 0x0F, 0x6D, 0x69, 0x6E, 0x65, 0x63, 0x72, 0x61, 0x66, 0x74, 0x3A, 0x61, 0x72, 0x72, 0x6F, 0x77,
    0x00, 0x08, 0x00, 0x09, 0x63, 0x6F, 0x6E, 0x64, 0x69, 0x74, 0x69, 0x6F, 0x6E, 0x00, 0x14, 0x6D, 0x69, 0x6E, 0x65, 0x63,
    0x72, 0x61, 0x66, 0x74, 0x3A, 0x6D, 0x61, 0x74, 0x63, 0x68, 0x5F, 0x74, 0x6F, 0x6F, 0x6C, 0x00, 0x0A, 0x00, 0x06, 0x65,
    0x66, 0x66, 0x65, 0x63, 0x74, 0x08, 0x00, 0x04, 0x74, 0x79, 0x70, 0x65, 0x00, 0x0D, 0x6D, 0x69, 0x6E, 0x65, 0x63, 0x72,
    0x61, 0x66, 0x74, 0x3A, 0x73, 0x65, 0x74, 0x05, 0x00, 0x05, 0x76, 0x61, 0x6C, 0x75, 0x65, 0x00, 0x00, 0x00, 0x00, 0x00,
    0x00, 0x00, 0x0A, 0x00, 0x08, 0x6D, 0x61, 0x78, 0x5F, 0x63, 0x6F, 0x73, 0x74, 0x03, 0x00, 0x15, 0x70, 0x65, 0x72, 0x5F,
    0x6C, 0x65, 0x76, 0x65, 0x6C, 0x5F, 0x61, 0x62, 0x6F, 0x76, 0x65, 0x5F, 0x66, 0x69, 0x72, 0x73, 0x74, 0x00, 0x00, 0x00,
    0x00, 0x03, 0x00, 0x04, 0x62, 0x61, 0x73, 0x65, 0x00, 0x00, 0x00, 0x32, 0x00, 0x08, 0x00, 0x0F, 0x73, 0x75, 0x70, 0x70,
    0x6F, 0x72, 0x74, 0x65, 0x64, 0x5F, 0x69, 0x74, 0x65, 0x6D, 0x73, 0x00, 0x1A, 0x23, 0x6D, 0x69, 0x6E, 0x65, 0x63, 0x72,
    0x61, 0x66, 0x74, 0x3A, 0x65, 0x6E, 0x63, 0x68, 0x61, 0x6E, 0x74, 0x61, 0x62, 0x6C, 0x65, 0x2F, 0x62, 0x6F, 0x77, 0x03,
    0x00, 0x09, 0x6D, 0x61, 0x78, 0x5F, 0x6C, 0x65, 0x76, 0x65, 0x6C, 0x00, 0x00, 0x00, 0x01, 0x0A, 0x00, 0x08, 0x6D, 0x69,
    0x6E, 0x5F, 0x63, 0x6F, 0x73, 0x74, 0x03, 0x00, 0x15, 0x70, 0x65, 0x72, 0x5F, 0x6C, 0x65, 0x76, 0x65, 0x6C, 0x5F, 0x61,
    0x62, 0x6F, 0x76, 0x65, 0x5F, 0x66, 0x69, 0x72, 0x73, 0x74, 0x00, 0x00, 0x00, 0x00, 0x03, 0x00, 0x04, 0x62, 0x61, 0x73,
    0x65, 0x00, 0x00, 0x00, 0x14, 0x00, 0x0A, 0x00, 0x0B, 0x64, 0x65, 0x73, 0x63, 0x72, 0x69, 0x70, 0x74, 0x69, 0x6F, 0x6E,
    0x08, 0x00, 0x09, 0x74, 0x72, 0x61, 0x6E, 0x73, 0x6C, 0x61, 0x74, 0x65, 0x00, 0x1E, 0x65, 0x6E, 0x63, 0x68, 0x61, 0x6E,
    0x74, 0x6D, 0x65, 0x6E, 0x74, 0x2E, 0x6D, 0x69, 0x6E, 0x65, 0x63, 0x72, 0x61, 0x66, 0x74, 0x2E, 0x69, 0x6E, 0x66, 0x69,
    0x6E, 0x69, 0x74, 0x79, 0x00, 0x03, 0x00, 0x06, 0x77, 0x65, 0x69, 0x67, 0x68, 0x74, 0x00, 0x00, 0x00, 0x01, 0x03, 0x00,
    0x0A, 0x61, 0x6E, 0x76, 0x69, 0x6C, 0x5F, 0x63, 0x6F, 0x73, 0x74, 0x00, 0x00, 0x00, 0x08, 0x08, 0x00, 0x0D, 0x65, 0x78,
    0x63, 0x6C, 0x75, 0x73, 0x69, 0x76, 0x65, 0x5F, 0x73, 0x65, 0x74, 0x00, 0x1C, 0x23, 0x6D, 0x69, 0x6E, 0x65, 0x63, 0x72,
    0x61, 0x66, 0x74, 0x3A, 0x65, 0x78, 0x63, 0x6C, 0x75, 0x73, 0x69, 0x76, 0x65, 0x5F, 0x73, 0x65, 0x74, 0x2F, 0x62, 0x6F,
    0x77, 0x00, 0x13, 0x6D, 0x69, 0x6E, 0x65, 0x63, 0x72, 0x61, 0x66, 0x74, 0x3A, 0x6B, 0x6E, 0x6F, 0x63, 0x6B, 0x62, 0x61,
    0x63, 0x6B, 0x01, 0x0A, 0x09, 0x00, 0x05, 0x73, 0x6C, 0x6F, 0x74, 0x73, 0x08, 0x00, 0x00, 0x00, 0x01, 0x00, 0x08, 0x6D,
    0x61, 0x69, 0x6E, 0x68, 0x61, 0x6E, 0x64, 0x0A, 0x00, 0x07, 0x65, 0x66, 0x66, 0x65, 0x63, 0x74, 0x73, 0x09, 0x00, 0x13,
    0x6D, 0x69, 0x6E, 0x65, 0x63, 0x72, 0x61, 0x66, 0x74, 0x3A, 0x6B, 0x6E, 0x6F, 0x63, 0x6B, 0x62, 0x61, 0x63, 0x6B, 0x0A,
    0x00, 0x00, 0x00, 0x01, 0x0A, 0x00, 0x06, 0x65, 0x66, 0x66, 0x65, 0x63, 0x74, 0x08, 0x00, 0x04, 0x74, 0x79, 0x70, 0x65,
    0x00, 0x0D, 0x6D, 0x69, 0x6E, 0x65, 0x63, 0x72, 0x61, 0x66, 0x74, 0x3A, 0x61, 0x64, 0x64, 0x0A, 0x00, 0x05, 0x76, 0x61,
    0x6C, 0x75, 0x65, 0x05, 0x00, 0x15, 0x70, 0x65, 0x72, 0x5F, 0x6C, 0x65, 0x76, 0x65, 0x6C, 0x5F, 0x61, 0x62, 0x6F, 0x76,
    0x65, 0x5F, 0x66, 0x69, 0x72, 0x73, 0x74, 0x3F, 0x80, 0x00, 0x00, 0x08, 0x00, 0x04, 0x74, 0x79, 0x70, 0x65, 0x00, 0x10,
    0x6D, 0x69, 0x6E, 0x65, 0x63, 0x72, 0x61, 0x66, 0x74, 0x3A, 0x6C, 0x69, 0x6E, 0x65, 0x61, 0x72, 0x05, 0x00, 0x04, 0x62,
    0x61, 0x73, 0x65, 0x3F, 0x80, 0x00, 0x00, 0x00, 0x00, 0x00, 0x00, 0x0A, 0x00, 0x08, 0x6D, 0x61, 0x78, 0x5F, 0x63, 0x6F,
    0x73, 0x74, 0x03, 0x00, 0x15, 0x70, 0x65, 0x72, 0x5F, 0x6C, 0x65, 0x76, 0x65, 0x6C, 0x5F, 0x61, 0x62, 0x6F, 0x76, 0x65,
    0x5F, 0x66, 0x69, 0x72, 0x73, 0x74, 0x00, 0x00, 0x00, 0x14, 0x03, 0x00, 0x04, 0x62, 0x61, 0x73, 0x65, 0x00, 0x00, 0x00,
    0x37, 0x00, 0x08, 0x00, 0x0F, 0x73, 0x75, 0x70, 0x70, 0x6F, 0x72, 0x74, 0x65, 0x64, 0x5F, 0x69, 0x74, 0x65, 0x6D, 0x73,
    0x00, 0x23, 0x23, 0x6D, 0x69, 0x6E, 0x65, 0x63, 0x72, 0x61, 0x66, 0x74, 0x3A, 0x65, 0x6E, 0x63, 0x68, 0x61, 0x6E, 0x74,
    0x61, 0x62, 0x6C, 0x65, 0x2F, 0x6D, 0x65, 0x6C, 0x65, 0x65, 0x5F, 0x77, 0x65, 0x61, 0x70, 0x6F, 0x6E, 0x03, 0x00, 0x09,
    0x6D, 0x61, 0x78, 0x5F, 0x6C, 0x65, 0x76, 0x65, 0x6C, 0x00, 0x00, 0x00, 0x02, 0x0A, 0x00, 0x08, 0x6D, 0x69, 0x6E, 0x5F,
    0x63, 0x6F, 0x73, 0x74, 0x03, 0x00, 0x15, 0x70, 0x65, 0x72, 0x5F, 0x6C, 0x65, 0x76, 0x65, 0x6C, 0x5F, 0x61, 0x62, 0x6F,
    0x76, 0x65, 0x5F, 0x66, 0x69, 0x72, 0x73, 0x74, 0x00, 0x00, 0x00, 0x14, 0x03, 0x00, 0x04, 0x62, 0x61, 0x73, 0x65, 0x00,
    0x00, 0x00, 0x05, 0x00, 0x0A, 0x00, 0x0B, 0x64, 0x65, 0x73, 0x63, 0x72, 0x69, 0x70, 0x74, 0x69, 0x6F, 0x6E, 0x08, 0x00,
    0x09, 0x74, 0x72, 0x61, 0x6E, 0x73, 0x6C, 0x61, 0x74, 0x65, 0x00, 0x1F, 0x65, 0x6E, 0x63, 0x68, 0x61, 0x6E, 0x74, 0x6D,
    0x65, 0x6E, 0x74, 0x2E, 0x6D, 0x69, 0x6E, 0x65, 0x63, 0x72, 0x61, 0x66, 0x74, 0x2E, 0x6B, 0x6E, 0x6F, 0x63, 0x6B, 0x62,
    0x61, 0x63, 0x6B, 0x00, 0x03, 0x00, 0x06, 0x77, 0x65, 0x69, 0x67, 0x68, 0x74, 0x00, 0x00, 0x00, 0x05, 0x03, 0x00, 0x0A,
    0x61, 0x6E, 0x76, 0x69, 0x6C, 0x5F, 0x63, 0x6F, 0x73, 0x74, 0x00, 0x00, 0x00, 0x02, 0x00, 0x11, 0x6D, 0x69, 0x6E, 0x65,
    0x63, 0x72, 0x61, 0x66, 0x74, 0x3A, 0x6C, 0x6F, 0x6F, 0x74, 0x69, 0x6E, 0x67, 0x01, 0x0A, 0x09, 0x00, 0x05, 0x73, 0x6C,
    0x6F, 0x74, 0x73, 0x08, 0x00, 0x00, 0x00, 0x01, 0x00, 0x08, 0x6D, 0x61, 0x69, 0x6E, 0x68, 0x61, 0x6E, 0x64, 0x0A, 0x00,
    0x07, 0x65, 0x66, 0x66, 0x65, 0x63, 0x74, 0x73, 0x09, 0x00, 0x19, 0x6D, 0x69, 0x6E, 0x65, 0x63, 0x72, 0x61, 0x66, 0x74,
    0x3A, 0x65, 0x71, 0x75, 0x69, 0x70, 0x6D, 0x65, 0x6E, 0x74, 0x5F, 0x64, 0x72, 0x6F, 0x70, 0x73, 0x0A, 0x00, 0x00, 0x00,
    0x01, 0x0A, 0x00, 0x0C, 0x72, 0x65, 0x71, 0x75, 0x69, 0x72, 0x65, 0x6D, 0x65, 0x6E, 0x74, 0x73, 0x0A, 0x00, 0x09, 0x70,
    0x72, 0x65, 0x64, 0x69, 0x63, 0x61, 0x74, 0x65, 0x08, 0x00, 0x0B, 0x65, 0x6E, 0x74, 0x69, 0x74, 0x79, 0x5F, 0x74, 0x79,
    0x70, 0x65, 0x00, 0x10, 0x6D, 0x69, 0x6E, 0x65, 0x63, 0x72, 0x61, 0x66, 0x74, 0x3A, 0x70, 0x6C, 0x61, 0x79, 0x65, 0x72,
    0x00, 0x08, 0x00, 0x09, 0x63, 0x6F, 0x6E, 0x64, 0x69, 0x74, 0x69, 0x6F, 0x6E, 0x00, 0x1B, 0x6D, 0x69, 0x6E, 0x65, 0x63,
    0x72, 0x61, 0x66, 0x74, 0x3A, 0x65, 0x6E, 0x74, 0x69, 0x74, 0x79, 0x5F, 0x70, 0x72, 0x6F, 0x70, 0x65, 0x72, 0x74, 0x69,
    0x65, 0x73, 0x08, 0x00, 0x06, 0x65, 0x6E, 0x74, 0x69, 0x74, 0x79, 0x00, 0x08, 0x61, 0x74, 0x74, 0x61, 0x63, 0x6B, 0x65,
    0x72, 0x00, 0x08, 0x00, 0x09, 0x65, 0x6E, 0x63, 0x68, 0x61, 0x6E, 0x74, 0x65, 0x64, 0x00, 0x08, 0x61, 0x74, 0x74, 0x61,
    0x63, 0x6B, 0x65, 0x72, 0x0A, 0x00, 0x06, 0x65, 0x66, 0x66, 0x65, 0x63, 0x74, 0x08, 0x00, 0x04, 0x74, 0x79, 0x70, 0x65,
    0x00, 0x0D, 0x6D, 0x69, 0x6E, 0x65, 0x63, 0x72, 0x61, 0x66, 0x74, 0x3A, 0x61, 0x64, 0x64, 0x0A, 0x00, 0x05, 0x76, 0x61,
    0x6C, 0x75, 0x65, 0x05, 0x00, 0x15, 0x70, 0x65, 0x72, 0x5F, 0x6C, 0x65, 0x76, 0x65, 0x6C, 0x5F, 0x61, 0x62, 0x6F, 0x76,
    0x65, 0x5F, 0x66, 0x69, 0x72, 0x73, 0x74, 0x3C, 0x23, 0xD7, 0x0A, 0x08, 0x00, 0x04, 0x74, 0x79, 0x70, 0x65, 0x00, 0x10,
    0x6D, 0x69, 0x6E, 0x65, 0x63, 0x72, 0x61, 0x66, 0x74, 0x3A, 0x6C, 0x69, 0x6E, 0x65, 0x61, 0x72, 0x05, 0x00, 0x04, 0x62,
    0x61, 0x73, 0x65, 0x3C, 0x23, 0xD7, 0x0A, 0x00, 0x00, 0x00, 0x00, 0x0A, 0x00, 0x08, 0x6D, 0x61, 0x78, 0x5F, 0x63, 0x6F,
    0x73, 0x74, 0x03, 0x00, 0x15, 0x70, 0x65, 0x72, 0x5F, 0x6C, 0x65, 0x76, 0x65, 0x6C, 0x5F, 0x61, 0x62, 0x6F, 0x76, 0x65,
    0x5F, 0x66, 0x69, 0x72, 0x73, 0x74, 0x00, 0x00, 0x00, 0x09, 0x03, 0x00, 0x04, 0x62, 0x61, 0x73, 0x65, 0x00, 0x00, 0x00,
    0x41, 0x00, 0x08, 0x00, 0x0F, 0x73, 0x75, 0x70, 0x70, 0x6F, 0x72, 0x74, 0x65, 0x64, 0x5F, 0x69, 0x74, 0x65, 0x6D, 0x73,
    0x00, 0x23, 0x23, 0x6D, 0x69, 0x6E, 0x65, 0x63, 0x72, 0x61, 0x66, 0x74, 0x3A, 0x65, 0x6E, 0x63, 0x68, 0x61, 0x6E, 0x74,
    0x61, 0x62, 0x6C, 0x65, 0x2F, 0x6D, 0x65, 0x6C, 0x65, 0x65, 0x5F, 0x77, 0x65, 0x61, 0x70, 0x6F, 0x6E, 0x03, 0x00, 0x09,
    0x6D, 0x61, 0x78, 0x5F, 0x6C, 0x65, 0x76, 0x65, 0x6C, 0x00, 0x00, 0x00, 0x03, 0x0A, 0x00, 0x08, 0x6D, 0x69, 0x6E, 0x5F,
    0x63, 0x6F, 0x73, 0x74, 0x03, 0x00, 0x15, 0x70, 0x65, 0x72, 0x5F, 0x6C, 0x65, 0x76, 0x65, 0x6C, 0x5F, 0x61, 0x62, 0x6F,
    0x76, 0x65, 0x5F, 0x66, 0x69, 0x72, 0x73, 0x74, 0x00, 0x00, 0x00, 0x09, 0x03, 0x00, 0x04, 0x62, 0x61, 0x73, 0x65, 0x00,
    0x00, 0x00, 0x0F, 0x00, 0x0A, 0x00, 0x0B, 0x64, 0x65, 0x73, 0x63, 0x72, 0x69, 0x70, 0x74, 0x69, 0x6F, 0x6E, 0x08, 0x00,
    0x09, 0x74, 0x72, 0x61, 0x6E, 0x73, 0x6C, 0x61, 0x74, 0x65, 0x00, 0x1D, 0x65, 0x6E, 0x63, 0x68, 0x61, 0x6E, 0x74, 0x6D,
    0x65, 0x6E, 0x74, 0x2E, 0x6D, 0x69, 0x6E, 0x65, 0x63, 0x72, 0x61, 0x66, 0x74, 0x2E, 0x6C, 0x6F, 0x6F, 0x74, 0x69, 0x6E,
    0x67, 0x00, 0x03, 0x00, 0x06, 0x77, 0x65, 0x69, 0x67, 0x68, 0x74, 0x00, 0x00, 0x00, 0x02, 0x03, 0x00, 0x0A, 0x61, 0x6E,
    0x76, 0x69, 0x6C, 0x5F, 0x63, 0x6F, 0x73, 0x74, 0x00, 0x00, 0x00, 0x04, 0x00, 0x11, 0x6D, 0x69, 0x6E, 0x65, 0x63, 0x72,
    0x61, 0x66, 0x74, 0x3A, 0x6C, 0x6F, 0x79, 0x61, 0x6C, 0x74, 0x79, 0x01, 0x0A, 0x09, 0x00, 0x05, 0x73, 0x6C, 0x6F, 0x74,
    0x73, 0x08, 0x00, 0x00, 0x00, 0x01, 0x00, 0x08, 0x6D, 0x61, 0x69, 0x6E, 0x68, 0x61, 0x6E, 0x64, 0x0A, 0x00, 0x07, 0x65,
    0x66, 0x66, 0x65, 0x63, 0x74, 0x73, 0x09, 0x00, 0x25, 0x6D, 0x69, 0x6E, 0x65, 0x63, 0x72, 0x61, 0x66, 0x74, 0x3A, 0x74,
    0x72, 0x69, 0x64, 0x65, 0x6E, 0x74, 0x5F, 0x72, 0x65, 0x74, 0x75, 0x72, 0x6E, 0x5F, 0x61, 0x63, 0x63, 0x65, 0x6C, 0x65,
    0x72, 0x61, 0x74, 0x69, 0x6F, 0x6E, 0x0A, 0x00, 0x00, 0x00, 0x01, 0x0A, 0x00, 0x06, 0x65, 0x66, 0x66, 0x65, 0x63, 0x74,
    0x08, 0x00, 0x04, 0x74, 0x79, 0x70, 0x65, 0x00, 0x0D, 0x6D, 0x69, 0x6E, 0x65, 0x63, 0x72, 0x61, 0x66, 0x74, 0x3A, 0x61,
    0x64, 0x64, 0x0A, 0x00, 0x05, 0x76, 0x61, 0x6C, 0x75, 0x65, 0x05, 0x00, 0x15, 0x70, 0x65, 0x72, 0x5F, 0x6C, 0x65, 0x76,
    0x65, 0x6C, 0x5F, 0x61, 0x62, 0x6F, 0x76, 0x65, 0x5F, 0x66, 0x69, 0x72, 0x73, 0x74, 0x3F, 0x80, 0x00, 0x00, 0x08, 0x00,
    0x04, 0x74, 0x79, 0x70, 0x65, 0x00, 0x10, 0x6D, 0x69, 0x6E, 0x65, 0x63, 0x72, 0x61, 0x66, 0x74, 0x3A, 0x6C, 0x69, 0x6E,
    0x65, 0x61, 0x72, 0x05, 0x00, 0x04, 0x62, 0x61, 0x73, 0x65, 0x3F, 0x80, 0x00, 0x00, 0x00, 0x00, 0x00, 0x00, 0x0A, 0x00,
    0x08, 0x6D, 0x61, 0x78, 0x5F, 0x63, 0x6F, 0x73, 0x74, 0x03, 0x00, 0x15, 0x70, 0x65, 0x72, 0x5F, 0x6C, 0x65, 0x76, 0x65,
    0x6C, 0x5F, 0x61, 0x62, 0x6F, 0x76, 0x65, 0x5F, 0x66, 0x69, 0x72, 0x73, 0x74, 0x00, 0x00, 0x00, 0x00, 0x03, 0x00, 0x04,
    0x62, 0x61, 0x73, 0x65, 0x00, 0x00, 0x00, 0x32, 0x00, 0x08, 0x00, 0x0F, 0x73, 0x75, 0x70, 0x70, 0x6F, 0x72, 0x74, 0x65,
    0x64, 0x5F, 0x69, 0x74, 0x65, 0x6D, 0x73, 0x00, 0x1E, 0x23, 0x6D, 0x69, 0x6E, 0x65, 0x63, 0x72, 0x61, 0x66, 0x74, 0x3A,
    0x65, 0x6E, 0x63, 0x68, 0x61, 0x6E, 0x74, 0x61, 0x62, 0x6C, 0x65, 0x2F, 0x74, 0x72, 0x69, 0x64, 0x65, 0x6E, 0x74, 0x03,
    0x00, 0x09, 0x6D, 0x61, 0x78, 0x5F, 0x6C, 0x65, 0x76, 0x65, 0x6C, 0x00, 0x00, 0x00, 0x03, 0x0A, 0x00, 0x08, 0x6D, 0x69,
    0x6E, 0x5F, 0x63, 0x6F, 0x73, 0x74, 0x03, 0x00, 0x15, 0x70, 0x65, 0x72, 0x5F, 0x6C, 0x65, 0x76, 0x65, 0x6C, 0x5F, 0x61,
    0x62, 0x6F, 0x76, 0x65, 0x5F, 0x66, 0x69, 0x72, 0x73, 0x74, 0x00, 0x00, 0x00, 0x07, 0x03, 0x00, 0x04, 0x62, 0x61, 0x73,
    0x65, 0x00, 0x00, 0x00, 0x0C, 0x00, 0x0A, 0x00, 0x0B, 0x64, 0x65, 0x73, 0x63, 0x72, 0x69, 0x70, 0x74, 0x69, 0x6F, 0x6E,
    0x08, 0x00, 0x09, 0x74, 0x72, 0x61, 0x6E, 0x73, 0x6C, 0x61, 0x74, 0x65, 0x00, 0x1D, 0x65, 0x6E, 0x63, 0x68, 0x61, 0x6E,
    0x74, 0x6D, 0x65, 0x6E, 0x74, 0x2E, 0x6D, 0x69, 0x6E, 0x65, 0x63, 0x72, 0x61, 0x66, 0x74, 0x2E, 0x6C, 0x6F, 0x79, 0x61,
    0x6C, 0x74, 0x79, 0x00, 0x03, 0x00, 0x06, 0x77, 0x65, 0x69, 0x67, 0x68, 0x74, 0x00, 0x00, 0x00, 0x05, 0x03, 0x00, 0x0A,
    0x61, 0x6E, 0x76, 0x69, 0x6C, 0x5F, 0x63, 0x6F, 0x73, 0x74, 0x00, 0x00, 0x00, 0x02, 0x00, 0x19, 0x6D, 0x69, 0x6E, 0x65,
    0x63, 0x72, 0x61, 0x66, 0x74, 0x3A, 0x6C, 0x75, 0x63, 0x6B, 0x5F, 0x6F, 0x66, 0x5F, 0x74, 0x68, 0x65, 0x5F, 0x73, 0x65,
    0x61, 0x01, 0x0A, 0x09, 0x00, 0x05, 0x73, 0x6C, 0x6F, 0x74, 0x73, 0x08, 0x00, 0x00, 0x00, 0x01, 0x00, 0x08, 0x6D, 0x61,
    0x69, 0x6E, 0x68, 0x61, 0x6E, 0x64, 0x0A, 0x00, 0x07, 0x65, 0x66, 0x66, 0x65, 0x63, 0x74, 0x73, 0x09, 0x00, 0x1C, 0x6D,
    0x69, 0x6E, 0x65, 0x63, 0x72, 0x61, 0x66, 0x74, 0x3A, 0x66, 0x69, 0x73, 0x68, 0x69, 0x6E, 0x67, 0x5F, 0x6C, 0x75, 0x63,
    0x6B, 0x5F, 0x62, 0x6F, 0x6E, 0x75, 0x73, 0x0A, 0x00, 0x00, 0x00, 0x01, 0x0A, 0x00, 0x06, 0x65, 0x66, 0x66, 0x65, 0x63,
    0x74, 0x08, 0x00, 0x04, 0x74, 0x79, 0x70, 0x65, 0x00, 0x0D, 0x6D, 0x69, 0x6E, 0x65, 0x63, 0x72, 0x61, 0x66, 0x74, 0x3A,
    0x61, 0x64, 0x64, 0x0A, 0x00, 0x05, 0x76, 0x61, 0x6C, 0x75, 0x65, 0x05, 0x00, 0x15, 0x70, 0x65, 0x72, 0x5F, 0x6C, 0x65,
    0x76, 0x65, 0x6C, 0x5F, 0x61, 0x62, 0x6F, 0x76, 0x65, 0x5F, 0x66, 0x69, 0x72, 0x73, 0x74, 0x3F, 0x80, 0x00, 0x00, 0x08,
    0x00, 0x04, 0x74, 0x79, 0x70, 0x65, 0x00, 0x10, 0x6D, 0x69, 0x6E, 0x65, 0x63, 0x72, 0x61, 0x66, 0x74, 0x3A, 0x6C, 0x69,
    0x6E, 0x65, 0x61, 0x72, 0x05, 0x00, 0x04, 0x62, 0x61, 0x73, 0x65, 0x3F, 0x80, 0x00, 0x00, 0x00, 0x00, 0x00, 0x00, 0x0A,
    0x00, 0x08, 0x6D, 0x61, 0x78, 0x5F, 0x63, 0x6F, 0x73, 0x74, 0x03, 0x00, 0x15, 0x70, 0x65, 0x72, 0x5F, 0x6C, 0x65, 0x76,
    0x65, 0x6C, 0x5F, 0x61, 0x62, 0x6F, 0x76, 0x65, 0x5F, 0x66, 0x69, 0x72, 0x73, 0x74, 0x00, 0x00, 0x00, 0x09, 0x03, 0x00,
    0x04, 0x62, 0x61, 0x73, 0x65, 0x00, 0x00, 0x00, 0x41, 0x00, 0x08, 0x00, 0x0F, 0x73, 0x75, 0x70, 0x70, 0x6F, 0x72, 0x74,
    0x65, 0x64, 0x5F, 0x69, 0x74, 0x65, 0x6D, 0x73, 0x00, 0x1E, 0x23, 0x6D, 0x69, 0x6E, 0x65, 0x63, 0x72, 0x61, 0x66, 0x74,
    0x3A, 0x65, 0x6E, 0x63, 0x68, 0x61, 0x6E, 0x74, 0x61, 0x62, 0x6C, 0x65, 0x2F, 0x66, 0x69, 0x73, 0x68, 0x69, 0x6E, 0x67,
    0x03, 0x00, 0x09, 0x6D, 0x61, 0x78, 0x5F, 0x6C, 0x65, 0x76, 0x65, 0x6C, 0x00, 0x00, 0x00, 0x03, 0x0A, 0x00, 0x08, 0x6D,
    0x69, 0x6E, 0x5F, 0x63, 0x6F, 0x73, 0x74, 0x03, 0x00, 0x15, 0x70, 0x65, 0x72, 0x5F, 0x6C, 0x65, 0x76, 0x65, 0x6C, 0x5F,
    0x61, 0x62, 0x6F, 0x76, 0x65, 0x5F, 0x66, 0x69, 0x72, 0x73, 0x74, 0x00, 0x00, 0x00, 0x09, 0x03, 0x00, 0x04, 0x62, 0x61,
    0x73, 0x65, 0x00, 0x00, 0x00, 0x0F, 0x00, 0x0A, 0x00, 0x0B, 0x64, 0x65, 0x73, 0x63, 0x72, 0x69, 0x70, 0x74, 0x69, 0x6F,
    0x6E, 0x08, 0x00, 0x09, 0x74, 0x72, 0x61, 0x6E, 0x73, 0x6C, 0x61, 0x74, 0x65, 0x00, 0x25, 0x65, 0x6E, 0x63, 0x68, 0x61,
    0x6E, 0x74, 0x6D, 0x65, 0x6E, 0x74, 0x2E, 0x6D, 0x69, 0x6E, 0x65, 0x63, 0x72, 0x61, 0x66, 0x74, 0x2E, 0x6C, 0x75, 0x63,
    0x6B, 0x5F, 0x6F, 0x66, 0x5F, 0x74, 0x68, 0x65, 0x5F, 0x73, 0x65, 0x61, 0x00, 0x03, 0x00, 0x06, 0x77, 0x65, 0x69, 0x67,
    0x68, 0x74, 0x00, 0x00, 0x00, 0x02, 0x03, 0x00, 0x0A, 0x61, 0x6E, 0x76, 0x69, 0x6C, 0x5F, 0x63, 0x6F, 0x73, 0x74, 0x00,
    0x00, 0x00, 0x04, 0x00, 0x0F, 0x6D, 0x69, 0x6E, 0x65, 0x63, 0x72, 0x61, 0x66, 0x74, 0x3A, 0x6C, 0x75, 0x6E, 0x67, 0x65,
    0x01, 0x0A, 0x09, 0x00, 0x05, 0x73, 0x6C, 0x6F, 0x74, 0x73, 0x08, 0x00, 0x00, 0x00, 0x01, 0x00, 0x04, 0x68, 0x61, 0x6E,
    0x64, 0x0A, 0x00, 0x07, 0x65, 0x66, 0x66, 0x65, 0x63, 0x74, 0x73, 0x09, 0x00, 0x1E, 0x6D, 0x69, 0x6E, 0x65, 0x63, 0x72,
    0x61, 0x66, 0x74, 0x3A, 0x70, 0x6F, 0x73, 0x74, 0x5F, 0x70, 0x69, 0x65, 0x72, 0x63, 0x69, 0x6E, 0x67, 0x5F, 0x61, 0x74,
    0x74, 0x61, 0x63, 0x6B, 0x0A, 0x00, 0x00, 0x00, 0x01, 0x0A, 0x00, 0x0C, 0x72, 0x65, 0x71, 0x75, 0x69, 0x72, 0x65, 0x6D,
    0x65, 0x6E, 0x74, 0x73, 0x08, 0x00, 0x09, 0x63, 0x6F, 0x6E, 0x64, 0x69, 0x74, 0x69, 0x6F, 0x6E, 0x00, 0x10, 0x6D, 0x69,
    0x6E, 0x65, 0x63, 0x72, 0x61, 0x66, 0x74, 0x3A, 0x61, 0x6C, 0x6C, 0x5F, 0x6F, 0x66, 0x09, 0x00, 0x05, 0x74, 0x65, 0x72,
    0x6D, 0x73, 0x0A, 0x00, 0x00, 0x00, 0x04, 0x08, 0x00, 0x09, 0x63, 0x6F, 0x6E, 0x64, 0x69, 0x74, 0x69, 0x6F, 0x6E, 0x00,
    0x12, 0x6D, 0x69, 0x6E, 0x65, 0x63, 0x72, 0x61, 0x66, 0x74, 0x3A, 0x69, 0x6E, 0x76, 0x65, 0x72, 0x74, 0x65, 0x64, 0x0A,
    0x00, 0x04, 0x74, 0x65, 0x72, 0x6D, 0x0A, 0x00, 0x09, 0x70, 0x72, 0x65, 0x64, 0x69, 0x63, 0x61, 0x74, 0x65, 0x0A, 0x00,
    0x07, 0x76, 0x65, 0x68, 0x69, 0x63, 0x6C, 0x65, 0x00, 0x00, 0x08, 0x00, 0x09, 0x63, 0x6F, 0x6E, 0x64, 0x69, 0x74, 0x69,
    0x6F, 0x6E, 0x00, 0x1B, 0x6D, 0x69, 0x6E, 0x65, 0x63, 0x72, 0x61, 0x66, 0x74, 0x3A, 0x65, 0x6E, 0x74, 0x69, 0x74, 0x79,
    0x5F, 0x70, 0x72, 0x6F, 0x70, 0x65, 0x72, 0x74, 0x69, 0x65, 0x73, 0x08, 0x00, 0x06, 0x65, 0x6E, 0x74, 0x69, 0x74, 0x79,
    0x00, 0x04, 0x74, 0x68, 0x69, 0x73, 0x00, 0x00, 0x0A, 0x00, 0x09, 0x70, 0x72, 0x65, 0x64, 0x69, 0x63, 0x61, 0x74, 0x65,
    0x0A, 0x00, 0x05, 0x66, 0x6C, 0x61, 0x67, 0x73, 0x01, 0x00, 0x0E, 0x69, 0x73, 0x5F, 0x66, 0x61, 0x6C, 0x6C, 0x5F, 0x66,
    0x6C, 0x79, 0x69, 0x6E, 0x67, 0x00, 0x00, 0x00, 0x08, 0x00, 0x09, 0x63, 0x6F, 0x6E, 0x64, 0x69, 0x74, 0x69, 0x6F, 0x6E,
    0x00, 0x1B, 0x6D, 0x69, 0x6E, 0x65, 0x63, 0x72, 0x61, 0x66, 0x74, 0x3A, 0x65, 0x6E, 0x74, 0x69, 0x74, 0x79, 0x5F, 0x70,
    0x72, 0x6F, 0x70, 0x65, 0x72, 0x74, 0x69, 0x65, 0x73, 0x08, 0x00, 0x06, 0x65, 0x6E, 0x74, 0x69, 0x74, 0x79, 0x00, 0x04,
    0x74, 0x68, 0x69, 0x73, 0x00, 0x0A, 0x00, 0x09, 0x70, 0x72, 0x65, 0x64, 0x69, 0x63, 0x61, 0x74, 0x65, 0x0A, 0x00, 0x05,
    0x66, 0x6C, 0x61, 0x67, 0x73, 0x01, 0x00, 0x0B, 0x69, 0x73, 0x5F, 0x69, 0x6E, 0x5F, 0x77, 0x61, 0x74, 0x65, 0x72, 0x00,
    0x00, 0x00, 0x08, 0x00, 0x09, 0x63, 0x6F, 0x6E, 0x64, 0x69, 0x74, 0x69, 0x6F, 0x6E, 0x00, 0x1B, 0x6D, 0x69, 0x6E, 0x65,
    0x63, 0x72, 0x61, 0x66, 0x74, 0x3A, 0x65, 0x6E, 0x74, 0x69, 0x74, 0x79, 0x5F, 0x70, 0x72, 0x6F, 0x70, 0x65, 0x72, 0x74,
    0x69, 0x65, 0x73, 0x08, 0x00, 0x06, 0x65, 0x6E, 0x74, 0x69, 0x74, 0x79, 0x00, 0x04, 0x74, 0x68, 0x69, 0x73, 0x00, 0x08,
    0x00, 0x09, 0x63, 0x6F, 0x6E, 0x64, 0x69, 0x74, 0x69, 0x6F, 0x6E, 0x00, 0x10, 0x6D, 0x69, 0x6E, 0x65, 0x63, 0x72, 0x61,
    0x66, 0x74, 0x3A, 0x61, 0x6E, 0x79, 0x5F, 0x6F, 0x66, 0x09, 0x00, 0x05, 0x74, 0x65, 0x72, 0x6D, 0x73, 0x0A, 0x00, 0x00,
    0x00, 0x03, 0x08, 0x00, 0x09, 0x63, 0x6F, 0x6E, 0x64, 0x69, 0x74, 0x69, 0x6F, 0x6E, 0x00, 0x12, 0x6D, 0x69, 0x6E, 0x65,
    0x63, 0x72, 0x61, 0x66, 0x74, 0x3A, 0x69, 0x6E, 0x76, 0x65, 0x72, 0x74, 0x65, 0x64, 0x0A, 0x00, 0x04, 0x74, 0x65, 0x72,
    0x6D, 0x0A, 0x00, 0x09, 0x70, 0x72, 0x65, 0x64, 0x69, 0x63, 0x61, 0x74, 0x65, 0x0A, 0x00, 0x14, 0x74, 0x79, 0x70, 0x65,
    0x5F, 0x73, 0x70, 0x65, 0x63, 0x69, 0x66, 0x69, 0x63, 0x2F, 0x70, 0x6C, 0x61, 0x79, 0x65, 0x72, 0x00, 0x00, 0x08, 0x00,
    0x09, 0x63, 0x6F, 0x6E, 0x64, 0x69, 0x74, 0x69, 0x6F, 0x6E, 0x00, 0x1B, 0x6D, 0x69, 0x6E, 0x65, 0x63, 0x72, 0x61, 0x66,
    0x74, 0x3A, 0x65, 0x6E, 0x74, 0x69, 0x74, 0x79, 0x5F, 0x70, 0x72, 0x6F, 0x70, 0x65, 0x72, 0x74, 0x69, 0x65, 0x73, 0x08,
    0x00, 0x06, 0x65, 0x6E, 0x74, 0x69, 0x74, 0x79, 0x00, 0x04, 0x74, 0x68, 0x69, 0x73, 0x00, 0x00, 0x0A, 0x00, 0x09, 0x70,
    0x72, 0x65, 0x64, 0x69, 0x63, 0x61, 0x74, 0x65, 0x0A, 0x00, 0x14, 0x74, 0x79, 0x70, 0x65, 0x5F, 0x73, 0x70, 0x65, 0x63,
    0x69, 0x66, 0x69, 0x63, 0x2F, 0x70, 0x6C, 0x61, 0x79, 0x65, 0x72, 0x09, 0x00, 0x08, 0x67, 0x61, 0x6D, 0x65, 0x6D, 0x6F,
    0x64, 0x65, 0x08, 0x00, 0x00, 0x00, 0x01, 0x00, 0x08, 0x63, 0x72, 0x65, 0x61, 0x74, 0x69, 0x76, 0x65, 0x00, 0x00, 0x08,
    0x00, 0x09, 0x63, 0x6F, 0x6E, 0x64, 0x69, 0x74, 0x69, 0x6F, 0x6E, 0x00, 0x1B, 0x6D, 0x69, 0x6E, 0x65, 0x63, 0x72, 0x61,
    0x66, 0x74, 0x3A, 0x65, 0x6E, 0x74, 0x69, 0x74, 0x79, 0x5F, 0x70, 0x72, 0x6F, 0x70, 0x65, 0x72, 0x74, 0x69, 0x65, 0x73,
    0x08, 0x00, 0x06, 0x65, 0x6E, 0x74, 0x69, 0x74, 0x79, 0x00, 0x04, 0x74, 0x68, 0x69, 0x73, 0x00, 0x0A, 0x00, 0x09, 0x70,
    0x72, 0x65, 0x64, 0x69, 0x63, 0x61, 0x74, 0x65, 0x0A, 0x00, 0x14, 0x74, 0x79, 0x70, 0x65, 0x5F, 0x73, 0x70, 0x65, 0x63,
    0x69, 0x66, 0x69, 0x63, 0x2F, 0x70, 0x6C, 0x61, 0x79, 0x65, 0x72, 0x0A, 0x00, 0x04, 0x66, 0x6F, 0x6F, 0x64, 0x0A, 0x00,
    0x05, 0x6C, 0x65, 0x76, 0x65, 0x6C, 0x03, 0x00, 0x03, 0x6D, 0x69, 0x6E, 0x00, 0x00, 0x00, 0x07, 0x00, 0x00, 0x00, 0x00,
    0x08, 0x00, 0x09, 0x63, 0x6F, 0x6E, 0x64, 0x69, 0x74, 0x69, 0x6F, 0x6E, 0x00, 0x1B, 0x6D, 0x69, 0x6E, 0x65, 0x63, 0x72,
    0x61, 0x66, 0x74, 0x3A, 0x65, 0x6E, 0x74, 0x69, 0x74, 0x79, 0x5F, 0x70, 0x72, 0x6F, 0x70, 0x65, 0x72, 0x74, 0x69, 0x65,
    0x73, 0x08, 0x00, 0x06, 0x65, 0x6E, 0x74, 0x69, 0x74, 0x79, 0x00, 0x04, 0x74, 0x68, 0x69, 0x73, 0x00, 0x00, 0x00, 0x0A,
    0x00, 0x06, 0x65, 0x66, 0x66, 0x65, 0x63, 0x74, 0x09, 0x00, 0x07, 0x65, 0x66, 0x66, 0x65, 0x63, 0x74, 0x73, 0x0A, 0x00,
    0x00, 0x00, 0x04, 0x05, 0x00, 0x06, 0x61, 0x6D, 0x6F, 0x75, 0x6E, 0x74, 0x3F, 0x80, 0x00, 0x00, 0x08, 0x00, 0x04, 0x74,
    0x79, 0x70, 0x65, 0x00, 0x1C, 0x6D, 0x69, 0x6E, 0x65, 0x63, 0x72, 0x61, 0x66, 0x74, 0x3A, 0x63, 0x68, 0x61, 0x6E, 0x67,
    0x65, 0x5F, 0x69, 0x74, 0x65, 0x6D, 0x5F, 0x64, 0x61, 0x6D, 0x61, 0x67, 0x65, 0x00, 0x0A, 0x00, 0x06, 0x61, 0x6D, 0x6F,
    0x75, 0x6E, 0x74, 0x05, 0x00, 0x15, 0x70, 0x65, 0x72, 0x5F, 0x6C, 0x65, 0x76, 0x65, 0x6C, 0x5F, 0x61, 0x62, 0x6F, 0x76,
    0x65, 0x5F, 0x66, 0x69, 0x72, 0x73, 0x74, 0x40, 0x80, 0x00, 0x00, 0x08, 0x00, 0x04, 0x74, 0x79, 0x70, 0x65, 0x00, 0x10,
    0x6D, 0x69, 0x6E, 0x65, 0x63, 0x72, 0x61, 0x66, 0x74, 0x3A, 0x6C, 0x69, 0x6E, 0x65, 0x61, 0x72, 0x05, 0x00, 0x04, 0x62,
    0x61, 0x73, 0x65, 0x40, 0x80, 0x00, 0x00, 0x00, 0x08, 0x00, 0x04, 0x74, 0x79, 0x70, 0x65, 0x00, 0x1A, 0x6D, 0x69, 0x6E,
    0x65, 0x63, 0x72, 0x61, 0x66, 0x74, 0x3A, 0x61, 0x70, 0x70, 0x6C, 0x79, 0x5F, 0x65, 0x78, 0x68, 0x61, 0x75, 0x73, 0x74,
    0x69, 0x6F, 0x6E, 0x00, 0x09, 0x00, 0x10, 0x63, 0x6F, 0x6F, 0x72, 0x64, 0x69, 0x6E, 0x61, 0x74, 0x65, 0x5F, 0x73, 0x63,
    0x61, 0x6C, 0x65, 0x06, 0x00, 0x00, 0x00, 0x03, 0x3F, 0xF0, 0x00, 0x00, 0x00, 0x00, 0x00, 0x00, 0x00, 0x00, 0x00, 0x00,
    0x00, 0x00, 0x00, 0x00, 0x3F, 0xF0, 0x00, 0x00, 0x00, 0x00, 0x00, 0x00, 0x0A, 0x00, 0x09, 0x6D, 0x61, 0x67, 0x6E, 0x69,
    0x74, 0x75, 0x64, 0x65, 0x05, 0x00, 0x15, 0x70, 0x65, 0x72, 0x5F, 0x6C, 0x65, 0x76, 0x65, 0x6C, 0x5F, 0x61, 0x62, 0x6F,
    0x76, 0x65, 0x5F, 0x66, 0x69, 0x72, 0x73, 0x74, 0x3E, 0xEA, 0x7E, 0xFA, 0x08, 0x00, 0x04, 0x74, 0x79, 0x70, 0x65, 0x00,
    0x10, 0x6D, 0x69, 0x6E, 0x65, 0x63, 0x72, 0x61, 0x66, 0x74, 0x3A, 0x6C, 0x69, 0x6E, 0x65, 0x61, 0x72, 0x05, 0x00, 0x04,
    0x62, 0x61, 0x73, 0x65, 0x3E, 0xEA, 0x7E, 0xFA, 0x00, 0x08, 0x00, 0x04, 0x74, 0x79, 0x70, 0x65, 0x00, 0x17, 0x6D, 0x69,
    0x6E, 0x65, 0x63, 0x72, 0x61, 0x66, 0x74, 0x3A, 0x61, 0x70, 0x70, 0x6C, 0x79, 0x5F, 0x69, 0x6D, 0x70, 0x75, 0x6C, 0x73,
    0x65, 0x09, 0x00, 0x09, 0x64, 0x69, 0x72, 0x65, 0x63, 0x74, 0x69, 0x6F, 0x6E, 0x06, 0x00, 0x00, 0x00, 0x03, 0x00, 0x00,
    0x00, 0x00, 0x00, 0x00, 0x00, 0x00, 0x00, 0x00, 0x00, 0x00, 0x00, 0x00, 0x00, 0x00, 0x3F, 0xF0, 0x00, 0x00, 0x00, 0x00,
    0x00, 0x00, 0x00, 0x05, 0x00, 0x06, 0x76, 0x6F, 0x6C, 0x75, 0x6D, 0x65, 0x3F, 0x80, 0x00, 0x00, 0x09, 0x00, 0x05, 0x73,
    0x6F, 0x75, 0x6E, 0x64, 0x08, 0x00, 0x00, 0x00, 0x03, 0x00, 0x1C, 0x6D, 0x69, 0x6E, 0x65, 0x63, 0x72, 0x61, 0x66, 0x74,
    0x3A, 0x69, 0x74, 0x65, 0x6D, 0x2E, 0x73, 0x70, 0x65, 0x61, 0x72, 0x2E, 0x6C, 0x75, 0x6E, 0x67, 0x65, 0x5F, 0x31, 0x00,
    0x1C, 0x6D, 0x69, 0x6E, 0x65, 0x63, 0x72, 0x61, 0x66, 0x74, 0x3A, 0x69, 0x74, 0x65, 0x6D, 0x2E, 0x73, 0x70, 0x65, 0x61,
    0x72, 0x2E, 0x6C, 0x75, 0x6E, 0x67, 0x65, 0x5F, 0x32, 0x00, 0x1C, 0x6D, 0x69, 0x6E, 0x65, 0x63, 0x72, 0x61, 0x66, 0x74,
    0x3A, 0x69, 0x74, 0x65, 0x6D, 0x2E, 0x73, 0x70, 0x65, 0x61, 0x72, 0x2E, 0x6C, 0x75, 0x6E, 0x67, 0x65, 0x5F, 0x33, 0x05,
    0x00, 0x05, 0x70, 0x69, 0x74, 0x63, 0x68, 0x3F, 0x80, 0x00, 0x00, 0x08, 0x00, 0x04, 0x74, 0x79, 0x70, 0x65, 0x00, 0x14,
    0x6D, 0x69, 0x6E, 0x65, 0x63, 0x72, 0x61, 0x66, 0x74, 0x3A, 0x70, 0x6C, 0x61, 0x79, 0x5F, 0x73, 0x6F, 0x75, 0x6E, 0x64,
    0x00, 0x08, 0x00, 0x04, 0x74, 0x79, 0x70, 0x65, 0x00, 0x10, 0x6D, 0x69, 0x6E, 0x65, 0x63, 0x72, 0x61, 0x66, 0x74, 0x3A,
    0x61, 0x6C, 0x6C, 0x5F, 0x6F, 0x66, 0x00, 0x00, 0x00, 0x0A, 0x00, 0x08, 0x6D, 0x61, 0x78, 0x5F, 0x63, 0x6F, 0x73, 0x74,
    0x03, 0x00, 0x15, 0x70, 0x65, 0x72, 0x5F, 0x6C, 0x65, 0x76, 0x65, 0x6C, 0x5F, 0x61, 0x62, 0x6F, 0x76, 0x65, 0x5F, 0x66,
    0x69, 0x72, 0x73, 0x74, 0x00, 0x00, 0x00, 0x08, 0x03, 0x00, 0x04, 0x62, 0x61, 0x73, 0x65, 0x00, 0x00, 0x00, 0x19, 0x00,
    0x08, 0x00, 0x0F, 0x73, 0x75, 0x70, 0x70, 0x6F, 0x72, 0x74, 0x65, 0x64, 0x5F, 0x69, 0x74, 0x65, 0x6D, 0x73, 0x00, 0x1C,
    0x23, 0x6D, 0x69, 0x6E, 0x65, 0x63, 0x72, 0x61, 0x66, 0x74, 0x3A, 0x65, 0x6E, 0x63, 0x68, 0x61, 0x6E, 0x74, 0x61, 0x62,
    0x6C, 0x65, 0x2F, 0x6C, 0x75, 0x6E, 0x67, 0x65, 0x03, 0x00, 0x09, 0x6D, 0x61, 0x78, 0x5F, 0x6C, 0x65, 0x76, 0x65, 0x6C,
    0x00, 0x00, 0x00, 0x03, 0x0A, 0x00, 0x08, 0x6D, 0x69, 0x6E, 0x5F, 0x63, 0x6F, 0x73, 0x74, 0x03, 0x00, 0x15, 0x70, 0x65,
    0x72, 0x5F, 0x6C, 0x65, 0x76, 0x65, 0x6C, 0x5F, 0x61, 0x62, 0x6F, 0x76, 0x65, 0x5F, 0x66, 0x69, 0x72, 0x73, 0x74, 0x00,
    0x00, 0x00, 0x08, 0x03, 0x00, 0x04, 0x62, 0x61, 0x73, 0x65, 0x00, 0x00, 0x00, 0x05, 0x00, 0x0A, 0x00, 0x0B, 0x64, 0x65,
    0x73, 0x63, 0x72, 0x69, 0x70, 0x74, 0x69, 0x6F, 0x6E, 0x08, 0x00, 0x09, 0x74, 0x72, 0x61, 0x6E, 0x73, 0x6C, 0x61, 0x74,
    0x65, 0x00, 0x1B, 0x65, 0x6E, 0x63, 0x68, 0x61, 0x6E, 0x74, 0x6D, 0x65, 0x6E, 0x74, 0x2E, 0x6D, 0x69, 0x6E, 0x65, 0x63,
    0x72, 0x61, 0x66, 0x74, 0x2E, 0x6C, 0x75, 0x6E, 0x67, 0x65, 0x00, 0x03, 0x00, 0x06, 0x77, 0x65, 0x69, 0x67, 0x68, 0x74,
    0x00, 0x00, 0x00, 0x05, 0x03, 0x00, 0x0A, 0x61, 0x6E, 0x76, 0x69, 0x6C, 0x5F, 0x63, 0x6F, 0x73, 0x74, 0x00, 0x00, 0x00,
    0x02, 0x00, 0x0E, 0x6D, 0x69, 0x6E, 0x65, 0x63, 0x72, 0x61, 0x66, 0x74, 0x3A, 0x6C, 0x75, 0x72, 0x65, 0x01, 0x0A, 0x09,
    0x00, 0x05, 0x73, 0x6C, 0x6F, 0x74, 0x73, 0x08, 0x00, 0x00, 0x00, 0x01, 0x00, 0x08, 0x6D, 0x61, 0x69, 0x6E, 0x68, 0x61,
    0x6E, 0x64, 0x0A, 0x00, 0x07, 0x65, 0x66, 0x66, 0x65, 0x63, 0x74, 0x73, 0x09, 0x00, 0x20, 0x6D, 0x69, 0x6E, 0x65, 0x63,
    0x72, 0x61, 0x66, 0x74, 0x3A, 0x66, 0x69, 0x73, 0x68, 0x69, 0x6E, 0x67, 0x5F, 0x74, 0x69, 0x6D, 0x65, 0x5F, 0x72, 0x65,
    0x64, 0x75, 0x63, 0x74, 0x69, 0x6F, 0x6E, 0x0A, 0x00, 0x00, 0x00, 0x01, 0x0A, 0x00, 0x06, 0x65, 0x66, 0x66, 0x65, 0x63,
    0x74, 0x08, 0x00, 0x04, 0x74, 0x79, 0x70, 0x65, 0x00, 0x0D, 0x6D, 0x69, 0x6E, 0x65, 0x63, 0x72, 0x61, 0x66, 0x74, 0x3A,
    0x61, 0x64, 0x64, 0x0A, 0x00, 0x05, 0x76, 0x61, 0x6C, 0x75, 0x65, 0x05, 0x00, 0x15, 0x70, 0x65, 0x72, 0x5F, 0x6C, 0x65,
    0x76, 0x65, 0x6C, 0x5F, 0x61, 0x62, 0x6F, 0x76, 0x65, 0x5F, 0x66, 0x69, 0x72, 0x73, 0x74, 0x40, 0xA0, 0x00, 0x00, 0x08,
    0x00, 0x04, 0x74, 0x79, 0x70, 0x65, 0x00, 0x10, 0x6D, 0x69, 0x6E, 0x65, 0x63, 0x72, 0x61, 0x66, 0x74, 0x3A, 0x6C, 0x69,
    0x6E, 0x65, 0x61, 0x72, 0x05, 0x00, 0x04, 0x62, 0x61, 0x73, 0x65, 0x40, 0xA0, 0x00, 0x00, 0x00, 0x00, 0x00, 0x00, 0x0A,
    0x00, 0x08, 0x6D, 0x61, 0x78, 0x5F, 0x63, 0x6F, 0x73, 0x74, 0x03, 0x00, 0x15, 0x70, 0x65, 0x72, 0x5F, 0x6C, 0x65, 0x76,
    0x65, 0x6C, 0x5F, 0x61, 0x62, 0x6F, 0x76, 0x65, 0x5F, 0x66, 0x69, 0x72, 0x73, 0x74, 0x00, 0x00, 0x00, 0x09, 0x03, 0x00,
    0x04, 0x62, 0x61, 0x73, 0x65, 0x00, 0x00, 0x00, 0x41, 0x00, 0x08, 0x00, 0x0F, 0x73, 0x75, 0x70, 0x70, 0x6F, 0x72, 0x74,
    0x65, 0x64, 0x5F, 0x69, 0x74, 0x65, 0x6D, 0x73, 0x00, 0x1E, 0x23, 0x6D, 0x69, 0x6E, 0x65, 0x63, 0x72, 0x61, 0x66, 0x74,
    0x3A, 0x65, 0x6E, 0x63, 0x68, 0x61, 0x6E, 0x74, 0x61, 0x62, 0x6C, 0x65, 0x2F, 0x66, 0x69, 0x73, 0x68, 0x69, 0x6E, 0x67,
    0x03, 0x00, 0x09, 0x6D, 0x61, 0x78, 0x5F, 0x6C, 0x65, 0x76, 0x65, 0x6C, 0x00, 0x00, 0x00, 0x03, 0x0A, 0x00, 0x08, 0x6D,
    0x69, 0x6E, 0x5F, 0x63, 0x6F, 0x73, 0x74, 0x03, 0x00, 0x15, 0x70, 0x65, 0x72, 0x5F, 0x6C, 0x65, 0x76, 0x65, 0x6C, 0x5F,
    0x61, 0x62, 0x6F, 0x76, 0x65, 0x5F, 0x66, 0x69, 0x72, 0x73, 0x74, 0x00, 0x00, 0x00, 0x09, 0x03, 0x00, 0x04, 0x62, 0x61,
    0x73, 0x65, 0x00, 0x00, 0x00, 0x0F, 0x00, 0x0A, 0x00, 0x0B, 0x64, 0x65, 0x73, 0x63, 0x72, 0x69, 0x70, 0x74, 0x69, 0x6F,
    0x6E, 0x08, 0x00, 0x09, 0x74, 0x72, 0x61, 0x6E, 0x73, 0x6C, 0x61, 0x74, 0x65, 0x00, 0x1A, 0x65, 0x6E, 0x63, 0x68, 0x61,
    0x6E, 0x74, 0x6D, 0x65, 0x6E, 0x74, 0x2E, 0x6D, 0x69, 0x6E, 0x65, 0x63, 0x72, 0x61, 0x66, 0x74, 0x2E, 0x6C, 0x75, 0x72,
    0x65, 0x00, 0x03, 0x00, 0x06, 0x77, 0x65, 0x69, 0x67, 0x68, 0x74, 0x00, 0x00, 0x00, 0x02, 0x03, 0x00, 0x0A, 0x61, 0x6E,
    0x76, 0x69, 0x6C, 0x5F, 0x63, 0x6F, 0x73, 0x74, 0x00, 0x00, 0x00, 0x04, 0x00, 0x11, 0x6D, 0x69, 0x6E, 0x65, 0x63, 0x72,
    0x61, 0x66, 0x74, 0x3A, 0x6D, 0x65, 0x6E, 0x64, 0x69, 0x6E, 0x67, 0x01, 0x0A, 0x09, 0x00, 0x05, 0x73, 0x6C, 0x6F, 0x74,
    0x73, 0x08, 0x00, 0x00, 0x00, 0x01, 0x00, 0x03, 0x61, 0x6E, 0x79, 0x0A, 0x00, 0x07, 0x65, 0x66, 0x66, 0x65, 0x63, 0x74,
    0x73, 0x09, 0x00, 0x18, 0x6D, 0x69, 0x6E, 0x65, 0x63, 0x72, 0x61, 0x66, 0x74, 0x3A, 0x72, 0x65, 0x70, 0x61, 0x69, 0x72,
    0x5F, 0x77, 0x69, 0x74, 0x68, 0x5F, 0x78, 0x70, 0x0A, 0x00, 0x00, 0x00, 0x01, 0x0A, 0x00, 0x06, 0x65, 0x66, 0x66, 0x65,
    0x63, 0x74, 0x05, 0x00, 0x06, 0x66, 0x61, 0x63, 0x74, 0x6F, 0x72, 0x40, 0x00, 0x00, 0x00, 0x08, 0x00, 0x04, 0x74, 0x79,
    0x70, 0x65, 0x00, 0x12, 0x6D, 0x69, 0x6E, 0x65, 0x63, 0x72, 0x61, 0x66, 0x74, 0x3A, 0x6D, 0x75, 0x6C, 0x74, 0x69, 0x70,
    0x6C, 0x79, 0x00, 0x00, 0x00, 0x0A, 0x00, 0x08, 0x6D, 0x61, 0x78, 0x5F, 0x63, 0x6F, 0x73, 0x74, 0x03, 0x00, 0x15, 0x70,
    0x65, 0x72, 0x5F, 0x6C, 0x65, 0x76, 0x65, 0x6C, 0x5F, 0x61, 0x62, 0x6F, 0x76, 0x65, 0x5F, 0x66, 0x69, 0x72, 0x73, 0x74,
    0x00, 0x00, 0x00, 0x19, 0x03, 0x00, 0x04, 0x62, 0x61, 0x73, 0x65, 0x00, 0x00, 0x00, 0x4B, 0x00, 0x08, 0x00, 0x0F, 0x73,
    0x75, 0x70, 0x70, 0x6F, 0x72, 0x74, 0x65, 0x64, 0x5F, 0x69, 0x74, 0x65, 0x6D, 0x73, 0x00, 0x21, 0x23, 0x6D, 0x69, 0x6E,
    0x65, 0x63, 0x72, 0x61, 0x66, 0x74, 0x3A, 0x65, 0x6E, 0x63, 0x68, 0x61, 0x6E, 0x74, 0x61, 0x62, 0x6C, 0x65, 0x2F, 0x64,
    0x75, 0x72, 0x61, 0x62, 0x69, 0x6C, 0x69, 0x74, 0x79, 0x03, 0x00, 0x09, 0x6D, 0x61, 0x78, 0x5F, 0x6C, 0x65, 0x76, 0x65,
    0x6C, 0x00, 0x00, 0x00, 0x01, 0x0A, 0x00, 0x08, 0x6D, 0x69, 0x6E, 0x5F, 0x63, 0x6F, 0x73, 0x74, 0x03, 0x00, 0x15, 0x70,
    0x65, 0x72, 0x5F, 0x6C, 0x65, 0x76, 0x65, 0x6C, 0x5F, 0x61, 0x62, 0x6F, 0x76, 0x65, 0x5F, 0x66, 0x69, 0x72, 0x73, 0x74,
    0x00, 0x00, 0x00, 0x19, 0x03, 0x00, 0x04, 0x62, 0x61, 0x73, 0x65, 0x00, 0x00, 0x00, 0x19, 0x00, 0x0A, 0x00, 0x0B, 0x64,
    0x65, 0x73, 0x63, 0x72, 0x69, 0x70, 0x74, 0x69, 0x6F, 0x6E, 0x08, 0x00, 0x09, 0x74, 0x72, 0x61, 0x6E, 0x73, 0x6C, 0x61,
    0x74, 0x65, 0x00, 0x1D, 0x65, 0x6E, 0x63, 0x68, 0x61, 0x6E, 0x74, 0x6D, 0x65, 0x6E, 0x74, 0x2E, 0x6D, 0x69, 0x6E, 0x65,
    0x63, 0x72, 0x61, 0x66, 0x74, 0x2E, 0x6D, 0x65, 0x6E, 0x64, 0x69, 0x6E, 0x67, 0x00, 0x03, 0x00, 0x06, 0x77, 0x65, 0x69,
    0x67, 0x68, 0x74, 0x00, 0x00, 0x00, 0x02, 0x03, 0x00, 0x0A, 0x61, 0x6E, 0x76, 0x69, 0x6C, 0x5F, 0x63, 0x6F, 0x73, 0x74,
    0x00, 0x00, 0x00, 0x04, 0x00, 0x13, 0x6D, 0x69, 0x6E, 0x65, 0x63, 0x72, 0x61, 0x66, 0x74, 0x3A, 0x6D, 0x75, 0x6C, 0x74,
    0x69, 0x73, 0x68, 0x6F, 0x74, 0x01, 0x0A, 0x09, 0x00, 0x05, 0x73, 0x6C, 0x6F, 0x74, 0x73, 0x08, 0x00, 0x00, 0x00, 0x01,
    0x00, 0x08, 0x6D, 0x61, 0x69, 0x6E, 0x68, 0x61, 0x6E, 0x64, 0x0A, 0x00, 0x07, 0x65, 0x66, 0x66, 0x65, 0x63, 0x74, 0x73,
    0x09, 0x00, 0x1B, 0x6D, 0x69, 0x6E, 0x65, 0x63, 0x72, 0x61, 0x66, 0x74, 0x3A, 0x70, 0x72, 0x6F, 0x6A, 0x65, 0x63, 0x74,
    0x69, 0x6C, 0x65, 0x5F, 0x73, 0x70, 0x72, 0x65, 0x61, 0x64, 0x0A, 0x00, 0x00, 0x00, 0x01, 0x0A, 0x00, 0x06, 0x65, 0x66,
    0x66, 0x65, 0x63, 0x74, 0x08, 0x00, 0x04, 0x74, 0x79, 0x70, 0x65, 0x00, 0x0D, 0x6D, 0x69, 0x6E, 0x65, 0x63, 0x72, 0x61,
    0x66, 0x74, 0x3A, 0x61, 0x64, 0x64, 0x0A, 0x00, 0x05, 0x76, 0x61, 0x6C, 0x75, 0x65, 0x05, 0x00, 0x15, 0x70, 0x65, 0x72,
    0x5F, 0x6C, 0x65, 0x76, 0x65, 0x6C, 0x5F, 0x61, 0x62, 0x6F, 0x76, 0x65, 0x5F, 0x66, 0x69, 0x72, 0x73, 0x74, 0x41, 0x20,
    0x00, 0x00, 0x08, 0x00, 0x04, 0x74, 0x79, 0x70, 0x65, 0x00, 0x10, 0x6D, 0x69, 0x6E, 0x65, 0x63, 0x72, 0x61, 0x66, 0x74,
    0x3A, 0x6C, 0x69, 0x6E, 0x65, 0x61, 0x72, 0x05, 0x00, 0x04, 0x62, 0x61, 0x73, 0x65, 0x41, 0x20, 0x00, 0x00, 0x00, 0x00,
    0x00, 0x09, 0x00, 0x1A, 0x6D, 0x69, 0x6E, 0x65, 0x63, 0x72, 0x61, 0x66, 0x74, 0x3A, 0x70, 0x72, 0x6F, 0x6A, 0x65, 0x63,
    0x74, 0x69, 0x6C, 0x65, 0x5F, 0x63, 0x6F, 0x75, 0x6E, 0x74, 0x0A, 0x00, 0x00, 0x00, 0x01, 0x0A, 0x00, 0x06, 0x65, 0x66,
    0x66, 0x65, 0x63, 0x74, 0x08, 0x00, 0x04, 0x74, 0x79, 0x70, 0x65, 0x00, 0x0D, 0x6D, 0x69, 0x6E, 0x65, 0x63, 0x72, 0x61,
    0x66, 0x74, 0x3A, 0x61, 0x64, 0x64, 0x0A, 0x00, 0x05, 0x76, 0x61, 0x6C, 0x75, 0x65, 0x05, 0x00, 0x15, 0x70, 0x65, 0x72,
    0x5F, 0x6C, 0x65, 0x76, 0x65, 0x6C, 0x5F, 0x61, 0x62, 0x6F, 0x76, 0x65, 0x5F, 0x66, 0x69, 0x72, 0x73, 0x74, 0x40, 0x00,
    0x00, 0x00, 0x08, 0x00, 0x04, 0x74, 0x79, 0x70, 0x65, 0x00, 0x10, 0x6D, 0x69, 0x6E, 0x65, 0x63, 0x72, 0x61, 0x66, 0x74,
    0x3A, 0x6C, 0x69, 0x6E, 0x65, 0x61, 0x72, 0x05, 0x00, 0x04, 0x62, 0x61, 0x73, 0x65, 0x40, 0x00, 0x00, 0x00, 0x00, 0x00,
    0x00, 0x00, 0x0A, 0x00, 0x08, 0x6D, 0x61, 0x78, 0x5F, 0x63, 0x6F, 0x73, 0x74, 0x03, 0x00, 0x15, 0x70, 0x65, 0x72, 0x5F,
    0x6C, 0x65, 0x76, 0x65, 0x6C, 0x5F, 0x61, 0x62, 0x6F, 0x76, 0x65, 0x5F, 0x66, 0x69, 0x72, 0x73, 0x74, 0x00, 0x00, 0x00,
    0x00, 0x03, 0x00, 0x04, 0x62, 0x61, 0x73, 0x65, 0x00, 0x00, 0x00, 0x32, 0x00, 0x08, 0x00, 0x0F, 0x73, 0x75, 0x70, 0x70,
    0x6F, 0x72, 0x74, 0x65, 0x64, 0x5F, 0x69, 0x74, 0x65, 0x6D, 0x73, 0x00, 0x1F, 0x23, 0x6D, 0x69, 0x6E, 0x65, 0x63, 0x72,
    0x61, 0x66, 0x74, 0x3A, 0x65, 0x6E, 0x63, 0x68, 0x61, 0x6E, 0x74, 0x61, 0x62, 0x6C, 0x65, 0x2F, 0x63, 0x72, 0x6F, 0x73,
    0x73, 0x62, 0x6F, 0x77, 0x03, 0x00, 0x09, 0x6D, 0x61, 0x78, 0x5F, 0x6C, 0x65, 0x76, 0x65, 0x6C, 0x00, 0x00, 0x00, 0x01,
    0x0A, 0x00, 0x08, 0x6D, 0x69, 0x6E, 0x5F, 0x63, 0x6F, 0x73, 0x74, 0x03, 0x00, 0x15, 0x70, 0x65, 0x72, 0x5F, 0x6C, 0x65,
    0x76, 0x65, 0x6C, 0x5F, 0x61, 0x62, 0x6F, 0x76, 0x65, 0x5F, 0x66, 0x69, 0x72, 0x73, 0x74, 0x00, 0x00, 0x00, 0x00, 0x03,
    0x00, 0x04, 0x62, 0x61, 0x73, 0x65, 0x00, 0x00, 0x00, 0x14, 0x00, 0x0A, 0x00, 0x0B, 0x64, 0x65, 0x73, 0x63, 0x72, 0x69,
    0x70, 0x74, 0x69, 0x6F, 0x6E, 0x08, 0x00, 0x09, 0x74, 0x72, 0x61, 0x6E, 0x73, 0x6C, 0x61, 0x74, 0x65, 0x00, 0x1F, 0x65,
    0x6E, 0x63, 0x68, 0x61, 0x6E, 0x74, 0x6D, 0x65, 0x6E, 0x74, 0x2E, 0x6D, 0x69, 0x6E, 0x65, 0x63, 0x72, 0x61, 0x66, 0x74,
    0x2E, 0x6D, 0x75, 0x6C, 0x74, 0x69, 0x73, 0x68, 0x6F, 0x74, 0x00, 0x03, 0x00, 0x06, 0x77, 0x65, 0x69, 0x67, 0x68, 0x74,
    0x00, 0x00, 0x00, 0x02, 0x03, 0x00, 0x0A, 0x61, 0x6E, 0x76, 0x69, 0x6C, 0x5F, 0x63, 0x6F, 0x73, 0x74, 0x00, 0x00, 0x00,
    0x04, 0x08, 0x00, 0x0D, 0x65, 0x78, 0x63, 0x6C, 0x75, 0x73, 0x69, 0x76, 0x65, 0x5F, 0x73, 0x65, 0x74, 0x00, 0x21, 0x23,
    0x6D, 0x69, 0x6E, 0x65, 0x63, 0x72, 0x61, 0x66, 0x74, 0x3A, 0x65, 0x78, 0x63, 0x6C, 0x75, 0x73, 0x69, 0x76, 0x65, 0x5F,
    0x73, 0x65, 0x74, 0x2F, 0x63, 0x72, 0x6F, 0x73, 0x73, 0x62, 0x6F, 0x77, 0x00, 0x12, 0x6D, 0x69, 0x6E, 0x65, 0x63, 0x72,
    0x61, 0x66, 0x74, 0x3A, 0x70, 0x69, 0x65, 0x72, 0x63, 0x69, 0x6E, 0x67, 0x01, 0x0A, 0x09, 0x00, 0x05, 0x73, 0x6C, 0x6F,
    0x74, 0x73, 0x08, 0x00, 0x00, 0x00, 0x01, 0x00, 0x08, 0x6D, 0x61, 0x69, 0x6E, 0x68, 0x61, 0x6E, 0x64, 0x0A, 0x00, 0x07,
    0x65, 0x66, 0x66, 0x65, 0x63, 0x74, 0x73, 0x09, 0x00, 0x1D, 0x6D, 0x69, 0x6E, 0x65, 0x63, 0x72, 0x61, 0x66, 0x74, 0x3A,
    0x70, 0x72, 0x6F, 0x6A, 0x65, 0x63, 0x74, 0x69, 0x6C, 0x65, 0x5F, 0x70, 0x69, 0x65, 0x72, 0x63, 0x69, 0x6E, 0x67, 0x0A,
    0x00, 0x00, 0x00, 0x01, 0x0A, 0x00, 0x06, 0x65, 0x66, 0x66, 0x65, 0x63, 0x74, 0x08, 0x00, 0x04, 0x74, 0x79, 0x70, 0x65,
    0x00, 0x0D, 0x6D, 0x69, 0x6E, 0x65, 0x63, 0x72, 0x61, 0x66, 0x74, 0x3A, 0x61, 0x64, 0x64, 0x0A, 0x00, 0x05, 0x76, 0x61,
    0x6C, 0x75, 0x65, 0x05, 0x00, 0x15, 0x70, 0x65, 0x72, 0x5F, 0x6C, 0x65, 0x76, 0x65, 0x6C, 0x5F, 0x61, 0x62, 0x6F, 0x76,
    0x65, 0x5F, 0x66, 0x69, 0x72, 0x73, 0x74, 0x3F, 0x80, 0x00, 0x00, 0x08, 0x00, 0x04, 0x74, 0x79, 0x70, 0x65, 0x00, 0x10,
    0x6D, 0x69, 0x6E, 0x65, 0x63, 0x72, 0x61, 0x66, 0x74, 0x3A, 0x6C, 0x69, 0x6E, 0x65, 0x61, 0x72, 0x05, 0x00, 0x04, 0x62,
    0x61, 0x73, 0x65, 0x3F, 0x80, 0x00, 0x00, 0x00, 0x00, 0x00, 0x00, 0x0A, 0x00, 0x08, 0x6D, 0x61, 0x78, 0x5F, 0x63, 0x6F,
    0x73, 0x74, 0x03, 0x00, 0x15, 0x70, 0x65, 0x72, 0x5F, 0x6C, 0x65, 0x76, 0x65, 0x6C, 0x5F, 0x61, 0x62, 0x6F, 0x76, 0x65,
    0x5F, 0x66, 0x69, 0x72, 0x73, 0x74, 0x00, 0x00, 0x00, 0x00, 0x03, 0x00, 0x04, 0x62, 0x61, 0x73, 0x65, 0x00, 0x00, 0x00,
    0x32, 0x00, 0x08, 0x00, 0x0F, 0x73, 0x75, 0x70, 0x70, 0x6F, 0x72, 0x74, 0x65, 0x64, 0x5F, 0x69, 0x74, 0x65, 0x6D, 0x73,
    0x00, 0x1F, 0x23, 0x6D, 0x69, 0x6E, 0x65, 0x63, 0x72, 0x61, 0x66, 0x74, 0x3A, 0x65, 0x6E, 0x63, 0x68, 0x61, 0x6E, 0x74,
    0x61, 0x62, 0x6C, 0x65, 0x2F, 0x63, 0x72, 0x6F, 0x73, 0x73, 0x62, 0x6F, 0x77, 0x03, 0x00, 0x09, 0x6D, 0x61, 0x78, 0x5F,
    0x6C, 0x65, 0x76, 0x65, 0x6C, 0x00, 0x00, 0x00, 0x04, 0x0A, 0x00, 0x08, 0x6D, 0x69, 0x6E, 0x5F, 0x63, 0x6F, 0x73, 0x74,
    0x03, 0x00, 0x15, 0x70, 0x65, 0x72, 0x5F, 0x6C, 0x65, 0x76, 0x65, 0x6C, 0x5F, 0x61, 0x62, 0x6F, 0x76, 0x65, 0x5F, 0x66,
    0x69, 0x72, 0x73, 0x74, 0x00, 0x00, 0x00, 0x0A, 0x03, 0x00, 0x04, 0x62, 0x61, 0x73, 0x65, 0x00, 0x00, 0x00, 0x01, 0x00,
    0x0A, 0x00, 0x0B, 0x64, 0x65, 0x73, 0x63, 0x72, 0x69, 0x70, 0x74, 0x69, 0x6F, 0x6E, 0x08, 0x00, 0x09, 0x74, 0x72, 0x61,
    0x6E, 0x73, 0x6C, 0x61, 0x74, 0x65, 0x00, 0x1E, 0x65, 0x6E, 0x63, 0x68, 0x61, 0x6E, 0x74, 0x6D, 0x65, 0x6E, 0x74, 0x2E,
    0x6D, 0x69, 0x6E, 0x65, 0x63, 0x72, 0x61, 0x66, 0x74, 0x2E, 0x70, 0x69, 0x65, 0x72, 0x63, 0x69, 0x6E, 0x67, 0x00, 0x03,
    0x00, 0x06, 0x77, 0x65, 0x69, 0x67, 0x68, 0x74, 0x00, 0x00, 0x00, 0x0A, 0x03, 0x00, 0x0A, 0x61, 0x6E, 0x76, 0x69, 0x6C,
    0x5F, 0x63, 0x6F, 0x73, 0x74, 0x00, 0x00, 0x00, 0x01, 0x08, 0x00, 0x0D, 0x65, 0x78, 0x63, 0x6C, 0x75, 0x73, 0x69, 0x76,
    0x65, 0x5F, 0x73, 0x65, 0x74, 0x00, 0x21, 0x23, 0x6D, 0x69, 0x6E, 0x65, 0x63, 0x72, 0x61, 0x66, 0x74, 0x3A, 0x65, 0x78,
    0x63, 0x6C, 0x75, 0x73, 0x69, 0x76, 0x65, 0x5F, 0x73, 0x65, 0x74, 0x2F, 0x63, 0x72, 0x6F, 0x73, 0x73, 0x62, 0x6F, 0x77,
    0x00, 0x0F, 0x6D, 0x69, 0x6E, 0x65, 0x63, 0x72, 0x61, 0x66, 0x74, 0x3A, 0x70, 0x6F, 0x77, 0x65, 0x72, 0x01, 0x0A, 0x09,
    0x00, 0x05, 0x73, 0x6C, 0x6F, 0x74, 0x73, 0x08, 0x00, 0x00, 0x00, 0x01, 0x00, 0x08, 0x6D, 0x61, 0x69, 0x6E, 0x68, 0x61,
    0x6E, 0x64, 0x0A, 0x00, 0x07, 0x65, 0x66, 0x66, 0x65, 0x63, 0x74, 0x73, 0x09, 0x00, 0x10, 0x6D, 0x69, 0x6E, 0x65, 0x63,
    0x72, 0x61, 0x66, 0x74, 0x3A, 0x64, 0x61, 0x6D, 0x61, 0x67, 0x65, 0x0A, 0x00, 0x00, 0x00, 0x01, 0x0A, 0x00, 0x0C, 0x72,
    0x65, 0x71, 0x75, 0x69, 0x72, 0x65, 0x6D, 0x65, 0x6E, 0x74, 0x73, 0x0A, 0x00, 0x09, 0x70, 0x72, 0x65, 0x64, 0x69, 0x63,
    0x61, 0x74, 0x65, 0x08, 0x00, 0x0B, 0x65, 0x6E, 0x74, 0x69, 0x74, 0x79, 0x5F, 0x74, 0x79, 0x70, 0x65, 0x00, 0x11, 0x23,
    0x6D, 0x69, 0x6E, 0x65, 0x63, 0x72, 0x61, 0x66, 0x74, 0x3A, 0x61, 0x72, 0x72, 0x6F, 0x77, 0x73, 0x00, 0x08, 0x00, 0x09,
    0x63, 0x6F, 0x6E, 0x64, 0x69, 0x74, 0x69, 0x6F, 0x6E, 0x00, 0x1B, 0x6D, 0x69, 0x6E, 0x65, 0x63, 0x72, 0x61, 0x66, 0x74,
    0x3A, 0x65, 0x6E, 0x74, 0x69, 0x74, 0x79, 0x5F, 0x70, 0x72, 0x6F, 0x70, 0x65, 0x72, 0x74, 0x69, 0x65, 0x73, 0x08, 0x00,
    0x06, 0x65, 0x6E, 0x74, 0x69, 0x74, 0x79, 0x00, 0x0F, 0x64, 0x69, 0x72, 0x65, 0x63, 0x74, 0x5F, 0x61, 0x74, 0x74, 0x61,
    0x63, 0x6B, 0x65, 0x72, 0x00, 0x0A, 0x00, 0x06, 0x65, 0x66, 0x66, 0x65, 0x63, 0x74, 0x08, 0x00, 0x04, 0x74, 0x79, 0x70,
    0x65, 0x00, 0x0D, 0x6D, 0x69, 0x6E, 0x65, 0x63, 0x72, 0x61, 0x66, 0x74, 0x3A, 0x61, 0x64, 0x64, 0x0A, 0x00, 0x05, 0x76,
    0x61, 0x6C, 0x75, 0x65, 0x05, 0x00, 0x15, 0x70, 0x65, 0x72, 0x5F, 0x6C, 0x65, 0x76, 0x65, 0x6C, 0x5F, 0x61, 0x62, 0x6F,
    0x76, 0x65, 0x5F, 0x66, 0x69, 0x72, 0x73, 0x74, 0x3F, 0x00, 0x00, 0x00, 0x08, 0x00, 0x04, 0x74, 0x79, 0x70, 0x65, 0x00,
    0x10, 0x6D, 0x69, 0x6E, 0x65, 0x63, 0x72, 0x61, 0x66, 0x74, 0x3A, 0x6C, 0x69, 0x6E, 0x65, 0x61, 0x72, 0x05, 0x00, 0x04,
    0x62, 0x61, 0x73, 0x65, 0x3F, 0x80, 0x00, 0x00, 0x00, 0x00, 0x00, 0x00, 0x0A, 0x00, 0x08, 0x6D, 0x61, 0x78, 0x5F, 0x63,
    0x6F, 0x73, 0x74, 0x03, 0x00, 0x15, 0x70, 0x65, 0x72, 0x5F, 0x6C, 0x65, 0x76, 0x65, 0x6C, 0x5F, 0x61, 0x62, 0x6F, 0x76,
    0x65, 0x5F, 0x66, 0x69, 0x72, 0x73, 0x74, 0x00, 0x00, 0x00, 0x0A, 0x03, 0x00, 0x04, 0x62, 0x61, 0x73, 0x65, 0x00, 0x00,
    0x00, 0x10, 0x00, 0x08, 0x00, 0x0F, 0x73, 0x75, 0x70, 0x70, 0x6F, 0x72, 0x74, 0x65, 0x64, 0x5F, 0x69, 0x74, 0x65, 0x6D,
    0x73, 0x00, 0x1A, 0x23, 0x6D, 0x69, 0x6E, 0x65, 0x63, 0x72, 0x61, 0x66, 0x74, 0x3A, 0x65, 0x6E, 0x63, 0x68, 0x61, 0x6E,
    0x74, 0x61, 0x62, 0x6C, 0x65, 0x2F, 0x62, 0x6F, 0x77, 0x03, 0x00, 0x09, 0x6D, 0x61, 0x78, 0x5F, 0x6C, 0x65, 0x76, 0x65,
    0x6C, 0x00, 0x00, 0x00, 0x05, 0x0A, 0x00, 0x08, 0x6D, 0x69, 0x6E, 0x5F, 0x63, 0x6F, 0x73, 0x74, 0x03, 0x00, 0x15, 0x70,
    0x65, 0x72, 0x5F, 0x6C, 0x65, 0x76, 0x65, 0x6C, 0x5F, 0x61, 0x62, 0x6F, 0x76, 0x65, 0x5F, 0x66, 0x69, 0x72, 0x73, 0x74,
    0x00, 0x00, 0x00, 0x0A, 0x03, 0x00, 0x04, 0x62, 0x61, 0x73, 0x65, 0x00, 0x00, 0x00, 0x01, 0x00, 0x0A, 0x00, 0x0B, 0x64,
    0x65, 0x73, 0x63, 0x72, 0x69, 0x70, 0x74, 0x69, 0x6F, 0x6E, 0x08, 0x00, 0x09, 0x74, 0x72, 0x61, 0x6E, 0x73, 0x6C, 0x61,
    0x74, 0x65, 0x00, 0x1B, 0x65, 0x6E, 0x63, 0x68, 0x61, 0x6E, 0x74, 0x6D, 0x65, 0x6E, 0x74, 0x2E, 0x6D, 0x69, 0x6E, 0x65,
    0x63, 0x72, 0x61, 0x66, 0x74, 0x2E, 0x70, 0x6F, 0x77, 0x65, 0x72, 0x00, 0x03, 0x00, 0x06, 0x77, 0x65, 0x69, 0x67, 0x68,
    0x74, 0x00, 0x00, 0x00, 0x0A, 0x03, 0x00, 0x0A, 0x61, 0x6E, 0x76, 0x69, 0x6C, 0x5F, 0x63, 0x6F, 0x73, 0x74, 0x00, 0x00,
    0x00, 0x01, 0x00, 0x1F, 0x6D, 0x69, 0x6E, 0x65, 0x63, 0x72, 0x61, 0x66, 0x74, 0x3A, 0x70, 0x72, 0x6F, 0x6A, 0x65, 0x63,
    0x74, 0x69, 0x6C, 0x65, 0x5F, 0x70, 0x72, 0x6F, 0x74, 0x65, 0x63, 0x74, 0x69, 0x6F, 0x6E, 0x01, 0x0A, 0x09, 0x00, 0x05,
    0x73, 0x6C, 0x6F, 0x74, 0x73, 0x08, 0x00, 0x00, 0x00, 0x01, 0x00, 0x05, 0x61, 0x72, 0x6D, 0x6F, 0x72, 0x0A, 0x00, 0x07,
    0x65, 0x66, 0x66, 0x65, 0x63, 0x74, 0x73, 0x09, 0x00, 0x1B, 0x6D, 0x69, 0x6E, 0x65, 0x63, 0x72, 0x61, 0x66, 0x74, 0x3A,
    0x64, 0x61, 0x6D, 0x61, 0x67, 0x65, 0x5F, 0x70, 0x72, 0x6F, 0x74, 0x65, 0x63, 0x74, 0x69, 0x6F, 0x6E, 0x0A, 0x00, 0x00,
    0x00, 0x01, 0x0A, 0x00, 0x0C, 0x72, 0x65, 0x71, 0x75, 0x69, 0x72, 0x65, 0x6D, 0x65, 0x6E, 0x74, 0x73, 0x0A, 0x00, 0x09,
    0x70, 0x72, 0x65, 0x64, 0x69, 0x63, 0x61, 0x74, 0x65, 0x09, 0x00, 0x04, 0x74, 0x61, 0x67, 0x73, 0x0A, 0x00, 0x00, 0x00,
    0x02, 0x01, 0x00, 0x08, 0x65, 0x78, 0x70, 0x65, 0x63, 0x74, 0x65, 0x64, 0x01, 0x08, 0x00, 0x02, 0x69, 0x64, 0x00, 0x17,
    0x6D, 0x69, 0x6E, 0x65, 0x63, 0x72, 0x61, 0x66, 0x74, 0x3A, 0x69, 0x73, 0x5F, 0x70, 0x72, 0x6F, 0x6A, 0x65, 0x63, 0x74,
    0x69, 0x6C, 0x65, 0x00, 0x01, 0x00, 0x08, 0x65, 0x78, 0x70, 0x65, 0x63, 0x74, 0x65, 0x64, 0x00, 0x08, 0x00, 0x02, 0x69,
    0x64, 0x00, 0x22, 0x6D, 0x69, 0x6E, 0x65, 0x63, 0x72, 0x61, 0x66, 0x74, 0x3A, 0x62, 0x79, 0x70, 0x61, 0x73, 0x73, 0x65,
    0x73, 0x5F, 0x69, 0x6E, 0x76, 0x75, 0x6C, 0x6E, 0x65, 0x72, 0x61, 0x62, 0x69, 0x6C, 0x69, 0x74, 0x79, 0x00, 0x00, 0x08,
    0x00, 0x09, 0x63, 0x6F, 0x6E, 0x64, 0x69, 0x74, 0x69, 0x6F, 0x6E, 0x00, 0x22, 0x6D, 0x69, 0x6E, 0x65, 0x63, 0x72, 0x61,
    0x66, 0x74, 0x3A, 0x64, 0x61, 0x6D, 0x61, 0x67, 0x65, 0x5F, 0x73, 0x6F, 0x75, 0x72, 0x63, 0x65, 0x5F, 0x70, 0x72, 0x6F,
    0x70, 0x65, 0x72, 0x74, 0x69, 0x65, 0x73, 0x00, 0x0A, 0x00, 0x06, 0x65, 0x66, 0x66, 0x65, 0x63, 0x74, 0x08, 0x00, 0x04,
    0x74, 0x79, 0x70, 0x65, 0x00, 0x0D, 0x6D, 0x69, 0x6E, 0x65, 0x63, 0x72, 0x61, 0x66, 0x74, 0x3A, 0x61, 0x64, 0x64, 0x0A,
    0x00, 0x05, 0x76, 0x61, 0x6C, 0x75, 0x65, 0x05, 0x00, 0x15, 0x70, 0x65, 0x72, 0x5F, 0x6C, 0x65, 0x76, 0x65, 0x6C, 0x5F,
    0x61, 0x62, 0x6F, 0x76, 0x65, 0x5F, 0x66, 0x69, 0x72, 0x73, 0x74, 0x40, 0x00, 0x00, 0x00, 0x08, 0x00, 0x04, 0x74, 0x79,
    0x70, 0x65, 0x00, 0x10, 0x6D, 0x69, 0x6E, 0x65, 0x63, 0x72, 0x61, 0x66, 0x74, 0x3A, 0x6C, 0x69, 0x6E, 0x65, 0x61, 0x72,
    0x05, 0x00, 0x04, 0x62, 0x61, 0x73, 0x65, 0x40, 0x00, 0x00, 0x00, 0x00, 0x00, 0x00, 0x00, 0x0A, 0x00, 0x08, 0x6D, 0x61,
    0x78, 0x5F, 0x63, 0x6F, 0x73, 0x74, 0x03, 0x00, 0x15, 0x70, 0x65, 0x72, 0x5F, 0x6C, 0x65, 0x76, 0x65, 0x6C, 0x5F, 0x61,
    0x62, 0x6F, 0x76, 0x65, 0x5F, 0x66, 0x69, 0x72, 0x73, 0x74, 0x00, 0x00, 0x00, 0x06, 0x03, 0x00, 0x04, 0x62, 0x61, 0x73,
    0x65, 0x00, 0x00, 0x00, 0x09, 0x00, 0x08, 0x00, 0x0F, 0x73, 0x75, 0x70, 0x70, 0x6F, 0x72, 0x74, 0x65, 0x64, 0x5F, 0x69,
    0x74, 0x65, 0x6D, 0x73, 0x00, 0x1C, 0x23, 0x6D, 0x69, 0x6E, 0x65, 0x63, 0x72, 0x61, 0x66, 0x74, 0x3A, 0x65, 0x6E, 0x63,
    0x68, 0x61, 0x6E, 0x74, 0x61, 0x62, 0x6C, 0x65, 0x2F, 0x61, 0x72, 0x6D, 0x6F, 0x72, 0x03, 0x00, 0x09, 0x6D, 0x61, 0x78,
    0x5F, 0x6C, 0x65, 0x76, 0x65, 0x6C, 0x00, 0x00, 0x00, 0x04, 0x0A, 0x00, 0x08, 0x6D, 0x69, 0x6E, 0x5F, 0x63, 0x6F, 0x73,
    0x74, 0x03, 0x00, 0x15, 0x70, 0x65, 0x72, 0x5F, 0x6C, 0x65, 0x76, 0x65, 0x6C, 0x5F, 0x61, 0x62, 0x6F, 0x76, 0x65, 0x5F,
    0x66, 0x69, 0x72, 0x73, 0x74, 0x00, 0x00, 0x00, 0x06, 0x03, 0x00, 0x04, 0x62, 0x61, 0x73, 0x65, 0x00, 0x00, 0x00, 0x03,
    0x00, 0x0A, 0x00, 0x0B, 0x64, 0x65, 0x73, 0x63, 0x72, 0x69, 0x70, 0x74, 0x69, 0x6F, 0x6E, 0x08, 0x00, 0x09, 0x74, 0x72,
    0x61, 0x6E, 0x73, 0x6C, 0x61, 0x74, 0x65, 0x00, 0x2B, 0x65, 0x6E, 0x63, 0x68, 0x61, 0x6E, 0x74, 0x6D, 0x65, 0x6E, 0x74,
    0x2E, 0x6D, 0x69, 0x6E, 0x65, 0x63, 0x72, 0x61, 0x66, 0x74, 0x2E, 0x70, 0x72, 0x6F, 0x6A, 0x65, 0x63, 0x74, 0x69, 0x6C,
    0x65, 0x5F, 0x70, 0x72, 0x6F, 0x74, 0x65, 0x63, 0x74, 0x69, 0x6F, 0x6E, 0x00, 0x03, 0x00, 0x06, 0x77, 0x65, 0x69, 0x67,
    0x68, 0x74, 0x00, 0x00, 0x00, 0x05, 0x03, 0x00, 0x0A, 0x61, 0x6E, 0x76, 0x69, 0x6C, 0x5F, 0x63, 0x6F, 0x73, 0x74, 0x00,
    0x00, 0x00, 0x02, 0x08, 0x00, 0x0D, 0x65, 0x78, 0x63, 0x6C, 0x75, 0x73, 0x69, 0x76, 0x65, 0x5F, 0x73, 0x65, 0x74, 0x00,
    0x1E, 0x23, 0x6D, 0x69, 0x6E, 0x65, 0x63, 0x72, 0x61, 0x66, 0x74, 0x3A, 0x65, 0x78, 0x63, 0x6C, 0x75, 0x73, 0x69, 0x76,
    0x65, 0x5F, 0x73, 0x65, 0x74, 0x2F, 0x61, 0x72, 0x6D, 0x6F, 0x72, 0x00, 0x14, 0x6D, 0x69, 0x6E, 0x65, 0x63, 0x72, 0x61,
    0x66, 0x74, 0x3A, 0x70, 0x72, 0x6F, 0x74, 0x65, 0x63, 0x74, 0x69, 0x6F, 0x6E, 0x01, 0x0A, 0x09, 0x00, 0x05, 0x73, 0x6C,
    0x6F, 0x74, 0x73, 0x08, 0x00, 0x00, 0x00, 0x01, 0x00, 0x05, 0x61, 0x72, 0x6D, 0x6F, 0x72, 0x0A, 0x00, 0x07, 0x65, 0x66,
    0x66, 0x65, 0x63, 0x74, 0x73, 0x09, 0x00, 0x1B, 0x6D, 0x69, 0x6E, 0x65, 0x63, 0x72, 0x61, 0x66, 0x74, 0x3A, 0x64, 0x61,
    0x6D, 0x61, 0x67, 0x65, 0x5F, 0x70, 0x72, 0x6F, 0x74, 0x65, 0x63, 0x74, 0x69, 0x6F, 0x6E, 0x0A, 0x00, 0x00, 0x00, 0x01,
    0x0A, 0x00, 0x0C, 0x72, 0x65, 0x71, 0x75, 0x69, 0x72, 0x65, 0x6D, 0x65, 0x6E, 0x74, 0x73, 0x0A, 0x00, 0x09, 0x70, 0x72,
    0x65, 0x64, 0x69, 0x63, 0x61, 0x74, 0x65, 0x09, 0x00, 0x04, 0x74, 0x61, 0x67, 0x73, 0x0A, 0x00, 0x00, 0x00, 0x01, 0x01,
    0x00, 0x08, 0x65, 0x78, 0x70, 0x65, 0x63, 0x74, 0x65, 0x64, 0x00, 0x08, 0x00, 0x02, 0x69, 0x64, 0x00, 0x22, 0x6D, 0x69,
    0x6E, 0x65, 0x63, 0x72, 0x61, 0x66, 0x74, 0x3A, 0x62, 0x79, 0x70, 0x61, 0x73, 0x73, 0x65, 0x73, 0x5F, 0x69, 0x6E, 0x76,
    0x75, 0x6C, 0x6E, 0x65, 0x72, 0x61, 0x62, 0x69, 0x6C, 0x69, 0x74, 0x79, 0x00, 0x00, 0x08, 0x00, 0x09, 0x63, 0x6F, 0x6E,
    0x64, 0x69, 0x74, 0x69, 0x6F, 0x6E, 0x00, 0x22, 0x6D, 0x69, 0x6E, 0x65, 0x63, 0x72, 0x61, 0x66, 0x74, 0x3A, 0x64, 0x61,
    0x6D, 0x61, 0x67, 0x65, 0x5F, 0x73, 0x6F, 0x75, 0x72, 0x63, 0x65, 0x5F, 0x70, 0x72, 0x6F, 0x70, 0x65, 0x72, 0x74, 0x69,
    0x65, 0x73, 0x00, 0x0A, 0x00, 0x06, 0x65, 0x66, 0x66, 0x65, 0x63, 0x74, 0x08, 0x00, 0x04, 0x74, 0x79, 0x70, 0x65, 0x00,
    0x0D, 0x6D, 0x69, 0x6E, 0x65, 0x63, 0x72, 0x61, 0x66, 0x74, 0x3A, 0x61, 0x64, 0x64, 0x0A, 0x00, 0x05, 0x76, 0x61, 0x6C,
    0x75, 0x65, 0x05, 0x00, 0x15, 0x70, 0x65, 0x72, 0x5F, 0x6C, 0x65, 0x76, 0x65, 0x6C, 0x5F, 0x61, 0x62, 0x6F, 0x76, 0x65,
    0x5F, 0x66, 0x69, 0x72, 0x73, 0x74, 0x3F, 0x80, 0x00, 0x00, 0x08, 0x00, 0x04, 0x74, 0x79, 0x70, 0x65, 0x00, 0x10, 0x6D,
    0x69, 0x6E, 0x65, 0x63, 0x72, 0x61, 0x66, 0x74, 0x3A, 0x6C, 0x69, 0x6E, 0x65, 0x61, 0x72, 0x05, 0x00, 0x04, 0x62, 0x61,
    0x73, 0x65, 0x3F, 0x80, 0x00, 0x00, 0x00, 0x00, 0x00, 0x00, 0x0A, 0x00, 0x08, 0x6D, 0x61, 0x78, 0x5F, 0x63, 0x6F, 0x73,
    0x74, 0x03, 0x00, 0x15, 0x70, 0x65, 0x72, 0x5F, 0x6C, 0x65, 0x76, 0x65, 0x6C, 0x5F, 0x61, 0x62, 0x6F, 0x76, 0x65, 0x5F,
    0x66, 0x69, 0x72, 0x73, 0x74, 0x00, 0x00, 0x00, 0x0B, 0x03, 0x00, 0x04, 0x62, 0x61, 0x73, 0x65, 0x00, 0x00, 0x00, 0x0C,
    0x00, 0x08, 0x00, 0x0F, 0x73, 0x75, 0x70, 0x70, 0x6F, 0x72, 0x74, 0x65, 0x64, 0x5F, 0x69, 0x74, 0x65, 0x6D, 0x73, 0x00,
    0x1C, 0x23, 0x6D, 0x69, 0x6E, 0x65, 0x63, 0x72, 0x61, 0x66, 0x74, 0x3A, 0x65, 0x6E, 0x63, 0x68, 0x61, 0x6E, 0x74, 0x61,
    0x62, 0x6C, 0x65, 0x2F, 0x61, 0x72, 0x6D, 0x6F, 0x72, 0x03, 0x00, 0x09, 0x6D, 0x61, 0x78, 0x5F, 0x6C, 0x65, 0x76, 0x65,
    0x6C, 0x00, 0x00, 0x00, 0x04, 0x0A, 0x00, 0x08, 0x6D, 0x69, 0x6E, 0x5F, 0x63, 0x6F, 0x73, 0x74, 0x03, 0x00, 0x15, 0x70,
    0x65, 0x72, 0x5F, 0x6C, 0x65, 0x76, 0x65, 0x6C, 0x5F, 0x61, 0x62, 0x6F, 0x76, 0x65, 0x5F, 0x66, 0x69, 0x72, 0x73, 0x74,
    0x00, 0x00, 0x00, 0x0B, 0x03, 0x00, 0x04, 0x62, 0x61, 0x73, 0x65, 0x00, 0x00, 0x00, 0x01, 0x00, 0x0A, 0x00, 0x0B, 0x64,
    0x65, 0x73, 0x63, 0x72, 0x69, 0x70, 0x74, 0x69, 0x6F, 0x6E, 0x08, 0x00, 0x09, 0x74, 0x72, 0x61, 0x6E, 0x73, 0x6C, 0x61,
    0x74, 0x65, 0x00, 0x20, 0x65, 0x6E, 0x63, 0x68, 0x61, 0x6E, 0x74, 0x6D, 0x65, 0x6E, 0x74, 0x2E, 0x6D, 0x69, 0x6E, 0x65,
    0x63, 0x72, 0x61, 0x66, 0x74, 0x2E, 0x70, 0x72, 0x6F, 0x74, 0x65, 0x63, 0x74, 0x69, 0x6F, 0x6E, 0x00, 0x03, 0x00, 0x06,
    0x77, 0x65, 0x69, 0x67, 0x68, 0x74, 0x00, 0x00, 0x00, 0x0A, 0x03, 0x00, 0x0A, 0x61, 0x6E, 0x76, 0x69, 0x6C, 0x5F, 0x63,
    0x6F, 0x73, 0x74, 0x00, 0x00, 0x00, 0x01, 0x08, 0x00, 0x0D, 0x65, 0x78, 0x63, 0x6C, 0x75, 0x73, 0x69, 0x76, 0x65, 0x5F,
    0x73, 0x65, 0x74, 0x00, 0x1E, 0x23, 0x6D, 0x69, 0x6E, 0x65, 0x63, 0x72, 0x61, 0x66, 0x74, 0x3A, 0x65, 0x78, 0x63, 0x6C,
    0x75, 0x73, 0x69, 0x76, 0x65, 0x5F, 0x73, 0x65, 0x74, 0x2F, 0x61, 0x72, 0x6D, 0x6F, 0x72, 0x00, 0x0F, 0x6D, 0x69, 0x6E,
    0x65, 0x63, 0x72, 0x61, 0x66, 0x74, 0x3A, 0x70, 0x75, 0x6E, 0x63, 0x68, 0x01, 0x0A, 0x09, 0x00, 0x05, 0x73, 0x6C, 0x6F,
    0x74, 0x73, 0x08, 0x00, 0x00, 0x00, 0x01, 0x00, 0x08, 0x6D, 0x61, 0x69, 0x6E, 0x68, 0x61, 0x6E, 0x64, 0x0A, 0x00, 0x07,
    0x65, 0x66, 0x66, 0x65, 0x63, 0x74, 0x73, 0x09, 0x00, 0x13, 0x6D, 0x69, 0x6E, 0x65, 0x63, 0x72, 0x61, 0x66, 0x74, 0x3A,
    0x6B, 0x6E, 0x6F, 0x63, 0x6B, 0x62, 0x61, 0x63, 0x6B, 0x0A, 0x00, 0x00, 0x00, 0x01, 0x0A, 0x00, 0x0C, 0x72, 0x65, 0x71,
    0x75, 0x69, 0x72, 0x65, 0x6D, 0x65, 0x6E, 0x74, 0x73, 0x0A, 0x00, 0x09, 0x70, 0x72, 0x65, 0x64, 0x69, 0x63, 0x61, 0x74,
    0x65, 0x08, 0x00, 0x0B, 0x65, 0x6E, 0x74, 0x69, 0x74, 0x79, 0x5F, 0x74, 0x79, 0x70, 0x65, 0x00, 0x11, 0x23, 0x6D, 0x69,
    0x6E, 0x65, 0x63, 0x72, 0x61, 0x66, 0x74, 0x3A, 0x61, 0x72, 0x72, 0x6F, 0x77, 0x73, 0x00, 0x08, 0x00, 0x09, 0x63, 0x6F,
    0x6E, 0x64, 0x69, 0x74, 0x69, 0x6F, 0x6E, 0x00, 0x1B, 0x6D, 0x69, 0x6E, 0x65, 0x63, 0x72, 0x61, 0x66, 0x74, 0x3A, 0x65,
    0x6E, 0x74, 0x69, 0x74, 0x79, 0x5F, 0x70, 0x72, 0x6F, 0x70, 0x65, 0x72, 0x74, 0x69, 0x65, 0x73, 0x08, 0x00, 0x06, 0x65,
    0x6E, 0x74, 0x69, 0x74, 0x79, 0x00, 0x0F, 0x64, 0x69, 0x72, 0x65, 0x63, 0x74, 0x5F, 0x61, 0x74, 0x74, 0x61, 0x63, 0x6B,
    0x65, 0x72, 0x00, 0x0A, 0x00, 0x06, 0x65, 0x66, 0x66, 0x65, 0x63, 0x74, 0x08, 0x00, 0x04, 0x74, 0x79, 0x70, 0x65, 0x00,
    0x0D, 0x6D, 0x69, 0x6E, 0x65, 0x63, 0x72, 0x61, 0x66, 0x74, 0x3A, 0x61, 0x64, 0x64, 0x0A, 0x00, 0x05, 0x76, 0x61, 0x6C,
    0x75, 0x65, 0x05, 0x00, 0x15, 0x70, 0x65, 0x72, 0x5F, 0x6C, 0x65, 0x76, 0x65, 0x6C, 0x5F, 0x61, 0x62, 0x6F, 0x76, 0x65,
    0x5F, 0x66, 0x69, 0x72, 0x73, 0x74, 0x3F, 0x80, 0x00, 0x00, 0x08, 0x00, 0x04, 0x74, 0x79, 0x70, 0x65, 0x00, 0x10, 0x6D,
    0x69, 0x6E, 0x65, 0x63, 0x72, 0x61, 0x66, 0x74, 0x3A, 0x6C, 0x69, 0x6E, 0x65, 0x61, 0x72, 0x05, 0x00, 0x04, 0x62, 0x61,
    0x73, 0x65, 0x3F, 0x80, 0x00, 0x00, 0x00, 0x00, 0x00, 0x00, 0x0A, 0x00, 0x08, 0x6D, 0x61, 0x78, 0x5F, 0x63, 0x6F, 0x73,
    0x74, 0x03, 0x00, 0x15, 0x70, 0x65, 0x72, 0x5F, 0x6C, 0x65, 0x76, 0x65, 0x6C, 0x5F, 0x61, 0x62, 0x6F, 0x76, 0x65, 0x5F,
    0x66, 0x69, 0x72, 0x73, 0x74, 0x00, 0x00, 0x00, 0x14, 0x03, 0x00, 0x04, 0x62, 0x61, 0x73, 0x65, 0x00, 0x00, 0x00, 0x25,
    0x00, 0x08, 0x00, 0x0F, 0x73, 0x75, 0x70, 0x70, 0x6F, 0x72, 0x74, 0x65, 0x64, 0x5F, 0x69, 0x74, 0x65, 0x6D, 0x73, 0x00,
    0x1A, 0x23, 0x6D, 0x69, 0x6E, 0x65, 0x63, 0x72, 0x61, 0x66, 0x74, 0x3A, 0x65, 0x6E, 0x63, 0x68, 0x61, 0x6E, 0x74, 0x61,
    0x62, 0x6C, 0x65, 0x2F, 0x62, 0x6F, 0x77, 0x03, 0x00, 0x09, 0x6D, 0x61, 0x78, 0x5F, 0x6C, 0x65, 0x76, 0x65, 0x6C, 0x00,
    0x00, 0x00, 0x02, 0x0A, 0x00, 0x08, 0x6D, 0x69, 0x6E, 0x5F, 0x63, 0x6F, 0x73, 0x74, 0x03, 0x00, 0x15, 0x70, 0x65, 0x72,
    0x5F, 0x6C, 0x65, 0x76, 0x65, 0x6C, 0x5F, 0x61, 0x62, 0x6F, 0x76, 0x65, 0x5F, 0x66, 0x69, 0x72, 0x73, 0x74, 0x00, 0x00,
    0x00, 0x14, 0x03, 0x00, 0x04, 0x62, 0x61, 0x73, 0x65, 0x00, 0x00, 0x00, 0x0C, 0x00, 0x0A, 0x00, 0x0B, 0x64, 0x65, 0x73,
    0x63, 0x72, 0x69, 0x70, 0x74, 0x69, 0x6F, 0x6E, 0x08, 0x00, 0x09, 0x74, 0x72, 0x61, 0x6E, 0x73, 0x6C, 0x61, 0x74, 0x65,
    0x00, 0x1B, 0x65, 0x6E, 0x63, 0x68, 0x61, 0x6E, 0x74, 0x6D, 0x65, 0x6E, 0x74, 0x2E, 0x6D, 0x69, 0x6E, 0x65, 0x63, 0x72,
    0x61, 0x66, 0x74, 0x2E, 0x70, 0x75, 0x6E, 0x63, 0x68, 0x00, 0x03, 0x00, 0x06, 0x77, 0x65, 0x69, 0x67, 0x68, 0x74, 0x00,
    0x00, 0x00, 0x02, 0x03, 0x00, 0x0A, 0x61, 0x6E, 0x76, 0x69, 0x6C, 0x5F, 0x63, 0x6F, 0x73, 0x74, 0x00, 0x00, 0x00, 0x04,
    0x00, 0x16, 0x6D, 0x69, 0x6E, 0x65, 0x63, 0x72, 0x61, 0x66, 0x74, 0x3A, 0x71, 0x75, 0x69, 0x63, 0x6B, 0x5F, 0x63, 0x68,
    0x61, 0x72, 0x67, 0x65, 0x01, 0x0A, 0x09, 0x00, 0x05, 0x73, 0x6C, 0x6F, 0x74, 0x73, 0x08, 0x00, 0x00, 0x00, 0x02, 0x00,
    0x08, 0x6D, 0x61, 0x69, 0x6E, 0x68, 0x61, 0x6E, 0x64, 0x00, 0x07, 0x6F, 0x66, 0x66, 0x68, 0x61, 0x6E, 0x64, 0x0A, 0x00,
    0x07, 0x65, 0x66, 0x66, 0x65, 0x63, 0x74, 0x73, 0x09, 0x00, 0x22, 0x6D, 0x69, 0x6E, 0x65, 0x63, 0x72, 0x61, 0x66, 0x74,
    0x3A, 0x63, 0x72, 0x6F, 0x73, 0x73, 0x62, 0x6F, 0x77, 0x5F, 0x63, 0x68, 0x61, 0x72, 0x67, 0x69, 0x6E, 0x67, 0x5F, 0x73,
    0x6F, 0x75, 0x6E, 0x64, 0x73, 0x0A, 0x00, 0x00, 0x00, 0x03, 0x08, 0x00, 0x05, 0x73, 0x74, 0x61, 0x72, 0x74, 0x00, 0x26,
    0x6D, 0x69, 0x6E, 0x65, 0x63, 0x72, 0x61, 0x66, 0x74, 0x3A, 0x69, 0x74, 0x65, 0x6D, 0x2E, 0x63, 0x72, 0x6F, 0x73, 0x73,
    0x62, 0x6F, 0x77, 0x2E, 0x71, 0x75, 0x69, 0x63, 0x6B, 0x5F, 0x63, 0x68, 0x61, 0x72, 0x67, 0x65, 0x5F, 0x31, 0x08, 0x00,
    0x03, 0x65, 0x6E, 0x64, 0x00, 0x23, 0x6D, 0x69, 0x6E, 0x65, 0x63, 0x72, 0x61, 0x66, 0x74, 0x3A, 0x69, 0x74, 0x65, 0x6D,
    0x2E, 0x63, 0x72, 0x6F, 0x73, 0x73, 0x62, 0x6F, 0x77, 0x2E, 0x6C, 0x6F, 0x61, 0x64, 0x69, 0x6E, 0x67, 0x5F, 0x65, 0x6E,
    0x64, 0x00, 0x08, 0x00, 0x05, 0x73, 0x74, 0x61, 0x72, 0x74, 0x00, 0x26, 0x6D, 0x69, 0x6E, 0x65, 0x63, 0x72, 0x61, 0x66,
    0x74, 0x3A, 0x69, 0x74, 0x65, 0x6D, 0x2E, 0x63, 0x72, 0x6F, 0x73, 0x73, 0x62, 0x6F, 0x77, 0x2E, 0x71, 0x75, 0x69, 0x63,
    0x6B, 0x5F, 0x63, 0x68, 0x61, 0x72, 0x67, 0x65, 0x5F, 0x32, 0x08, 0x00, 0x03, 0x65, 0x6E, 0x64, 0x00, 0x23, 0x6D, 0x69,
    0x6E, 0x65, 0x63, 0x72, 0x61, 0x66, 0x74, 0x3A, 0x69, 0x74, 0x65, 0x6D, 0x2E, 0x63, 0x72, 0x6F, 0x73, 0x73, 0x62, 0x6F,
    0x77, 0x2E, 0x6C, 0x6F, 0x61, 0x64, 0x69, 0x6E, 0x67, 0x5F, 0x65, 0x6E, 0x64, 0x00, 0x08, 0x00, 0x05, 0x73, 0x74, 0x61,
    0x72, 0x74, 0x00, 0x26, 0x6D, 0x69, 0x6E, 0x65, 0x63, 0x72, 0x61, 0x66, 0x74, 0x3A, 0x69, 0x74, 0x65, 0x6D, 0x2E, 0x63,
    0x72, 0x6F, 0x73, 0x73, 0x62, 0x6F, 0x77, 0x2E, 0x71, 0x75, 0x69, 0x63, 0x6B, 0x5F, 0x63, 0x68, 0x61, 0x72, 0x67, 0x65,
    0x5F, 0x33, 0x08, 0x00, 0x03, 0x65, 0x6E, 0x64, 0x00, 0x23, 0x6D, 0x69, 0x6E, 0x65, 0x63, 0x72, 0x61, 0x66, 0x74, 0x3A,
    0x69, 0x74, 0x65, 0x6D, 0x2E, 0x63, 0x72, 0x6F, 0x73, 0x73, 0x62, 0x6F, 0x77, 0x2E, 0x6C, 0x6F, 0x61, 0x64, 0x69, 0x6E,
    0x67, 0x5F, 0x65, 0x6E, 0x64, 0x00, 0x0A, 0x00, 0x1E, 0x6D, 0x69, 0x6E, 0x65, 0x63, 0x72, 0x61, 0x66, 0x74, 0x3A, 0x63,
    0x72, 0x6F, 0x73, 0x73, 0x62, 0x6F, 0x77, 0x5F, 0x63, 0x68, 0x61, 0x72, 0x67, 0x65, 0x5F, 0x74, 0x69, 0x6D, 0x65, 0x08,
    0x00, 0x04, 0x74, 0x79, 0x70, 0x65, 0x00, 0x0D, 0x6D, 0x69, 0x6E, 0x65, 0x63, 0x72, 0x61, 0x66, 0x74, 0x3A, 0x61, 0x64,
    0x64, 0x0A, 0x00, 0x05, 0x76, 0x61, 0x6C, 0x75, 0x65, 0x05, 0x00, 0x15, 0x70, 0x65, 0x72, 0x5F, 0x6C, 0x65, 0x76, 0x65,
    0x6C, 0x5F, 0x61, 0x62, 0x6F, 0x76, 0x65, 0x5F, 0x66, 0x69, 0x72, 0x73, 0x74, 0xBE, 0x80, 0x00, 0x00, 0x08, 0x00, 0x04,
    0x74, 0x79, 0x70, 0x65, 0x00, 0x10, 0x6D, 0x69, 0x6E, 0x65, 0x63, 0x72, 0x61, 0x66, 0x74, 0x3A, 0x6C, 0x69, 0x6E, 0x65,
    0x61, 0x72, 0x05, 0x00, 0x04, 0x62, 0x61, 0x73, 0x65, 0xBE, 0x80, 0x00, 0x00, 0x00, 0x00, 0x00, 0x0A, 0x00, 0x08, 0x6D,
    0x61, 0x78, 0x5F, 0x63, 0x6F, 0x73, 0x74, 0x03, 0x00, 0x15, 0x70, 0x65, 0x72, 0x5F, 0x6C, 0x65, 0x76, 0x65, 0x6C, 0x5F,
    0x61, 0x62, 0x6F, 0x76, 0x65, 0x5F, 0x66, 0x69, 0x72, 0x73, 0x74, 0x00, 0x00, 0x00, 0x00, 0x03, 0x00, 0x04, 0x62, 0x61,
    0x73, 0x65, 0x00, 0x00, 0x00, 0x32, 0x00, 0x08, 0x00, 0x0F, 0x73, 0x75, 0x70, 0x70, 0x6F, 0x72, 0x74, 0x65, 0x64, 0x5F,
    0x69, 0x74, 0x65, 0x6D, 0x73, 0x00, 0x1F, 0x23, 0x6D, 0x69, 0x6E, 0x65, 0x63, 0x72, 0x61, 0x66, 0x74, 0x3A, 0x65, 0x6E,
    0x63, 0x68, 0x61, 0x6E, 0x74, 0x61, 0x62, 0x6C, 0x65, 0x2F, 0x63, 0x72, 0x6F, 0x73, 0x73, 0x62, 0x6F, 0x77, 0x03, 0x00,
    0x09, 0x6D, 0x61, 0x78, 0x5F, 0x6C, 0x65, 0x76, 0x65, 0x6C, 0x00, 0x00, 0x00, 0x03, 0x0A, 0x00, 0x08, 0x6D, 0x69, 0x6E,
    0x5F, 0x63, 0x6F, 0x73, 0x74, 0x03, 0x00, 0x15, 0x70, 0x65, 0x72, 0x5F, 0x6C, 0x65, 0x76, 0x65, 0x6C, 0x5F, 0x61, 0x62,
    0x6F, 0x76, 0x65, 0x5F, 0x66, 0x69, 0x72, 0x73, 0x74, 0x00, 0x00, 0x00, 0x14, 0x03, 0x00, 0x04, 0x62, 0x61, 0x73, 0x65,
    0x00, 0x00, 0x00, 0x0C, 0x00, 0x0A, 0x00, 0x0B, 0x64, 0x65, 0x73, 0x63, 0x72, 0x69, 0x70, 0x74, 0x69, 0x6F, 0x6E, 0x08,
    0x00, 0x09, 0x74, 0x72, 0x61, 0x6E, 0x73, 0x6C, 0x61, 0x74, 0x65, 0x00, 0x22, 0x65, 0x6E, 0x63, 0x68, 0x61, 0x6E, 0x74,
    0x6D, 0x65, 0x6E, 0x74, 0x2E, 0x6D, 0x69, 0x6E, 0x65, 0x63, 0x72, 0x61, 0x66, 0x74, 0x2E, 0x71, 0x75, 0x69, 0x63, 0x6B,
    0x5F, 0x63, 0x68, 0x61, 0x72, 0x67, 0x65, 0x00, 0x03, 0x00, 0x06, 0x77, 0x65, 0x69, 0x67, 0x68, 0x74, 0x00, 0x00, 0x00,
    0x05, 0x03, 0x00, 0x0A, 0x61, 0x6E, 0x76, 0x69, 0x6C, 0x5F, 0x63, 0x6F, 0x73, 0x74, 0x00, 0x00, 0x00, 0x02, 0x00, 0x15,
    0x6D, 0x69, 0x6E, 0x65, 0x63, 0x72, 0x61, 0x66, 0x74, 0x3A, 0x72, 0x65, 0x73, 0x70, 0x69, 0x72, 0x61, 0x74, 0x69, 0x6F,
    0x6E, 0x01, 0x0A, 0x09, 0x00, 0x05, 0x73, 0x6C, 0x6F, 0x74, 0x73, 0x08, 0x00, 0x00, 0x00, 0x01, 0x00, 0x04, 0x68, 0x65,
    0x61, 0x64, 0x0A, 0x00, 0x07, 0x65, 0x66, 0x66, 0x65, 0x63, 0x74, 0x73, 0x09, 0x00, 0x14, 0x6D, 0x69, 0x6E, 0x65, 0x63,
    0x72, 0x61, 0x66, 0x74, 0x3A, 0x61, 0x74, 0x74, 0x72, 0x69, 0x62, 0x75, 0x74, 0x65, 0x73, 0x0A, 0x00, 0x00, 0x00, 0x01,
    0x0A, 0x00, 0x06, 0x61, 0x6D, 0x6F, 0x75, 0x6E, 0x74, 0x05, 0x00, 0x15, 0x70, 0x65, 0x72, 0x5F, 0x6C, 0x65, 0x76, 0x65,
    0x6C, 0x5F, 0x61, 0x62, 0x6F, 0x76, 0x65, 0x5F, 0x66, 0x69, 0x72, 0x73, 0x74, 0x3F, 0x80, 0x00, 0x00, 0x08, 0x00, 0x04,
    0x74, 0x79, 0x70, 0x65, 0x00, 0x10, 0x6D, 0x69, 0x6E, 0x65, 0x63, 0x72, 0x61, 0x66, 0x74, 0x3A, 0x6C, 0x69, 0x6E, 0x65,
    0x61, 0x72, 0x05, 0x00, 0x04, 0x62, 0x61, 0x73, 0x65, 0x3F, 0x80, 0x00, 0x00, 0x00, 0x08, 0x00, 0x02, 0x69, 0x64, 0x00,
    0x21, 0x6D, 0x69, 0x6E, 0x65, 0x63, 0x72, 0x61, 0x66, 0x74, 0x3A, 0x65, 0x6E, 0x63, 0x68, 0x61, 0x6E, 0x74, 0x6D, 0x65,
    0x6E, 0x74, 0x2E, 0x72, 0x65, 0x73, 0x70, 0x69, 0x72, 0x61, 0x74, 0x69, 0x6F, 0x6E, 0x08, 0x00, 0x09, 0x61, 0x74, 0x74,
    0x72, 0x69, 0x62, 0x75, 0x74, 0x65, 0x00, 0x16, 0x6D, 0x69, 0x6E, 0x65, 0x63, 0x72, 0x61, 0x66, 0x74, 0x3A, 0x6F, 0x78,
    0x79, 0x67, 0x65, 0x6E, 0x5F, 0x62, 0x6F, 0x6E, 0x75, 0x73, 0x08, 0x00, 0x09, 0x6F, 0x70, 0x65, 0x72, 0x61, 0x74, 0x69,
    0x6F, 0x6E, 0x00, 0x09, 0x61, 0x64, 0x64, 0x5F, 0x76, 0x61, 0x6C, 0x75, 0x65, 0x00, 0x00, 0x0A, 0x00, 0x08, 0x6D, 0x61,
    0x78, 0x5F, 0x63, 0x6F, 0x73, 0x74, 0x03, 0x00, 0x15, 0x70, 0x65, 0x72, 0x5F, 0x6C, 0x65, 0x76, 0x65, 0x6C, 0x5F, 0x61,
    0x62, 0x6F, 0x76, 0x65, 0x5F, 0x66, 0x69, 0x72, 0x73, 0x74, 0x00, 0x00, 0x00, 0x0A, 0x03, 0x00, 0x04, 0x62, 0x61, 0x73,
    0x65, 0x00, 0x00, 0x00, 0x28, 0x00, 0x08, 0x00, 0x0F, 0x73, 0x75, 0x70, 0x70, 0x6F, 0x72, 0x74, 0x65, 0x64, 0x5F, 0x69,
    0x74, 0x65, 0x6D, 0x73, 0x00, 0x21, 0x23, 0x6D, 0x69, 0x6E, 0x65, 0x63, 0x72, 0x61, 0x66, 0x74, 0x3A, 0x65, 0x6E, 0x63,
    0x68, 0x61, 0x6E, 0x74, 0x61, 0x62, 0x6C, 0x65, 0x2F, 0x68, 0x65, 0x61, 0x64, 0x5F, 0x61, 0x72, 0x6D, 0x6F, 0x72, 0x03,
    0x00, 0x09, 0x6D, 0x61, 0x78, 0x5F, 0x6C, 0x65, 0x76, 0x65, 0x6C, 0x00, 0x00, 0x00, 0x03, 0x0A, 0x00, 0x08, 0x6D, 0x69,
    0x6E, 0x5F, 0x63, 0x6F, 0x73, 0x74, 0x03, 0x00, 0x15, 0x70, 0x65, 0x72, 0x5F, 0x6C, 0x65, 0x76, 0x65, 0x6C, 0x5F, 0x61,
    0x62, 0x6F, 0x76, 0x65, 0x5F, 0x66, 0x69, 0x72, 0x73, 0x74, 0x00, 0x00, 0x00, 0x0A, 0x03, 0x00, 0x04, 0x62, 0x61, 0x73,
    0x65, 0x00, 0x00, 0x00, 0x0A, 0x00, 0x0A, 0x00, 0x0B, 0x64, 0x65, 0x73, 0x63, 0x72, 0x69, 0x70, 0x74, 0x69, 0x6F, 0x6E,
    0x08, 0x00, 0x09, 0x74, 0x72, 0x61, 0x6E, 0x73, 0x6C, 0x61, 0x74, 0x65, 0x00, 0x21, 0x65, 0x6E, 0x63, 0x68, 0x61, 0x6E,
    0x74, 0x6D, 0x65, 0x6E, 0x74, 0x2E, 0x6D, 0x69, 0x6E, 0x65, 0x63, 0x72, 0x61, 0x66, 0x74, 0x2E, 0x72, 0x65, 0x73, 0x70,
    0x69, 0x72, 0x61, 0x74, 0x69, 0x6F, 0x6E, 0x00, 0x03, 0x00, 0x06, 0x77, 0x65, 0x69, 0x67, 0x68, 0x74, 0x00, 0x00, 0x00,
    0x02, 0x03, 0x00, 0x0A, 0x61, 0x6E, 0x76, 0x69, 0x6C, 0x5F, 0x63, 0x6F, 0x73, 0x74, 0x00, 0x00, 0x00, 0x04, 0x00, 0x11,
    0x6D, 0x69, 0x6E, 0x65, 0x63, 0x72, 0x61, 0x66, 0x74, 0x3A, 0x72, 0x69, 0x70, 0x74, 0x69, 0x64, 0x65, 0x01, 0x0A, 0x09,
    0x00, 0x05, 0x73, 0x6C, 0x6F, 0x74, 0x73, 0x08, 0x00, 0x00, 0x00, 0x01, 0x00, 0x04, 0x68, 0x61, 0x6E, 0x64, 0x0A, 0x00,
    0x07, 0x65, 0x66, 0x66, 0x65, 0x63, 0x74, 0x73, 0x0A, 0x00, 0x26, 0x6D, 0x69, 0x6E, 0x65, 0x63, 0x72, 0x61, 0x66, 0x74,
    0x3A, 0x74, 0x72, 0x69, 0x64, 0x65, 0x6E, 0x74, 0x5F, 0x73, 0x70, 0x69, 0x6E, 0x5F, 0x61, 0x74, 0x74, 0x61, 0x63, 0x6B,
    0x5F, 0x73, 0x74, 0x72, 0x65, 0x6E, 0x67, 0x74, 0x68, 0x08, 0x00, 0x04, 0x74, 0x79, 0x70, 0x65, 0x00, 0x0D, 0x6D, 0x69,
    0x6E, 0x65, 0x63, 0x72, 0x61, 0x66, 0x74, 0x3A, 0x61, 0x64, 0x64, 0x0A, 0x00, 0x05, 0x76, 0x61, 0x6C, 0x75, 0x65, 0x05,
    0x00, 0x15, 0x70, 0x65, 0x72, 0x5F, 0x6C, 0x65, 0x76, 0x65, 0x6C, 0x5F, 0x61, 0x62, 0x6F, 0x76, 0x65, 0x5F, 0x66, 0x69,
    0x72, 0x73, 0x74, 0x3F, 0x40, 0x00, 0x00, 0x08, 0x00, 0x04, 0x74, 0x79, 0x70, 0x65, 0x00, 0x10, 0x6D, 0x69, 0x6E, 0x65,
    0x63, 0x72, 0x61, 0x66, 0x74, 0x3A, 0x6C, 0x69, 0x6E, 0x65, 0x61, 0x72, 0x05, 0x00, 0x04, 0x62, 0x61, 0x73, 0x65, 0x3F,
    0xC0, 0x00, 0x00, 0x00, 0x00, 0x09, 0x00, 0x17, 0x6D, 0x69, 0x6E, 0x65, 0x63, 0x72, 0x61, 0x66, 0x74, 0x3A, 0x74, 0x72,
    0x69, 0x64, 0x65, 0x6E, 0x74, 0x5F, 0x73, 0x6F, 0x75, 0x6E, 0x64, 0x08, 0x00, 0x00, 0x00, 0x03, 0x00, 0x20, 0x6D, 0x69,
    0x6E, 0x65, 0x63, 0x72, 0x61, 0x66, 0x74, 0x3A, 0x69, 0x74, 0x65, 0x6D, 0x2E, 0x74, 0x72, 0x69, 0x64, 0x65, 0x6E, 0x74,
    0x2E, 0x72, 0x69, 0x70, 0x74, 0x69, 0x64, 0x65, 0x5F, 0x31, 0x00, 0x20, 0x6D, 0x69, 0x6E, 0x65, 0x63, 0x72, 0x61, 0x66,
    0x74, 0x3A, 0x69, 0x74, 0x65, 0x6D, 0x2E, 0x74, 0x72, 0x69, 0x64, 0x65, 0x6E, 0x74, 0x2E, 0x72, 0x69, 0x70, 0x74, 0x69,
    0x64, 0x65, 0x5F, 0x32, 0x00, 0x20, 0x6D, 0x69, 0x6E, 0x65, 0x63, 0x72, 0x61, 0x66, 0x74, 0x3A, 0x69, 0x74, 0x65, 0x6D,
    0x2E, 0x74, 0x72, 0x69, 0x64, 0x65, 0x6E, 0x74, 0x2E, 0x72, 0x69, 0x70, 0x74, 0x69, 0x64, 0x65, 0x5F, 0x33, 0x00, 0x0A,
    0x00, 0x08, 0x6D, 0x61, 0x78, 0x5F, 0x63, 0x6F, 0x73, 0x74, 0x03, 0x00, 0x15, 0x70, 0x65, 0x72, 0x5F, 0x6C, 0x65, 0x76,
    0x65, 0x6C, 0x5F, 0x61, 0x62, 0x6F, 0x76, 0x65, 0x5F, 0x66, 0x69, 0x72, 0x73, 0x74, 0x00, 0x00, 0x00, 0x00, 0x03, 0x00,
    0x04, 0x62, 0x61, 0x73, 0x65, 0x00, 0x00, 0x00, 0x32, 0x00, 0x08, 0x00, 0x0F, 0x73, 0x75, 0x70, 0x70, 0x6F, 0x72, 0x74,
    0x65, 0x64, 0x5F, 0x69, 0x74, 0x65, 0x6D, 0x73, 0x00, 0x1E, 0x23, 0x6D, 0x69, 0x6E, 0x65, 0x63, 0x72, 0x61, 0x66, 0x74,
    0x3A, 0x65, 0x6E, 0x63, 0x68, 0x61, 0x6E, 0x74, 0x61, 0x62, 0x6C, 0x65, 0x2F, 0x74, 0x72, 0x69, 0x64, 0x65, 0x6E, 0x74,
    0x03, 0x00, 0x09, 0x6D, 0x61, 0x78, 0x5F, 0x6C, 0x65, 0x76, 0x65, 0x6C, 0x00, 0x00, 0x00, 0x03, 0x0A, 0x00, 0x08, 0x6D,
    0x69, 0x6E, 0x5F, 0x63, 0x6F, 0x73, 0x74, 0x03, 0x00, 0x15, 0x70, 0x65, 0x72, 0x5F, 0x6C, 0x65, 0x76, 0x65, 0x6C, 0x5F,
    0x61, 0x62, 0x6F, 0x76, 0x65, 0x5F, 0x66, 0x69, 0x72, 0x73, 0x74, 0x00, 0x00, 0x00, 0x07, 0x03, 0x00, 0x04, 0x62, 0x61,
    0x73, 0x65, 0x00, 0x00, 0x00, 0x11, 0x00, 0x0A, 0x00, 0x0B, 0x64, 0x65, 0x73, 0x63, 0x72, 0x69, 0x70, 0x74, 0x69, 0x6F,
    0x6E, 0x08, 0x00, 0x09, 0x74, 0x72, 0x61, 0x6E, 0x73, 0x6C, 0x61, 0x74, 0x65, 0x00, 0x1D, 0x65, 0x6E, 0x63, 0x68, 0x61,
    0x6E, 0x74, 0x6D, 0x65, 0x6E, 0x74, 0x2E, 0x6D, 0x69, 0x6E, 0x65, 0x63, 0x72, 0x61, 0x66, 0x74, 0x2E, 0x72, 0x69, 0x70,
    0x74, 0x69, 0x64, 0x65, 0x00, 0x03, 0x00, 0x06, 0x77, 0x65, 0x69, 0x67, 0x68, 0x74, 0x00, 0x00, 0x00, 0x02, 0x03, 0x00,
    0x0A, 0x61, 0x6E, 0x76, 0x69, 0x6C, 0x5F, 0x63, 0x6F, 0x73, 0x74, 0x00, 0x00, 0x00, 0x04, 0x08, 0x00, 0x0D, 0x65, 0x78,
    0x63, 0x6C, 0x75, 0x73, 0x69, 0x76, 0x65, 0x5F, 0x73, 0x65, 0x74, 0x00, 0x20, 0x23, 0x6D, 0x69, 0x6E, 0x65, 0x63, 0x72,
    0x61, 0x66, 0x74, 0x3A, 0x65, 0x78, 0x63, 0x6C, 0x75, 0x73, 0x69, 0x76, 0x65, 0x5F, 0x73, 0x65, 0x74, 0x2F, 0x72, 0x69,
    0x70, 0x74, 0x69, 0x64, 0x65, 0x00, 0x13, 0x6D, 0x69, 0x6E, 0x65, 0x63, 0x72, 0x61, 0x66, 0x74, 0x3A, 0x73, 0x68, 0x61,
    0x72, 0x70, 0x6E, 0x65, 0x73, 0x73, 0x01, 0x0A, 0x08, 0x00, 0x0D, 0x70, 0x72, 0x69, 0x6D, 0x61, 0x72, 0x79, 0x5F, 0x69,
    0x74, 0x65, 0x6D, 0x73, 0x00, 0x23, 0x23, 0x6D, 0x69, 0x6E, 0x65, 0x63, 0x72, 0x61, 0x66, 0x74, 0x3A, 0x65, 0x6E, 0x63,
    0x68, 0x61, 0x6E, 0x74, 0x61, 0x62, 0x6C, 0x65, 0x2F, 0x6D, 0x65, 0x6C, 0x65, 0x65, 0x5F, 0x77, 0x65, 0x61, 0x70, 0x6F,
    0x6E, 0x09, 0x00, 0x05, 0x73, 0x6C, 0x6F, 0x74, 0x73, 0x08, 0x00, 0x00, 0x00, 0x01, 0x00, 0x08, 0x6D, 0x61, 0x69, 0x6E,
    0x68, 0x61, 0x6E, 0x64, 0x0A, 0x00, 0x07, 0x65, 0x66, 0x66, 0x65, 0x63, 0x74, 0x73, 0x09, 0x00, 0x10, 0x6D, 0x69, 0x6E,
    0x65, 0x63, 0x72, 0x61, 0x66, 0x74, 0x3A, 0x64, 0x61, 0x6D, 0x61, 0x67, 0x65, 0x0A, 0x00, 0x00, 0x00, 0x01, 0x0A, 0x00,
    0x06, 0x65, 0x66, 0x66, 0x65, 0x63, 0x74, 0x08, 0x00, 0x04, 0x74, 0x79, 0x70, 0x65, 0x00, 0x0D, 0x6D, 0x69, 0x6E, 0x65,
    0x63, 0x72, 0x61, 0x66, 0x74, 0x3A, 0x61, 0x64, 0x64, 0x0A, 0x00, 0x05, 0x76, 0x61, 0x6C, 0x75, 0x65, 0x05, 0x00, 0x15,
    0x70, 0x65, 0x72, 0x5F, 0x6C, 0x65, 0x76, 0x65, 0x6C, 0x5F, 0x61, 0x62, 0x6F, 0x76, 0x65, 0x5F, 0x66, 0x69, 0x72, 0x73,
    0x74, 0x3F, 0x00, 0x00, 0x00, 0x08, 0x00, 0x04, 0x74, 0x79, 0x70, 0x65, 0x00, 0x10, 0x6D, 0x69, 0x6E, 0x65, 0x63, 0x72,
    0x61, 0x66, 0x74, 0x3A, 0x6C, 0x69, 0x6E, 0x65, 0x61, 0x72, 0x05, 0x00, 0x04, 0x62, 0x61, 0x73, 0x65, 0x3F, 0x80, 0x00,
    0x00, 0x00, 0x00, 0x00, 0x00, 0x0A, 0x00, 0x08, 0x6D, 0x61, 0x78, 0x5F, 0x63, 0x6F, 0x73, 0x74, 0x03, 0x00, 0x15, 0x70,
    0x65, 0x72, 0x5F, 0x6C, 0x65, 0x76, 0x65, 0x6C, 0x5F, 0x61, 0x62, 0x6F, 0x76, 0x65, 0x5F, 0x66, 0x69, 0x72, 0x73, 0x74,
    0x00, 0x00, 0x00, 0x0B, 0x03, 0x00, 0x04, 0x62, 0x61, 0x73, 0x65, 0x00, 0x00, 0x00, 0x15, 0x00, 0x08, 0x00, 0x0F, 0x73,
    0x75, 0x70, 0x70, 0x6F, 0x72, 0x74, 0x65, 0x64, 0x5F, 0x69, 0x74, 0x65, 0x6D, 0x73, 0x00, 0x23, 0x23, 0x6D, 0x69, 0x6E,
    0x65, 0x63, 0x72, 0x61, 0x66, 0x74, 0x3A, 0x65, 0x6E, 0x63, 0x68, 0x61, 0x6E, 0x74, 0x61, 0x62, 0x6C, 0x65, 0x2F, 0x73,
    0x68, 0x61, 0x72, 0x70, 0x5F, 0x77, 0x65, 0x61, 0x70, 0x6F, 0x6E, 0x03, 0x00, 0x09, 0x6D, 0x61, 0x78, 0x5F, 0x6C, 0x65,
    0x76, 0x65, 0x6C, 0x00, 0x00, 0x00, 0x05, 0x0A, 0x00, 0x08, 0x6D, 0x69, 0x6E, 0x5F, 0x63, 0x6F, 0x73, 0x74, 0x03, 0x00,
    0x15, 0x70, 0x65, 0x72, 0x5F, 0x6C, 0x65, 0x76, 0x65, 0x6C, 0x5F, 0x61, 0x62, 0x6F, 0x76, 0x65, 0x5F, 0x66, 0x69, 0x72,
    0x73, 0x74, 0x00, 0x00, 0x00, 0x0B, 0x03, 0x00, 0x04, 0x62, 0x61, 0x73, 0x65, 0x00, 0x00, 0x00, 0x01, 0x00, 0x0A, 0x00,
    0x0B, 0x64, 0x65, 0x73, 0x63, 0x72, 0x69, 0x70, 0x74, 0x69, 0x6F, 0x6E, 0x08, 0x00, 0x09, 0x74, 0x72, 0x61, 0x6E, 0x73,
    0x6C, 0x61, 0x74, 0x65, 0x00, 0x1F, 0x65, 0x6E, 0x63, 0x68, 0x61, 0x6E, 0x74, 0x6D, 0x65, 0x6E, 0x74, 0x2E, 0x6D, 0x69,
    0x6E, 0x65, 0x63, 0x72, 0x61, 0x66, 0x74, 0x2E, 0x73, 0x68, 0x61, 0x72, 0x70, 0x6E, 0x65, 0x73, 0x73, 0x00, 0x03, 0x00,
    0x06, 0x77, 0x65, 0x69, 0x67, 0x68, 0x74, 0x00, 0x00, 0x00, 0x0A, 0x03, 0x00, 0x0A, 0x61, 0x6E, 0x76, 0x69, 0x6C, 0x5F,
    0x63, 0x6F, 0x73, 0x74, 0x00, 0x00, 0x00, 0x01, 0x08, 0x00, 0x0D, 0x65, 0x78, 0x63, 0x6C, 0x75, 0x73, 0x69, 0x76, 0x65,
    0x5F, 0x73, 0x65, 0x74, 0x00, 0x1F, 0x23, 0x6D, 0x69, 0x6E, 0x65, 0x63, 0x72, 0x61, 0x66, 0x74, 0x3A, 0x65, 0x78, 0x63,
    0x6C, 0x75, 0x73, 0x69, 0x76, 0x65, 0x5F, 0x73, 0x65, 0x74, 0x2F, 0x64, 0x61, 0x6D, 0x61, 0x67, 0x65, 0x00, 0x14, 0x6D,
    0x69, 0x6E, 0x65, 0x63, 0x72, 0x61, 0x66, 0x74, 0x3A, 0x73, 0x69, 0x6C, 0x6B, 0x5F, 0x74, 0x6F, 0x75, 0x63, 0x68, 0x01,
    0x0A, 0x09, 0x00, 0x05, 0x73, 0x6C, 0x6F, 0x74, 0x73, 0x08, 0x00, 0x00, 0x00, 0x01, 0x00, 0x08, 0x6D, 0x61, 0x69, 0x6E,
    0x68, 0x61, 0x6E, 0x64, 0x0A, 0x00, 0x07, 0x65, 0x66, 0x66, 0x65, 0x63, 0x74, 0x73, 0x09, 0x00, 0x1A, 0x6D, 0x69, 0x6E,
    0x65, 0x63, 0x72, 0x61, 0x66, 0x74, 0x3A, 0x62, 0x6C, 0x6F, 0x63, 0x6B, 0x5F, 0x65, 0x78, 0x70, 0x65, 0x72, 0x69, 0x65,
    0x6E, 0x63, 0x65, 0x0A, 0x00, 0x00, 0x00, 0x01, 0x0A, 0x00, 0x06, 0x65, 0x66, 0x66, 0x65, 0x63, 0x74, 0x08, 0x00, 0x04,
    0x74, 0x79, 0x70, 0x65, 0x00, 0x0D, 0x6D, 0x69, 0x6E, 0x65, 0x63, 0x72, 0x61, 0x66, 0x74, 0x3A, 0x73, 0x65, 0x74, 0x05,
    0x00, 0x05, 0x76, 0x61, 0x6C, 0x75, 0x65, 0x00, 0x00, 0x00, 0x00, 0x00, 0x00, 0x00, 0x0A, 0x00, 0x08, 0x6D, 0x61, 0x78,
    0x5F, 0x63, 0x6F, 0x73, 0x74, 0x03, 0x00, 0x15, 0x70, 0x65, 0x72, 0x5F, 0x6C, 0x65, 0x76, 0x65, 0x6C, 0x5F, 0x61, 0x62,
    0x6F, 0x76, 0x65, 0x5F, 0x66, 0x69, 0x72, 0x73, 0x74, 0x00, 0x00, 0x00, 0x00, 0x03, 0x00, 0x04, 0x62, 0x61, 0x73, 0x65,
    0x00, 0x00, 0x00, 0x41, 0x00, 0x08, 0x00, 0x0F, 0x73, 0x75, 0x70, 0x70, 0x6F, 0x72, 0x74, 0x65, 0x64, 0x5F, 0x69, 0x74,
    0x65, 0x6D, 0x73, 0x00, 0x22, 0x23, 0x6D, 0x69, 0x6E, 0x65, 0x63, 0x72, 0x61, 0x66, 0x74, 0x3A, 0x65, 0x6E, 0x63, 0x68,
    0x61, 0x6E, 0x74, 0x61, 0x62, 0x6C, 0x65, 0x2F, 0x6D, 0x69, 0x6E, 0x69, 0x6E, 0x67, 0x5F, 0x6C, 0x6F, 0x6F, 0x74, 0x03,
    0x00, 0x09, 0x6D, 0x61, 0x78, 0x5F, 0x6C, 0x65, 0x76, 0x65, 0x6C, 0x00, 0x00, 0x00, 0x01, 0x0A, 0x00, 0x08, 0x6D, 0x69,
    0x6E, 0x5F, 0x63, 0x6F, 0x73, 0x74, 0x03, 0x00, 0x15, 0x70, 0x65, 0x72, 0x5F, 0x6C, 0x65, 0x76, 0x65, 0x6C, 0x5F, 0x61,
    0x62, 0x6F, 0x76, 0x65, 0x5F, 0x66, 0x69, 0x72, 0x73, 0x74, 0x00, 0x00, 0x00, 0x00, 0x03, 0x00, 0x04, 0x62, 0x61, 0x73,
    0x65, 0x00, 0x00, 0x00, 0x0F, 0x00, 0x0A, 0x00, 0x0B, 0x64, 0x65, 0x73, 0x63, 0x72, 0x69, 0x70, 0x74, 0x69, 0x6F, 0x6E,
    0x08, 0x00, 0x09, 0x74, 0x72, 0x61, 0x6E, 0x73, 0x6C, 0x61, 0x74, 0x65, 0x00, 0x20, 0x65, 0x6E, 0x63, 0x68, 0x61, 0x6E,
    0x74, 0x6D, 0x65, 0x6E, 0x74, 0x2E, 0x6D, 0x69, 0x6E, 0x65, 0x63, 0x72, 0x61, 0x66, 0x74, 0x2E, 0x73, 0x69, 0x6C, 0x6B,
    0x5F, 0x74, 0x6F, 0x75, 0x63, 0x68, 0x00, 0x03, 0x00, 0x06, 0x77, 0x65, 0x69, 0x67, 0x68, 0x74, 0x00, 0x00, 0x00, 0x01,
    0x03, 0x00, 0x0A, 0x61, 0x6E, 0x76, 0x69, 0x6C, 0x5F, 0x63, 0x6F, 0x73, 0x74, 0x00, 0x00, 0x00, 0x08, 0x08, 0x00, 0x0D,
    0x65, 0x78, 0x63, 0x6C, 0x75, 0x73, 0x69, 0x76, 0x65, 0x5F, 0x73, 0x65, 0x74, 0x00, 0x1F, 0x23, 0x6D, 0x69, 0x6E, 0x65,
    0x63, 0x72, 0x61, 0x66, 0x74, 0x3A, 0x65, 0x78, 0x63, 0x6C, 0x75, 0x73, 0x69, 0x76, 0x65, 0x5F, 0x73, 0x65, 0x74, 0x2F,
    0x6D, 0x69, 0x6E, 0x69, 0x6E, 0x67, 0x00, 0x0F, 0x6D, 0x69, 0x6E, 0x65, 0x63, 0x72, 0x61, 0x66, 0x74, 0x3A, 0x73, 0x6D,
    0x69, 0x74, 0x65, 0x01, 0x0A, 0x08, 0x00, 0x0D, 0x70, 0x72, 0x69, 0x6D, 0x61, 0x72, 0x79, 0x5F, 0x69, 0x74, 0x65, 0x6D,
    0x73, 0x00, 0x23, 0x23, 0x6D, 0x69, 0x6E, 0x65, 0x63, 0x72, 0x61, 0x66, 0x74, 0x3A, 0x65, 0x6E, 0x63, 0x68, 0x61, 0x6E,
    0x74, 0x61, 0x62, 0x6C, 0x65, 0x2F, 0x6D, 0x65, 0x6C, 0x65, 0x65, 0x5F, 0x77, 0x65, 0x61, 0x70, 0x6F, 0x6E, 0x09, 0x00,
    0x05, 0x73, 0x6C, 0x6F, 0x74, 0x73, 0x08, 0x00, 0x00, 0x00, 0x01, 0x00, 0x08, 0x6D, 0x61, 0x69, 0x6E, 0x68, 0x61, 0x6E,
    0x64, 0x0A, 0x00, 0x07, 0x65, 0x66, 0x66, 0x65, 0x63, 0x74, 0x73, 0x09, 0x00, 0x10, 0x6D, 0x69, 0x6E, 0x65, 0x63, 0x72,
    0x61, 0x66, 0x74, 0x3A, 0x64, 0x61, 0x6D, 0x61, 0x67, 0x65, 0x0A, 0x00, 0x00, 0x00, 0x01, 0x0A, 0x00, 0x0C, 0x72, 0x65,
    0x71, 0x75, 0x69, 0x72, 0x65, 0x6D, 0x65, 0x6E, 0x74, 0x73, 0x0A, 0x00, 0x09, 0x70, 0x72, 0x65, 0x64, 0x69, 0x63, 0x61,
    0x74, 0x65, 0x08, 0x00, 0x0B, 0x65, 0x6E, 0x74, 0x69, 0x74, 0x79, 0x5F, 0x74, 0x79, 0x70, 0x65, 0x00, 0x1D, 0x23, 0x6D,
    0x69, 0x6E, 0x65, 0x63, 0x72, 0x61, 0x66, 0x74, 0x3A, 0x73, 0x65, 0x6E, 0x73, 0x69, 0x74, 0x69, 0x76, 0x65, 0x5F, 0x74,
    0x6F, 0x5F, 0x73, 0x6D, 0x69, 0x74, 0x65, 0x00, 0x08, 0x00, 0x09, 0x63, 0x6F, 0x6E, 0x64, 0x69, 0x74, 0x69, 0x6F, 0x6E,
    0x00, 0x1B, 0x6D, 0x69, 0x6E, 0x65, 0x63, 0x72, 0x61, 0x66, 0x74, 0x3A, 0x65, 0x6E, 0x74, 0x69, 0x74, 0x79, 0x5F, 0x70,
    0x72, 0x6F, 0x70, 0x65, 0x72, 0x74, 0x69, 0x65, 0x73, 0x08, 0x00, 0x06, 0x65, 0x6E, 0x74, 0x69, 0x74, 0x79, 0x00, 0x04,
    0x74, 0x68, 0x69, 0x73, 0x00, 0x0A, 0x00, 0x06, 0x65, 0x66, 0x66, 0x65, 0x63, 0x74, 0x08, 0x00, 0x04, 0x74, 0x79, 0x70,
    0x65, 0x00, 0x0D, 0x6D, 0x69, 0x6E, 0x65, 0x63, 0x72, 0x61, 0x66, 0x74, 0x3A, 0x61, 0x64, 0x64, 0x0A, 0x00, 0x05, 0x76,
    0x61, 0x6C, 0x75, 0x65, 0x05, 0x00, 0x15, 0x70, 0x65, 0x72, 0x5F, 0x6C, 0x65, 0x76, 0x65, 0x6C, 0x5F, 0x61, 0x62, 0x6F,
    0x76, 0x65, 0x5F, 0x66, 0x69, 0x72, 0x73, 0x74, 0x40, 0x20, 0x00, 0x00, 0x08, 0x00, 0x04, 0x74, 0x79, 0x70, 0x65, 0x00,
    0x10, 0x6D, 0x69, 0x6E, 0x65, 0x63, 0x72, 0x61, 0x66, 0x74, 0x3A, 0x6C, 0x69, 0x6E, 0x65, 0x61, 0x72, 0x05, 0x00, 0x04,
    0x62, 0x61, 0x73, 0x65, 0x40, 0x20, 0x00, 0x00, 0x00, 0x00, 0x00, 0x00, 0x0A, 0x00, 0x08, 0x6D, 0x61, 0x78, 0x5F, 0x63,
    0x6F, 0x73, 0x74, 0x03, 0x00, 0x15, 0x70, 0x65, 0x72, 0x5F, 0x6C, 0x65, 0x76, 0x65, 0x6C, 0x5F, 0x61, 0x62, 0x6F, 0x76,
    0x65, 0x5F, 0x66, 0x69, 0x72, 0x73, 0x74, 0x00, 0x00, 0x00, 0x08, 0x03, 0x00, 0x04, 0x62, 0x61, 0x73, 0x65, 0x00, 0x00,
    0x00, 0x19, 0x00, 0x08, 0x00, 0x0F, 0x73, 0x75, 0x70, 0x70, 0x6F, 0x72, 0x74, 0x65, 0x64, 0x5F, 0x69, 0x74, 0x65, 0x6D,
    0x73, 0x00, 0x1D, 0x23, 0x6D, 0x69, 0x6E, 0x65, 0x63, 0x72, 0x61, 0x66, 0x74, 0x3A, 0x65, 0x6E, 0x63, 0x68, 0x61, 0x6E,
    0x74, 0x61, 0x62, 0x6C, 0x65, 0x2F, 0x77, 0x65, 0x61, 0x70, 0x6F, 0x6E, 0x03, 0x00, 0x09, 0x6D, 0x61, 0x78, 0x5F, 0x6C,
    0x65, 0x76, 0x65, 0x6C, 0x00, 0x00, 0x00, 0x05, 0x0A, 0x00, 0x08, 0x6D, 0x69, 0x6E, 0x5F, 0x63, 0x6F, 0x73, 0x74, 0x03,
    0x00, 0x15, 0x70, 0x65, 0x72, 0x5F, 0x6C, 0x65, 0x76, 0x65, 0x6C, 0x5F, 0x61, 0x62, 0x6F, 0x76, 0x65, 0x5F, 0x66, 0x69,
    0x72, 0x73, 0x74, 0x00, 0x00, 0x00, 0x08, 0x03, 0x00, 0x04, 0x62, 0x61, 0x73, 0x65, 0x00, 0x00, 0x00, 0x05, 0x00, 0x0A,
    0x00, 0x0B, 0x64, 0x65, 0x73, 0x63, 0x72, 0x69, 0x70, 0x74, 0x69, 0x6F, 0x6E, 0x08, 0x00, 0x09, 0x74, 0x72, 0x61, 0x6E,
    0x73, 0x6C, 0x61, 0x74, 0x65, 0x00, 0x1B, 0x65, 0x6E, 0x63, 0x68, 0x61, 0x6E, 0x74, 0x6D, 0x65, 0x6E, 0x74, 0x2E, 0x6D,
    0x69, 0x6E, 0x65, 0x63, 0x72, 0x61, 0x66, 0x74, 0x2E, 0x73, 0x6D, 0x69, 0x74, 0x65, 0x00, 0x03, 0x00, 0x06, 0x77, 0x65,
    0x69, 0x67, 0x68, 0x74, 0x00, 0x00, 0x00, 0x05, 0x03, 0x00, 0x0A, 0x61, 0x6E, 0x76, 0x69, 0x6C, 0x5F, 0x63, 0x6F, 0x73,
    0x74, 0x00, 0x00, 0x00, 0x02, 0x08, 0x00, 0x0D, 0x65, 0x78, 0x63, 0x6C, 0x75, 0x73, 0x69, 0x76, 0x65, 0x5F, 0x73, 0x65,
    0x74, 0x00, 0x1F, 0x23, 0x6D, 0x69, 0x6E, 0x65, 0x63, 0x72, 0x61, 0x66, 0x74, 0x3A, 0x65, 0x78, 0x63, 0x6C, 0x75, 0x73,
    0x69, 0x76, 0x65, 0x5F, 0x73, 0x65, 0x74, 0x2F, 0x64, 0x61, 0x6D, 0x61, 0x67, 0x65, 0x00, 0x14, 0x6D, 0x69, 0x6E, 0x65,
    0x63, 0x72, 0x61, 0x66, 0x74, 0x3A, 0x73, 0x6F, 0x75, 0x6C, 0x5F, 0x73, 0x70, 0x65, 0x65, 0x64, 0x01, 0x0A, 0x09, 0x00,
    0x05, 0x73, 0x6C, 0x6F, 0x74, 0x73, 0x08, 0x00, 0x00, 0x00, 0x01, 0x00, 0x04, 0x66, 0x65, 0x65, 0x74, 0x0A, 0x00, 0x07,
    0x65, 0x66, 0x66, 0x65, 0x63, 0x74, 0x73, 0x09, 0x00, 0x1A, 0x6D, 0x69, 0x6E, 0x65, 0x63, 0x72, 0x61, 0x66, 0x74, 0x3A,
    0x6C, 0x6F, 0x63, 0x61, 0x74, 0x69, 0x6F, 0x6E, 0x5F, 0x63, 0x68, 0x61, 0x6E, 0x67, 0x65, 0x64, 0x0A, 0x00, 0x00, 0x00,
    0x02, 0x0A, 0x00, 0x0C, 0x72, 0x65, 0x71, 0x75, 0x69, 0x72, 0x65, 0x6D, 0x65, 0x6E, 0x74, 0x73, 0x08, 0x00, 0x09, 0x63,
    0x6F, 0x6E, 0x64, 0x69, 0x74, 0x69, 0x6F, 0x6E, 0x00, 0x10, 0x6D, 0x69, 0x6E, 0x65, 0x63, 0x72, 0x61, 0x66, 0x74, 0x3A,
    0x61, 0x6C, 0x6C, 0x5F, 0x6F, 0x66, 0x09, 0x00, 0x05, 0x74, 0x65, 0x72, 0x6D, 0x73, 0x0A, 0x00, 0x00, 0x00, 0x02, 0x08,
    0x00, 0x09, 0x63, 0x6F, 0x6E, 0x64, 0x69, 0x74, 0x69, 0x6F, 0x6E, 0x00, 0x12, 0x6D, 0x69, 0x6E, 0x65, 0x63, 0x72, 0x61,
    0x66, 0x74, 0x3A, 0x69, 0x6E, 0x76, 0x65, 0x72, 0x74, 0x65, 0x64, 0x0A, 0x00, 0x04, 0x74, 0x65, 0x72, 0x6D, 0x0A, 0x00,
    0x09, 0x70, 0x72, 0x65, 0x64, 0x69, 0x63, 0x61, 0x74, 0x65, 0x0A, 0x00, 0x07, 0x76, 0x65, 0x68, 0x69, 0x63, 0x6C, 0x65,
    0x00, 0x00, 0x08, 0x00, 0x09, 0x63, 0x6F, 0x6E, 0x64, 0x69, 0x74, 0x69, 0x6F, 0x6E, 0x00, 0x1B, 0x6D, 0x69, 0x6E, 0x65,
    0x63, 0x72, 0x61, 0x66, 0x74, 0x3A, 0x65, 0x6E, 0x74, 0x69, 0x74, 0x79, 0x5F, 0x70, 0x72, 0x6F, 0x70, 0x65, 0x72, 0x74,
    0x69, 0x65, 0x73, 0x08, 0x00, 0x06, 0x65, 0x6E, 0x74, 0x69, 0x74, 0x79, 0x00, 0x04, 0x74, 0x68, 0x69, 0x73, 0x00, 0x00,
    0x08, 0x00, 0x09, 0x63, 0x6F, 0x6E, 0x64, 0x69, 0x74, 0x69, 0x6F, 0x6E, 0x00, 0x10, 0x6D, 0x69, 0x6E, 0x65, 0x63, 0x72,
    0x61, 0x66, 0x74, 0x3A, 0x61, 0x6E, 0x79, 0x5F, 0x6F, 0x66, 0x09, 0x00, 0x05, 0x74, 0x65, 0x72, 0x6D, 0x73, 0x0A, 0x00,
    0x00, 0x00, 0x02, 0x08, 0x00, 0x09, 0x63, 0x6F, 0x6E, 0x64, 0x69, 0x74, 0x69, 0x6F, 0x6E, 0x00, 0x10, 0x6D, 0x69, 0x6E,
    0x65, 0x63, 0x72, 0x61, 0x66, 0x74, 0x3A, 0x61, 0x6C, 0x6C, 0x5F, 0x6F, 0x66, 0x09, 0x00, 0x05, 0x74, 0x65, 0x72, 0x6D,
    0x73, 0x0A, 0x00, 0x00, 0x00, 0x03, 0x08, 0x00, 0x09, 0x63, 0x6F, 0x6E, 0x64, 0x69, 0x74, 0x69, 0x6F, 0x6E, 0x00, 0x22,
    0x6D, 0x69, 0x6E, 0x65, 0x63, 0x72, 0x61, 0x66, 0x74, 0x3A, 0x65, 0x6E, 0x63, 0x68, 0x61, 0x6E, 0x74, 0x6D, 0x65, 0x6E,
    0x74, 0x5F, 0x61, 0x63, 0x74, 0x69, 0x76, 0x65, 0x5F, 0x63, 0x68, 0x65, 0x63, 0x6B, 0x01, 0x00, 0x06, 0x61, 0x63, 0x74,
    0x69, 0x76, 0x65, 0x01, 0x00, 0x0A, 0x00, 0x09, 0x70, 0x72, 0x65, 0x64, 0x69, 0x63, 0x61, 0x74, 0x65, 0x0A, 0x00, 0x05,
    0x66, 0x6C, 0x61, 0x67, 0x73, 0x01, 0x00, 0x09, 0x69, 0x73, 0x5F, 0x66, 0x6C, 0x79, 0x69, 0x6E, 0x67, 0x00, 0x00, 0x00,
    0x08, 0x00, 0x09, 0x63, 0x6F, 0x6E, 0x64, 0x69, 0x74, 0x69, 0x6F, 0x6E, 0x00, 0x1B, 0x6D, 0x69, 0x6E, 0x65, 0x63, 0x72,
    0x61, 0x66, 0x74, 0x3A, 0x65, 0x6E, 0x74, 0x69, 0x74, 0x79, 0x5F, 0x70, 0x72, 0x6F, 0x70, 0x65, 0x72, 0x74, 0x69, 0x65,
    0x73, 0x08, 0x00, 0x06, 0x65, 0x6E, 0x74, 0x69, 0x74, 0x79, 0x00, 0x04, 0x74, 0x68, 0x69, 0x73, 0x00, 0x08, 0x00, 0x09,
    0x63, 0x6F, 0x6E, 0x64, 0x69, 0x74, 0x69, 0x6F, 0x6E, 0x00, 0x10, 0x6D, 0x69, 0x6E, 0x65, 0x63, 0x72, 0x61, 0x66, 0x74,
    0x3A, 0x61, 0x6E, 0x79, 0x5F, 0x6F, 0x66, 0x09, 0x00, 0x05, 0x74, 0x65, 0x72, 0x6D, 0x73, 0x0A, 0x00, 0x00, 0x00, 0x02,
    0x0A, 0x00, 0x09, 0x70, 0x72, 0x65, 0x64, 0x69, 0x63, 0x61, 0x74, 0x65, 0x0A, 0x00, 0x14, 0x6D, 0x6F, 0x76, 0x65, 0x6D,
    0x65, 0x6E, 0x74, 0x5F, 0x61, 0x66, 0x66, 0x65, 0x63, 0x74, 0x65, 0x64, 0x5F, 0x62, 0x79, 0x0A, 0x00, 0x05, 0x62, 0x6C,
    0x6F, 0x63, 0x6B, 0x08, 0x00, 0x06, 0x62, 0x6C, 0x6F, 0x63, 0x6B, 0x73, 0x00, 0x1C, 0x23, 0x6D, 0x69, 0x6E, 0x65, 0x63,
    0x72, 0x61, 0x66, 0x74, 0x3A, 0x73, 0x6F, 0x75, 0x6C, 0x5F, 0x73, 0x70, 0x65, 0x65, 0x64, 0x5F, 0x62, 0x6C, 0x6F, 0x63,
    0x6B, 0x73, 0x00, 0x00, 0x00, 0x08, 0x00, 0x09, 0x63, 0x6F, 0x6E, 0x64, 0x69, 0x74, 0x69, 0x6F, 0x6E, 0x00, 0x1B, 0x6D,
    0x69, 0x6E, 0x65, 0x63, 0x72, 0x61, 0x66, 0x74, 0x3A, 0x65, 0x6E, 0x74, 0x69, 0x74, 0x79, 0x5F, 0x70, 0x72, 0x6F, 0x70,
    0x65, 0x72, 0x74, 0x69, 0x65, 0x73, 0x08, 0x00, 0x06, 0x65, 0x6E, 0x74, 0x69, 0x74, 0x79, 0x00, 0x04, 0x74, 0x68, 0x69,
    0x73, 0x00, 0x0A, 0x00, 0x09, 0x70, 0x72, 0x65, 0x64, 0x69, 0x63, 0x61, 0x74, 0x65, 0x0A, 0x00, 0x05, 0x66, 0x6C, 0x61,
    0x67, 0x73, 0x01, 0x00, 0x0C, 0x69, 0x73, 0x5F, 0x6F, 0x6E, 0x5F, 0x67, 0x72, 0x6F, 0x75, 0x6E, 0x64, 0x00, 0x00, 0x00,
    0x08, 0x00, 0x09, 0x63, 0x6F, 0x6E, 0x64, 0x69, 0x74, 0x69, 0x6F, 0x6E, 0x00, 0x1B, 0x6D, 0x69, 0x6E, 0x65, 0x63, 0x72,
    0x61, 0x66, 0x74, 0x3A, 0x65, 0x6E, 0x74, 0x69, 0x74, 0x79, 0x5F, 0x70, 0x72, 0x6F, 0x70, 0x65, 0x72, 0x74, 0x69, 0x65,
    0x73, 0x08, 0x00, 0x06, 0x65, 0x6E, 0x74, 0x69, 0x74, 0x79, 0x00, 0x04, 0x74, 0x68, 0x69, 0x73, 0x00, 0x00, 0x00, 0x08,
    0x00, 0x09, 0x63, 0x6F, 0x6E, 0x64, 0x69, 0x74, 0x69, 0x6F, 0x6E, 0x00, 0x10, 0x6D, 0x69, 0x6E, 0x65, 0x63, 0x72, 0x61,
    0x66, 0x74, 0x3A, 0x61, 0x6C, 0x6C, 0x5F, 0x6F, 0x66, 0x09, 0x00, 0x05, 0x74, 0x65, 0x72, 0x6D, 0x73, 0x0A, 0x00, 0x00,
    0x00, 0x02, 0x08, 0x00, 0x09, 0x63, 0x6F, 0x6E, 0x64, 0x69, 0x74, 0x69, 0x6F, 0x6E, 0x00, 0x22, 0x6D, 0x69, 0x6E, 0x65,
    0x63, 0x72, 0x61, 0x66, 0x74, 0x3A, 0x65, 0x6E, 0x63, 0x68, 0x61, 0x6E, 0x74, 0x6D, 0x65, 0x6E, 0x74, 0x5F, 0x61, 0x63,
    0x74, 0x69, 0x76, 0x65, 0x5F, 0x63, 0x68, 0x65, 0x63, 0x6B, 0x01, 0x00, 0x06, 0x61, 0x63, 0x74, 0x69, 0x76, 0x65, 0x00,
    0x00, 0x0A, 0x00, 0x09, 0x70, 0x72, 0x65, 0x64, 0x69, 0x63, 0x61, 0x74, 0x65, 0x0A, 0x00, 0x05, 0x66, 0x6C, 0x61, 0x67,
    0x73, 0x01, 0x00, 0x09, 0x69, 0x73, 0x5F, 0x66, 0x6C, 0x79, 0x69, 0x6E, 0x67, 0x00, 0x00, 0x0A, 0x00, 0x14, 0x6D, 0x6F,
    0x76, 0x65, 0x6D, 0x65, 0x6E, 0x74, 0x5F, 0x61, 0x66, 0x66, 0x65, 0x63, 0x74, 0x65, 0x64, 0x5F, 0x62, 0x79, 0x0A, 0x00,
    0x05, 0x62, 0x6C, 0x6F, 0x63, 0x6B, 0x08, 0x00, 0x06, 0x62, 0x6C, 0x6F, 0x63, 0x6B, 0x73, 0x00, 0x1C, 0x23, 0x6D, 0x69,
    0x6E, 0x65, 0x63, 0x72, 0x61, 0x66, 0x74, 0x3A, 0x73, 0x6F, 0x75, 0x6C, 0x5F, 0x73, 0x70, 0x65, 0x65, 0x64, 0x5F, 0x62,
    0x6C, 0x6F, 0x63, 0x6B, 0x73, 0x00, 0x00, 0x00, 0x08, 0x00, 0x09, 0x63, 0x6F, 0x6E, 0x64, 0x69, 0x74, 0x69, 0x6F, 0x6E,
    0x00, 0x1B, 0x6D, 0x69, 0x6E, 0x65, 0x63, 0x72, 0x61, 0x66, 0x74, 0x3A, 0x65, 0x6E, 0x74, 0x69, 0x74, 0x79, 0x5F, 0x70,
    0x72, 0x6F, 0x70, 0x65, 0x72, 0x74, 0x69, 0x65, 0x73, 0x08, 0x00, 0x06, 0x65, 0x6E, 0x74, 0x69, 0x74, 0x79, 0x00, 0x04,
    0x74, 0x68, 0x69, 0x73, 0x00, 0x00, 0x00, 0x00, 0x0A, 0x00, 0x06, 0x65, 0x66, 0x66, 0x65, 0x63, 0x74, 0x09, 0x00, 0x07,
    0x65, 0x66, 0x66, 0x65, 0x63, 0x74, 0x73, 0x0A, 0x00, 0x00, 0x00, 0x02, 0x0A, 0x00, 0x06, 0x61, 0x6D, 0x6F, 0x75, 0x6E,
    0x74, 0x05, 0x00, 0x15, 0x70, 0x65, 0x72, 0x5F, 0x6C, 0x65, 0x76, 0x65, 0x6C, 0x5F, 0x61, 0x62, 0x6F, 0x76, 0x65, 0x5F,
    0x66, 0x69, 0x72, 0x73, 0x74, 0x3C, 0x2C, 0x08, 0x31, 0x08, 0x00, 0x04, 0x74, 0x79, 0x70, 0x65, 0x00, 0x10, 0x6D, 0x69,
    0x6E, 0x65, 0x63, 0x72, 0x61, 0x66, 0x74, 0x3A, 0x6C, 0x69, 0x6E, 0x65, 0x61, 0x72, 0x05, 0x00, 0x04, 0x62, 0x61, 0x73,
    0x65, 0x3D, 0x25, 0xE3, 0x54, 0x00, 0x08, 0x00, 0x02, 0x69, 0x64, 0x00, 0x20, 0x6D, 0x69, 0x6E, 0x65, 0x63, 0x72, 0x61,
    0x66, 0x74, 0x3A, 0x65, 0x6E, 0x63, 0x68, 0x61, 0x6E, 0x74, 0x6D, 0x65, 0x6E, 0x74, 0x2E, 0x73, 0x6F, 0x75, 0x6C, 0x5F,
    0x73, 0x70, 0x65, 0x65, 0x64, 0x08, 0x00, 0x09, 0x61, 0x74, 0x74, 0x72, 0x69, 0x62, 0x75, 0x74, 0x65, 0x00, 0x18, 0x6D,
    0x69, 0x6E, 0x65, 0x63, 0x72, 0x61, 0x66, 0x74, 0x3A, 0x6D, 0x6F, 0x76, 0x65, 0x6D, 0x65, 0x6E, 0x74, 0x5F, 0x73, 0x70,
    0x65, 0x65, 0x64, 0x08, 0x00, 0x04, 0x74, 0x79, 0x70, 0x65, 0x00, 0x13, 0x6D, 0x69, 0x6E, 0x65, 0x63, 0x72, 0x61, 0x66,
    0x74, 0x3A, 0x61, 0x74, 0x74, 0x72, 0x69, 0x62, 0x75, 0x74, 0x65, 0x08, 0x00, 0x09, 0x6F, 0x70, 0x65, 0x72, 0x61, 0x74,
    0x69, 0x6F, 0x6E, 0x00, 0x09, 0x61, 0x64, 0x64, 0x5F, 0x76, 0x61, 0x6C, 0x75, 0x65, 0x00, 0x05, 0x00, 0x06, 0x61, 0x6D,
    0x6F, 0x75, 0x6E, 0x74, 0x3F, 0x80, 0x00, 0x00, 0x08, 0x00, 0x02, 0x69, 0x64, 0x00, 0x20, 0x6D, 0x69, 0x6E, 0x65, 0x63,
    0x72, 0x61, 0x66, 0x74, 0x3A, 0x65, 0x6E, 0x63, 0x68, 0x61, 0x6E, 0x74, 0x6D, 0x65, 0x6E, 0x74, 0x2E, 0x73, 0x6F, 0x75,
    0x6C, 0x5F, 0x73, 0x70, 0x65, 0x65, 0x64, 0x08, 0x00, 0x09, 0x61, 0x74, 0x74, 0x72, 0x69, 0x62, 0x75, 0x74, 0x65, 0x00,
    0x1D, 0x6D, 0x69, 0x6E, 0x65, 0x63, 0x72, 0x61, 0x66, 0x74, 0x3A, 0x6D, 0x6F, 0x76, 0x65, 0x6D, 0x65, 0x6E, 0x74, 0x5F,
    0x65, 0x66, 0x66, 0x69, 0x63, 0x69, 0x65, 0x6E, 0x63, 0x79, 0x08, 0x00, 0x04, 0x74, 0x79, 0x70, 0x65, 0x00, 0x13, 0x6D,
    0x69, 0x6E, 0x65, 0x63, 0x72, 0x61, 0x66, 0x74, 0x3A, 0x61, 0x74, 0x74, 0x72, 0x69, 0x62, 0x75, 0x74, 0x65, 0x08, 0x00,
    0x09, 0x6F, 0x70, 0x65, 0x72, 0x61, 0x74, 0x69, 0x6F, 0x6E, 0x00, 0x09, 0x61, 0x64, 0x64, 0x5F, 0x76, 0x61, 0x6C, 0x75,
    0x65, 0x00, 0x08, 0x00, 0x04, 0x74, 0x79, 0x70, 0x65, 0x00, 0x10, 0x6D, 0x69, 0x6E, 0x65, 0x63, 0x72, 0x61, 0x66, 0x74,
    0x3A, 0x61, 0x6C, 0x6C, 0x5F, 0x6F, 0x66, 0x00, 0x00, 0x0A, 0x00, 0x0C, 0x72, 0x65, 0x71, 0x75, 0x69, 0x72, 0x65, 0x6D,
    0x65, 0x6E, 0x74, 0x73, 0x08, 0x00, 0x09, 0x63, 0x6F, 0x6E, 0x64, 0x69, 0x74, 0x69, 0x6F, 0x6E, 0x00, 0x10, 0x6D, 0x69,
    0x6E, 0x65, 0x63, 0x72, 0x61, 0x66, 0x74, 0x3A, 0x61, 0x6C, 0x6C, 0x5F, 0x6F, 0x66, 0x09, 0x00, 0x05, 0x74, 0x65, 0x72,
    0x6D, 0x73, 0x0A, 0x00, 0x00, 0x00, 0x02, 0x08, 0x00, 0x09, 0x63, 0x6F, 0x6E, 0x64, 0x69, 0x74, 0x69, 0x6F, 0x6E, 0x00,
    0x17, 0x6D, 0x69, 0x6E, 0x65, 0x63, 0x72, 0x61, 0x66, 0x74, 0x3A, 0x72, 0x61, 0x6E, 0x64, 0x6F, 0x6D, 0x5F, 0x63, 0x68,
    0x61, 0x6E, 0x63, 0x65, 0x0A, 0x00, 0x06, 0x63, 0x68, 0x61, 0x6E, 0x63, 0x65, 0x05, 0x00, 0x06, 0x61, 0x6D, 0x6F, 0x75,
    0x6E, 0x74, 0x3D, 0x23, 0xD7, 0x0A, 0x08, 0x00, 0x04, 0x74, 0x79, 0x70, 0x65, 0x00, 0x1B, 0x6D, 0x69, 0x6E, 0x65, 0x63,
    0x72, 0x61, 0x66, 0x74, 0x3A, 0x65, 0x6E, 0x63, 0x68, 0x61, 0x6E, 0x74, 0x6D, 0x65, 0x6E, 0x74, 0x5F, 0x6C, 0x65, 0x76,
    0x65, 0x6C, 0x00, 0x00, 0x0A, 0x00, 0x09, 0x70, 0x72, 0x65, 0x64, 0x69, 0x63, 0x61, 0x74, 0x65, 0x0A, 0x00, 0x05, 0x66,
    0x6C, 0x61, 0x67, 0x73, 0x01, 0x00, 0x0C, 0x69, 0x73, 0x5F, 0x6F, 0x6E, 0x5F, 0x67, 0x72, 0x6F, 0x75, 0x6E, 0x64, 0x01,
    0x00, 0x0A, 0x00, 0x14, 0x6D, 0x6F, 0x76, 0x65, 0x6D, 0x65, 0x6E, 0x74, 0x5F, 0x61, 0x66, 0x66, 0x65, 0x63, 0x74, 0x65,
    0x64, 0x5F, 0x62, 0x79, 0x0A, 0x00, 0x05, 0x62, 0x6C, 0x6F, 0x63, 0x6B, 0x08, 0x00, 0x06, 0x62, 0x6C, 0x6F, 0x63, 0x6B,
    0x73, 0x00, 0x1C, 0x23, 0x6D, 0x69, 0x6E, 0x65, 0x63, 0x72, 0x61, 0x66, 0x74, 0x3A, 0x73, 0x6F, 0x75, 0x6C, 0x5F, 0x73,
    0x70, 0x65, 0x65, 0x64, 0x5F, 0x62, 0x6C, 0x6F, 0x63, 0x6B, 0x73, 0x00, 0x00, 0x00, 0x08, 0x00, 0x09, 0x63, 0x6F, 0x6E,
    0x64, 0x69, 0x74, 0x69, 0x6F, 0x6E, 0x00, 0x1B, 0x6D, 0x69, 0x6E, 0x65, 0x63, 0x72, 0x61, 0x66, 0x74, 0x3A, 0x65, 0x6E,
    0x74, 0x69, 0x74, 0x79, 0x5F, 0x70, 0x72, 0x6F, 0x70, 0x65, 0x72, 0x74, 0x69, 0x65, 0x73, 0x08, 0x00, 0x06, 0x65, 0x6E,
    0x74, 0x69, 0x74, 0x79, 0x00, 0x04, 0x74, 0x68, 0x69, 0x73, 0x00, 0x00, 0x0A, 0x00, 0x06, 0x65, 0x66, 0x66, 0x65, 0x63,
    0x74, 0x05, 0x00, 0x06, 0x61, 0x6D, 0x6F, 0x75, 0x6E, 0x74, 0x3F, 0x80, 0x00, 0x00, 0x08, 0x00, 0x04, 0x74, 0x79, 0x70,
    0x65, 0x00, 0x1C, 0x6D, 0x69, 0x6E, 0x65, 0x63, 0x72, 0x61, 0x66, 0x74, 0x3A, 0x63, 0x68, 0x61, 0x6E, 0x67, 0x65, 0x5F,
    0x69, 0x74, 0x65, 0x6D, 0x5F, 0x64, 0x61, 0x6D, 0x61, 0x67, 0x65, 0x00, 0x00, 0x09, 0x00, 0x0E, 0x6D, 0x69, 0x6E, 0x65,
    0x63, 0x72, 0x61, 0x66, 0x74, 0x3A, 0x74, 0x69, 0x63, 0x6B, 0x0A, 0x00, 0x00, 0x00, 0x02, 0x0A, 0x00, 0x0C, 0x72, 0x65,
    0x71, 0x75, 0x69, 0x72, 0x65, 0x6D, 0x65, 0x6E, 0x74, 0x73, 0x0A, 0x00, 0x09, 0x70, 0x72, 0x65, 0x64, 0x69, 0x63, 0x61,
    0x74, 0x65, 0x03, 0x00, 0x0D, 0x70, 0x65, 0x72, 0x69, 0x6F, 0x64, 0x69, 0x63, 0x5F, 0x74, 0x69, 0x63, 0x6B, 0x00, 0x00,
    0x00, 0x05, 0x0A, 0x00, 0x05, 0x66, 0x6C, 0x61, 0x67, 0x73, 0x01, 0x00, 0x09, 0x69, 0x73, 0x5F, 0x66, 0x6C, 0x79, 0x69,
    0x6E, 0x67, 0x00, 0x01, 0x00, 0x0C, 0x69, 0x73, 0x5F, 0x6F, 0x6E, 0x5F, 0x67, 0x72, 0x6F, 0x75, 0x6E, 0x64, 0x01, 0x00,
    0x0A, 0x00, 0x14, 0x6D, 0x6F, 0x76, 0x65, 0x6D, 0x65, 0x6E, 0x74, 0x5F, 0x61, 0x66, 0x66, 0x65, 0x63, 0x74, 0x65, 0x64,
    0x5F, 0x62, 0x79, 0x0A, 0x00, 0x05, 0x62, 0x6C, 0x6F, 0x63, 0x6B, 0x08, 0x00, 0x06, 0x62, 0x6C, 0x6F, 0x63, 0x6B, 0x73,
    0x00, 0x1C, 0x23, 0x6D, 0x69, 0x6E, 0x65, 0x63, 0x72, 0x61, 0x66, 0x74, 0x3A, 0x73, 0x6F, 0x75, 0x6C, 0x5F, 0x73, 0x70,
    0x65, 0x65, 0x64, 0x5F, 0x62, 0x6C, 0x6F, 0x63, 0x6B, 0x73, 0x00, 0x00, 0x0A, 0x00, 0x08, 0x6D, 0x6F, 0x76, 0x65, 0x6D,
    0x65, 0x6E, 0x74, 0x0A, 0x00, 0x10, 0x68, 0x6F, 0x72, 0x69, 0x7A, 0x6F, 0x6E, 0x74, 0x61, 0x6C, 0x5F, 0x73, 0x70, 0x65,
    0x65, 0x64, 0x06, 0x00, 0x03, 0x6D, 0x69, 0x6E, 0x3E, 0xE4, 0xF8, 0xB5, 0x80, 0x00, 0x00, 0x00, 0x00, 0x00, 0x00, 0x08,
    0x00, 0x09, 0x63, 0x6F, 0x6E, 0x64, 0x69, 0x74, 0x69, 0x6F, 0x6E, 0x00, 0x1B, 0x6D, 0x69, 0x6E, 0x65, 0x63, 0x72, 0x61,
    0x66, 0x74, 0x3A, 0x65, 0x6E, 0x74, 0x69, 0x74, 0x79, 0x5F, 0x70, 0x72, 0x6F, 0x70, 0x65, 0x72, 0x74, 0x69, 0x65, 0x73,
    0x08, 0x00, 0x06, 0x65, 0x6E, 0x74, 0x69, 0x74, 0x79, 0x00, 0x04, 0x74, 0x68, 0x69, 0x73, 0x00, 0x0A, 0x00, 0x06, 0x65,
    0x66, 0x66, 0x65, 0x63, 0x74, 0x0A, 0x00, 0x13, 0x68, 0x6F, 0x72, 0x69, 0x7A, 0x6F, 0x6E, 0x74, 0x61, 0x6C, 0x5F, 0x70,
    0x6F, 0x73, 0x69, 0x74, 0x69, 0x6F, 0x6E, 0x08, 0x00, 0x04, 0x74, 0x79, 0x70, 0x65, 0x00, 0x0F, 0x69, 0x6E, 0x5F, 0x62,
    0x6F, 0x75, 0x6E, 0x64, 0x69, 0x6E, 0x67, 0x5F, 0x62, 0x6F, 0x78, 0x00, 0x0A, 0x00, 0x08, 0x70, 0x61, 0x72, 0x74, 0x69,
    0x63, 0x6C, 0x65, 0x08, 0x00, 0x04, 0x74, 0x79, 0x70, 0x65, 0x00, 0x0E, 0x6D, 0x69, 0x6E, 0x65, 0x63, 0x72, 0x61, 0x66,
    0x74, 0x3A, 0x73, 0x6F, 0x75, 0x6C, 0x00, 0x0A, 0x00, 0x11, 0x76, 0x65, 0x72, 0x74, 0x69, 0x63, 0x61, 0x6C, 0x5F, 0x70,
    0x6F, 0x73, 0x69, 0x74, 0x69, 0x6F, 0x6E, 0x05, 0x00, 0x06, 0x6F, 0x66, 0x66, 0x73, 0x65, 0x74, 0x3D, 0xCC, 0xCC, 0xCD,
    0x08, 0x00, 0x04, 0x74, 0x79, 0x70, 0x65, 0x00, 0x0F, 0x65, 0x6E, 0x74, 0x69, 0x74, 0x79, 0x5F, 0x70, 0x6F, 0x73, 0x69,
    0x74, 0x69, 0x6F, 0x6E, 0x00, 0x0A, 0x00, 0x11, 0x76, 0x65, 0x72, 0x74, 0x69, 0x63, 0x61, 0x6C, 0x5F, 0x76, 0x65, 0x6C,
    0x6F, 0x63, 0x69, 0x74, 0x79, 0x05, 0x00, 0x04, 0x62, 0x61, 0x73, 0x65, 0x3D, 0xCC, 0xCC, 0xCD, 0x00, 0x08, 0x00, 0x04,
    0x74, 0x79, 0x70, 0x65, 0x00, 0x19, 0x6D, 0x69, 0x6E, 0x65, 0x63, 0x72, 0x61, 0x66, 0x74, 0x3A, 0x73, 0x70, 0x61, 0x77,
    0x6E, 0x5F, 0x70, 0x61, 0x72, 0x74, 0x69, 0x63, 0x6C, 0x65, 0x73, 0x05, 0x00, 0x05, 0x73, 0x70, 0x65, 0x65, 0x64, 0x3F,
    0x80, 0x00, 0x00, 0x0A, 0x00, 0x13, 0x68, 0x6F, 0x72, 0x69, 0x7A, 0x6F, 0x6E, 0x74, 0x61, 0x6C, 0x5F, 0x76, 0x65, 0x6C,
    0x6F, 0x63, 0x69, 0x74, 0x79, 0x05, 0x00, 0x0E, 0x6D, 0x6F, 0x76, 0x65, 0x6D, 0x65, 0x6E, 0x74, 0x5F, 0x73, 0x63, 0x61,
    0x6C, 0x65, 0xBE, 0x4C, 0xCC, 0xCD, 0x00, 0x00, 0x00, 0x0A, 0x00, 0x0C, 0x72, 0x65, 0x71, 0x75, 0x69, 0x72, 0x65, 0x6D,
    0x65, 0x6E, 0x74, 0x73, 0x08, 0x00, 0x09, 0x63, 0x6F, 0x6E, 0x64, 0x69, 0x74, 0x69, 0x6F, 0x6E, 0x00, 0x10, 0x6D, 0x69,
    0x6E, 0x65, 0x63, 0x72, 0x61, 0x66, 0x74, 0x3A, 0x61, 0x6C, 0x6C, 0x5F, 0x6F, 0x66, 0x09, 0x00, 0x05, 0x74, 0x65, 0x72,
    0x6D, 0x73, 0x0A, 0x00, 0x00, 0x00, 0x02, 0x08, 0x00, 0x09, 0x63, 0x6F, 0x6E, 0x64, 0x69, 0x74, 0x69, 0x6F, 0x6E, 0x00,
    0x17, 0x6D, 0x69, 0x6E, 0x65, 0x63, 0x72, 0x61, 0x66, 0x74, 0x3A, 0x72, 0x61, 0x6E, 0x64, 0x6F, 0x6D, 0x5F, 0x63, 0x68,
    0x61, 0x6E, 0x63, 0x65, 0x05, 0x00, 0x06, 0x63, 0x68, 0x61, 0x6E, 0x63, 0x65, 0x3E, 0xB3, 0x33, 0x33, 0x00, 0x0A, 0x00,
    0x09, 0x70, 0x72, 0x65, 0x64, 0x69, 0x63, 0x61, 0x74, 0x65, 0x03, 0x00, 0x0D, 0x70, 0x65, 0x72, 0x69, 0x6F, 0x64, 0x69,
    0x63, 0x5F, 0x74, 0x69, 0x63, 0x6B, 0x00, 0x00, 0x00, 0x05, 0x0A, 0x00, 0x05, 0x66, 0x6C, 0x61, 0x67, 0x73, 0x01, 0x00,
    0x09, 0x69, 0x73, 0x5F, 0x66, 0x6C, 0x79, 0x69, 0x6E, 0x67, 0x00, 0x01, 0x00, 0x0C, 0x69, 0x73, 0x5F, 0x6F, 0x6E, 0x5F,
    0x67, 0x72, 0x6F, 0x75, 0x6E, 0x64, 0x01, 0x00, 0x0A, 0x00, 0x14, 0x6D, 0x6F, 0x76, 0x65, 0x6D, 0x65, 0x6E, 0x74, 0x5F,
    0x61, 0x66, 0x66, 0x65, 0x63, 0x74, 0x65, 0x64, 0x5F, 0x62, 0x79, 0x0A, 0x00, 0x05, 0x62, 0x6C, 0x6F, 0x63, 0x6B, 0x08,
    0x00, 0x06, 0x62, 0x6C, 0x6F, 0x63, 0x6B, 0x73, 0x00, 0x1C, 0x23, 0x6D, 0x69, 0x6E, 0x65, 0x63, 0x72, 0x61, 0x66, 0x74,
    0x3A, 0x73, 0x6F, 0x75, 0x6C, 0x5F, 0x73, 0x70, 0x65, 0x65, 0x64, 0x5F, 0x62, 0x6C, 0x6F, 0x63, 0x6B, 0x73, 0x00, 0x00,
    0x0A, 0x00, 0x08, 0x6D, 0x6F, 0x76, 0x65, 0x6D, 0x65, 0x6E, 0x74, 0x0A, 0x00, 0x10, 0x68, 0x6F, 0x72, 0x69, 0x7A, 0x6F,
    0x6E, 0x74, 0x61, 0x6C, 0x5F, 0x73, 0x70, 0x65, 0x65, 0x64, 0x06, 0x00, 0x03, 0x6D, 0x69, 0x6E, 0x3E, 0xE4, 0xF8, 0xB5,
    0x80, 0x00, 0x00, 0x00, 0x00, 0x00, 0x00, 0x08, 0x00, 0x09, 0x63, 0x6F, 0x6E, 0x64, 0x69, 0x74, 0x69, 0x6F, 0x6E, 0x00,
    0x1B, 0x6D, 0x69, 0x6E, 0x65, 0x63, 0x72, 0x61, 0x66, 0x74, 0x3A, 0x65, 0x6E, 0x74, 0x69, 0x74, 0x79, 0x5F, 0x70, 0x72,
    0x6F, 0x70, 0x65, 0x72, 0x74, 0x69, 0x65, 0x73, 0x08, 0x00, 0x06, 0x65, 0x6E, 0x74, 0x69, 0x74, 0x79, 0x00, 0x04, 0x74,
    0x68, 0x69, 0x73, 0x00, 0x00, 0x0A, 0x00, 0x06, 0x65, 0x66, 0x66, 0x65, 0x63, 0x74, 0x05, 0x00, 0x06, 0x76, 0x6F, 0x6C,
    0x75, 0x6D, 0x65, 0x3F, 0x19, 0x99, 0x9A, 0x08, 0x00, 0x05, 0x73, 0x6F, 0x75, 0x6E, 0x64, 0x00, 0x1E, 0x6D, 0x69, 0x6E,
    0x65, 0x63, 0x72, 0x61, 0x66, 0x74, 0x3A, 0x70, 0x61, 0x72, 0x74, 0x69, 0x63, 0x6C, 0x65, 0x2E, 0x73, 0x6F, 0x75, 0x6C,
    0x5F, 0x65, 0x73, 0x63, 0x61, 0x70, 0x65, 0x0A, 0x00, 0x05, 0x70, 0x69, 0x74, 0x63, 0x68, 0x05, 0x00, 0x0D, 0x6D, 0x69,
    0x6E, 0x5F, 0x69, 0x6E, 0x63, 0x6C, 0x75, 0x73, 0x69, 0x76, 0x65, 0x3F, 0x19, 0x99, 0x9A, 0x05, 0x00, 0x0D, 0x6D, 0x61,
    0x78, 0x5F, 0x65, 0x78, 0x63, 0x6C, 0x75, 0x73, 0x69, 0x76, 0x65, 0x3F, 0x80, 0x00, 0x00, 0x08, 0x00, 0x04, 0x74, 0x79,
    0x70, 0x65, 0x00, 0x11, 0x6D, 0x69, 0x6E, 0x65, 0x63, 0x72, 0x61, 0x66, 0x74, 0x3A, 0x75, 0x6E, 0x69, 0x66, 0x6F, 0x72,
    0x6D, 0x00, 0x08, 0x00, 0x04, 0x74, 0x79, 0x70, 0x65, 0x00, 0x14, 0x6D, 0x69, 0x6E, 0x65, 0x63, 0x72, 0x61, 0x66, 0x74,
    0x3A, 0x70, 0x6C, 0x61, 0x79, 0x5F, 0x73, 0x6F, 0x75, 0x6E, 0x64, 0x00, 0x00, 0x00, 0x0A, 0x00, 0x08, 0x6D, 0x61, 0x78,
    0x5F, 0x63, 0x6F, 0x73, 0x74, 0x03, 0x00, 0x15, 0x70, 0x65, 0x72, 0x5F, 0x6C, 0x65, 0x76, 0x65, 0x6C, 0x5F, 0x61, 0x62,
    0x6F, 0x76, 0x65, 0x5F, 0x66, 0x69, 0x72, 0x73, 0x74, 0x00, 0x00, 0x00, 0x0A, 0x03, 0x00, 0x04, 0x62, 0x61, 0x73, 0x65,
    0x00, 0x00, 0x00, 0x19, 0x00, 0x08, 0x00, 0x0F, 0x73, 0x75, 0x70, 0x70, 0x6F, 0x72, 0x74, 0x65, 0x64, 0x5F, 0x69, 0x74,
    0x65, 0x6D, 0x73, 0x00, 0x21, 0x23, 0x6D, 0x69, 0x6E, 0x65, 0x63, 0x72, 0x61, 0x66, 0x74, 0x3A, 0x65, 0x6E, 0x63, 0x68,
    0x61, 0x6E, 0x74, 0x61, 0x62, 0x6C, 0x65, 0x2F, 0x66, 0x6F, 0x6F, 0x74, 0x5F, 0x61, 0x72, 0x6D, 0x6F, 0x72, 0x03, 0x00,
    0x09, 0x6D, 0x61, 0x78, 0x5F, 0x6C, 0x65, 0x76, 0x65, 0x6C, 0x00, 0x00, 0x00, 0x03, 0x0A, 0x00, 0x08, 0x6D, 0x69, 0x6E,
    0x5F, 0x63, 0x6F, 0x73, 0x74, 0x03, 0x00, 0x15, 0x70, 0x65, 0x72, 0x5F, 0x6C, 0x65, 0x76, 0x65, 0x6C, 0x5F, 0x61, 0x62,
    0x6F, 0x76, 0x65, 0x5F, 0x66, 0x69, 0x72, 0x73, 0x74, 0x00, 0x00, 0x00, 0x0A, 0x03, 0x00, 0x04, 0x62, 0x61, 0x73, 0x65,
    0x00, 0x00, 0x00, 0x0A, 0x00, 0x0A, 0x00, 0x0B, 0x64, 0x65, 0x73, 0x63, 0x72, 0x69, 0x70, 0x74, 0x69, 0x6F, 0x6E, 0x08,
    0x00, 0x09, 0x74, 0x72, 0x61, 0x6E, 0x73, 0x6C, 0x61, 0x74, 0x65, 0x00, 0x20, 0x65, 0x6E, 0x63, 0x68, 0x61, 0x6E, 0x74,
    0x6D, 0x65, 0x6E, 0x74, 0x2E, 0x6D, 0x69, 0x6E, 0x65, 0x63, 0x72, 0x61, 0x66, 0x74, 0x2E, 0x73, 0x6F, 0x75, 0x6C, 0x5F,
    0x73, 0x70, 0x65, 0x65, 0x64, 0x00, 0x03, 0x00, 0x06, 0x77, 0x65, 0x69, 0x67, 0x68, 0x74, 0x00, 0x00, 0x00, 0x01, 0x03,
    0x00, 0x0A, 0x61, 0x6E, 0x76, 0x69, 0x6C, 0x5F, 0x63, 0x6F, 0x73, 0x74, 0x00, 0x00, 0x00, 0x08, 0x00, 0x17, 0x6D, 0x69,
    0x6E, 0x65, 0x63, 0x72, 0x61, 0x66, 0x74, 0x3A, 0x73, 0x77, 0x65, 0x65, 0x70, 0x69, 0x6E, 0x67, 0x5F, 0x65, 0x64, 0x67,
    0x65, 0x01, 0x0A, 0x09, 0x00, 0x05, 0x73, 0x6C, 0x6F, 0x74, 0x73, 0x08, 0x00, 0x00, 0x00, 0x01, 0x00, 0x08, 0x6D, 0x61,
    0x69, 0x6E, 0x68, 0x61, 0x6E, 0x64, 0x0A, 0x00, 0x07, 0x65, 0x66, 0x66, 0x65, 0x63, 0x74, 0x73, 0x09, 0x00, 0x14, 0x6D,
    0x69, 0x6E, 0x65, 0x63, 0x72, 0x61, 0x66, 0x74, 0x3A, 0x61, 0x74, 0x74, 0x72, 0x69, 0x62, 0x75, 0x74, 0x65, 0x73, 0x0A,
    0x00, 0x00, 0x00, 0x01, 0x0A, 0x00, 0x06, 0x61, 0x6D, 0x6F, 0x75, 0x6E, 0x74, 0x08, 0x00, 0x04, 0x74, 0x79, 0x70, 0x65,
    0x00, 0x12, 0x6D, 0x69, 0x6E, 0x65, 0x63, 0x72, 0x61, 0x66, 0x74, 0x3A, 0x66, 0x72, 0x61, 0x63, 0x74, 0x69, 0x6F, 0x6E,
    0x0A, 0x00, 0x09, 0x6E, 0x75, 0x6D, 0x65, 0x72, 0x61, 0x74, 0x6F, 0x72, 0x05, 0x00, 0x15, 0x70, 0x65, 0x72, 0x5F, 0x6C,
    0x65, 0x76, 0x65, 0x6C, 0x5F, 0x61, 0x62, 0x6F, 0x76, 0x65, 0x5F, 0x66, 0x69, 0x72, 0x73, 0x74, 0x3F, 0x80, 0x00, 0x00,
    0x08, 0x00, 0x04, 0x74, 0x79, 0x70, 0x65, 0x00, 0x10, 0x6D, 0x69, 0x6E, 0x65, 0x63, 0x72, 0x61, 0x66, 0x74, 0x3A, 0x6C,
    0x69, 0x6E, 0x65, 0x61, 0x72, 0x05, 0x00, 0x04, 0x62, 0x61, 0x73, 0x65, 0x3F, 0x80, 0x00, 0x00, 0x00, 0x0A, 0x00, 0x0B,
    0x64, 0x65, 0x6E, 0x6F, 0x6D, 0x69, 0x6E, 0x61, 0x74, 0x6F, 0x72, 0x05, 0x00, 0x15, 0x70, 0x65, 0x72, 0x5F, 0x6C, 0x65,
    0x76, 0x65, 0x6C, 0x5F, 0x61, 0x62, 0x6F, 0x76, 0x65, 0x5F, 0x66, 0x69, 0x72, 0x73, 0x74, 0x3F, 0x80, 0x00, 0x00, 0x08,
    0x00, 0x04, 0x74, 0x79, 0x70, 0x65, 0x00, 0x10, 0x6D, 0x69, 0x6E, 0x65, 0x63, 0x72, 0x61, 0x66, 0x74, 0x3A, 0x6C, 0x69,
    0x6E, 0x65, 0x61, 0x72, 0x05, 0x00, 0x04, 0x62, 0x61, 0x73, 0x65, 0x40, 0x00, 0x00, 0x00, 0x00, 0x00, 0x08, 0x00, 0x02,
    0x69, 0x64, 0x00, 0x23, 0x6D, 0x69, 0x6E, 0x65, 0x63, 0x72, 0x61, 0x66, 0x74, 0x3A, 0x65, 0x6E, 0x63, 0x68, 0x61, 0x6E,
    0x74, 0x6D, 0x65, 0x6E, 0x74, 0x2E, 0x73, 0x77, 0x65, 0x65, 0x70, 0x69, 0x6E, 0x67, 0x5F, 0x65, 0x64, 0x67, 0x65, 0x08,
    0x00, 0x09, 0x61, 0x74, 0x74, 0x72, 0x69, 0x62, 0x75, 0x74, 0x65, 0x00, 0x1F, 0x6D, 0x69, 0x6E, 0x65, 0x63, 0x72, 0x61,
    0x66, 0x74, 0x3A, 0x73, 0x77, 0x65, 0x65, 0x70, 0x69, 0x6E, 0x67, 0x5F, 0x64, 0x61, 0x6D, 0x61, 0x67, 0x65, 0x5F, 0x72,
    0x61, 0x74, 0x69, 0x6F, 0x08, 0x00, 0x09, 0x6F, 0x70, 0x65, 0x72, 0x61, 0x74, 0x69, 0x6F, 0x6E, 0x00, 0x09, 0x61, 0x64,
    0x64, 0x5F, 0x76, 0x61, 0x6C, 0x75, 0x65, 0x00, 0x00, 0x0A, 0x00, 0x08, 0x6D, 0x61, 0x78, 0x5F, 0x63, 0x6F, 0x73, 0x74,
    0x03, 0x00, 0x15, 0x70, 0x65, 0x72, 0x5F, 0x6C, 0x65, 0x76, 0x65, 0x6C, 0x5F, 0x61, 0x62, 0x6F, 0x76, 0x65, 0x5F, 0x66,
    0x69, 0x72, 0x73, 0x74, 0x00, 0x00, 0x00, 0x09, 0x03, 0x00, 0x04, 0x62, 0x61, 0x73, 0x65, 0x00, 0x00, 0x00, 0x14, 0x00,
    0x08, 0x00, 0x0F, 0x73, 0x75, 0x70, 0x70, 0x6F, 0x72, 0x74, 0x65, 0x64, 0x5F, 0x69, 0x74, 0x65, 0x6D, 0x73, 0x00, 0x1F,
    0x23, 0x6D, 0x69, 0x6E, 0x65, 0x63, 0x72, 0x61, 0x66, 0x74, 0x3A, 0x65, 0x6E, 0x63, 0x68, 0x61, 0x6E, 0x74, 0x61, 0x62,
    0x6C, 0x65, 0x2F, 0x73, 0x77, 0x65, 0x65, 0x70, 0x69, 0x6E, 0x67, 0x03, 0x00, 0x09, 0x6D, 0x61, 0x78, 0x5F, 0x6C, 0x65,
    0x76, 0x65, 0x6C, 0x00, 0x00, 0x00, 0x03, 0x0A, 0x00, 0x08, 0x6D, 0x69, 0x6E, 0x5F, 0x63, 0x6F, 0x73, 0x74, 0x03, 0x00,
    0x15, 0x70, 0x65, 0x72, 0x5F, 0x6C, 0x65, 0x76, 0x65, 0x6C, 0x5F, 0x61, 0x62, 0x6F, 0x76, 0x65, 0x5F, 0x66, 0x69, 0x72,
    0x73, 0x74, 0x00, 0x00, 0x00, 0x09, 0x03, 0x00, 0x04, 0x62, 0x61, 0x73, 0x65, 0x00, 0x00, 0x00, 0x05, 0x00, 0x0A, 0x00,
    0x0B, 0x64, 0x65, 0x73, 0x63, 0x72, 0x69, 0x70, 0x74, 0x69, 0x6F, 0x6E, 0x08, 0x00, 0x09, 0x74, 0x72, 0x61, 0x6E, 0x73,
    0x6C, 0x61, 0x74, 0x65, 0x00, 0x23, 0x65, 0x6E, 0x63, 0x68, 0x61, 0x6E, 0x74, 0x6D, 0x65, 0x6E, 0x74, 0x2E, 0x6D, 0x69,
    0x6E, 0x65, 0x63, 0x72, 0x61, 0x66, 0x74, 0x2E, 0x73, 0x77, 0x65, 0x65, 0x70, 0x69, 0x6E, 0x67, 0x5F, 0x65, 0x64, 0x67,
    0x65, 0x00, 0x03, 0x00, 0x06, 0x77, 0x65, 0x69, 0x67, 0x68, 0x74, 0x00, 0x00, 0x00, 0x02, 0x03, 0x00, 0x0A, 0x61, 0x6E,
    0x76, 0x69, 0x6C, 0x5F, 0x63, 0x6F, 0x73, 0x74, 0x00, 0x00, 0x00, 0x04, 0x00, 0x15, 0x6D, 0x69, 0x6E, 0x65, 0x63, 0x72,
    0x61, 0x66, 0x74, 0x3A, 0x73, 0x77, 0x69, 0x66, 0x74, 0x5F, 0x73, 0x6E, 0x65, 0x61, 0x6B, 0x01, 0x0A, 0x09, 0x00, 0x05,
    0x73, 0x6C, 0x6F, 0x74, 0x73, 0x08, 0x00, 0x00, 0x00, 0x01, 0x00, 0x04, 0x6C, 0x65, 0x67, 0x73, 0x0A, 0x00, 0x07, 0x65,
    0x66, 0x66, 0x65, 0x63, 0x74, 0x73, 0x09, 0x00, 0x14, 0x6D, 0x69, 0x6E, 0x65, 0x63, 0x72, 0x61, 0x66, 0x74, 0x3A, 0x61,
    0x74, 0x74, 0x72, 0x69, 0x62, 0x75, 0x74, 0x65, 0x73, 0x0A, 0x00, 0x00, 0x00, 0x01, 0x0A, 0x00, 0x06, 0x61, 0x6D, 0x6F,
    0x75, 0x6E, 0x74, 0x05, 0x00, 0x15, 0x70, 0x65, 0x72, 0x5F, 0x6C, 0x65, 0x76, 0x65, 0x6C, 0x5F, 0x61, 0x62, 0x6F, 0x76,
    0x65, 0x5F, 0x66, 0x69, 0x72, 0x73, 0x74, 0x3E, 0x19, 0x99, 0x9A, 0x08, 0x00, 0x04, 0x74, 0x79, 0x70, 0x65, 0x00, 0x10,
    0x6D, 0x69, 0x6E, 0x65, 0x63, 0x72, 0x61, 0x66, 0x74, 0x3A, 0x6C, 0x69, 0x6E, 0x65, 0x61, 0x72, 0x05, 0x00, 0x04, 0x62,
    0x61, 0x73, 0x65, 0x3E, 0x19, 0x99, 0x9A, 0x00, 0x08, 0x00, 0x02, 0x69, 0x64, 0x00, 0x21, 0x6D, 0x69, 0x6E, 0x65, 0x63,
    0x72, 0x61, 0x66, 0x74, 0x3A, 0x65, 0x6E, 0x63, 0x68, 0x61, 0x6E, 0x74, 0x6D, 0x65, 0x6E, 0x74, 0x2E, 0x73, 0x77, 0x69,
    0x66, 0x74, 0x5F, 0x73, 0x6E, 0x65, 0x61, 0x6B, 0x08, 0x00, 0x09, 0x61, 0x74, 0x74, 0x72, 0x69, 0x62, 0x75, 0x74, 0x65,
    0x00, 0x18, 0x6D, 0x69, 0x6E, 0x65, 0x63, 0x72, 0x61, 0x66, 0x74, 0x3A, 0x73, 0x6E, 0x65, 0x61, 0x6B, 0x69, 0x6E, 0x67,
    0x5F, 0x73, 0x70, 0x65, 0x65, 0x64, 0x08, 0x00, 0x09, 0x6F, 0x70, 0x65, 0x72, 0x61, 0x74, 0x69, 0x6F, 0x6E, 0x00, 0x09,
    0x61, 0x64, 0x64, 0x5F, 0x76, 0x61, 0x6C, 0x75, 0x65, 0x00, 0x00, 0x0A, 0x00, 0x08, 0x6D, 0x61, 0x78, 0x5F, 0x63, 0x6F,
    0x73, 0x74, 0x03, 0x00, 0x15, 0x70, 0x65, 0x72, 0x5F, 0x6C, 0x65, 0x76, 0x65, 0x6C, 0x5F, 0x61, 0x62, 0x6F, 0x76, 0x65,
    0x5F, 0x66, 0x69, 0x72, 0x73, 0x74, 0x00, 0x00, 0x00, 0x19, 0x03, 0x00, 0x04, 0x62, 0x61, 0x73, 0x65, 0x00, 0x00, 0x00,
    0x4B, 0x00, 0x08, 0x00, 0x0F, 0x73, 0x75, 0x70, 0x70, 0x6F, 0x72, 0x74, 0x65, 0x64, 0x5F, 0x69, 0x74, 0x65, 0x6D, 0x73,
    0x00, 0x20, 0x23, 0x6D, 0x69, 0x6E, 0x65, 0x63, 0x72, 0x61, 0x66, 0x74, 0x3A, 0x65, 0x6E, 0x63, 0x68, 0x61, 0x6E, 0x74,
    0x61, 0x62, 0x6C, 0x65, 0x2F, 0x6C, 0x65, 0x67, 0x5F, 0x61, 0x72, 0x6D, 0x6F, 0x72, 0x03, 0x00, 0x09, 0x6D, 0x61, 0x78,
    0x5F, 0x6C, 0x65, 0x76, 0x65, 0x6C, 0x00, 0x00, 0x00, 0x03, 0x0A, 0x00, 0x08, 0x6D, 0x69, 0x6E, 0x5F, 0x63, 0x6F, 0x73,
    0x74, 0x03, 0x00, 0x15, 0x70, 0x65, 0x72, 0x5F, 0x6C, 0x65, 0x76, 0x65, 0x6C, 0x5F, 0x61, 0x62, 0x6F, 0x76, 0x65, 0x5F,
    0x66, 0x69, 0x72, 0x73, 0x74, 0x00, 0x00, 0x00, 0x19, 0x03, 0x00, 0x04, 0x62, 0x61, 0x73, 0x65, 0x00, 0x00, 0x00, 0x19,
    0x00, 0x0A, 0x00, 0x0B, 0x64, 0x65, 0x73, 0x63, 0x72, 0x69, 0x70, 0x74, 0x69, 0x6F, 0x6E, 0x08, 0x00, 0x09, 0x74, 0x72,
    0x61, 0x6E, 0x73, 0x6C, 0x61, 0x74, 0x65, 0x00, 0x21, 0x65, 0x6E, 0x63, 0x68, 0x61, 0x6E, 0x74, 0x6D, 0x65, 0x6E, 0x74,
    0x2E, 0x6D, 0x69, 0x6E, 0x65, 0x63, 0x72, 0x61, 0x66, 0x74, 0x2E, 0x73, 0x77, 0x69, 0x66, 0x74, 0x5F, 0x73, 0x6E, 0x65,
    0x61, 0x6B, 0x00, 0x03, 0x00, 0x06, 0x77, 0x65, 0x69, 0x67, 0x68, 0x74, 0x00, 0x00, 0x00, 0x01, 0x03, 0x00, 0x0A, 0x61,
    0x6E, 0x76, 0x69, 0x6C, 0x5F, 0x63, 0x6F, 0x73, 0x74, 0x00, 0x00, 0x00, 0x08, 0x00, 0x10, 0x6D, 0x69, 0x6E, 0x65, 0x63,
    0x72, 0x61, 0x66, 0x74, 0x3A, 0x74, 0x68, 0x6F, 0x72, 0x6E, 0x73, 0x01, 0x0A, 0x08, 0x00, 0x0D, 0x70, 0x72, 0x69, 0x6D,
    0x61, 0x72, 0x79, 0x5F, 0x69, 0x74, 0x65, 0x6D, 0x73, 0x00, 0x22, 0x23, 0x6D, 0x69, 0x6E, 0x65, 0x63, 0x72, 0x61, 0x66,
    0x74, 0x3A, 0x65, 0x6E, 0x63, 0x68, 0x61, 0x6E, 0x74, 0x61, 0x62, 0x6C, 0x65, 0x2F, 0x63, 0x68, 0x65, 0x73, 0x74, 0x5F,
    0x61, 0x72, 0x6D, 0x6F, 0x72, 0x09, 0x00, 0x05, 0x73, 0x6C, 0x6F, 0x74, 0x73, 0x08, 0x00, 0x00, 0x00, 0x01, 0x00, 0x03,
    0x61, 0x6E, 0x79, 0x0A, 0x00, 0x07, 0x65, 0x66, 0x66, 0x65, 0x63, 0x74, 0x73, 0x09, 0x00, 0x15, 0x6D, 0x69, 0x6E, 0x65,
    0x63, 0x72, 0x61, 0x66, 0x74, 0x3A, 0x70, 0x6F, 0x73, 0x74, 0x5F, 0x61, 0x74, 0x74, 0x61, 0x63, 0x6B, 0x0A, 0x00, 0x00,
    0x00, 0x01, 0x0A, 0x00, 0x0C, 0x72, 0x65, 0x71, 0x75, 0x69, 0x72, 0x65, 0x6D, 0x65, 0x6E, 0x74, 0x73, 0x08, 0x00, 0x09,
    0x63, 0x6F, 0x6E, 0x64, 0x69, 0x74, 0x69, 0x6F, 0x6E, 0x00, 0x17, 0x6D, 0x69, 0x6E, 0x65, 0x63, 0x72, 0x61, 0x66, 0x74,
    0x3A, 0x72, 0x61, 0x6E, 0x64, 0x6F, 0x6D, 0x5F, 0x63, 0x68, 0x61, 0x6E, 0x63, 0x65, 0x0A, 0x00, 0x06, 0x63, 0x68, 0x61,
    0x6E, 0x63, 0x65, 0x0A, 0x00, 0x06, 0x61, 0x6D, 0x6F, 0x75, 0x6E, 0x74, 0x05, 0x00, 0x15, 0x70, 0x65, 0x72, 0x5F, 0x6C,
    0x65, 0x76, 0x65, 0x6C, 0x5F, 0x61, 0x62, 0x6F, 0x76, 0x65, 0x5F, 0x66, 0x69, 0x72, 0x73, 0x74, 0x3E, 0x19, 0x99, 0x9A,
    0x08, 0x00, 0x04, 0x74, 0x79, 0x70, 0x65, 0x00, 0x10, 0x6D, 0x69, 0x6E, 0x65, 0x63, 0x72, 0x61, 0x66, 0x74, 0x3A, 0x6C,
    0x69, 0x6E, 0x65, 0x61, 0x72, 0x05, 0x00, 0x04, 0x62, 0x61, 0x73, 0x65, 0x3E, 0x19, 0x99, 0x9A, 0x00, 0x08, 0x00, 0x04,
    0x74, 0x79, 0x70, 0x65, 0x00, 0x1B, 0x6D, 0x69, 0x6E, 0x65, 0x63, 0x72, 0x61, 0x66, 0x74, 0x3A, 0x65, 0x6E, 0x63, 0x68,
    0x61, 0x6E, 0x74, 0x6D, 0x65, 0x6E, 0x74, 0x5F, 0x6C, 0x65, 0x76, 0x65, 0x6C, 0x00, 0x00, 0x08, 0x00, 0x09, 0x65, 0x6E,
    0x63, 0x68, 0x61, 0x6E, 0x74, 0x65, 0x64, 0x00, 0x06, 0x76, 0x69, 0x63, 0x74, 0x69, 0x6D, 0x0A, 0x00, 0x06, 0x65, 0x66,
    0x66, 0x65, 0x63, 0x74, 0x09, 0x00, 0x07, 0x65, 0x66, 0x66, 0x65, 0x63, 0x74, 0x73, 0x0A, 0x00, 0x00, 0x00, 0x02, 0x08,
    0x00, 0x0B, 0x64, 0x61, 0x6D, 0x61, 0x67, 0x65, 0x5F, 0x74, 0x79, 0x70, 0x65, 0x00, 0x10, 0x6D, 0x69, 0x6E, 0x65, 0x63,
    0x72, 0x61, 0x66, 0x74, 0x3A, 0x74, 0x68, 0x6F, 0x72, 0x6E, 0x73, 0x05, 0x00, 0x0A, 0x6D, 0x61, 0x78, 0x5F, 0x64, 0x61,
    0x6D, 0x61, 0x67, 0x65, 0x40, 0xA0, 0x00, 0x00, 0x05, 0x00, 0x0A, 0x6D, 0x69, 0x6E, 0x5F, 0x64, 0x61, 0x6D, 0x61, 0x67,
    0x65, 0x3F, 0x80, 0x00, 0x00, 0x08, 0x00, 0x04, 0x74, 0x79, 0x70, 0x65, 0x00, 0x17, 0x6D, 0x69, 0x6E, 0x65, 0x63, 0x72,
    0x61, 0x66, 0x74, 0x3A, 0x64, 0x61, 0x6D, 0x61, 0x67, 0x65, 0x5F, 0x65, 0x6E, 0x74, 0x69, 0x74, 0x79, 0x00, 0x05, 0x00,
    0x06, 0x61, 0x6D, 0x6F, 0x75, 0x6E, 0x74, 0x40, 0x00, 0x00, 0x00, 0x08, 0x00, 0x04, 0x74, 0x79, 0x70, 0x65, 0x00, 0x1C,
    0x6D, 0x69, 0x6E, 0x65, 0x63, 0x72, 0x61, 0x66, 0x74, 0x3A, 0x63, 0x68, 0x61, 0x6E, 0x67, 0x65, 0x5F, 0x69, 0x74, 0x65,
    0x6D, 0x5F, 0x64, 0x61, 0x6D, 0x61, 0x67, 0x65, 0x00, 0x08, 0x00, 0x04, 0x74, 0x79, 0x70, 0x65, 0x00, 0x10, 0x6D, 0x69,
    0x6E, 0x65, 0x63, 0x72, 0x61, 0x66, 0x74, 0x3A, 0x61, 0x6C, 0x6C, 0x5F, 0x6F, 0x66, 0x00, 0x08, 0x00, 0x08, 0x61, 0x66,
    0x66, 0x65, 0x63, 0x74, 0x65, 0x64, 0x00, 0x08, 0x61, 0x74, 0x74, 0x61, 0x63, 0x6B, 0x65, 0x72, 0x00, 0x00, 0x0A, 0x00,
    0x08, 0x6D, 0x61, 0x78, 0x5F, 0x63, 0x6F, 0x73, 0x74, 0x03, 0x00, 0x15, 0x70, 0x65, 0x72, 0x5F, 0x6C, 0x65, 0x76, 0x65,
    0x6C, 0x5F, 0x61, 0x62, 0x6F, 0x76, 0x65, 0x5F, 0x66, 0x69, 0x72, 0x73, 0x74, 0x00, 0x00, 0x00, 0x14, 0x03, 0x00, 0x04,
    0x62, 0x61, 0x73, 0x65, 0x00, 0x00, 0x00, 0x3C, 0x00, 0x08, 0x00, 0x0F, 0x73, 0x75, 0x70, 0x70, 0x6F, 0x72, 0x74, 0x65,
    0x64, 0x5F, 0x69, 0x74, 0x65, 0x6D, 0x73, 0x00, 0x1C, 0x23, 0x6D, 0x69, 0x6E, 0x65, 0x63, 0x72, 0x61, 0x66, 0x74, 0x3A,
    0x65, 0x6E, 0x63, 0x68, 0x61, 0x6E, 0x74, 0x61, 0x62, 0x6C, 0x65, 0x2F, 0x61, 0x72, 0x6D, 0x6F, 0x72, 0x03, 0x00, 0x09,
    0x6D, 0x61, 0x78, 0x5F, 0x6C, 0x65, 0x76, 0x65, 0x6C, 0x00, 0x00, 0x00, 0x03, 0x0A, 0x00, 0x08, 0x6D, 0x69, 0x6E, 0x5F,
    0x63, 0x6F, 0x73, 0x74, 0x03, 0x00, 0x15, 0x70, 0x65, 0x72, 0x5F, 0x6C, 0x65, 0x76, 0x65, 0x6C, 0x5F, 0x61, 0x62, 0x6F,
    0x76, 0x65, 0x5F, 0x66, 0x69, 0x72, 0x73, 0x74, 0x00, 0x00, 0x00, 0x14, 0x03, 0x00, 0x04, 0x62, 0x61, 0x73, 0x65, 0x00,
    0x00, 0x00, 0x0A, 0x00, 0x0A, 0x00, 0x0B, 0x64, 0x65, 0x73, 0x63, 0x72, 0x69, 0x70, 0x74, 0x69, 0x6F, 0x6E, 0x08, 0x00,
    0x09, 0x74, 0x72, 0x61, 0x6E, 0x73, 0x6C, 0x61, 0x74, 0x65, 0x00, 0x1C, 0x65, 0x6E, 0x63, 0x68, 0x61, 0x6E, 0x74, 0x6D,
    0x65, 0x6E, 0x74, 0x2E, 0x6D, 0x69, 0x6E, 0x65, 0x63, 0x72, 0x61, 0x66, 0x74, 0x2E, 0x74, 0x68, 0x6F, 0x72, 0x6E, 0x73,
    0x00, 0x03, 0x00, 0x06, 0x77, 0x65, 0x69, 0x67, 0x68, 0x74, 0x00, 0x00, 0x00, 0x01, 0x03, 0x00, 0x0A, 0x61, 0x6E, 0x76,
    0x69, 0x6C, 0x5F, 0x63, 0x6F, 0x73, 0x74, 0x00, 0x00, 0x00, 0x08, 0x00, 0x14, 0x6D, 0x69, 0x6E, 0x65, 0x63, 0x72, 0x61,
    0x66, 0x74, 0x3A, 0x75, 0x6E, 0x62, 0x72, 0x65, 0x61, 0x6B, 0x69, 0x6E, 0x67, 0x01, 0x0A, 0x09, 0x00, 0x05, 0x73, 0x6C,
    0x6F, 0x74, 0x73, 0x08, 0x00, 0x00, 0x00, 0x01, 0x00, 0x03, 0x61, 0x6E, 0x79, 0x0A, 0x00, 0x07, 0x65, 0x66, 0x66, 0x65,
    0x63, 0x74, 0x73, 0x09, 0x00, 0x15, 0x6D, 0x69, 0x6E, 0x65, 0x63, 0x72, 0x61, 0x66, 0x74, 0x3A, 0x69, 0x74, 0x65, 0x6D,
    0x5F, 0x64, 0x61, 0x6D, 0x61, 0x67, 0x65, 0x0A, 0x00, 0x00, 0x00, 0x02, 0x0A, 0x00, 0x0C, 0x72, 0x65, 0x71, 0x75, 0x69,
    0x72, 0x65, 0x6D, 0x65, 0x6E, 0x74, 0x73, 0x0A, 0x00, 0x09, 0x70, 0x72, 0x65, 0x64, 0x69, 0x63, 0x61, 0x74, 0x65, 0x08,
    0x00, 0x05, 0x69, 0x74, 0x65, 0x6D, 0x73, 0x00, 0x1C, 0x23, 0x6D, 0x69, 0x6E, 0x65, 0x63, 0x72, 0x61, 0x66, 0x74, 0x3A,
    0x65, 0x6E, 0x63, 0x68, 0x61, 0x6E, 0x74, 0x61, 0x62, 0x6C, 0x65, 0x2F, 0x61, 0x72, 0x6D, 0x6F, 0x72, 0x00, 0x08, 0x00,
    0x09, 0x63, 0x6F, 0x6E, 0x64, 0x69, 0x74, 0x69, 0x6F, 0x6E, 0x00, 0x14, 0x6D, 0x69, 0x6E, 0x65, 0x63, 0x72, 0x61, 0x66,
    0x74, 0x3A, 0x6D, 0x61, 0x74, 0x63, 0x68, 0x5F, 0x74, 0x6F, 0x6F, 0x6C, 0x00, 0x0A, 0x00, 0x06, 0x65, 0x66, 0x66, 0x65,
    0x63, 0x74, 0x0A, 0x00, 0x06, 0x63, 0x68, 0x61, 0x6E, 0x63, 0x65, 0x08, 0x00, 0x04, 0x74, 0x79, 0x70, 0x65, 0x00, 0x12,
    0x6D, 0x69, 0x6E, 0x65, 0x63, 0x72, 0x61, 0x66, 0x74, 0x3A, 0x66, 0x72, 0x61, 0x63, 0x74, 0x69, 0x6F, 0x6E, 0x0A, 0x00,
    0x09, 0x6E, 0x75, 0x6D, 0x65, 0x72, 0x61, 0x74, 0x6F, 0x72, 0x05, 0x00, 0x15, 0x70, 0x65, 0x72, 0x5F, 0x6C, 0x65, 0x76,
    0x65, 0x6C, 0x5F, 0x61, 0x62, 0x6F, 0x76, 0x65, 0x5F, 0x66, 0x69, 0x72, 0x73, 0x74, 0x40, 0x00, 0x00, 0x00, 0x08, 0x00,
    0x04, 0x74, 0x79, 0x70, 0x65, 0x00, 0x10, 0x6D, 0x69, 0x6E, 0x65, 0x63, 0x72, 0x61, 0x66, 0x74, 0x3A, 0x6C, 0x69, 0x6E,
    0x65, 0x61, 0x72, 0x05, 0x00, 0x04, 0x62, 0x61, 0x73, 0x65, 0x40, 0x00, 0x00, 0x00, 0x00, 0x0A, 0x00, 0x0B, 0x64, 0x65,
    0x6E, 0x6F, 0x6D, 0x69, 0x6E, 0x61, 0x74, 0x6F, 0x72, 0x05, 0x00, 0x15, 0x70, 0x65, 0x72, 0x5F, 0x6C, 0x65, 0x76, 0x65,
    0x6C, 0x5F, 0x61, 0x62, 0x6F, 0x76, 0x65, 0x5F, 0x66, 0x69, 0x72, 0x73, 0x74, 0x40, 0xA0, 0x00, 0x00, 0x08, 0x00, 0x04,
    0x74, 0x79, 0x70, 0x65, 0x00, 0x10, 0x6D, 0x69, 0x6E, 0x65, 0x63, 0x72, 0x61, 0x66, 0x74, 0x3A, 0x6C, 0x69, 0x6E, 0x65,
    0x61, 0x72, 0x05, 0x00, 0x04, 0x62, 0x61, 0x73, 0x65, 0x41, 0x20, 0x00, 0x00, 0x00, 0x00, 0x08, 0x00, 0x04, 0x74, 0x79,
    0x70, 0x65, 0x00, 0x19, 0x6D, 0x69, 0x6E, 0x65, 0x63, 0x72, 0x61, 0x66, 0x74, 0x3A, 0x72, 0x65, 0x6D, 0x6F, 0x76, 0x65,
    0x5F, 0x62, 0x69, 0x6E, 0x6F, 0x6D, 0x69, 0x61, 0x6C, 0x00, 0x00, 0x0A, 0x00, 0x0C, 0x72, 0x65, 0x71, 0x75, 0x69, 0x72,
    0x65, 0x6D, 0x65, 0x6E, 0x74, 0x73, 0x08, 0x00, 0x09, 0x63, 0x6F, 0x6E, 0x64, 0x69, 0x74, 0x69, 0x6F, 0x6E, 0x00, 0x12,
    0x6D, 0x69, 0x6E, 0x65, 0x63, 0x72, 0x61, 0x66, 0x74, 0x3A, 0x69, 0x6E, 0x76, 0x65, 0x72, 0x74, 0x65, 0x64, 0x0A, 0x00,
    0x04, 0x74, 0x65, 0x72, 0x6D, 0x0A, 0x00, 0x09, 0x70, 0x72, 0x65, 0x64, 0x69, 0x63, 0x61, 0x74, 0x65, 0x08, 0x00, 0x05,
    0x69, 0x74, 0x65, 0x6D, 0x73, 0x00, 0x1C, 0x23, 0x6D, 0x69, 0x6E, 0x65, 0x63, 0x72, 0x61, 0x66, 0x74, 0x3A, 0x65, 0x6E,
    0x63, 0x68, 0x61, 0x6E, 0x74, 0x61, 0x62, 0x6C, 0x65, 0x2F, 0x61, 0x72, 0x6D, 0x6F, 0x72, 0x00, 0x08, 0x00, 0x09, 0x63,
    0x6F, 0x6E, 0x64, 0x69, 0x74, 0x69, 0x6F, 0x6E, 0x00, 0x14, 0x6D, 0x69, 0x6E, 0x65, 0x63, 0x72, 0x61, 0x66, 0x74, 0x3A,
    0x6D, 0x61, 0x74, 0x63, 0x68, 0x5F, 0x74, 0x6F, 0x6F, 0x6C, 0x00, 0x00, 0x0A, 0x00, 0x06, 0x65, 0x66, 0x66, 0x65, 0x63,
    0x74, 0x0A, 0x00, 0x06, 0x63, 0x68, 0x61, 0x6E, 0x63, 0x65, 0x08, 0x00, 0x04, 0x74, 0x79, 0x70, 0x65, 0x00, 0x12, 0x6D,
    0x69, 0x6E, 0x65, 0x63, 0x72, 0x61, 0x66, 0x74, 0x3A, 0x66, 0x72, 0x61, 0x63, 0x74, 0x69, 0x6F, 0x6E, 0x0A, 0x00, 0x09,
    0x6E, 0x75, 0x6D, 0x65, 0x72, 0x61, 0x74, 0x6F, 0x72, 0x05, 0x00, 0x15, 0x70, 0x65, 0x72, 0x5F, 0x6C, 0x65, 0x76, 0x65,
    0x6C, 0x5F, 0x61, 0x62, 0x6F, 0x76, 0x65, 0x5F, 0x66, 0x69, 0x72, 0x73, 0x74, 0x3F, 0x80, 0x00, 0x00, 0x08, 0x00, 0x04,
    0x74, 0x79, 0x70, 0x65, 0x00, 0x10, 0x6D, 0x69, 0x6E, 0x65, 0x63, 0x72, 0x61, 0x66, 0x74, 0x3A, 0x6C, 0x69, 0x6E, 0x65,
    0x61, 0x72, 0x05, 0x00, 0x04, 0x62, 0x61, 0x73, 0x65, 0x3F, 0x80, 0x00, 0x00, 0x00, 0x0A, 0x00, 0x0B, 0x64, 0x65, 0x6E,
    0x6F, 0x6D, 0x69, 0x6E, 0x61, 0x74, 0x6F, 0x72, 0x05, 0x00, 0x15, 0x70, 0x65, 0x72, 0x5F, 0x6C, 0x65, 0x76, 0x65, 0x6C,
    0x5F, 0x61, 0x62, 0x6F, 0x76, 0x65, 0x5F, 0x66, 0x69, 0x72, 0x73, 0x74, 0x3F, 0x80, 0x00, 0x00, 0x08, 0x00, 0x04, 0x74,
    0x79, 0x70, 0x65, 0x00, 0x10, 0x6D, 0x69, 0x6E, 0x65, 0x63, 0x72, 0x61, 0x66, 0x74, 0x3A, 0x6C, 0x69, 0x6E, 0x65, 0x61,
    0x72, 0x05, 0x00, 0x04, 0x62, 0x61, 0x73, 0x65, 0x40, 0x00, 0x00, 0x00, 0x00, 0x00, 0x08, 0x00, 0x04, 0x74, 0x79, 0x70,
    0x65, 0x00, 0x19, 0x6D, 0x69, 0x6E, 0x65, 0x63, 0x72, 0x61, 0x66, 0x74, 0x3A, 0x72, 0x65, 0x6D, 0x6F, 0x76, 0x65, 0x5F,
    0x62, 0x69, 0x6E, 0x6F, 0x6D, 0x69, 0x61, 0x6C, 0x00, 0x00, 0x00, 0x0A, 0x00, 0x08, 0x6D, 0x61, 0x78, 0x5F, 0x63, 0x6F,
    0x73, 0x74, 0x03, 0x00, 0x15, 0x70, 0x65, 0x72, 0x5F, 0x6C, 0x65, 0x76, 0x65, 0x6C, 0x5F, 0x61, 0x62, 0x6F, 0x76, 0x65,
    0x5F, 0x66, 0x69, 0x72, 0x73, 0x74, 0x00, 0x00, 0x00, 0x08, 0x03, 0x00, 0x04, 0x62, 0x61, 0x73, 0x65, 0x00, 0x00, 0x00,
    0x37, 0x00, 0x08, 0x00, 0x0F, 0x73, 0x75, 0x70, 0x70, 0x6F, 0x72, 0x74, 0x65, 0x64, 0x5F, 0x69, 0x74, 0x65, 0x6D, 0x73,
    0x00, 0x21, 0x23, 0x6D, 0x69, 0x6E, 0x65, 0x63, 0x72, 0x61, 0x66, 0x74, 0x3A, 0x65, 0x6E, 0x63, 0x68, 0x61, 0x6E, 0x74,
    0x61, 0x62, 0x6C, 0x65, 0x2F, 0x64, 0x75, 0x72, 0x61, 0x62, 0x69, 0x6C, 0x69, 0x74, 0x79, 0x03, 0x00, 0x09, 0x6D, 0x61,
    0x78, 0x5F, 0x6C, 0x65, 0x76, 0x65, 0x6C, 0x00, 0x00, 0x00, 0x03, 0x0A, 0x00, 0x08, 0x6D, 0x69, 0x6E, 0x5F, 0x63, 0x6F,
    0x73, 0x74, 0x03, 0x00, 0x15, 0x70, 0x65, 0x72, 0x5F, 0x6C, 0x65, 0x76, 0x65, 0x6C, 0x5F, 0x61, 0x62, 0x6F, 0x76, 0x65,
    0x5F, 0x66, 0x69, 0x72, 0x73, 0x74, 0x00, 0x00, 0x00, 0x08, 0x03, 0x00, 0x04, 0x62, 0x61, 0x73, 0x65, 0x00, 0x00, 0x00,
    0x05, 0x00, 0x0A, 0x00, 0x0B, 0x64, 0x65, 0x73, 0x63, 0x72, 0x69, 0x70, 0x74, 0x69, 0x6F, 0x6E, 0x08, 0x00, 0x09, 0x74,
    0x72, 0x61, 0x6E, 0x73, 0x6C, 0x61, 0x74, 0x65, 0x00, 0x20, 0x65, 0x6E, 0x63, 0x68, 0x61, 0x6E, 0x74, 0x6D, 0x65, 0x6E,
    0x74, 0x2E, 0x6D, 0x69, 0x6E, 0x65, 0x63, 0x72, 0x61, 0x66, 0x74, 0x2E, 0x75, 0x6E, 0x62, 0x72, 0x65, 0x61, 0x6B, 0x69,
    0x6E, 0x67, 0x00, 0x03, 0x00, 0x06, 0x77, 0x65, 0x69, 0x67, 0x68, 0x74, 0x00, 0x00, 0x00, 0x05, 0x03, 0x00, 0x0A, 0x61,
    0x6E, 0x76, 0x69, 0x6C, 0x5F, 0x63, 0x6F, 0x73, 0x74, 0x00, 0x00, 0x00, 0x02, 0x00, 0x19, 0x6D, 0x69, 0x6E, 0x65, 0x63,
    0x72, 0x61, 0x66, 0x74, 0x3A, 0x76, 0x61, 0x6E, 0x69, 0x73, 0x68, 0x69, 0x6E, 0x67, 0x5F, 0x63, 0x75, 0x72, 0x73, 0x65,
    0x01, 0x0A, 0x09, 0x00, 0x05, 0x73, 0x6C, 0x6F, 0x74, 0x73, 0x08, 0x00, 0x00, 0x00, 0x01, 0x00, 0x03, 0x61, 0x6E, 0x79,
    0x0A, 0x00, 0x07, 0x65, 0x66, 0x66, 0x65, 0x63, 0x74, 0x73, 0x0A, 0x00, 0x20, 0x6D, 0x69, 0x6E, 0x65, 0x63, 0x72, 0x61,
    0x66, 0x74, 0x3A, 0x70, 0x72, 0x65, 0x76, 0x65, 0x6E, 0x74, 0x5F, 0x65, 0x71, 0x75, 0x69, 0x70, 0x6D, 0x65, 0x6E, 0x74,
    0x5F, 0x64, 0x72, 0x6F, 0x70, 0x00, 0x00, 0x0A, 0x00, 0x08, 0x6D, 0x61, 0x78, 0x5F, 0x63, 0x6F, 0x73, 0x74, 0x03, 0x00,
    0x15, 0x70, 0x65, 0x72, 0x5F, 0x6C, 0x65, 0x76, 0x65, 0x6C, 0x5F, 0x61, 0x62, 0x6F, 0x76, 0x65, 0x5F, 0x66, 0x69, 0x72,
    0x73, 0x74, 0x00, 0x00, 0x00, 0x00, 0x03, 0x00, 0x04, 0x62, 0x61, 0x73, 0x65, 0x00, 0x00, 0x00, 0x32, 0x00, 0x08, 0x00,
    0x0F, 0x73, 0x75, 0x70, 0x70, 0x6F, 0x72, 0x74, 0x65, 0x64, 0x5F, 0x69, 0x74, 0x65, 0x6D, 0x73, 0x00, 0x20, 0x23, 0x6D,
    0x69, 0x6E, 0x65, 0x63, 0x72, 0x61, 0x66, 0x74, 0x3A, 0x65, 0x6E, 0x63, 0x68, 0x61, 0x6E, 0x74, 0x61, 0x62, 0x6C, 0x65,
    0x2F, 0x76, 0x61, 0x6E, 0x69, 0x73, 0x68, 0x69, 0x6E, 0x67, 0x03, 0x00, 0x09, 0x6D, 0x61, 0x78, 0x5F, 0x6C, 0x65, 0x76,
    0x65, 0x6C, 0x00, 0x00, 0x00, 0x01, 0x0A, 0x00, 0x08, 0x6D, 0x69, 0x6E, 0x5F, 0x63, 0x6F, 0x73, 0x74, 0x03, 0x00, 0x15,
    0x70, 0x65, 0x72, 0x5F, 0x6C, 0x65, 0x76, 0x65, 0x6C, 0x5F, 0x61, 0x62, 0x6F, 0x76, 0x65, 0x5F, 0x66, 0x69, 0x72, 0x73,
    0x74, 0x00, 0x00, 0x00, 0x00, 0x03, 0x00, 0x04, 0x62, 0x61, 0x73, 0x65, 0x00, 0x00, 0x00, 0x19, 0x00, 0x0A, 0x00, 0x0B,
    0x64, 0x65, 0x73, 0x63, 0x72, 0x69, 0x70, 0x74, 0x69, 0x6F, 0x6E, 0x08, 0x00, 0x09, 0x74, 0x72, 0x61, 0x6E, 0x73, 0x6C,
    0x61, 0x74, 0x65, 0x00, 0x25, 0x65, 0x6E, 0x63, 0x68, 0x61, 0x6E, 0x74, 0x6D, 0x65, 0x6E, 0x74, 0x2E, 0x6D, 0x69, 0x6E,
    0x65, 0x63, 0x72, 0x61, 0x66, 0x74, 0x2E, 0x76, 0x61, 0x6E, 0x69, 0x73, 0x68, 0x69, 0x6E, 0x67, 0x5F, 0x63, 0x75, 0x72,
    0x73, 0x65, 0x00, 0x03, 0x00, 0x06, 0x77, 0x65, 0x69, 0x67, 0x68, 0x74, 0x00, 0x00, 0x00, 0x01, 0x03, 0x00, 0x0A, 0x61,
    0x6E, 0x76, 0x69, 0x6C, 0x5F, 0x63, 0x6F, 0x73, 0x74, 0x00, 0x00, 0x00, 0x08, 0x00, 0x14, 0x6D, 0x69, 0x6E, 0x65, 0x63,
    0x72, 0x61, 0x66, 0x74, 0x3A, 0x77, 0x69, 0x6E, 0x64, 0x5F, 0x62, 0x75, 0x72, 0x73, 0x74, 0x01, 0x0A, 0x09, 0x00, 0x05,
    0x73, 0x6C, 0x6F, 0x74, 0x73, 0x08, 0x00, 0x00, 0x00, 0x01, 0x00, 0x08, 0x6D, 0x61, 0x69, 0x6E, 0x68, 0x61, 0x6E, 0x64,
    0x0A, 0x00, 0x07, 0x65, 0x66, 0x66, 0x65, 0x63, 0x74, 0x73, 0x09, 0x00, 0x15, 0x6D, 0x69, 0x6E, 0x65, 0x63, 0x72, 0x61,
    0x66, 0x74, 0x3A, 0x70, 0x6F, 0x73, 0x74, 0x5F, 0x61, 0x74, 0x74, 0x61, 0x63, 0x6B, 0x0A, 0x00, 0x00, 0x00, 0x01, 0x0A,
    0x00, 0x0C, 0x72, 0x65, 0x71, 0x75, 0x69, 0x72, 0x65, 0x6D, 0x65, 0x6E, 0x74, 0x73, 0x0A, 0x00, 0x09, 0x70, 0x72, 0x65,
    0x64, 0x69, 0x63, 0x61, 0x74, 0x65, 0x0A, 0x00, 0x05, 0x66, 0x6C, 0x61, 0x67, 0x73, 0x01, 0x00, 0x09, 0x69, 0x73, 0x5F,
    0x66, 0x6C, 0x79, 0x69, 0x6E, 0x67, 0x00, 0x00, 0x0A, 0x00, 0x08, 0x6D, 0x6F, 0x76, 0x65, 0x6D, 0x65, 0x6E, 0x74, 0x0A,
    0x00, 0x0D, 0x66, 0x61, 0x6C, 0x6C, 0x5F, 0x64, 0x69, 0x73, 0x74, 0x61, 0x6E, 0x63, 0x65, 0x06, 0x00, 0x03, 0x6D, 0x69,
    0x6E, 0x3F, 0xF8, 0x00, 0x00, 0x00, 0x00, 0x00, 0x00, 0x00, 0x00, 0x00, 0x08, 0x00, 0x09, 0x63, 0x6F, 0x6E, 0x64, 0x69,
    0x74, 0x69, 0x6F, 0x6E, 0x00, 0x1B, 0x6D, 0x69, 0x6E, 0x65, 0x63, 0x72, 0x61, 0x66, 0x74, 0x3A, 0x65, 0x6E, 0x74, 0x69,
    0x74, 0x79, 0x5F, 0x70, 0x72, 0x6F, 0x70, 0x65, 0x72, 0x74, 0x69, 0x65, 0x73, 0x08, 0x00, 0x06, 0x65, 0x6E, 0x74, 0x69,
    0x74, 0x79, 0x00, 0x0F, 0x64, 0x69, 0x72, 0x65, 0x63, 0x74, 0x5F, 0x61, 0x74, 0x74, 0x61, 0x63, 0x6B, 0x65, 0x72, 0x00,
    0x08, 0x00, 0x09, 0x65, 0x6E, 0x63, 0x68, 0x61, 0x6E, 0x74, 0x65, 0x64, 0x00, 0x08, 0x61, 0x74, 0x74, 0x61, 0x63, 0x6B,
    0x65, 0x72, 0x0A, 0x00, 0x06, 0x65, 0x66, 0x66, 0x65, 0x63, 0x74, 0x08, 0x00, 0x0D, 0x69, 0x6D, 0x6D, 0x75, 0x6E, 0x65,
    0x5F, 0x62, 0x6C, 0x6F, 0x63, 0x6B, 0x73, 0x00, 0x28, 0x23, 0x6D, 0x69, 0x6E, 0x65, 0x63, 0x72, 0x61, 0x66, 0x74, 0x3A,
    0x62, 0x6C, 0x6F, 0x63, 0x6B, 0x73, 0x5F, 0x77, 0x69, 0x6E, 0x64, 0x5F, 0x63, 0x68, 0x61, 0x72, 0x67, 0x65, 0x5F, 0x65,
    0x78, 0x70, 0x6C, 0x6F, 0x73, 0x69, 0x6F, 0x6E, 0x73, 0x08, 0x00, 0x11, 0x62, 0x6C, 0x6F, 0x63, 0x6B, 0x5F, 0x69, 0x6E,
    0x74, 0x65, 0x72, 0x61, 0x63, 0x74, 0x69, 0x6F, 0x6E, 0x00, 0x07, 0x74, 0x72, 0x69, 0x67, 0x67, 0x65, 0x72, 0x08, 0x00,
    0x05, 0x73, 0x6F, 0x75, 0x6E, 0x64, 0x00, 0x27, 0x6D, 0x69, 0x6E, 0x65, 0x63, 0x72, 0x61, 0x66, 0x74, 0x3A, 0x65, 0x6E,
    0x74, 0x69, 0x74, 0x79, 0x2E, 0x77, 0x69, 0x6E, 0x64, 0x5F, 0x63, 0x68, 0x61, 0x72, 0x67, 0x65, 0x2E, 0x77, 0x69, 0x6E,
    0x64, 0x5F, 0x62, 0x75, 0x72, 0x73, 0x74, 0x0A, 0x00, 0x14, 0x6B, 0x6E, 0x6F, 0x63, 0x6B, 0x62, 0x61, 0x63, 0x6B, 0x5F,
    0x6D, 0x75, 0x6C, 0x74, 0x69, 0x70, 0x6C, 0x69, 0x65, 0x72, 0x09, 0x00, 0x06, 0x76, 0x61, 0x6C, 0x75, 0x65, 0x73, 0x05,
    0x00, 0x00, 0x00, 0x03, 0x3F, 0x99, 0x99, 0x9A, 0x3F, 0xE0, 0x00, 0x00, 0x40, 0x0C, 0xCC, 0xCD, 0x08, 0x00, 0x04, 0x74,
    0x79, 0x70, 0x65, 0x00, 0x10, 0x6D, 0x69, 0x6E, 0x65, 0x63, 0x72, 0x61, 0x66, 0x74, 0x3A, 0x6C, 0x6F, 0x6F, 0x6B, 0x75,
    0x70, 0x0A, 0x00, 0x08, 0x66, 0x61, 0x6C, 0x6C, 0x62, 0x61, 0x63, 0x6B, 0x05, 0x00, 0x15, 0x70, 0x65, 0x72, 0x5F, 0x6C,
    0x65, 0x76, 0x65, 0x6C, 0x5F, 0x61, 0x62, 0x6F, 0x76, 0x65, 0x5F, 0x66, 0x69, 0x72, 0x73, 0x74, 0x3E, 0xB3, 0x33, 0x33,
    0x08, 0x00, 0x04, 0x74, 0x79, 0x70, 0x65, 0x00, 0x10, 0x6D, 0x69, 0x6E, 0x65, 0x63, 0x72, 0x61, 0x66, 0x74, 0x3A, 0x6C,
    0x69, 0x6E, 0x65, 0x61, 0x72, 0x05, 0x00, 0x04, 0x62, 0x61, 0x73, 0x65, 0x3F, 0xC0, 0x00, 0x00, 0x00, 0x00, 0x0A, 0x00,
    0x0E, 0x6C, 0x61, 0x72, 0x67, 0x65, 0x5F, 0x70, 0x61, 0x72, 0x74, 0x69, 0x63, 0x6C, 0x65, 0x08, 0x00, 0x04, 0x74, 0x79,
    0x70, 0x65, 0x00, 0x1C, 0x6D, 0x69, 0x6E, 0x65, 0x63, 0x72, 0x61, 0x66, 0x74, 0x3A, 0x67, 0x75, 0x73, 0x74, 0x5F, 0x65,
    0x6D, 0x69, 0x74, 0x74, 0x65, 0x72, 0x5F, 0x6C, 0x61, 0x72, 0x67, 0x65, 0x00, 0x05, 0x00, 0x06, 0x72, 0x61, 0x64, 0x69,
    0x75, 0x73, 0x40, 0x60, 0x00, 0x00, 0x08, 0x00, 0x04, 0x74, 0x79, 0x70, 0x65, 0x00, 0x11, 0x6D, 0x69, 0x6E, 0x65, 0x63,
    0x72, 0x61, 0x66, 0x74, 0x3A, 0x65, 0x78, 0x70, 0x6C, 0x6F, 0x64, 0x65, 0x0A, 0x00, 0x0E, 0x73, 0x6D, 0x61, 0x6C, 0x6C,
    0x5F, 0x70, 0x61, 0x72, 0x74, 0x69, 0x63, 0x6C, 0x65, 0x08, 0x00, 0x04, 0x74, 0x79, 0x70, 0x65, 0x00, 0x1C, 0x6D, 0x69,
    0x6E, 0x65, 0x63, 0x72, 0x61, 0x66, 0x74, 0x3A, 0x67, 0x75, 0x73, 0x74, 0x5F, 0x65, 0x6D, 0x69, 0x74, 0x74, 0x65, 0x72,
    0x5F, 0x73, 0x6D, 0x61, 0x6C, 0x6C, 0x00, 0x00, 0x08, 0x00, 0x08, 0x61, 0x66, 0x66, 0x65, 0x63, 0x74, 0x65, 0x64, 0x00,
    0x08, 0x61, 0x74, 0x74, 0x61, 0x63, 0x6B, 0x65, 0x72, 0x00, 0x00, 0x0A, 0x00, 0x08, 0x6D, 0x61, 0x78, 0x5F, 0x63, 0x6F,
    0x73, 0x74, 0x03, 0x00, 0x15, 0x70, 0x65, 0x72, 0x5F, 0x6C, 0x65, 0x76, 0x65, 0x6C, 0x5F, 0x61, 0x62, 0x6F, 0x76, 0x65,
    0x5F, 0x66, 0x69, 0x72, 0x73, 0x74, 0x00, 0x00, 0x00, 0x09, 0x03, 0x00, 0x04, 0x62, 0x61, 0x73, 0x65, 0x00, 0x00, 0x00,
    0x41, 0x00, 0x08, 0x00, 0x0F, 0x73, 0x75, 0x70, 0x70, 0x6F, 0x72, 0x74, 0x65, 0x64, 0x5F, 0x69, 0x74, 0x65, 0x6D, 0x73,
    0x00, 0x1B, 0x23, 0x6D, 0x69, 0x6E, 0x65, 0x63, 0x72, 0x61, 0x66, 0x74, 0x3A, 0x65, 0x6E, 0x63, 0x68, 0x61, 0x6E, 0x74,
    0x61, 0x62, 0x6C, 0x65, 0x2F, 0x6D, 0x61, 0x63, 0x65, 0x03, 0x00, 0x09, 0x6D, 0x61, 0x78, 0x5F, 0x6C, 0x65, 0x76, 0x65,
    0x6C, 0x00, 0x00, 0x00, 0x03, 0x0A, 0x00, 0x08, 0x6D, 0x69, 0x6E, 0x5F, 0x63, 0x6F, 0x73, 0x74, 0x03, 0x00, 0x15, 0x70,
    0x65, 0x72, 0x5F, 0x6C, 0x65, 0x76, 0x65, 0x6C, 0x5F, 0x61, 0x62, 0x6F, 0x76, 0x65, 0x5F, 0x66, 0x69, 0x72, 0x73, 0x74,
    0x00, 0x00, 0x00, 0x09, 0x03, 0x00, 0x04, 0x62, 0x61, 0x73, 0x65, 0x00, 0x00, 0x00, 0x0F, 0x00, 0x0A, 0x00, 0x0B, 0x64,
    0x65, 0x73, 0x63, 0x72, 0x69, 0x70, 0x74, 0x69, 0x6F, 0x6E, 0x08, 0x00, 0x09, 0x74, 0x72, 0x61, 0x6E, 0x73, 0x6C, 0x61,
    0x74, 0x65, 0x00, 0x20, 0x65, 0x6E, 0x63, 0x68, 0x61, 0x6E, 0x74, 0x6D, 0x65, 0x6E, 0x74, 0x2E, 0x6D, 0x69, 0x6E, 0x65,
    0x63, 0x72, 0x61, 0x66, 0x74, 0x2E, 0x77, 0x69, 0x6E, 0x64, 0x5F, 0x62, 0x75, 0x72, 0x73, 0x74, 0x00, 0x03, 0x00, 0x06,
    0x77, 0x65, 0x69, 0x67, 0x68, 0x74, 0x00, 0x00, 0x00, 0x02, 0x03, 0x00, 0x0A, 0x61, 0x6E, 0x76, 0x69, 0x6C, 0x5F, 0x63,
    0x6F, 0x73, 0x74, 0x00, 0x00, 0x00, 0x04, 0x00
};

inline constexpr uint8_t config_packet_24[] = {
    0x90, 0x1D, 0x07, 0x16, 0x6D, 0x69, 0x6E, 0x65, 0x63, 0x72, 0x61, 0x66, 0x74, 0x3A, 0x6A, 0x75, 0x6B, 0x65, 0x62, 0x6F,
    0x78, 0x5F, 0x73, 0x6F, 0x6E, 0x67, 0x16, 0x0C, 0x6D, 0x69, 0x6E, 0x65, 0x63, 0x72, 0x61, 0x66, 0x74, 0x3A, 0x31, 0x31,
    0x01, 0x0A, 0x08, 0x00, 0x0B, 0x73, 0x6F, 0x75, 0x6E, 0x64, 0x5F, 0x65, 0x76, 0x65, 0x6E, 0x74, 0x00, 0x17, 0x6D, 0x69,
    0x6E, 0x65, 0x63, 0x72, 0x61, 0x66, 0x74, 0x3A, 0x6D, 0x75, 0x73, 0x69, 0x63, 0x5F, 0x64, 0x69, 0x73, 0x63, 0x2E, 0x31,
    0x31, 0x05, 0x00, 0x11, 0x6C, 0x65, 0x6E, 0x67, 0x74, 0x68, 0x5F, 0x69, 0x6E, 0x5F, 0x73, 0x65, 0x63, 0x6F, 0x6E, 0x64,
    0x73, 0x42, 0x8E, 0x00, 0x00, 0x0A, 0x00, 0x0B, 0x64, 0x65, 0x73, 0x63, 0x72, 0x69, 0x70, 0x74, 0x69, 0x6F, 0x6E, 0x08,
    0x00, 0x09, 0x74, 0x72, 0x61, 0x6E, 0x73, 0x6C, 0x61, 0x74, 0x65, 0x00, 0x19, 0x6A, 0x75, 0x6B, 0x65, 0x62, 0x6F, 0x78,
    0x5F, 0x73, 0x6F, 0x6E, 0x67, 0x2E, 0x6D, 0x69, 0x6E, 0x65, 0x63, 0x72, 0x61, 0x66, 0x74, 0x2E, 0x31, 0x31, 0x00, 0x03,
    0x00, 0x11, 0x63, 0x6F, 0x6D, 0x70, 0x61, 0x72, 0x61, 0x74, 0x6F, 0x72, 0x5F, 0x6F, 0x75, 0x74, 0x70, 0x75, 0x74, 0x00,
    0x00, 0x00, 0x0B, 0x00, 0x0C, 0x6D, 0x69, 0x6E, 0x65, 0x63, 0x72, 0x61, 0x66, 0x74, 0x3A, 0x31, 0x33, 0x01, 0x0A, 0x08,
    0x00, 0x0B, 0x73, 0x6F, 0x75, 0x6E, 0x64, 0x5F, 0x65, 0x76, 0x65, 0x6E, 0x74, 0x00, 0x17, 0x6D, 0x69, 0x6E, 0x65, 0x63,
    0x72, 0x61, 0x66, 0x74, 0x3A, 0x6D, 0x75, 0x73, 0x69, 0x63, 0x5F, 0x64, 0x69, 0x73, 0x63, 0x2E, 0x31, 0x33, 0x05, 0x00,
    0x11, 0x6C, 0x65, 0x6E, 0x67, 0x74, 0x68, 0x5F, 0x69, 0x6E, 0x5F, 0x73, 0x65, 0x63, 0x6F, 0x6E, 0x64, 0x73, 0x43, 0x32,
    0x00, 0x00, 0x0A, 0x00, 0x0B, 0x64, 0x65, 0x73, 0x63, 0x72, 0x69, 0x70, 0x74, 0x69, 0x6F, 0x6E, 0x08, 0x00, 0x09, 0x74,
    0x72, 0x61, 0x6E, 0x73, 0x6C, 0x61, 0x74, 0x65, 0x00, 0x19, 0x6A, 0x75, 0x6B, 0x65, 0x62, 0x6F, 0x78, 0x5F, 0x73, 0x6F,
    0x6E, 0x67, 0x2E, 0x6D, 0x69, 0x6E, 0x65, 0x63, 0x72, 0x61, 0x66, 0x74, 0x2E, 0x31, 0x33, 0x00, 0x03, 0x00, 0x11, 0x63,
    0x6F, 0x6D, 0x70, 0x61, 0x72, 0x61, 0x74, 0x6F, 0x72, 0x5F, 0x6F, 0x75, 0x74, 0x70, 0x75, 0x74, 0x00, 0x00, 0x00, 0x01,
    0x00, 0x0B, 0x6D, 0x69, 0x6E, 0x65, 0x63, 0x72, 0x61, 0x66, 0x74, 0x3A, 0x35, 0x01, 0x0A, 0x08, 0x00, 0x0B, 0x73, 0x6F,
    0x75, 0x6E, 0x64, 0x5F, 0x65, 0x76, 0x65, 0x6E, 0x74, 0x00, 0x16, 0x6D, 0x69, 0x6E, 0x65, 0x63, 0x72, 0x61, 0x66, 0x74,
    0x3A, 0x6D, 0x75, 0x73, 0x69, 0x63, 0x5F, 0x64, 0x69, 0x73, 0x63, 0x2E, 0x35, 0x05, 0x00, 0x11, 0x6C, 0x65, 0x6E, 0x67,
    0x74, 0x68, 0x5F, 0x69, 0x6E, 0x5F, 0x73, 0x65, 0x63, 0x6F, 0x6E, 0x64, 0x73, 0x43, 0x32, 0x00, 0x00, 0x0A, 0x00, 0x0B,
    0x64, 0x65, 0x73, 0x63, 0x72, 0x69, 0x70, 0x74, 0x69, 0x6F, 0x6E, 0x08, 0x00, 0x09, 0x74, 0x72, 0x61, 0x6E, 0x73, 0x6C,
    0x61, 0x74, 0x65, 0x00, 0x18, 0x6A, 0x75, 0x6B, 0x65, 0x62, 0x6F, 0x78, 0x5F, 0x73, 0x6F, 0x6E, 0x67, 0x2E, 0x6D, 0x69,
    0x6E, 0x65, 0x63, 0x72, 0x61, 0x66, 0x74, 0x2E, 0x35, 0x00, 0x03, 0x00, 0x11, 0x63, 0x6F, 0x6D, 0x70, 0x61, 0x72, 0x61,
    0x74, 0x6F, 0x72, 0x5F, 0x6F, 0x75, 0x74, 0x70, 0x75, 0x74, 0x00, 0x00, 0x00, 0x0F, 0x00, 0x10, 0x6D, 0x69, 0x6E, 0x65,
    0x63, 0x72, 0x61, 0x66, 0x74, 0x3A, 0x62, 0x6C, 0x6F, 0x63, 0x6B, 0x73, 0x01, 0x0A, 0x08, 0x00, 0x0B, 0x73, 0x6F, 0x75,
    0x6E, 0x64, 0x5F, 0x65, 0x76, 0x65, 0x6E, 0x74, 0x00, 0x1B, 0x6D, 0x69, 0x6E, 0x65, 0x63, 0x72, 0x61, 0x66, 0x74, 0x3A,
    0x6D, 0x75, 0x73, 0x69, 0x63, 0x5F, 0x64, 0x69, 0x73, 0x63, 0x2E, 0x62, 0x6C, 0x6F, 0x63, 0x6B, 0x73, 0x05, 0x00, 0x11,
    0x6C, 0x65, 0x6E, 0x67, 0x74, 0x68, 0x5F, 0x69, 0x6E, 0x5F, 0x73, 0x65, 0x63, 0x6F, 0x6E, 0x64, 0x73, 0x43, 0xAC, 0x80,
    0x00, 0x0A, 0x00, 0x0B, 0x64, 0x65, 0x73, 0x63, 0x72, 0x69, 0x70, 0x74, 0x69, 0x6F, 0x6E, 0x08, 0x00, 0x09, 0x74, 0x72,
    0x61, 0x6E, 0x73, 0x6C, 0x61, 0x74, 0x65, 0x00, 0x1D, 0x6A, 0x75, 0x6B, 0x65, 0x62, 0x6F, 0x78, 0x5F, 0x73, 0x6F, 0x6E,
    0x67, 0x2E, 0x6D, 0x69, 0x6E, 0x65, 0x63, 0x72, 0x61, 0x66, 0x74, 0x2E, 0x62, 0x6C, 0x6F, 0x63, 0x6B, 0x73, 0x00, 0x03,
    0x00, 0x11, 0x63, 0x6F, 0x6D, 0x70, 0x61, 0x72, 0x61, 0x74, 0x6F, 0x72, 0x5F, 0x6F, 0x75, 0x74, 0x70, 0x75, 0x74, 0x00,
    0x00, 0x00, 0x03, 0x00, 0x10, 0x6D, 0x69, 0x6E, 0x65, 0x63, 0x72, 0x61, 0x66, 0x74, 0x3A, 0x62, 0x6F, 0x75, 0x6E, 0x63,
    0x65, 0x01, 0x0A, 0x08, 0x00, 0x0B, 0x73, 0x6F, 0x75, 0x6E, 0x64, 0x5F, 0x65, 0x76, 0x65, 0x6E, 0x74, 0x00, 0x1B, 0x6D,
    0x69, 0x6E, 0x65, 0x63, 0x72, 0x61, 0x66, 0x74, 0x3A, 0x6D, 0x75, 0x73, 0x69, 0x63, 0x5F, 0x64, 0x69, 0x73, 0x63, 0x2E,
    0x62, 0x6F, 0x75, 0x6E, 0x63, 0x65, 0x05, 0x00, 0x11, 0x6C, 0x65, 0x6E, 0x67, 0x74, 0x68, 0x5F, 0x69, 0x6E, 0x5F, 0x73,
    0x65, 0x63, 0x6F, 0x6E, 0x64, 0x73, 0x43, 0x6A, 0x00, 0x00, 0x0A, 0x00, 0x0B, 0x64, 0x65, 0x73, 0x63, 0x72, 0x69, 0x70,
    0x74, 0x69, 0x6F, 0x6E, 0x08, 0x00, 0x09, 0x74, 0x72, 0x61, 0x6E, 0x73, 0x6C, 0x61, 0x74, 0x65, 0x00, 0x1D, 0x6A, 0x75,
    0x6B, 0x65, 0x62, 0x6F, 0x78, 0x5F, 0x73, 0x6F, 0x6E, 0x67, 0x2E, 0x6D, 0x69, 0x6E, 0x65, 0x63, 0x72, 0x61, 0x66, 0x74,
    0x2E, 0x62, 0x6F, 0x75, 0x6E, 0x63, 0x65, 0x00, 0x03, 0x00, 0x11, 0x63, 0x6F, 0x6D, 0x70, 0x61, 0x72, 0x61, 0x74, 0x6F,
    0x72, 0x5F, 0x6F, 0x75, 0x74, 0x70, 0x75, 0x74, 0x00, 0x00, 0x00, 0x08, 0x00, 0x0D, 0x6D, 0x69, 0x6E, 0x65, 0x63, 0x72,
    0x61, 0x66, 0x74, 0x3A, 0x63, 0x61, 0x74, 0x01, 0x0A, 0x08, 0x00, 0x0B, 0x73, 0x6F, 0x75, 0x6E, 0x64, 0x5F, 0x65, 0x76,
    0x65, 0x6E, 0x74, 0x00, 0x18, 0x6D, 0x69, 0x6E, 0x65, 0x63, 0x72, 0x61, 0x66, 0x74, 0x3A, 0x6D, 0x75, 0x73, 0x69, 0x63,
    0x5F, 0x64, 0x69, 0x73, 0x63, 0x2E, 0x63, 0x61, 0x74, 0x05, 0x00, 0x11, 0x6C, 0x65, 0x6E, 0x67, 0x74, 0x68, 0x5F, 0x69,
    0x6E, 0x5F, 0x73, 0x65, 0x63, 0x6F, 0x6E, 0x64, 0x73, 0x43, 0x39, 0x00, 0x00, 0x0A, 0x00, 0x0B, 0x64, 0x65, 0x73, 0x63,
    0x72, 0x69, 0x70, 0x74, 0x69, 0x6F, 0x6E, 0x08, 0x00, 0x09, 0x74, 0x72, 0x61, 0x6E, 0x73, 0x6C, 0x61, 0x74, 0x65, 0x00,
    0x1A, 0x6A, 0x75, 0x6B, 0x65, 0x62, 0x6F, 0x78, 0x5F, 0x73, 0x6F, 0x6E, 0x67, 0x2E, 0x6D, 0x69, 0x6E, 0x65, 0x63, 0x72,
    0x61, 0x66, 0x74, 0x2E, 0x63, 0x61, 0x74, 0x00, 0x03, 0x00, 0x11, 0x63, 0x6F, 0x6D, 0x70, 0x61, 0x72, 0x61, 0x74, 0x6F,
    0x72, 0x5F, 0x6F, 0x75, 0x74, 0x70, 0x75, 0x74, 0x00, 0x00, 0x00, 0x02, 0x00, 0x0F, 0x6D, 0x69, 0x6E, 0x65, 0x63, 0x72,
    0x61, 0x66, 0x74, 0x3A, 0x63, 0x68, 0x69, 0x72, 0x70, 0x01, 0x0A, 0x08, 0x00, 0x0B, 0x73, 0x6F, 0x75, 0x6E, 0x64, 0x5F,
    0x65, 0x76, 0x65, 0x6E, 0x74, 0x00, 0x1A, 0x6D, 0x69, 0x6E, 0x65, 0x63, 0x72, 0x61, 0x66, 0x74, 0x3A, 0x6D, 0x75, 0x73,
    0x69, 0x63, 0x5F, 0x64, 0x69, 0x73, 0x63, 0x2E, 0x63, 0x68, 0x69, 0x72, 0x70, 0x05, 0x00, 0x11, 0x6C, 0x65, 0x6E, 0x67,
    0x74, 0x68, 0x5F, 0x69, 0x6E, 0x5F, 0x73, 0x65, 0x63, 0x6F, 0x6E, 0x64, 0x73, 0x43, 0x39, 0x00, 0x00, 0x0A, 0x00, 0x0B,
    0x64, 0x65, 0x73, 0x63, 0x72, 0x69, 0x70, 0x74, 0x69, 0x6F, 0x6E, 0x08, 0x00, 0x09, 0x74, 0x72, 0x61, 0x6E, 0x73, 0x6C,
    0x61, 0x74, 0x65, 0x00, 0x1C, 0x6A, 0x75, 0x6B, 0x65, 0x62, 0x6F, 0x78, 0x5F, 0x73, 0x6F, 0x6E, 0x67, 0x2E, 0x6D, 0x69,
    0x6E, 0x65, 0x63, 0x72, 0x61, 0x66, 0x74, 0x2E, 0x63, 0x68, 0x69, 0x72, 0x70, 0x00, 0x03, 0x00, 0x11, 0x63, 0x6F, 0x6D,
    0x70, 0x61, 0x72, 0x61, 0x74, 0x6F, 0x72, 0x5F, 0x6F, 0x75, 0x74, 0x70, 0x75, 0x74, 0x00, 0x00, 0x00, 0x04, 0x00, 0x11,
    0x6D, 0x69, 0x6E, 0x65, 0x63, 0x72, 0x61, 0x66, 0x74, 0x3A, 0x63, 0x72, 0x65, 0x61, 0x74, 0x6F, 0x72, 0x01, 0x0A, 0x08,
    0x00, 0x0B, 0x73, 0x6F, 0x75, 0x6E, 0x64, 0x5F, 0x65, 0x76, 0x65, 0x6E, 0x74, 0x00, 0x1C, 0x6D, 0x69, 0x6E, 0x65, 0x63,
    0x72, 0x61, 0x66, 0x74, 0x3A, 0x6D, 0x75, 0x73, 0x69, 0x63, 0x5F, 0x64, 0x69, 0x73, 0x63, 0x2E, 0x63, 0x72, 0x65, 0x61,
    0x74, 0x6F, 0x72, 0x05, 0x00, 0x11, 0x6C, 0x65, 0x6E, 0x67, 0x74, 0x68, 0x5F, 0x69, 0x6E, 0x5F, 0x73, 0x65, 0x63, 0x6F,
    0x6E, 0x64, 0x73, 0x43, 0x30, 0x00, 0x00, 0x0A, 0x00, 0x0B, 0x64, 0x65, 0x73, 0x63, 0x72, 0x69, 0x70, 0x74, 0x69, 0x6F,
    0x6E, 0x08, 0x00, 0x09, 0x74, 0x72, 0x61, 0x6E, 0x73, 0x6C, 0x61, 0x74, 0x65, 0x00, 0x1E, 0x6A, 0x75, 0x6B, 0x65, 0x62,
    0x6F, 0x78, 0x5F, 0x73, 0x6F, 0x6E, 0x67, 0x2E, 0x6D, 0x69, 0x6E, 0x65, 0x63, 0x72, 0x61, 0x66, 0x74, 0x2E, 0x63, 0x72,
    0x65, 0x61, 0x74, 0x6F, 0x72, 0x00, 0x03, 0x00, 0x11, 0x63, 0x6F, 0x6D, 0x70, 0x61, 0x72, 0x61, 0x74, 0x6F, 0x72, 0x5F,
    0x6F, 0x75, 0x74, 0x70, 0x75, 0x74, 0x00, 0x00, 0x00, 0x0C, 0x00, 0x1B, 0x6D, 0x69, 0x6E, 0x65, 0x63, 0x72, 0x61, 0x66,
    0x74, 0x3A, 0x63, 0x72, 0x65, 0x61, 0x74, 0x6F, 0x72, 0x5F, 0x6D, 0x75, 0x73, 0x69, 0x63, 0x5F, 0x62, 0x6F, 0x78, 0x01,
    0x0A, 0x08, 0x00, 0x0B, 0x73, 0x6F, 0x75, 0x6E, 0x64, 0x5F, 0x65, 0x76, 0x65, 0x6E, 0x74, 0x00, 0x26, 0x6D, 0x69, 0x6E,
    0x65, 0x63, 0x72, 0x61, 0x66, 0x74, 0x3A, 0x6D, 0x75, 0x73, 0x69, 0x63, 0x5F, 0x64, 0x69, 0x73, 0x63, 0x2E, 0x63, 0x72,
    0x65, 0x61, 0x74, 0x6F, 0x72, 0x5F, 0x6D, 0x75, 0x73, 0x69, 0x63, 0x5F, 0x62, 0x6F, 0x78, 0x05, 0x00, 0x11, 0x6C, 0x65,
    0x6E, 0x67, 0x74, 0x68, 0x5F, 0x69, 0x6E, 0x5F, 0x73, 0x65, 0x63, 0x6F, 0x6E, 0x64, 0x73, 0x42, 0x92, 0x00, 0x00, 0x0A,
    0x00, 0x0B, 0x64, 0x65, 0x73, 0x63, 0x72, 0x69, 0x70, 0x74, 0x69, 0x6F, 0x6E, 0x08, 0x00, 0x09, 0x74, 0x72, 0x61, 0x6E,
    0x73, 0x6C, 0x61, 0x74, 0x65, 0x00, 0x28, 0x6A, 0x75, 0x6B, 0x65, 0x62, 0x6F, 0x78, 0x5F, 0x73, 0x6F, 0x6E, 0x67, 0x2E,
    0x6D, 0x69, 0x6E, 0x65, 0x63, 0x72, 0x61, 0x66, 0x74, 0x2E, 0x63, 0x72, 0x65, 0x61, 0x74, 0x6F, 0x72, 0x5F, 0x6D, 0x75,
    0x73, 0x69, 0x63, 0x5F, 0x62, 0x6F, 0x78, 0x00, 0x03, 0x00, 0x11, 0x63, 0x6F, 0x6D, 0x70, 0x61, 0x72, 0x61, 0x74, 0x6F,
    0x72, 0x5F, 0x6F, 0x75, 0x74, 0x70, 0x75, 0x74, 0x00, 0x00, 0x00, 0x0B, 0x00, 0x0D, 0x6D, 0x69, 0x6E, 0x65, 0x63, 0x72,
    0x61, 0x66, 0x74, 0x3A, 0x66, 0x61, 0x72, 0x01, 0x0A, 0x08, 0x00, 0x0B, 0x73, 0x6F, 0x75, 0x6E, 0x64, 0x5F, 0x65, 0x76,
    0x65, 0x6E, 0x74, 0x00, 0x18, 0x6D, 0x69, 0x6E, 0x65, 0x63, 0x72, 0x61, 0x66, 0x74, 0x3A, 0x6D, 0x75, 0x73, 0x69, 0x63,
    0x5F, 0x64, 0x69, 0x73, 0x63, 0x2E, 0x66, 0x61, 0x72, 0x05, 0x00, 0x11, 0x6C, 0x65, 0x6E, 0x67, 0x74, 0x68, 0x5F, 0x69,
    0x6E, 0x5F, 0x73, 0x65, 0x63, 0x6F, 0x6E, 0x64, 0x73, 0x43, 0x2E, 0x00, 0x00, 0x0A, 0x00, 0x0B, 0x64, 0x65, 0x73, 0x63,
    0x72, 0x69, 0x70, 0x74, 0x69, 0x6F, 0x6E, 0x08, 0x00, 0x09, 0x74, 0x72, 0x61, 0x6E, 0x73, 0x6C, 0x61, 0x74, 0x65, 0x00,
    0x1A, 0x6A, 0x75, 0x6B, 0x65, 0x62, 0x6F, 0x78, 0x5F, 0x73, 0x6F, 0x6E, 0x67, 0x2E, 0x6D, 0x69, 0x6E, 0x65, 0x63, 0x72,
    0x61, 0x66, 0x74, 0x2E, 0x66, 0x61, 0x72, 0x00, 0x03, 0x00, 0x11, 0x63, 0x6F, 0x6D, 0x70, 0x61, 0x72, 0x61, 0x74, 0x6F,
    0x72, 0x5F, 0x6F, 0x75, 0x74, 0x70, 0x75, 0x74, 0x00, 0x00, 0x00, 0x05, 0x00, 0x16, 0x6D, 0x69, 0x6E, 0x65, 0x63, 0x72,
    0x61, 0x66, 0x74, 0x3A, 0x6C, 0x61, 0x76, 0x61, 0x5F, 0x63, 0x68, 0x69, 0x63, 0x6B, 0x65, 0x6E, 0x01, 0x0A, 0x08, 0x00,
    0x0B, 0x73, 0x6F, 0x75, 0x6E, 0x64, 0x5F, 0x65, 0x76, 0x65, 0x6E, 0x74, 0x00, 0x21, 0x6D, 0x69, 0x6E, 0x65, 0x63, 0x72,
    0x61, 0x66, 0x74, 0x3A, 0x6D, 0x75, 0x73, 0x69, 0x63, 0x5F, 0x64, 0x69, 0x73, 0x63, 0x2E, 0x6C, 0x61, 0x76, 0x61, 0x5F,
    0x63, 0x68, 0x69, 0x63, 0x6B, 0x65, 0x6E, 0x05, 0x00, 0x11, 0x6C, 0x65, 0x6E, 0x67, 0x74, 0x68, 0x5F, 0x69, 0x6E, 0x5F,
    0x73, 0x65, 0x63, 0x6F, 0x6E, 0x64, 0x73, 0x43, 0x06, 0x00, 0x00, 0x0A, 0x00, 0x0B, 0x64, 0x65, 0x73, 0x63, 0x72, 0x69,
    0x70, 0x74, 0x69, 0x6F, 0x6E, 0x08, 0x00, 0x09, 0x74, 0x72, 0x61, 0x6E, 0x73, 0x6C, 0x61, 0x74, 0x65, 0x00, 0x23, 0x6A,
    0x75, 0x6B, 0x65, 0x62, 0x6F, 0x78, 0x5F, 0x73, 0x6F, 0x6E, 0x67, 0x2E, 0x6D, 0x69, 0x6E, 0x65, 0x63, 0x72, 0x61, 0x66,
    0x74, 0x2E, 0x6C, 0x61, 0x76, 0x61, 0x5F, 0x63, 0x68, 0x69, 0x63, 0x6B, 0x65, 0x6E, 0x00, 0x03, 0x00, 0x11, 0x63, 0x6F,
    0x6D, 0x70, 0x61, 0x72, 0x61, 0x74, 0x6F, 0x72, 0x5F, 0x6F, 0x75, 0x74, 0x70, 0x75, 0x74, 0x00, 0x00, 0x00, 0x09, 0x00,
    0x0E, 0x6D, 0x69, 0x6E, 0x65, 0x63, 0x72, 0x61, 0x66, 0x74, 0x3A, 0x6D, 0x61, 0x6C, 0x6C, 0x01, 0x0A, 0x08, 0x00, 0x0B,
    0x73, 0x6F, 0x75, 0x6E, 0x64, 0x5F, 0x65, 0x76, 0x65, 0x6E, 0x74, 0x00, 0x19, 0x6D, 0x69, 0x6E, 0x65, 0x63, 0x72, 0x61,
    0x66, 0x74, 0x3A, 0x6D, 0x75, 0x73, 0x69, 0x63, 0x5F, 0x64, 0x69, 0x73, 0x63, 0x2E, 0x6D, 0x61, 0x6C, 0x6C, 0x05, 0x00,
    0x11, 0x6C, 0x65, 0x6E, 0x67, 0x74, 0x68, 0x5F, 0x69, 0x6E, 0x5F, 0x73, 0x65, 0x63, 0x6F, 0x6E, 0x64, 0x73, 0x43, 0x45,
    0x00, 0x00, 0x0A, 0x00, 0x0B, 0x64, 0x65, 0x73, 0x63, 0x72, 0x69, 0x70, 0x74, 0x69, 0x6F, 0x6E, 0x08, 0x00, 0x09, 0x74,
    0x72, 0x61, 0x6E, 0x73, 0x6C, 0x61, 0x74, 0x65, 0x00, 0x1B, 0x6A, 0x75, 0x6B, 0x65, 0x62, 0x6F, 0x78, 0x5F, 0x73, 0x6F,
    0x6E, 0x67, 0x2E, 0x6D, 0x69, 0x6E, 0x65, 0x63, 0x72, 0x61, 0x66, 0x74, 0x2E, 0x6D, 0x61, 0x6C, 0x6C, 0x00, 0x03, 0x00,
    0x11, 0x63, 0x6F, 0x6D, 0x70, 0x61, 0x72, 0x61, 0x74, 0x6F, 0x72, 0x5F, 0x6F, 0x75, 0x74, 0x70, 0x75, 0x74, 0x00, 0x00,
    0x00, 0x06, 0x00, 0x11, 0x6D, 0x69, 0x6E, 0x65, 0x63, 0x72, 0x61, 0x66, 0x74, 0x3A, 0x6D, 0x65, 0x6C, 0x6C, 0x6F, 0x68,
    0x69, 0x01, 0x0A, 0x08, 0x00, 0x0B, 0x73, 0x6F, 0x75, 0x6E, 0x64, 0x5F, 0x65, 0x76, 0x65, 0x6E, 0x74, 0x00, 0x1C, 0x6D,
    0x69, 0x6E, 0x65, 0x63, 0x72, 0x61, 0x66, 0x74, 0x3A, 0x6D, 0x75, 0x73, 0x69, 0x63, 0x5F, 0x64, 0x69, 0x73, 0x63, 0x2E,
    0x6D, 0x65, 0x6C, 0x6C, 0x6F, 0x68, 0x69, 0x05, 0x00, 0x11, 0x6C, 0x65, 0x6E, 0x67, 0x74, 0x68, 0x5F, 0x69, 0x6E, 0x5F,
    0x73, 0x65, 0x63, 0x6F, 0x6E, 0x64, 0x73, 0x42, 0xC0, 0x00, 0x00, 0x0A, 0x00, 0x0B, 0x64, 0x65, 0x73, 0x63, 0x72, 0x69,
    0x70, 0x74, 0x69, 0x6F, 0x6E, 0x08, 0x00, 0x09, 0x74, 0x72, 0x61, 0x6E, 0x73, 0x6C, 0x61, 0x74, 0x65, 0x00, 0x1E, 0x6A,
    0x75, 0x6B, 0x65, 0x62, 0x6F, 0x78, 0x5F, 0x73, 0x6F, 0x6E, 0x67, 0x2E, 0x6D, 0x69, 0x6E, 0x65, 0x63, 0x72, 0x61, 0x66,
    0x74, 0x2E, 0x6D, 0x65, 0x6C, 0x6C, 0x6F, 0x68, 0x69, 0x00, 0x03, 0x00, 0x11, 0x63, 0x6F, 0x6D, 0x70, 0x61, 0x72, 0x61,
    0x74, 0x6F, 0x72, 0x5F, 0x6F, 0x75, 0x74, 0x70, 0x75, 0x74, 0x00, 0x00, 0x00, 0x07, 0x00, 0x13, 0x6D, 0x69, 0x6E, 0x65,
    0x63, 0x72, 0x61, 0x66, 0x74, 0x3A, 0x6F, 0x74, 0x68, 0x65, 0x72, 0x73, 0x69, 0x64, 0x65, 0x01, 0x0A, 0x08, 0x00, 0x0B,
    0x73, 0x6F, 0x75, 0x6E, 0x64, 0x5F, 0x65, 0x76, 0x65, 0x6E, 0x74, 0x00, 0x1E, 0x6D, 0x69, 0x6E, 0x65, 0x63, 0x72, 0x61,
    0x66, 0x74, 0x3A, 0x6D, 0x75, 0x73, 0x69, 0x63, 0x5F, 0x64, 0x69, 0x73, 0x63, 0x2E, 0x6F, 0x74, 0x68, 0x65, 0x72, 0x73,
    0x69, 0x64, 0x65, 0x05, 0x00, 0x11, 0x6C, 0x65, 0x6E, 0x67, 0x74, 0x68, 0x5F, 0x69, 0x6E, 0x5F, 0x73, 0x65, 0x63, 0x6F,
    0x6E, 0x64, 0x73, 0x43, 0x43, 0x00, 0x00, 0x0A, 0x00, 0x0B, 0x64, 0x65, 0x73, 0x63, 0x72, 0x69, 0x70, 0x74, 0x69, 0x6F,
    0x6E, 0x08, 0x00, 0x09, 0x74, 0x72, 0x61, 0x6E, 0x73, 0x6C, 0x61, 0x74, 0x65, 0x00, 0x20, 0x6A, 0x75, 0x6B, 0x65, 0x62,
    0x6F, 0x78, 0x5F, 0x73, 0x6F, 0x6E, 0x67, 0x2E, 0x6D, 0x69, 0x6E, 0x65, 0x63, 0x72, 0x61, 0x66, 0x74, 0x2E, 0x6F, 0x74,
    0x68, 0x65, 0x72, 0x73, 0x69, 0x64, 0x65, 0x00, 0x03, 0x00, 0x11, 0x63, 0x6F, 0x6D, 0x70, 0x61, 0x72, 0x61, 0x74, 0x6F,
    0x72, 0x5F, 0x6F, 0x75, 0x74, 0x70, 0x75, 0x74, 0x00, 0x00, 0x00, 0x0E, 0x00, 0x11, 0x6D, 0x69, 0x6E, 0x65, 0x63, 0x72,
    0x61, 0x66, 0x74, 0x3A, 0x70, 0x69, 0x67, 0x73, 0x74, 0x65, 0x70, 0x01, 0x0A, 0x08, 0x00, 0x0B, 0x73, 0x6F, 0x75, 0x6E,
    0x64, 0x5F, 0x65, 0x76, 0x65, 0x6E, 0x74, 0x00, 0x1C, 0x6D, 0x69, 0x6E, 0x65, 0x63, 0x72, 0x61, 0x66, 0x74, 0x3A, 0x6D,
    0x75, 0x73, 0x69, 0x63, 0x5F, 0x64, 0x69, 0x73, 0x63, 0x2E, 0x70, 0x69, 0x67, 0x73, 0x74, 0x65, 0x70, 0x05, 0x00, 0x11,
    0x6C, 0x65, 0x6E, 0x67, 0x74, 0x68, 0x5F, 0x69, 0x6E, 0x5F, 0x73, 0x65, 0x63, 0x6F, 0x6E, 0x64, 0x73, 0x43, 0x15, 0x00,
    0x00, 0x0A, 0x00, 0x0B, 0x64, 0x65, 0x73, 0x63, 0x72, 0x69, 0x70, 0x74, 0x69, 0x6F, 0x6E, 0x08, 0x00, 0x09, 0x74, 0x72,
    0x61, 0x6E, 0x73, 0x6C, 0x61, 0x74, 0x65, 0x00, 0x1E, 0x6A, 0x75, 0x6B, 0x65, 0x62, 0x6F, 0x78, 0x5F, 0x73, 0x6F, 0x6E,
    0x67, 0x2E, 0x6D, 0x69, 0x6E, 0x65, 0x63, 0x72, 0x61, 0x66, 0x74, 0x2E, 0x70, 0x69, 0x67, 0x73, 0x74, 0x65, 0x70, 0x00,
    0x03, 0x00, 0x11, 0x63, 0x6F, 0x6D, 0x70, 0x61, 0x72, 0x61, 0x74, 0x6F, 0x72, 0x5F, 0x6F, 0x75, 0x74, 0x70, 0x75, 0x74,
    0x00, 0x00, 0x00, 0x0D, 0x00, 0x13, 0x6D, 0x69, 0x6E, 0x65, 0x63, 0x72, 0x61, 0x66, 0x74, 0x3A, 0x70, 0x72, 0x65, 0x63,
    0x69, 0x70, 0x69, 0x63, 0x65, 0x01, 0x0A, 0x08, 0x00, 0x0B, 0x73, 0x6F, 0x75, 0x6E, 0x64, 0x5F, 0x65, 0x76, 0x65, 0x6E,
    0x74, 0x00, 0x1E, 0x6D, 0x69, 0x6E, 0x65, 0x63, 0x72, 0x61, 0x66, 0x74, 0x3A, 0x6D, 0x75, 0x73, 0x69, 0x63, 0x5F, 0x64,
    0x69, 0x73, 0x63, 0x2E, 0x70, 0x72, 0x65, 0x63, 0x69, 0x70, 0x69, 0x63, 0x65, 0x05, 0x00, 0x11, 0x6C, 0x65, 0x6E, 0x67,
    0x74, 0x68, 0x5F, 0x69, 0x6E, 0x5F, 0x73, 0x65, 0x63, 0x6F, 0x6E, 0x64, 0x73, 0x43, 0x95, 0x80, 0x00, 0x0A, 0x00, 0x0B,
    0x64, 0x65, 0x73, 0x63, 0x72, 0x69, 0x70, 0x74, 0x69, 0x6F, 0x6E, 0x08, 0x00, 0x09, 0x74, 0x72, 0x61, 0x6E, 0x73, 0x6C,
    0x61, 0x74, 0x65, 0x00, 0x20, 0x6A, 0x75, 0x6B, 0x65, 0x62, 0x6F, 0x78, 0x5F, 0x73, 0x6F, 0x6E, 0x67, 0x2E, 0x6D, 0x69,
    0x6E, 0x65, 0x63, 0x72, 0x61, 0x66, 0x74, 0x2E, 0x70, 0x72, 0x65, 0x63, 0x69, 0x70, 0x69, 0x63, 0x65, 0x00, 0x03, 0x00,
    0x11, 0x63, 0x6F, 0x6D, 0x70, 0x61, 0x72, 0x61, 0x74, 0x6F, 0x72, 0x5F, 0x6F, 0x75, 0x74, 0x70, 0x75, 0x74, 0x00, 0x00,
    0x00, 0x0D, 0x00, 0x0F, 0x6D, 0x69, 0x6E, 0x65, 0x63, 0x72, 0x61, 0x66, 0x74, 0x3A, 0x72, 0x65, 0x6C, 0x69, 0x63, 0x01,
    0x0A, 0x08, 0x00, 0x0B, 0x73, 0x6F, 0x75, 0x6E, 0x64, 0x5F, 0x65, 0x76, 0x65, 0x6E, 0x74, 0x00, 0x1A, 0x6D, 0x69, 0x6E,
    0x65, 0x63, 0x72, 0x61, 0x66, 0x74, 0x3A, 0x6D, 0x75, 0x73, 0x69, 0x63, 0x5F, 0x64, 0x69, 0x73, 0x63, 0x2E, 0x72, 0x65,
    0x6C, 0x69, 0x63, 0x05, 0x00, 0x11, 0x6C, 0x65, 0x6E, 0x67, 0x74, 0x68, 0x5F, 0x69, 0x6E, 0x5F, 0x73, 0x65, 0x63, 0x6F,
    0x6E, 0x64, 0x73, 0x43, 0x5A, 0x00, 0x00, 0x0A, 0x00, 0x0B, 0x64, 0x65, 0x73, 0x63, 0x72, 0x69, 0x70, 0x74, 0x69, 0x6F,
    0x6E, 0x08, 0x00, 0x09, 0x74, 0x72, 0x61, 0x6E, 0x73, 0x6C, 0x61, 0x74, 0x65, 0x00, 0x1C, 0x6A, 0x75, 0x6B, 0x65, 0x62,
    0x6F, 0x78, 0x5F, 0x73, 0x6F, 0x6E, 0x67, 0x2E, 0x6D, 0x69, 0x6E, 0x65, 0x63, 0x72, 0x61, 0x66, 0x74, 0x2E, 0x72, 0x65,
    0x6C, 0x69, 0x63, 0x00, 0x03, 0x00, 0x11, 0x63, 0x6F, 0x6D, 0x70, 0x61, 0x72, 0x61, 0x74, 0x6F, 0x72, 0x5F, 0x6F, 0x75,
    0x74, 0x70, 0x75, 0x74, 0x00, 0x00, 0x00, 0x0E, 0x00, 0x0E, 0x6D, 0x69, 0x6E, 0x65, 0x63, 0x72, 0x61, 0x66, 0x74, 0x3A,
    0x73, 0x74, 0x61, 0x6C, 0x01, 0x0A, 0x08, 0x00, 0x0B, 0x73, 0x6F, 0x75, 0x6E, 0x64, 0x5F, 0x65, 0x76, 0x65, 0x6E, 0x74,
    0x00, 0x19, 0x6D, 0x69, 0x6E, 0x65, 0x63, 0x72, 0x61, 0x66, 0x74, 0x3A, 0x6D, 0x75, 0x73, 0x69, 0x63, 0x5F, 0x64, 0x69,
    0x73, 0x63, 0x2E, 0x73, 0x74, 0x61, 0x6C, 0x05, 0x00, 0x11, 0x6C, 0x65, 0x6E, 0x67, 0x74, 0x68, 0x5F, 0x69, 0x6E, 0x5F,
    0x73, 0x65, 0x63, 0x6F, 0x6E, 0x64, 0x73, 0x43, 0x16, 0x00, 0x00, 0x0A, 0x00, 0x0B, 0x64, 0x65, 0x73, 0x63, 0x72, 0x69,
    0x70, 0x74, 0x69, 0x6F, 0x6E, 0x08, 0x00, 0x09, 0x74, 0x72, 0x61, 0x6E, 0x73, 0x6C, 0x61, 0x74, 0x65, 0x00, 0x1B, 0x6A,
    0x75, 0x6B, 0x65, 0x62, 0x6F, 0x78, 0x5F, 0x73, 0x6F, 0x6E, 0x67, 0x2E, 0x6D, 0x69, 0x6E, 0x65, 0x63, 0x72, 0x61, 0x66,
    0x74, 0x2E, 0x73, 0x74, 0x61, 0x6C, 0x00, 0x03, 0x00, 0x11, 0x63, 0x6F, 0x6D, 0x70, 0x61, 0x72, 0x61, 0x74, 0x6F, 0x72,
    0x5F, 0x6F, 0x75, 0x74, 0x70, 0x75, 0x74, 0x00, 0x00, 0x00, 0x08, 0x00, 0x0F, 0x6D, 0x69, 0x6E, 0x65, 0x63, 0x72, 0x61,
    0x66, 0x74, 0x3A, 0x73, 0x74, 0x72, 0x61, 0x64, 0x01, 0x0A, 0x08, 0x00, 0x0B, 0x73, 0x6F, 0x75, 0x6E, 0x64, 0x5F, 0x65,
    0x76, 0x65, 0x6E, 0x74, 0x00, 0x1A, 0x6D, 0x69, 0x6E, 0x65, 0x63, 0x72, 0x61, 0x66, 0x74, 0x3A, 0x6D, 0x75, 0x73, 0x69,
    0x63, 0x5F, 0x64, 0x69, 0x73, 0x63, 0x2E, 0x73, 0x74, 0x72, 0x61, 0x64, 0x05, 0x00, 0x11, 0x6C, 0x65, 0x6E, 0x67, 0x74,
    0x68, 0x5F, 0x69, 0x6E, 0x5F, 0x73, 0x65, 0x63, 0x6F, 0x6E, 0x64, 0x73, 0x43, 0x3C, 0x00, 0x00, 0x0A, 0x00, 0x0B, 0x64,
    0x65, 0x73, 0x63, 0x72, 0x69, 0x70, 0x74, 0x69, 0x6F, 0x6E, 0x08, 0x00, 0x09, 0x74, 0x72, 0x61, 0x6E, 0x73, 0x6C, 0x61,
    0x74, 0x65, 0x00, 0x1C, 0x6A, 0x75, 0x6B, 0x65, 0x62, 0x6F, 0x78, 0x5F, 0x73, 0x6F, 0x6E, 0x67, 0x2E, 0x6D, 0x69, 0x6E,
    0x65, 0x63, 0x72, 0x61, 0x66, 0x74, 0x2E, 0x73, 0x74, 0x72, 0x61, 0x64, 0x00, 0x03, 0x00, 0x11, 0x63, 0x6F, 0x6D, 0x70,
    0x61, 0x72, 0x61, 0x74, 0x6F, 0x72, 0x5F, 0x6F, 0x75, 0x74, 0x70, 0x75, 0x74, 0x00, 0x00, 0x00, 0x09, 0x00, 0x0F, 0x6D,
    0x69, 0x6E, 0x65, 0x63, 0x72, 0x61, 0x66, 0x74, 0x3A, 0x74, 0x65, 0x61, 0x72, 0x73, 0x01, 0x0A, 0x08, 0x00, 0x0B, 0x73,
    0x6F, 0x75, 0x6E, 0x64, 0x5F, 0x65, 0x76, 0x65, 0x6E, 0x74, 0x00, 0x1A, 0x6D, 0x69, 0x6E, 0x65, 0x63, 0x72, 0x61, 0x66,
    0x74, 0x3A, 0x6D, 0x75, 0x73, 0x69, 0x63, 0x5F, 0x64, 0x69, 0x73, 0x63, 0x2E, 0x74, 0x65, 0x61, 0x72, 0x73, 0x05, 0x00,
    0x11, 0x6C, 0x65, 0x6E, 0x67, 0x74, 0x68, 0x5F, 0x69, 0x6E, 0x5F, 0x73, 0x65, 0x63, 0x6F, 0x6E, 0x64, 0x73, 0x43, 0x2F,
    0x00, 0x00, 0x0A, 0x00, 0x0B, 0x64, 0x65, 0x73, 0x63, 0x72, 0x69, 0x70, 0x74, 0x69, 0x6F, 0x6E, 0x08, 0x00, 0x09, 0x74,
    0x72, 0x61, 0x6E, 0x73, 0x6C, 0x61, 0x74, 0x65, 0x00, 0x1C, 0x6A, 0x75, 0x6B, 0x65, 0x62, 0x6F, 0x78, 0x5F, 0x73, 0x6F,
    0x6E, 0x67, 0x2E, 0x6D, 0x69, 0x6E, 0x65, 0x63, 0x72, 0x61, 0x66, 0x74, 0x2E, 0x74, 0x65, 0x61, 0x72, 0x73, 0x00, 0x03,
    0x00, 0x11, 0x63, 0x6F, 0x6D, 0x70, 0x61, 0x72, 0x61, 0x74, 0x6F, 0x72, 0x5F, 0x6F, 0x75, 0x74, 0x70, 0x75, 0x74, 0x00,
    0x00, 0x00, 0x0A, 0x00, 0x0E, 0x6D, 0x69, 0x6E, 0x65, 0x63, 0x72, 0x61, 0x66, 0x74, 0x3A, 0x77, 0x61, 0x69, 0x74, 0x01,
    0x0A, 0x08, 0x00, 0x0B, 0x73, 0x6F, 0x75, 0x6E, 0x64, 0x5F, 0x65, 0x76, 0x65, 0x6E, 0x74, 0x00, 0x19, 0x6D, 0x69, 0x6E,
    0x65, 0x63, 0x72, 0x61, 0x66, 0x74, 0x3A, 0x6D, 0x75, 0x73, 0x69, 0x63, 0x5F, 0x64, 0x69, 0x73, 0x63, 0x2E, 0x77, 0x61,
    0x69, 0x74, 0x05, 0x00, 0x11, 0x6C, 0x65, 0x6E, 0x67, 0x74, 0x68, 0x5F, 0x69, 0x6E, 0x5F, 0x73, 0x65, 0x63, 0x6F, 0x6E,
    0x64, 0x73, 0x43, 0x6E, 0x00, 0x00, 0x0A, 0x00, 0x0B, 0x64, 0x65, 0x73, 0x63, 0x72, 0x69, 0x70, 0x74, 0x69, 0x6F, 0x6E,
    0x08, 0x00, 0x09, 0x74, 0x72, 0x61, 0x6E, 0x73, 0x6C, 0x61, 0x74, 0x65, 0x00, 0x1B, 0x6A, 0x75, 0x6B, 0x65, 0x62, 0x6F,
    0x78, 0x5F, 0x73, 0x6F, 0x6E, 0x67, 0x2E, 0x6D, 0x69, 0x6E, 0x65, 0x63, 0x72, 0x61, 0x66, 0x74, 0x2E, 0x77, 0x61, 0x69,
    0x74, 0x00, 0x03, 0x00, 0x11, 0x63, 0x6F, 0x6D, 0x70, 0x61, 0x72, 0x61, 0x74, 0x6F, 0x72, 0x5F, 0x6F, 0x75, 0x74, 0x70,
    0x75, 0x74, 0x00, 0x00, 0x00, 0x0C, 0x00, 0x0E, 0x6D, 0x69, 0x6E, 0x65, 0x63, 0x72, 0x61, 0x66, 0x74, 0x3A, 0x77, 0x61,
    0x72, 0x64, 0x01, 0x0A, 0x08, 0x00, 0x0B, 0x73, 0x6F, 0x75, 0x6E, 0x64, 0x5F, 0x65, 0x76, 0x65, 0x6E, 0x74, 0x00, 0x19,
    0x6D, 0x69, 0x6E, 0x65, 0x63, 0x72, 0x61, 0x66, 0x74, 0x3A, 0x6D, 0x75, 0x73, 0x69, 0x63, 0x5F, 0x64, 0x69, 0x73, 0x63,
    0x2E, 0x77, 0x61, 0x72, 0x64, 0x05, 0x00, 0x11, 0x6C, 0x65, 0x6E, 0x67, 0x74, 0x68, 0x5F, 0x69, 0x6E, 0x5F, 0x73, 0x65,
    0x63, 0x6F, 0x6E, 0x64, 0x73, 0x43, 0x7B, 0x00, 0x00, 0x0A, 0x00, 0x0B, 0x64, 0x65, 0x73, 0x63, 0x72, 0x69, 0x70, 0x74,
    0x69, 0x6F, 0x6E, 0x08, 0x00, 0x09, 0x74, 0x72, 0x61, 0x6E, 0x73, 0x6C, 0x61, 0x74, 0x65, 0x00, 0x1B, 0x6A, 0x75, 0x6B,
    0x65, 0x62, 0x6F, 0x78, 0x5F, 0x73, 0x6F, 0x6E, 0x67, 0x2E, 0x6D, 0x69, 0x6E, 0x65, 0x63, 0x72, 0x61, 0x66, 0x74, 0x2E,
    0x77, 0x61, 0x72, 0x64, 0x00, 0x03, 0x00, 0x11, 0x63, 0x6F, 0x6D, 0x70, 0x61, 0x72, 0x61, 0x74, 0x6F, 0x72, 0x5F, 0x6F,
    0x75, 0x74, 0x70, 0x75, 0x74, 0x00, 0x00, 0x00, 0x0A, 0x00
};

inline constexpr uint8_t config_packet_25[] = { 0xFB, 0x0A, 0x07, 0x14, 0x6D, 0x69, 0x6E, 0x65, 0x63, 0x72, 0x61, 0x66, 0x74, 0x3A, 0x69, 0x6E, 0x73, 0x74, 0x72, 0x75, 0x6D, 0x65, 0x6E, 0x74, 0x08, 0x1A, 0x6D, 0x69, 0x6E, 0x65, 0x63, 0x72, 0x61, 0x66, 0x74, 0x3A, 0x61, 0x64, 0x6D, 0x69, 0x72, 0x65, 0x5F, 0x67, 0x6F, 0x61, 0x74, 0x5F, 0x68, 0x6F, 0x72, 0x6E, 0x01, 0x0A, 0x08, 0x00, 0x0B, 0x73, 0x6F, 0x75, 0x6E, 0x64, 0x5F, 0x65, 0x76, 0x65, 0x6E, 0x74, 0x00, 0x20, 0x6D, 0x69, 0x6E, 0x65, 0x63, 0x72, 0x61, 0x66, 0x74, 0x3A, 0x69, 0x74, 0x65, 0x6D, 0x2E, 0x67, 0x6F, 0x61, 0x74, 0x5F, 0x68, 0x6F, 0x72, 0x6E, 0x2E, 0x73, 0x6F, 0x75, 0x6E, 0x64, 0x2E, 0x34, 0x05, 0x00, 0x05, 0x72, 0x61, 0x6E, 0x67, 0x65, 0x43, 0x80, 0x00, 0x00, 0x0A, 0x00, 0x0B, 0x64, 0x65, 0x73, 0x63, 0x72, 0x69, 0x70, 0x74, 0x69, 0x6F, 0x6E, 0x08, 0x00, 0x09, 0x74, 0x72, 0x61, 0x6E, 0x73, 0x6C, 0x61, 0x74, 0x65, 0x00, 0x25, 0x69, 0x6E, 0x73, 0x74, 0x72, 0x75, 0x6D, 0x65, 0x6E, 0x74, 0x2E, 0x6D, 0x69, 0x6E, 0x65, 0x63, 0x72, 0x61, 0x66, 0x74, 0x2E, 0x61, 0x64, 0x6D, 0x69, 0x72, 0x65, 0x5F, 0x67, 0x6F, 0x61, 0x74, 0x5F, 0x68, 0x6F, 0x72, 0x6E, 0x00, 0x05, 0x00, 0x0C, 0x75, 0x73, 0x65, 0x5F, 0x64, 0x75, 0x72, 0x61, 0x74, 0x69, 0x6F, 0x6E, 0x40, 0xE0, 0x00, 0x00, 0x00, 0x18, 0x6D, 0x69, 0x6E, 0x65, 0x63, 0x72, 0x61, 0x66, 0x74, 0x3A, 0x63, 0x61, 0x6C, 0x6C, 0x5F, 0x67, 0x6F, 0x61, 0x74, 0x5F, 0x68, 0x6F, 0x72, 0x6E, 0x01, 0x0A, 0x08, 0x00, 0x0B, 0x73, 0x6F, 0x75, 0x6E, 0x64, 0x5F, 0x65, 0x76, 0x65, 0x6E, 0x74, 0x00, 0x20, 0x6D, 0x69, 0x6E, 0x65, 0x63, 0x72, 0x61, 0x66, 0x74, 0x3A, 0x69, 0x74, 0x65, 0x6D, 0x2E, 0x67, 0x6F, 0x61, 0x74, 0x5F, 0x68, 0x6F, 0x72, 0x6E, 0x2E, 0x73, 0x6F, 0x75, 0x6E, 0x64, 0x2E, 0x35, 0x05, 0x00, 0x05, 0x72, 0x61, 0x6E, 0x67, 0x65, 0x43, 0x80, 0x00, 0x00, 0x0A, 0x00, 0x0B, 0x64, 0x65, 0x73, 0x63, 0x72, 0x69, 0x70, 0x74, 0x69, 0x6F, 0x6E, 0x08, 0x00, 0x09, 0x74, 0x72, 0x61, 0x6E, 0x73, 0x6C, 0x61, 0x74, 0x65, 0x00, 0x23, 0x69, 0x6E, 0x73, 0x74, 0x72, 0x75, 0x6D, 0x65, 0x6E, 0x74, 0x2E, 0x6D, 0x69, 0x6E, 0x65, 0x63, 0x72, 0x61, 0x66, 0x74, 0x2E, 0x63, 0x61, 0x6C, 0x6C, 0x5F, 0x67, 0x6F, 0x61, 0x74, 0x5F, 0x68, 0x6F, 0x72, 0x6E, 0x00, 0x05, 0x00, 0x0C, 0x75, 0x73, 0x65, 0x5F, 0x64, 0x75, 0x72, 0x61, 0x74, 0x69, 0x6F, 0x6E, 0x40, 0xE0, 0x00, 0x00, 0x00, 0x19, 0x6D, 0x69, 0x6E, 0x65, 0x63, 0x72, 0x61, 0x66, 0x74, 0x3A, 0x64, 0x72, 0x65, 0x61, 0x6D, 0x5F, 0x67, 0x6F, 0x61, 0x74, 0x5F, 0x68, 0x6F, 0x72, 0x6E, 0x01, 0x0A, 0x08, 0x00, 0x0B, 0x73, 0x6F, 0x75, 0x6E, 0x64, 0x5F, 0x65, 0x76, 0x65, 0x6E, 0x74, 0x00, 0x20, 0x6D, 0x69, 0x6E, 0x65, 0x63, 0x72, 0x61, 0x66, 0x74, 0x3A, 0x69, 0x74, 0x65, 0x6D, 0x2E, 0x67, 0x6F, 0x61, 0x74, 0x5F, 0x68, 0x6F, 0x72, 0x6E, 0x2E, 0x73, 0x6F, 0x75, 0x6E, 0x64, 0x2E, 0x37, 0x05, 0x00, 0x05, 0x72, 0x61, 0x6E, 0x67, 0x65, 0x43, 0x80, 0x00, 0x00, 0x0A, 0x00, 0x0B, 0x64, 0x65, 0x73, 0x63, 0x72, 0x69, 0x70, 0x74, 0x69, 0x6F, 0x6E, 0x08, 0x00, 0x09, 0x74, 0x72, 0x61, 0x6E, 0x73, 0x6C, 0x61, 0x74, 0x65, 0x00, 0x24, 0x69, 0x6E, 0x73, 0x74, 0x72, 0x75, 0x6D, 0x65, 0x6E, 0x74, 0x2E, 0x6D, 0x69, 0x6E, 0x65, 0x63, 0x72, 0x61, 0x66, 0x74, 0x2E, 0x64, 0x72, 0x65, 0x61, 0x6D, 0x5F, 0x67, 0x6F, 0x61, 0x74, 0x5F, 0x68, 0x6F, 0x72, 0x6E, 0x00, 0x05, 0x00, 0x0C, 0x75, 0x73, 0x65, 0x5F, 0x64, 0x75, 0x72, 0x61, 0x74, 0x69, 0x6F, 0x6E, 0x40, 0xE0, 0x00, 0x00, 0x00, 0x18, 0x6D, 0x69, 0x6E, 0x65, 0x63, 0x72, 0x61, 0x66, 0x74, 0x3A, 0x66, 0x65, 0x65, 0x6C, 0x5F, 0x67, 0x6F, 0x61, 0x74, 0x5F, 0x68, 0x6F, 0x72, 0x6E, 0x01, 0x0A, 0x08, 0x00, 0x0B, 0x73, 0x6F, 0x75, 0x6E, 0x64, 0x5F, 0x65, 0x76, 0x65, 0x6E, 0x74, 0x00, 0x20, 0x6D, 0x69, 0x6E, 0x65, 0x63, 0x72, 0x61, 0x66, 0x74, 0x3A, 0x69, 0x74, 0x65, 0x6D, 0x2E, 0x67, 0x6F, 0x61, 0x74, 0x5F, 0x68, 0x6F, 0x72, 0x6E, 0x2E, 0x73, 0x6F, 0x75, 0x6E, 0x64, 0x2E, 0x33, 0x05, 0x00, 0x05, 0x72, 0x61, 0x6E, 0x67, 0x65, 0x43, 0x80, 0x00, 0x00, 0x0A, 0x00, 0x0B, 0x64, 0x65, 0x73, 0x63, 0x72, 0x69, 0x70, 0x74, 0x69, 0x6F, 0x6E, 0x08, 0x00, 0x09, 0x74, 0x72, 0x61, 0x6E, 0x73, 0x6C, 0x61, 0x74, 0x65, 0x00, 0x23, 0x69, 0x6E, 0x73, 0x74, 0x72, 0x75, 0x6D, 0x65, 0x6E, 0x74, 0x2E, 0x6D, 0x69, 0x6E, 0x65, 0x63, 0x72, 0x61, 0x66, 0x74, 0x2E, 0x66, 0x65, 0x65, 0x6C, 0x5F, 0x67, 0x6F, 0x61, 0x74, 0x5F, 0x68, 0x6F, 0x72, 0x6E, 0x00, 0x05, 0x00, 0x0C, 0x75, 0x73, 0x65, 0x5F, 0x64, 0x75, 0x72, 0x61, 0x74, 0x69, 0x6F, 0x6E, 0x40, 0xE0, 0x00, 0x00, 0x00, 0x1A, 0x6D, 0x69, 0x6E, 0x65, 0x63, 0x72, 0x61, 0x66, 0x74, 0x3A, 0x70, 0x6F, 0x6E, 0x64, 0x65, 0x72, 0x5F, 0x67, 0x6F, 0x61, 0x74, 0x5F, 0x68, 0x6F, 0x72, 0x6E, 0x01, 0x0A, 0x08, 0x00, 0x0B, 0x73, 0x6F, 0x75, 0x6E, 0x64, 0x5F, 0x65, 0x76, 0x65, 0x6E, 0x74, 0x00, 0x20, 0x6D, 0x69, 0x6E, 0x65, 0x63, 0x72, 0x61, 0x66, 0x74, 0x3A, 0x69, 0x74, 0x65, 0x6D, 0x2E, 0x67, 0x6F, 0x61, 0x74, 0x5F, 0x68, 0x6F, 0x72, 0x6E, 0x2E, 0x73, 0x6F, 0x75, 0x6E, 0x64, 0x2E, 0x30, 0x05, 0x00, 0x05, 0x72, 0x61, 0x6E, 0x67, 0x65, 0x43, 0x80, 0x00, 0x00, 0x0A, 0x00, 0x0B, 0x64, 0x65, 0x73, 0x63, 0x72, 0x69, 0x70, 0x74, 0x69, 0x6F, 0x6E, 0x08, 0x00, 0x09, 0x74, 0x72, 0x61, 0x6E, 0x73, 0x6C, 0x61, 0x74, 0x65, 0x00, 0x25, 0x69, 0x6E, 0x73, 0x74, 0x72, 0x75, 0x6D, 0x65, 0x6E, 0x74, 0x2E, 0x6D, 0x69, 0x6E, 0x65, 0x63, 0x72, 0x61, 0x66, 0x74, 0x2E, 0x70, 0x6F, 0x6E, 0x64, 0x65, 0x72, 0x5F, 0x67, 0x6F, 0x61, 0x74, 0x5F, 0x68, 0x6F, 0x72, 0x6E, 0x00, 0x05, 0x00, 0x0C, 0x75, 0x73, 0x65, 0x5F, 0x64, 0x75, 0x72, 0x61, 0x74, 0x69, 0x6F, 0x6E, 0x40, 0xE0, 0x00, 0x00, 0x00, 0x18, 0x6D, 0x69, 0x6E, 0x65, 0x63, 0x72, 0x61, 0x66, 0x74, 0x3A, 0x73, 0x65, 0x65, 0x6B, 0x5F, 0x67, 0x6F, 0x61, 0x74, 0x5F, 0x68, 0x6F, 0x72, 0x6E, 0x01, 0x0A, 0x08, 0x00, 0x0B, 0x73, 0x6F, 0x75, 0x6E, 0x64, 0x5F, 0x65, 0x76, 0x65, 0x6E, 0x74, 0x00, 0x20, 0x6D, 0x69, 0x6E, 0x65, 0x63, 0x72, 0x61, 0x66, 0x74, 0x3A, 0x69, 0x74, 0x65, 0x6D, 0x2E, 0x67, 0x6F, 0x61, 0x74, 0x5F, 0x68, 0x6F, 0x72, 0x6E, 0x2E, 0x73, 0x6F, 0x75, 0x6E, 0x64, 0x2E, 0x32, 0x05, 0x00, 0x05, 0x72, 0x61, 0x6E, 0x67, 0x65, 0x43, 0x80, 0x00, 0x00, 0x0A, 0x00, 0x0B, 0x64, 0x65, 0x73, 0x63, 0x72, 0x69, 0x70, 0x74, 0x69, 0x6F, 0x6E, 0x08, 0x00, 0x09, 0x74, 0x72, 0x61, 0x6E, 0x73, 0x6C, 0x61, 0x74, 0x65, 0x00, 0x23, 0x69, 0x6E, 0x73, 0x74, 0x72, 0x75, 0x6D, 0x65, 0x6E, 0x74, 0x2E, 0x6D, 0x69, 0x6E, 0x65, 0x63, 0x72, 0x61, 0x66, 0x74, 0x2E, 0x73, 0x65, 0x65, 0x6B, 0x5F, 0x67, 0x6F, 0x61, 0x74, 0x5F, 0x68, 0x6F, 0x72, 0x6E, 0x00, 0x05, 0x00, 0x0C, 0x75, 0x73, 0x65, 0x5F, 0x64, 0x75, 0x72, 0x61, 0x74, 0x69, 0x6F, 0x6E, 0x40, 0xE0, 0x00, 0x00, 0x00, 0x18, 0x6D, 0x69, 0x6E, 0x65, 0x63, 0x72, 0x61, 0x66, 0x74, 0x3A, 0x73, 0x69, 0x6E, 0x67, 0x5F, 0x67, 0x6F, 0x61, 0x74, 0x5F, 0x68, 0x6F, 0x72, 0x6E, 0x01, 0x0A, 0x08, 0x00, 0x0B, 0x73, 0x6F, 0x75, 0x6E, 0x64, 0x5F, 0x65, 0x76, 0x65, 0x6E, 0x74, 0x00, 0x20, 0x6D, 0x69, 0x6E, 0x65, 0x63, 0x72, 0x61, 0x66, 0x74, 0x3A, 0x69, 0x74, 0x65, 0x6D, 0x2E, 0x67, 0x6F, 0x61, 0x74, 0x5F, 0x68, 0x6F, 0x72, 0x6E, 0x2E, 0x73, 0x6F, 0x75, 0x6E, 0x64, 0x2E, 0x31, 0x05, 0x00, 0x05, 0x72, 0x61, 0x6E, 0x67, 0x65, 0x43, 0x80, 0x00, 0x00, 0x0A, 0x00, 0x0B, 0x64, 0x65, 0x73, 0x63, 0x72, 0x69, 0x70, 0x74, 0x69, 0x6F, 0x6E, 0x08, 0x00, 0x09, 0x74, 0x72, 0x61, 0x6E, 0x73, 0x6C, 0x61, 0x74, 0x65, 0x00, 0x23, 0x69, 0x6E, 0x73, 0x74, 0x72, 0x75, 0x6D, 0x65, 0x6E, 0x74, 0x2E, 0x6D, 0x69, 0x6E, 0x65, 0x63, 0x72, 0x61, 0x66, 0x74, 0x2E, 0x73, 0x69, 0x6E, 0x67, 0x5F, 0x67, 0x6F, 0x61, 0x74, 0x5F, 0x68, 0x6F, 0x72, 0x6E, 0x00, 0x05, 0x00, 0x0C, 0x75, 0x73, 0x65, 0x5F, 0x64, 0x75, 0x72, 0x61, 0x74, 0x69, 0x6F, 0x6E, 0x40, 0xE0, 0x00, 0x00, 0x00, 0x19, 0x6D, 0x69, 0x6E, 0x65, 0x63, 0x72, 0x61, 0x66, 0x74, 0x3A, 0x79, 0x65, 0x61, 0x72, 0x6E, 0x5F, 0x67, 0x6F, 0x61, 0x74, 0x5F, 0x68, 0x6F, 0x72, 0x6E, 0x01, 0x0A, 0x08, 0x00, 0x0B, 0x73, 0x6F, 0x75, 0x6E, 0x64, 0x5F, 0x65, 0x76, 0x65, 0x6E, 0x74, 0x00, 0x20, 0x6D, 0x69, 0x6E, 0x65, 0x63, 0x72, 0x61, 0x66, 0x74, 0x3A, 0x69, 0x74, 0x65, 0x6D, 0x2E, 0x67, 0x6F, 0x61, 0x74, 0x5F, 0x68, 0x6F, 0x72, 0x6E, 0x2E, 0x73, 0x6F, 0x75, 0x6E, 0x64, 0x2E, 0x36, 0x05, 0x00, 0x05, 0x72, 0x61, 0x6E, 0x67, 0x65, 0x43, 0x80, 0x00, 0x00, 0x0A, 0x00, 0x0B, 0x64, 0x65, 0x73, 0x63, 0x72, 0x69, 0x70, 0x74, 0x69, 0x6F, 0x6E, 0x08, 0x00, 0x09, 0x74, 0x72, 0x61, 0x6E, 0x73, 0x6C, 0x61, 0x74, 0x65, 0x00, 0x24, 0x69, 0x6E, 0x73, 0x74, 0x72, 0x75, 0x6D, 0x65, 0x6E, 0x74, 0x2E, 0x6D, 0x69, 0x6E, 0x65, 0x63, 0x72, 0x61, 0x66, 0x74, 0x2E, 0x79, 0x65, 0x61, 0x72, 0x6E, 0x5F, 0x67, 0x6F, 0x61, 0x74, 0x5F, 0x68, 0x6F, 0x72, 0x6E, 0x00, 0x05, 0x00, 0x0C, 0x75, 0x73, 0x65, 0x5F, 0x64, 0x75, 0x72, 0x61, 0x74, 0x69, 0x6F, 0x6E, 0x40, 0xE0, 0x00, 0x00, 0x00 };

inline constexpr uint8_t config_packet_26[] = { 0x5E, 0x07, 0x1A, 0x6D, 0x69, 0x6E, 0x65, 0x63, 0x72, 0x61, 0x66, 0x74, 0x3A, 0x74, 0x65, 0x73, 0x74, 0x5F, 0x65, 0x6E, 0x76, 0x69, 0x72, 0x6F, 0x6E, 0x6D, 0x65, 0x6E, 0x74, 0x01, 0x11, 0x6D, 0x69, 0x6E, 0x65, 0x63, 0x72, 0x61, 0x66, 0x74, 0x3A, 0x64, 0x65, 0x66, 0x61, 0x75, 0x6C, 0x74, 0x01, 0x0A, 0x08, 0x00, 0x04, 0x74, 0x79, 0x70, 0x65, 0x00, 0x10, 0x6D, 0x69, 0x6E, 0x65, 0x63, 0x72, 0x61, 0x66, 0x74, 0x3A, 0x61, 0x6C, 0x6C, 0x5F, 0x6F, 0x66, 0x09, 0x00, 0x0B, 0x64, 0x65, 0x66, 0x69, 0x6E, 0x69, 0x74, 0x69, 0x6F, 0x6E, 0x73, 0x00, 0x00, 0x00, 0x00, 0x00, 0x00 };

inline constexpr uint8_t config_packet_27[] = { 0xDC, 0x01, 0x07, 0x17, 0x6D, 0x69, 0x6E, 0x65, 0x63, 0x72, 0x61, 0x66, 0x74, 0x3A, 0x74, 0x65, 0x73, 0x74, 0x5F, 0x69, 0x6E, 0x73, 0x74, 0x61, 0x6E, 0x63, 0x65, 0x01, 0x15, 0x6D, 0x69, 0x6E, 0x65, 0x63, 0x72, 0x61, 0x66, 0x74, 0x3A, 0x61, 0x6C, 0x77, 0x61, 0x79, 0x73, 0x5F, 0x70, 0x61, 0x73, 0x73, 0x01, 0x0A, 0x08, 0x00, 0x0B, 0x65, 0x6E, 0x76, 0x69, 0x72, 0x6F, 0x6E, 0x6D, 0x65, 0x6E, 0x74, 0x00, 0x11, 0x6D, 0x69, 0x6E, 0x65, 0x63, 0x72, 0x61, 0x66, 0x74, 0x3A, 0x64, 0x65, 0x66, 0x61, 0x75, 0x6C, 0x74, 0x08, 0x00, 0x08, 0x66, 0x75, 0x6E, 0x63, 0x74, 0x69, 0x6F, 0x6E, 0x00, 0x15, 0x6D, 0x69, 0x6E, 0x65, 0x63, 0x72, 0x61, 0x66, 0x74, 0x3A, 0x61, 0x6C, 0x77, 0x61, 0x79, 0x73, 0x5F, 0x70, 0x61, 0x73, 0x73, 0x03, 0x00, 0x09, 0x6D, 0x61, 0x78, 0x5F, 0x74, 0x69, 0x63, 0x6B, 0x73, 0x00, 0x00, 0x00, 0x01, 0x08, 0x00, 0x04, 0x74, 0x79, 0x70, 0x65, 0x00, 0x12, 0x6D, 0x69, 0x6E, 0x65, 0x63, 0x72, 0x61, 0x66, 0x74, 0x3A, 0x66, 0x75, 0x6E, 0x63, 0x74, 0x69, 0x6F, 0x6E, 0x08, 0x00, 0x09, 0x73, 0x74, 0x72, 0x75, 0x63, 0x74, 0x75, 0x72, 0x65, 0x00, 0x0F, 0x6D, 0x69, 0x6E, 0x65, 0x63, 0x72, 0x61, 0x66, 0x74, 0x3A, 0x65, 0x6D, 0x70, 0x74, 0x79, 0x01, 0x00, 0x08, 0x72, 0x65, 0x71, 0x75, 0x69, 0x72, 0x65, 0x64, 0x00, 0x03, 0x00, 0x0B, 0x73, 0x65, 0x74, 0x75, 0x70, 0x5F, 0x74, 0x69, 0x63, 0x6B, 0x73, 0x00, 0x00, 0x00, 0x01, 0x00 };

inline constexpr uint8_t config_packet_28[] = { 0xC4, 0x06, 0x07, 0x10, 0x6D, 0x69, 0x6E, 0x65, 0x63, 0x72, 0x61, 0x66, 0x74, 0x3A, 0x64, 0x69, 0x61, 0x6C, 0x6F, 0x67, 0x03, 0x18, 0x6D, 0x69, 0x6E, 0x65, 0x63, 0x72, 0x61, 0x66, 0x74, 0x3A, 0x63, 0x75, 0x73, 0x74, 0x6F, 0x6D, 0x5F, 0x6F, 0x70, 0x74, 0x69, 0x6F, 0x6E, 0x73, 0x01, 0x0A, 0x0A, 0x00, 0x0E, 0x65, 0x78, 0x74, 0x65, 0x72, 0x6E, 0x61, 0x6C, 0x5F, 0x74, 0x69, 0x74, 0x6C, 0x65, 0x08, 0x00, 0x09, 0x74, 0x72, 0x61, 0x6E, 0x73, 0x6C, 0x61, 0x74, 0x65, 0x00, 0x13, 0x6D, 0x65, 0x6E, 0x75, 0x2E, 0x63, 0x75, 0x73, 0x74, 0x6F, 0x6D, 0x5F, 0x6F, 0x70, 0x74, 0x69, 0x6F, 0x6E, 0x73, 0x00, 0x03, 0x00, 0x0C, 0x62, 0x75, 0x74, 0x74, 0x6F, 0x6E, 0x5F, 0x77, 0x69, 0x64, 0x74, 0x68, 0x00, 0x00, 0x01, 0x36, 0x03, 0x00, 0x07, 0x63, 0x6F, 0x6C, 0x75, 0x6D, 0x6E, 0x73, 0x00, 0x00, 0x00, 0x01, 0x0A, 0x00, 0x0B, 0x65, 0x78, 0x69, 0x74, 0x5F, 0x61, 0x63, 0x74, 0x69, 0x6F, 0x6E, 0x03, 0x00, 0x05, 0x77, 0x69, 0x64, 0x74, 0x68, 0x00, 0x00, 0x00, 0xC8, 0x0A, 0x00, 0x05, 0x6C, 0x61, 0x62, 0x65, 0x6C, 0x08, 0x00, 0x09, 0x74, 0x72, 0x61, 0x6E, 0x73, 0x6C, 0x61, 0x74, 0x65, 0x00, 0x08, 0x67, 0x75, 0x69, 0x2E, 0x62, 0x61, 0x63, 0x6B, 0x00, 0x00, 0x0A, 0x00, 0x05, 0x74, 0x69, 0x74, 0x6C, 0x65, 0x08, 0x00, 0x09, 0x74, 0x72, 0x61, 0x6E, 0x73, 0x6C, 0x61, 0x74, 0x65, 0x00, 0x19, 0x6D, 0x65, 0x6E, 0x75, 0x2E, 0x63, 0x75, 0x73, 0x74, 0x6F, 0x6D, 0x5F, 0x6F, 0x70, 0x74, 0x69, 0x6F, 0x6E, 0x73, 0x2E, 0x74, 0x69, 0x74, 0x6C, 0x65, 0x00, 0x08, 0x00, 0x04, 0x74, 0x79, 0x70, 0x65, 0x00, 0x15, 0x6D, 0x69, 0x6E, 0x65, 0x63, 0x72, 0x61, 0x66, 0x74, 0x3A, 0x64, 0x69, 0x61, 0x6C, 0x6F, 0x67, 0x5F, 0x6C, 0x69, 0x73, 0x74, 0x08, 0x00, 0x07, 0x64, 0x69, 0x61, 0x6C, 0x6F, 0x67, 0x73, 0x00, 0x21, 0x23, 0x6D, 0x69, 0x6E, 0x65, 0x63, 0x72, 0x61, 0x66, 0x74, 0x3A, 0x70, 0x61, 0x75, 0x73, 0x65, 0x5F, 0x73, 0x63, 0x72, 0x65, 0x65, 0x6E, 0x5F, 0x61, 0x64, 0x64, 0x69, 0x74, 0x69, 0x6F, 0x6E, 0x73, 0x00, 0x17, 0x6D, 0x69, 0x6E, 0x65, 0x63, 0x72, 0x61, 0x66, 0x74, 0x3A, 0x71, 0x75, 0x69, 0x63, 0x6B, 0x5F, 0x61, 0x63, 0x74, 0x69, 0x6F, 0x6E, 0x73, 0x01, 0x0A, 0x0A, 0x00, 0x0E, 0x65, 0x78, 0x74, 0x65, 0x72, 0x6E, 0x61, 0x6C, 0x5F, 0x74, 0x69, 0x74, 0x6C, 0x65, 0x08, 0x00, 0x09, 0x74, 0x72, 0x61, 0x6E, 0x73, 0x6C, 0x61, 0x74, 0x65, 0x00, 0x12, 0x6D, 0x65, 0x6E, 0x75, 0x2E, 0x71, 0x75, 0x69, 0x63, 0x6B, 0x5F, 0x61, 0x63, 0x74, 0x69, 0x6F, 0x6E, 0x73, 0x00, 0x03, 0x00, 0x0C, 0x62, 0x75, 0x74, 0x74, 0x6F, 0x6E, 0x5F, 0x77, 0x69, 0x64, 0x74, 0x68, 0x00, 0x00, 0x01, 0x36, 0x03, 0x00, 0x07, 0x63, 0x6F, 0x6C, 0x75, 0x6D, 0x6E, 0x73, 0x00, 0x00, 0x00, 0x01, 0x0A, 0x00, 0x0B, 0x65, 0x78, 0x69, 0x74, 0x5F, 0x61, 0x63, 0x74, 0x69, 0x6F, 0x6E, 0x03, 0x00, 0x05, 0x77, 0x69, 0x64, 0x74, 0x68, 0x00, 0x00, 0x00, 0xC8, 0x0A, 0x00, 0x05, 0x6C, 0x61, 0x62, 0x65, 0x6C, 0x08, 0x00, 0x09, 0x74, 0x72, 0x61, 0x6E, 0x73, 0x6C, 0x61, 0x74, 0x65, 0x00, 0x08, 0x67, 0x75, 0x69, 0x2E, 0x62, 0x61, 0x63, 0x6B, 0x00, 0x00, 0x0A, 0x00, 0x05, 0x74, 0x69, 0x74, 0x6C, 0x65, 0x08, 0x00, 0x09, 0x74, 0x72, 0x61, 0x6E, 0x73, 0x6C, 0x61, 0x74, 0x65, 0x00, 0x18, 0x6D, 0x65, 0x6E, 0x75, 0x2E, 0x71, 0x75, 0x69, 0x63, 0x6B, 0x5F, 0x61, 0x63, 0x74, 0x69, 0x6F, 0x6E, 0x73, 0x2E, 0x74, 0x69, 0x74, 0x6C, 0x65, 0x00, 0x08, 0x00, 0x04, 0x74, 0x79, 0x70, 0x65, 0x00, 0x15, 0x6D, 0x69, 0x6E, 0x65, 0x63, 0x72, 0x61, 0x66, 0x74, 0x3A, 0x64, 0x69, 0x61, 0x6C, 0x6F, 0x67, 0x5F, 0x6C, 0x69, 0x73, 0x74, 0x08, 0x00, 0x07, 0x64, 0x69, 0x61, 0x6C, 0x6F, 0x67, 0x73, 0x00, 0x18, 0x23, 0x6D, 0x69, 0x6E, 0x65, 0x63, 0x72, 0x61, 0x66, 0x74, 0x3A, 0x71, 0x75, 0x69, 0x63, 0x6B, 0x5F, 0x61, 0x63, 0x74, 0x69, 0x6F, 0x6E, 0x73, 0x00, 0x16, 0x6D, 0x69, 0x6E, 0x65, 0x63, 0x72, 0x61, 0x66, 0x74, 0x3A, 0x73, 0x65, 0x72, 0x76, 0x65, 0x72, 0x5F, 0x6C, 0x69, 0x6E, 0x6B, 0x73, 0x01, 0x0A, 0x0A, 0x00, 0x0E, 0x65, 0x78, 0x74, 0x65, 0x72, 0x6E, 0x61, 0x6C, 0x5F, 0x74, 0x69, 0x74, 0x6C, 0x65, 0x08, 0x00, 0x09, 0x74, 0x72, 0x61, 0x6E, 0x73, 0x6C, 0x61, 0x74, 0x65, 0x00, 0x11, 0x6D, 0x65, 0x6E, 0x75, 0x2E, 0x73, 0x65, 0x72, 0x76, 0x65, 0x72, 0x5F, 0x6C, 0x69, 0x6E, 0x6B, 0x73, 0x00, 0x03, 0x00, 0x0C, 0x62, 0x75, 0x74, 0x74, 0x6F, 0x6E, 0x5F, 0x77, 0x69, 0x64, 0x74, 0x68, 0x00, 0x00, 0x01, 0x36, 0x03, 0x00, 0x07, 0x63, 0x6F, 0x6C, 0x75, 0x6D, 0x6E, 0x73, 0x00, 0x00, 0x00, 0x01, 0x0A, 0x00, 0x0B, 0x65, 0x78, 0x69, 0x74, 0x5F, 0x61, 0x63, 0x74, 0x69, 0x6F, 0x6E, 0x03, 0x00, 0x05, 0x77, 0x69, 0x64, 0x74, 0x68, 0x00, 0x00, 0x00, 0xC8, 0x0A, 0x00, 0x05, 0x6C, 0x61, 0x62, 0x65, 0x6C, 0x08, 0x00, 0x09, 0x74, 0x72, 0x61, 0x6E, 0x73, 0x6C, 0x61, 0x74, 0x65, 0x00, 0x08, 0x67, 0x75, 0x69, 0x2E, 0x62, 0x61, 0x63, 0x6B, 0x00, 0x00, 0x0A, 0x00, 0x05, 0x74, 0x69, 0x74, 0x6C, 0x65, 0x08, 0x00, 0x09, 0x74, 0x72, 0x61, 0x6E, 0x73, 0x6C, 0x61, 0x74, 0x65, 0x00, 0x17, 0x6D, 0x65, 0x6E, 0x75, 0x2E, 0x73, 0x65, 0x72, 0x76, 0x65, 0x72, 0x5F, 0x6C, 0x69, 0x6E, 0x6B, 0x73, 0x2E, 0x74, 0x69, 0x74, 0x6C, 0x65, 0x00, 0x08, 0x00, 0x04, 0x74, 0x79, 0x70, 0x65, 0x00, 0x16, 0x6D, 0x69, 0x6E, 0x65, 0x63, 0x72, 0x61, 0x66, 0x74, 0x3A, 0x73, 0x65, 0x72, 0x76, 0x65, 0x72, 0x5F, 0x6C, 0x69, 0x6E, 0x6B, 0x73, 0x00 };

inline constexpr uint8_t config_packet_29[] = { 0x44, 0x07, 0x15, 0x6D, 0x69, 0x6E, 0x65, 0x63, 0x72, 0x61, 0x66, 0x74, 0x3A, 0x77, 0x6F, 0x72, 0x6C, 0x64, 0x5F, 0x63, 0x6C, 0x6F, 0x63, 0x6B, 0x02, 0x13, 0x6D, 0x69, 0x6E, 0x65, 0x63, 0x72, 0x61, 0x66, 0x74, 0x3A, 0x6F, 0x76, 0x65, 0x72, 0x77, 0x6F, 0x72, 0x6C, 0x64, 0x01, 0x0A, 0x00, 0x11, 0x6D, 0x69, 0x6E, 0x65, 0x63, 0x72, 0x61, 0x66, 0x74, 0x3A, 0x74, 0x68, 0x65, 0x5F, 0x65, 0x6E, 0x64, 0x01, 0x0A, 0x00 };

inline constexpr uint8_t config_packet_30[] = { 0x9F, 0x20, 0x07, 0x12, 0x6D, 0x69, 0x6E, 0x65, 0x63, 0x72, 0x61, 0x66, 0x74, 0x3A, 0x74, 0x69, 0x6D, 0x65, 0x6C, 0x69, 0x6E, 0x65, 0x04, 0x0D, 0x6D, 0x69, 0x6E, 0x65, 0x63, 0x72, 0x61, 0x66, 0x74, 0x3A, 0x64, 0x61, 0x79, 0x01, 0x0A, 0x0A, 0x00, 0x0C, 0x74, 0x69, 0x6D, 0x65, 0x5F, 0x6D, 0x61, 0x72, 0x6B, 0x65, 0x72, 0x73, 0x0A, 0x00, 0x12, 0x6D, 0x69, 0x6E, 0x65, 0x63, 0x72, 0x61, 0x66, 0x74, 0x3A, 0x6D, 0x69, 0x64, 0x6E, 0x69, 0x67, 0x68, 0x74, 0x03, 0x00, 0x05, 0x74, 0x69, 0x63, 0x6B, 0x73, 0x00, 0x00, 0x46, 0x50, 0x01, 0x00, 0x10, 0x73, 0x68, 0x6F, 0x77, 0x5F, 0x69, 0x6E, 0x5F, 0x63, 0x6F, 0x6D, 0x6D, 0x61, 0x6E, 0x64, 0x73, 0x01, 0x00, 0x0A, 0x00, 0x0D, 0x6D, 0x69, 0x6E, 0x65, 0x63, 0x72, 0x61, 0x66, 0x74, 0x3A, 0x64, 0x61, 0x79, 0x03, 0x00, 0x05, 0x74, 0x69, 0x63, 0x6B, 0x73, 0x00, 0x00, 0x03, 0xE8, 0x01, 0x00, 0x10, 0x73, 0x68, 0x6F, 0x77, 0x5F, 0x69, 0x6E, 0x5F, 0x63, 0x6F, 0x6D, 0x6D, 0x61, 0x6E, 0x64, 0x73, 0x01, 0x00, 0x0A, 0x00, 0x0F, 0x6D, 0x69, 0x6E, 0x65, 0x63, 0x72, 0x61, 0x66, 0x74, 0x3A, 0x6E, 0x69, 0x67, 0x68, 0x74, 0x03, 0x00, 0x05, 0x74, 0x69, 0x63, 0x6B, 0x73, 0x00, 0x00, 0x32, 0xC8, 0x01, 0x00, 0x10, 0x73, 0x68, 0x6F, 0x77, 0x5F, 0x69, 0x6E, 0x5F, 0x63, 0x6F, 0x6D, 0x6D, 0x61, 0x6E, 0x64, 0x73, 0x01, 0x00, 0x03, 0x00, 0x1C, 0x6D, 0x69, 0x6E, 0x65, 0x63, 0x72, 0x61, 0x66, 0x74, 0x3A, 0x77, 0x61, 0x6B, 0x65, 0x5F, 0x75, 0x70, 0x5F, 0x66, 0x72, 0x6F, 0x6D, 0x5F, 0x73, 0x6C, 0x65, 0x65, 0x70, 0x00, 0x00, 0x00, 0x00, 0x0A, 0x00, 0x0E, 0x6D, 0x69, 0x6E, 0x65, 0x63, 0x72, 0x61, 0x66, 0x74, 0x3A, 0x6E, 0x6F, 0x6F, 0x6E, 0x03, 0x00, 0x05, 0x74, 0x69, 0x63, 0x6B, 0x73, 0x00, 0x00, 0x17, 0x70, 0x01, 0x00, 0x10, 0x73, 0x68, 0x6F, 0x77, 0x5F, 0x69, 0x6E, 0x5F, 0x63, 0x6F, 0x6D, 0x6D, 0x61, 0x6E, 0x64, 0x73, 0x01, 0x00, 0x03, 0x00, 0x1C, 0x6D, 0x69, 0x6E, 0x65, 0x63, 0x72, 0x61, 0x66, 0x74, 0x3A, 0x72, 0x6F, 0x6C, 0x6C, 0x5F, 0x76, 0x69, 0x6C, 0x6C, 0x61, 0x67, 0x65, 0x5F, 0x73, 0x69, 0x65, 0x67, 0x65, 0x00, 0x00, 0x46, 0x50, 0x00, 0x03, 0x00, 0x0C, 0x70, 0x65, 0x72, 0x69, 0x6F, 0x64, 0x5F, 0x74, 0x69, 0x63, 0x6B, 0x73, 0x00, 0x00, 0x5D, 0xC0, 0x08, 0x00, 0x05, 0x63, 0x6C, 0x6F, 0x63, 0x6B, 0x00, 0x13, 0x6D, 0x69, 0x6E, 0x65, 0x63, 0x72, 0x61, 0x66, 0x74, 0x3A, 0x6F, 0x76, 0x65, 0x72, 0x77, 0x6F, 0x72, 0x6C, 0x64, 0x0A, 0x00, 0x06, 0x74, 0x72, 0x61, 0x63, 0x6B, 0x73, 0x0A, 0x00, 0x22, 0x6D, 0x69, 0x6E, 0x65, 0x63, 0x72, 0x61, 0x66, 0x74, 0x3A, 0x67, 0x61, 0x6D, 0x65, 0x70, 0x6C, 0x61, 0x79, 0x2F, 0x73, 0x6B, 0x79, 0x5F, 0x6C, 0x69, 0x67, 0x68, 0x74, 0x5F, 0x6C, 0x65, 0x76, 0x65, 0x6C, 0x09, 0x00, 0x09, 0x6B, 0x65, 0x79, 0x66, 0x72, 0x61, 0x6D, 0x65, 0x73, 0x0A, 0x00, 0x00, 0x00, 0x04, 0x03, 0x00, 0x05, 0x74, 0x69, 0x63, 0x6B, 0x73, 0x00, 0x00, 0x00, 0x85, 0x05, 0x00, 0x05, 0x76, 0x61, 0x6C, 0x75, 0x65, 0x3F, 0x80, 0x00, 0x00, 0x00, 0x03, 0x00, 0x05, 0x74, 0x69, 0x63, 0x6B, 0x73, 0x00, 0x00, 0x2E, 0x5B, 0x05, 0x00, 0x05, 0x76, 0x61, 0x6C, 0x75, 0x65, 0x3F, 0x80, 0x00, 0x00, 0x00, 0x03, 0x00, 0x05, 0x74, 0x69, 0x63, 0x6B, 0x73, 0x00, 0x00, 0x35, 0x66, 0x05, 0x00, 0x05, 0x76, 0x61, 0x6C, 0x75, 0x65, 0x3E, 0x88, 0x88, 0x89, 0x00, 0x03, 0x00, 0x05, 0x74, 0x69, 0x63, 0x6B, 0x73, 0x00, 0x00, 0x57, 0x3A, 0x05, 0x00, 0x05, 0x76, 0x61, 0x6C, 0x75, 0x65, 0x3E, 0x88, 0x88, 0x89, 0x00, 0x08, 0x00, 0x08, 0x6D, 0x6F, 0x64, 0x69, 0x66, 0x69, 0x65, 0x72, 0x00, 0x08, 0x6D, 0x75, 0x6C, 0x74, 0x69, 0x70, 0x6C, 0x79, 0x00, 0x0A, 0x00, 0x1A, 0x6D, 0x69, 0x6E, 0x65, 0x63, 0x72, 0x61, 0x66, 0x74, 0x3A, 0x76, 0x69, 0x73, 0x75, 0x61, 0x6C, 0x2F, 0x66, 0x6F, 0x67, 0x5F, 0x63, 0x6F, 0x6C, 0x6F, 0x72, 0x09, 0x00, 0x09, 0x6B, 0x65, 0x79, 0x66, 0x72, 0x61, 0x6D, 0x65, 0x73, 0x0A, 0x00, 0x00, 0x00, 0x04, 0x03, 0x00, 0x05, 0x74, 0x69, 0x63, 0x6B, 0x73, 0x00, 0x00, 0x00, 0x85, 0x08, 0x00, 0x05, 0x76, 0x61, 0x6C, 0x75, 0x65, 0x00, 0x07, 0x23, 0x66, 0x66, 0x66, 0x66, 0x66, 0x66, 0x00, 0x03, 0x00, 0x05, 0x74, 0x69, 0x63, 0x6B, 0x73, 0x00, 0x00, 0x2E, 0x5B, 0x08, 0x00, 0x05, 0x76, 0x61, 0x6C, 0x75, 0x65, 0x00, 0x07, 0x23, 0x66, 0x66, 0x66, 0x66, 0x66, 0x66, 0x00, 0x03, 0x00, 0x05, 0x74, 0x69, 0x63, 0x6B, 0x73, 0x00, 0x00, 0x35, 0x66, 0x08, 0x00, 0x05, 0x76, 0x61, 0x6C, 0x75, 0x65, 0x00, 0x07, 0x23, 0x30, 0x66, 0x30, 0x66, 0x31, 0x36, 0x00, 0x03, 0x00, 0x05, 0x74, 0x69, 0x63, 0x6B, 0x73, 0x00, 0x00, 0x57, 0x3A, 0x08, 0x00, 0x05, 0x76, 0x61, 0x6C, 0x75, 0x65, 0x00, 0x07, 0x23, 0x30, 0x66, 0x30, 0x66, 0x31, 0x36, 0x00, 0x08, 0x00, 0x08, 0x6D, 0x6F, 0x64, 0x69, 0x66, 0x69, 0x65, 0x72, 0x00, 0x08, 0x6D, 0x75, 0x6C, 0x74, 0x69, 0x70, 0x6C, 0x79, 0x00, 0x0A, 0x00, 0x1A, 0x6D, 0x69, 0x6E, 0x65, 0x63, 0x72, 0x61, 0x66, 0x74, 0x3A, 0x76, 0x69, 0x73, 0x75, 0x61, 0x6C, 0x2F, 0x73, 0x75, 0x6E, 0x5F, 0x61, 0x6E, 0x67, 0x6C, 0x65, 0x09, 0x00, 0x09, 0x6B, 0x65, 0x79, 0x66, 0x72, 0x61, 0x6D, 0x65, 0x73, 0x0A, 0x00, 0x00, 0x00, 0x02, 0x03, 0x00, 0x05, 0x74, 0x69, 0x63, 0x6B, 0x73, 0x00, 0x00, 0x17, 0x70, 0x05, 0x00, 0x05, 0x76, 0x61, 0x6C, 0x75, 0x65, 0x43, 0xB4, 0x00, 0x00, 0x00, 0x03, 0x00, 0x05, 0x74, 0x69, 0x63, 0x6B, 0x73, 0x00, 0x00, 0x17, 0x70, 0x05, 0x00, 0x05, 0x76, 0x61, 0x6C, 0x75, 0x65, 0x00, 0x00, 0x00, 0x00, 0x00, 0x0A, 0x00, 0x04, 0x65, 0x61, 0x73, 0x65, 0x09, 0x00, 0x0C, 0x63, 0x75, 0x62, 0x69, 0x63, 0x5F, 0x62, 0x65, 0x7A, 0x69, 0x65, 0x72, 0x05, 0x00, 0x00, 0x00, 0x04, 0x3E, 0xB9, 0x58, 0x10, 0x3E, 0x76, 0xC8, 0xB4, 0x3F, 0x23, 0x53, 0xF8, 0x3F, 0x42, 0x4D, 0xD3, 0x00, 0x00, 0x0A, 0x00, 0x1A, 0x6D, 0x69, 0x6E, 0x65, 0x63, 0x72, 0x61, 0x66, 0x74, 0x3A, 0x76, 0x69, 0x73, 0x75, 0x61, 0x6C, 0x2F, 0x73, 0x6B, 0x79, 0x5F, 0x63, 0x6F, 0x6C, 0x6F, 0x72, 0x09, 0x00, 0x09, 0x6B, 0x65, 0x79, 0x66, 0x72, 0x61, 0x6D, 0x65, 0x73, 0x0A, 0x00, 0x00, 0x00, 0x04, 0x03, 0x00, 0x05, 0x74, 0x69, 0x63, 0x6B, 0x73, 0x00, 0x00, 0x00, 0x85, 0x08, 0x00, 0x05, 0x76, 0x61, 0x6C, 0x75, 0x65, 0x00, 0x07, 0x23, 0x66, 0x66, 0x66, 0x66, 0x66, 0x66, 0x00, 0x03, 0x00, 0x05, 0x74, 0x69, 0x63, 0x6B, 0x73, 0x00, 0x00, 0x2E, 0x5B, 0x08, 0x00, 0x05, 0x76, 0x61, 0x6C, 0x75, 0x65, 0x00, 0x07, 0x23, 0x66, 0x66, 0x66, 0x66, 0x66, 0x66, 0x00, 0x03, 0x00, 0x05, 0x74, 0x69, 0x63, 0x6B, 0x73, 0x00, 0x00, 0x35, 0x66, 0x08, 0x00, 0x05, 0x76, 0x61, 0x6C, 0x75, 0x65, 0x00, 0x07, 0x23, 0x30, 0x30, 0x30, 0x30, 0x30, 0x30, 0x00, 0x03, 0x00, 0x05, 0x74, 0x69, 0x63, 0x6B, 0x73, 0x00, 0x00, 0x57, 0x3A, 0x08, 0x00, 0x05, 0x76, 0x61, 0x6C, 0x75, 0x65, 0x00, 0x07, 0x23, 0x30, 0x30, 0x30, 0x30, 0x30, 0x30, 0x00, 0x08, 0x00, 0x08, 0x6D, 0x6F, 0x64, 0x69, 0x66, 0x69, 0x65, 0x72, 0x00, 0x08, 0x6D, 0x75, 0x6C, 0x74, 0x69, 0x70, 0x6C, 0x79, 0x00, 0x0A, 0x00, 0x23, 0x6D, 0x69, 0x6E, 0x65, 0x63, 0x72, 0x61, 0x66, 0x74, 0x3A, 0x61, 0x75, 0x64, 0x69, 0x6F, 0x2F, 0x66, 0x69, 0x72, 0x65, 0x66, 0x6C, 0x79, 0x5F, 0x62, 0x75, 0x73, 0x68, 0x5F, 0x73, 0x6F, 0x75, 0x6E, 0x64, 0x73, 0x09, 0x00, 0x09, 0x6B, 0x65, 0x79, 0x66, 0x72, 0x61, 0x6D, 0x65, 0x73, 0x0A, 0x00, 0x00, 0x00, 0x02, 0x03, 0x00, 0x05, 0x74, 0x69, 0x63, 0x6B, 0x73, 0x00, 0x00, 0x31, 0x38, 0x01, 0x00, 0x05, 0x76, 0x61, 0x6C, 0x75, 0x65, 0x01, 0x00, 0x03, 0x00, 0x05, 0x74, 0x69, 0x63, 0x6B, 0x73, 0x00, 0x00, 0x5B, 0x69, 0x01, 0x00, 0x05, 0x76, 0x61, 0x6C, 0x75, 0x65, 0x00, 0x00, 0x08, 0x00, 0x08, 0x6D, 0x6F, 0x64, 0x69, 0x66, 0x69, 0x65, 0x72, 0x00, 0x02, 0x6F, 0x72, 0x00, 0x0A, 0x00, 0x1B, 0x6D, 0x69, 0x6E, 0x65, 0x63, 0x72, 0x61, 0x66, 0x74, 0x3A, 0x76, 0x69, 0x73, 0x75, 0x61, 0x6C, 0x2F, 0x6D, 0x6F, 0x6F, 0x6E, 0x5F, 0x61, 0x6E, 0x67, 0x6C, 0x65, 0x09, 0x00, 0x09, 0x6B, 0x65, 0x79, 0x66, 0x72, 0x61, 0x6D, 0x65, 0x73, 0x0A, 0x00, 0x00, 0x00, 0x02, 0x03, 0x00, 0x05, 0x74, 0x69, 0x63, 0x6B, 0x73, 0x00, 0x00, 0x17, 0x70, 0x05, 0x00, 0x05, 0x76, 0x61, 0x6C, 0x75, 0x65, 0x44, 0x07, 0x00, 0x00, 0x00, 0x03, 0x00, 0x05, 0x74, 0x69, 0x63, 0x6B, 0x73, 0x00, 0x00, 0x17, 0x70, 0x05, 0x00, 0x05, 0x76, 0x61, 0x6C, 0x75, 0x65, 0x43, 0x34, 0x00, 0x00, 0x00, 0x0A, 0x00, 0x04, 0x65, 0x61, 0x73, 0x65, 0x09, 0x00, 0x0C, 0x63, 0x75, 0x62, 0x69, 0x63, 0x5F, 0x62, 0x65, 0x7A, 0x69, 0x65, 0x72, 0x05, 0x00, 0x00, 0x00, 0x04, 0x3E, 0xB9, 0x58, 0x10, 0x3E, 0x76, 0xC8, 0xB4, 0x3F, 0x23, 0x53, 0xF8, 0x3F, 0x42, 0x4D, 0xD3, 0x00, 0x00, 0x0A, 0x00, 0x21, 0x6D, 0x69, 0x6E, 0x65, 0x63, 0x72, 0x61, 0x66, 0x74, 0x3A, 0x76, 0x69, 0x73, 0x75, 0x61, 0x6C, 0x2F, 0x73, 0x6B, 0x79, 0x5F, 0x6C, 0x69, 0x67, 0x68, 0x74, 0x5F, 0x66, 0x61, 0x63, 0x74, 0x6F, 0x72, 0x09, 0x00, 0x09, 0x6B, 0x65, 0x79, 0x66, 0x72, 0x61, 0x6D, 0x65, 0x73, 0x0A, 0x00, 0x00, 0x00, 0x04, 0x03, 0x00, 0x05, 0x74, 0x69, 0x63, 0x6B, 0x73, 0x00, 0x00, 0x02, 0xDA, 0x05, 0x00, 0x05, 0x76, 0x61, 0x6C, 0x75, 0x65, 0x3F, 0x80, 0x00, 0x00, 0x00, 0x03, 0x00, 0x05, 0x74, 0x69, 0x63, 0x6B, 0x73, 0x00, 0x00, 0x2C, 0x06, 0x05, 0x00, 0x05, 0x76, 0x61, 0x6C, 0x75, 0x65, 0x3F, 0x80, 0x00, 0x00, 0x00, 0x03, 0x00, 0x05, 0x74, 0x69, 0x63, 0x6B, 0x73, 0x00, 0x00, 0x33, 0x54, 0x05, 0x00, 0x05, 0x76, 0x61, 0x6C, 0x75, 0x65, 0x3E, 0x75, 0xC2, 0x8F, 0x00, 0x03, 0x00, 0x05, 0x74, 0x69, 0x63, 0x6B, 0x73, 0x00, 0x00, 0x59, 0x4C, 0x05, 0x00, 0x05, 0x76, 0x61, 0x6C, 0x75, 0x65, 0x3E, 0x75, 0xC2, 0x8F, 0x00, 0x08, 0x00, 0x08, 0x6D, 0x6F, 0x64, 0x69, 0x66, 0x69, 0x65, 0x72, 0x00, 0x08, 0x6D, 0x75, 0x6C, 0x74, 0x69, 0x70, 0x6C, 0x79, 0x00, 0x0A, 0x00, 0x20, 0x6D, 0x69, 0x6E, 0x65, 0x63, 0x72, 0x61, 0x66, 0x74, 0x3A, 0x76, 0x69, 0x73, 0x75, 0x61, 0x6C, 0x2F, 0x73, 0x6B, 0x79, 0x5F, 0x6C, 0x69, 0x67, 0x68, 0x74, 0x5F, 0x63, 0x6F, 0x6C, 0x6F, 0x72, 0x09, 0x00, 0x09, 0x6B, 0x65, 0x79, 0x66, 0x72, 0x61, 0x6D, 0x65, 0x73, 0x0A, 0x00, 0x00, 0x00, 0x04, 0x03, 0x00, 0x05, 0x74, 0x69, 0x63, 0x6B, 0x73, 0x00, 0x00, 0x02, 0xDA, 0x08, 0x00, 0x05, 0x76, 0x61, 0x6C, 0x75, 0x65, 0x00, 0x07, 0x23, 0x66, 0x66, 0x66, 0x66, 0x66, 0x66, 0x00, 0x03, 0x00, 0x05, 0x74, 0x69, 0x63, 0x6B, 0x73, 0x00, 0x00, 0x2C, 0x06, 0x08, 0x00, 0x05, 0x76, 0x61, 0x6C, 0x75, 0x65, 0x00, 0x07, 0x23, 0x66, 0x66, 0x66, 0x66, 0x66, 0x66, 0x00, 0x03, 0x00, 0x05, 0x74, 0x69, 0x63, 0x6B, 0x73, 0x00, 0x00, 0x33, 0x54, 0x08, 0x00, 0x05, 0x76, 0x61, 0x6C, 0x75, 0x65, 0x00, 0x07, 0x23, 0x37, 0x61, 0x37, 0x61, 0x66, 0x66, 0x00, 0x03, 0x00, 0x05, 0x74, 0x69, 0x63, 0x6B, 0x73, 0x00, 0x00, 0x59, 0x4C, 0x08, 0x00, 0x05, 0x76, 0x61, 0x6C, 0x75, 0x65, 0x00, 0x07, 0x23, 0x37, 0x61, 0x37, 0x61, 0x66, 0x66, 0x00, 0x08, 0x00, 0x08, 0x6D, 0x6F, 0x64, 0x69, 0x66, 0x69, 0x65, 0x72, 0x00, 0x08, 0x6D, 0x75, 0x6C, 0x74, 0x69, 0x70, 0x6C, 0x79, 0x00, 0x0A, 0x00, 0x22, 0x6D, 0x69, 0x6E, 0x65, 0x63, 0x72, 0x61, 0x66, 0x74, 0x3A, 0x67, 0x61, 0x6D, 0x65, 0x70, 0x6C, 0x61, 0x79, 0x2F, 0x63, 0x72, 0x65, 0x61, 0x6B, 0x69, 0x6E, 0x67, 0x5F, 0x61, 0x63, 0x74, 0x69, 0x76, 0x65, 0x09, 0x00, 0x09, 0x6B, 0x65, 0x79, 0x66, 0x72, 0x61, 0x6D, 0x65, 0x73, 0x0A, 0x00, 0x00, 0x00, 0x02, 0x03, 0x00, 0x05, 0x74, 0x69, 0x63, 0x6B, 0x73, 0x00, 0x00, 0x31, 0x38, 0x01, 0x00, 0x05, 0x76, 0x61, 0x6C, 0x75, 0x65, 0x01, 0x00, 0x03, 0x00, 0x05, 0x74, 0x69, 0x63, 0x6B, 0x73, 0x00, 0x00, 0x5B, 0x69, 0x01, 0x00, 0x05, 0x76, 0x61, 0x6C, 0x75, 0x65, 0x00, 0x00, 0x08, 0x00, 0x08, 0x6D, 0x6F, 0x64, 0x69, 0x66, 0x69, 0x65, 0x72, 0x00, 0x02, 0x6F, 0x72, 0x00, 0x0A, 0x00, 0x20, 0x6D, 0x69, 0x6E, 0x65, 0x63, 0x72, 0x61, 0x66, 0x74, 0x3A, 0x76, 0x69, 0x73, 0x75, 0x61, 0x6C, 0x2F, 0x73, 0x74, 0x61, 0x72, 0x5F, 0x62, 0x72, 0x69, 0x67, 0x68, 0x74, 0x6E, 0x65, 0x73, 0x73, 0x09, 0x00, 0x09, 0x6B, 0x65, 0x79, 0x66, 0x72, 0x61, 0x6D, 0x65, 0x73, 0x0A, 0x00, 0x00, 0x00, 0x0C, 0x03, 0x00, 0x05, 0x74, 0x69, 0x63, 0x6B, 0x73, 0x00, 0x00, 0x00, 0x5C, 0x05, 0x00, 0x05, 0x76, 0x61, 0x6C, 0x75, 0x65, 0x3D, 0x17, 0x8D, 0x50, 0x00, 0x03, 0x00, 0x05, 0x74, 0x69, 0x63, 0x6B, 0x73, 0x00, 0x00, 0x02, 0x73, 0x05, 0x00, 0x05, 0x76, 0x61, 0x6C, 0x75, 0x65, 0x00, 0x00, 0x00, 0x00, 0x00, 0x03, 0x00, 0x05, 0x74, 0x69, 0x63, 0x6B, 0x73, 0x00, 0x00, 0x2C, 0x6D, 0x05, 0x00, 0x05, 0x76, 0x61, 0x6C, 0x75, 0x65, 0x00, 0x00, 0x00, 0x00, 0x00, 0x03, 0x00, 0x05, 0x74, 0x69, 0x63, 0x6B, 0x73, 0x00, 0x00, 0x2D, 0xD4, 0x05, 0x00, 0x05, 0x76, 0x61, 0x6C, 0x75, 0x65, 0x3C, 0x83, 0x12, 0x6F, 0x00, 0x03, 0x00, 0x05, 0x74, 0x69, 0x63, 0x6B, 0x73, 0x00, 0x00, 0x2E, 0xB7, 0x05, 0x00, 0x05, 0x76, 0x61, 0x6C, 0x75, 0x65, 0x3D, 0x34, 0x39, 0x58, 0x00, 0x03, 0x00, 0x05, 0x74, 0x69, 0x63, 0x6B, 0x73, 0x00, 0x00, 0x30, 0x6F, 0x05, 0x00, 0x05, 0x76, 0x61, 0x6C, 0x75, 0x65, 0x3E, 0x12, 0x6E, 0x98, 0x00, 0x03, 0x00, 0x05, 0x74, 0x69, 0x63, 0x6B, 0x73, 0x00, 0x00, 0x31, 0xB9, 0x05, 0x00, 0x05, 0x76, 0x61, 0x6C, 0x75, 0x65, 0x3E, 0x84, 0x18, 0x93, 0x00, 0x03, 0x00, 0x05, 0x74, 0x69, 0x63, 0x6B, 0x73, 0x00, 0x00, 0x33, 0xAC, 0x05, 0x00, 0x05, 0x76, 0x61, 0x6C, 0x75, 0x65, 0x3F, 0x00, 0x00, 0x00, 0x00, 0x03, 0x00, 0x05, 0x74, 0x69, 0x63, 0x6B, 0x73, 0x00, 0x00, 0x58, 0xF4, 0x05, 0x00, 0x05, 0x76, 0x61, 0x6C, 0x75, 0x65, 0x3F, 0x00, 0x00, 0x00, 0x00, 0x03, 0x00, 0x05, 0x74, 0x69, 0x63, 0x6B, 0x73, 0x00, 0x00, 0x59, 0xF8, 0x05, 0x00, 0x05, 0x76, 0x61, 0x6C, 0x75, 0x65, 0x3E, 0xBA, 0x5E, 0x35, 0x00, 0x03, 0x00, 0x05, 0x74, 0x69, 0x63, 0x6B, 0x73, 0x00, 0x00, 0x5B, 0x3C, 0x05, 0x00, 0x05, 0x76, 0x61, 0x6C, 0x75, 0x65, 0x3E, 0x66, 0x66, 0x66, 0x00, 0x03, 0x00, 0x05, 0x74, 0x69, 0x63, 0x6B, 0x73, 0x00, 0x00, 0x5C, 0xCE, 0x05, 0x00, 0x05, 0x76, 0x61, 0x6C, 0x75, 0x65, 0x3D, 0xCE, 0xD9, 0x17, 0x00, 0x08, 0x00, 0x08, 0x6D, 0x6F, 0x64, 0x69, 0x66, 0x69, 0x65, 0x72, 0x00, 0x07, 0x6D, 0x61, 0x78, 0x69, 0x6D, 0x75, 0x6D, 0x00, 0x0A, 0x00, 0x25, 0x6D, 0x69, 0x6E, 0x65, 0x63, 0x72, 0x61, 0x66, 0x74, 0x3A, 0x76, 0x69, 0x73, 0x75, 0x61, 0x6C, 0x2F, 0x73, 0x75, 0x6E, 0x72, 0x69, 0x73, 0x65, 0x5F, 0x73, 0x75, 0x6E, 0x73, 0x65, 0x74, 0x5F, 0x63, 0x6F, 0x6C, 0x6F, 0x72, 0x09, 0x00, 0x09, 0x6B, 0x65, 0x79, 0x66, 0x72, 0x61, 0x6D, 0x65, 0x73, 0x0A, 0x00, 0x00, 0x00, 0x20, 0x03, 0x00, 0x05, 0x74, 0x69, 0x63, 0x6B, 0x73, 0x00, 0x00, 0x00, 0x47, 0x08, 0x00, 0x05, 0x76, 0x61, 0x6C, 0x75, 0x65, 0x00, 0x09, 0x23, 0x35, 0x66, 0x65, 0x66, 0x61, 0x33, 0x33, 0x33, 0x00, 0x03, 0x00, 0x05, 0x74, 0x69, 0x63, 0x6B, 0x73, 0x00, 0x00, 0x01, 0x36, 0x08, 0x00, 0x05, 0x76, 0x61, 0x6C, 0x75, 0x65, 0x00, 0x09, 0x23, 0x32, 0x39, 0x66, 0x35, 0x62, 0x61, 0x33, 0x33, 0x00, 0x03, 0x00, 0x05, 0x74, 0x69, 0x63, 0x6B, 0x73, 0x00, 0x00, 0x02, 0x35, 0x08, 0x00, 0x05, 0x76, 0x61, 0x6C, 0x75, 0x65, 0x00, 0x09, 0x23, 0x30, 0x36, 0x66, 0x62, 0x64, 0x34, 0x33, 0x33, 0x00, 0x03, 0x00, 0x05, 0x74, 0x69, 0x63, 0x6B, 0x73, 0x00, 0x00, 0x02, 0xDA, 0x08, 0x00, 0x05, 0x76, 0x61, 0x6C, 0x75, 0x65, 0x00, 0x09, 0x23, 0x30, 0x30, 0x66, 0x66, 0x65, 0x35, 0x33, 0x33, 0x00, 0x03, 0x00, 0x05, 0x74, 0x69, 0x63, 0x6B, 0x73, 0x00, 0x00, 0x2C, 0x06, 0x08, 0x00, 0x05, 0x76, 0x61, 0x6C, 0x75, 0x65, 0x00, 0x09, 0x23, 0x30, 0x30, 0x66, 0x66, 0x65, 0x35, 0x33, 0x33, 0x00, 0x03, 0x00, 0x05, 0x74, 0x69, 0x63, 0x6B, 0x73, 0x00, 0x00, 0x2C, 0x85, 0x08, 0x00, 0x05, 0x76, 0x61, 0x6C, 0x75, 0x65, 0x00, 0x09, 0x23, 0x30, 0x34, 0x66, 0x63, 0x64, 0x38, 0x33, 0x33, 0x00, 0x03, 0x00, 0x05, 0x74, 0x69, 0x63, 0x6B, 0x73, 0x00, 0x00, 0x2D, 0x02, 0x08, 0x00, 0x05, 0x76, 0x61, 0x6C, 0x75, 0x65, 0x00, 0x09, 0x23, 0x30, 0x66, 0x66, 0x39, 0x63, 0x62, 0x33, 0x33, 0x00, 0x03, 0x00, 0x05, 0x74, 0x69, 0x63, 0x6B, 0x73, 0x00, 0x00, 0x2D, 0xAA, 0x08, 0x00, 0x05, 0x76, 0x61, 0x6C, 0x75, 0x65, 0x00, 0x09, 0x23, 0x32, 0x39, 0x66, 0x35, 0x62, 0x61, 0x33, 0x33, 0x00, 0x03, 0x00, 0x05, 0x74, 0x69, 0x63, 0x6B, 0x73, 0x00, 0x00, 0x2E, 0x99, 0x08, 0x00, 0x05, 0x76, 0x61, 0x6C, 0x75, 0x65, 0x00, 0x09, 0x23, 0x35, 0x66, 0x65, 0x66, 0x61, 0x33, 0x33, 0x33, 0x00, 0x03, 0x00, 0x05, 0x74, 0x69, 0x63, 0x6B, 0x73, 0x00, 0x00, 0x2F, 0xD3, 0x08, 0x00, 0x05, 0x76, 0x61, 0x6C, 0x75, 0x65, 0x00, 0x09, 0x23, 0x62, 0x31, 0x65, 0x37, 0x38, 0x37, 0x33, 0x33, 0x00, 0x03, 0x00, 0x05, 0x74, 0x69, 0x63, 0x6B, 0x73, 0x00, 0x00, 0x30, 0x46, 0x08, 0x00, 0x05, 0x76, 0x61, 0x6C, 0x75, 0x65, 0x00, 0x09, 0x23, 0x63, 0x63, 0x65, 0x34, 0x37, 0x65, 0x33, 0x33, 0x00, 0x03, 0x00, 0x05, 0x74, 0x69, 0x63, 0x6B, 0x73, 0x00, 0x00, 0x30, 0xE0, 0x08, 0x00, 0x05, 0x76, 0x61, 0x6C, 0x75, 0x65, 0x00, 0x09, 0x23, 0x65, 0x39, 0x65, 0x30, 0x37, 0x32, 0x33, 0x33, 0x00, 0x03, 0x00, 0x05, 0x74, 0x69, 0x63, 0x6B, 0x73, 0x00, 0x00, 0x31, 0x45, 0x08, 0x00, 0x05, 0x76, 0x61, 0x6C, 0x75, 0x65, 0x00, 0x09, 0x23, 0x66, 0x36, 0x64, 0x64, 0x36, 0x62, 0x33, 0x33, 0x00, 0x03, 0x00, 0x05, 0x74, 0x69, 0x63, 0x6B, 0x73, 0x00, 0x00, 0x31, 0xBC, 0x08, 0x00, 0x05, 0x76, 0x61, 0x6C, 0x75, 0x65, 0x00, 0x09, 0x23, 0x66, 0x65, 0x64, 0x61, 0x36, 0x33, 0x33, 0x33, 0x00, 0x03, 0x00, 0x05, 0x74, 0x69, 0x63, 0x6B, 0x73, 0x00, 0x00, 0x32, 0x29, 0x08, 0x00, 0x05, 0x76, 0x61, 0x6C, 0x75, 0x65, 0x00, 0x09, 0x23, 0x66, 0x65, 0x64, 0x37, 0x35, 0x63, 0x33, 0x33, 0x00, 0x03, 0x00, 0x05, 0x74, 0x69, 0x63, 0x6B, 0x73, 0x00, 0x00, 0x32, 0xEB, 0x08, 0x00, 0x05, 0x76, 0x61, 0x6C, 0x75, 0x65, 0x00, 0x09, 0x23, 0x65, 0x63, 0x64, 0x32, 0x35, 0x31, 0x33, 0x33, 0x00, 0x03, 0x00, 0x05, 0x74, 0x69, 0x63, 0x6B, 0x73, 0x00, 0x00, 0x33, 0xC4, 0x08, 0x00, 0x05, 0x76, 0x61, 0x6C, 0x75, 0x65, 0x00, 0x09, 0x23, 0x63, 0x31, 0x63, 0x63, 0x34, 0x37, 0x33, 0x33, 0x00, 0x03, 0x00, 0x05, 0x74, 0x69, 0x63, 0x6B, 0x73, 0x00, 0x00, 0x35, 0xCF, 0x08, 0x00, 0x05, 0x76, 0x61, 0x6C, 0x75, 0x65, 0x00, 0x09, 0x23, 0x33, 0x36, 0x62, 0x65, 0x33, 0x37, 0x33, 0x33, 0x00, 0x03, 0x00, 0x05, 0x74, 0x69, 0x63, 0x6B, 0x73, 0x00, 0x00, 0x36, 0x40, 0x08, 0x00, 0x05, 0x76, 0x61, 0x6C, 0x75, 0x65, 0x00, 0x09, 0x23, 0x31, 0x66, 0x62, 0x62, 0x33, 0x35, 0x33, 0x33, 0x00, 0x03, 0x00, 0x05, 0x74, 0x69, 0x63, 0x6B, 0x73, 0x00, 0x00, 0x36, 0xD7, 0x08, 0x00, 0x05, 0x76, 0x61, 0x6C, 0x75, 0x65, 0x00, 0x09, 0x23, 0x30, 0x39, 0x62, 0x37, 0x33, 0x33, 0x33, 0x33, 0x00, 0x03, 0x00, 0x05, 0x74, 0x69, 0x63, 0x6B, 0x73, 0x00, 0x00, 0x37, 0x70, 0x08, 0x00, 0x05, 0x76, 0x61, 0x6C, 0x75, 0x65, 0x00, 0x09, 0x23, 0x30, 0x30, 0x62, 0x33, 0x33, 0x33, 0x33, 0x33, 0x00, 0x03, 0x00, 0x05, 0x74, 0x69, 0x63, 0x6B, 0x73, 0x00, 0x00, 0x55, 0x2F, 0x08, 0x00, 0x05, 0x76, 0x61, 0x6C, 0x75, 0x65, 0x00, 0x09, 0x23, 0x30, 0x30, 0x62, 0x32, 0x33, 0x33, 0x33, 0x33, 0x00, 0x03, 0x00, 0x05, 0x74, 0x69, 0x63, 0x6B, 0x73, 0x00, 0x00, 0x55, 0xC9, 0x08, 0x00, 0x05, 0x76, 0x61, 0x6C, 0x75, 0x65, 0x00, 0x09, 0x23, 0x30, 0x39, 0x62, 0x37, 0x33, 0x33, 0x33, 0x33, 0x00, 0x03, 0x00, 0x05, 0x74, 0x69, 0x63, 0x6B, 0x73, 0x00, 0x00, 0x56, 0x60, 0x08, 0x00, 0x05, 0x76, 0x61, 0x6C, 0x75, 0x65, 0x00, 0x09, 0x23, 0x31, 0x66, 0x62, 0x62, 0x33, 0x35, 0x33, 0x33, 0x00, 0x03, 0x00, 0x05, 0x74, 0x69, 0x63, 0x6B, 0x73, 0x00, 0x00, 0x56, 0xD1, 0x08, 0x00, 0x05, 0x76, 0x61, 0x6C, 0x75, 0x65, 0x00, 0x09, 0x23, 0x33, 0x36, 0x62, 0x65, 0x33, 0x37, 0x33, 0x33, 0x00, 0x03, 0x00, 0x05, 0x74, 0x69, 0x63, 0x6B, 0x73, 0x00, 0x00, 0x58, 0xDC, 0x08, 0x00, 0x05, 0x76, 0x61, 0x6C, 0x75, 0x65, 0x00, 0x09, 0x23, 0x63, 0x31, 0x63, 0x63, 0x34, 0x37, 0x33, 0x33, 0x00, 0x03, 0x00, 0x05, 0x74, 0x69, 0x63, 0x6B, 0x73, 0x00, 0x00, 0x59, 0xB5, 0x08, 0x00, 0x05, 0x76, 0x61, 0x6C, 0x75, 0x65, 0x00, 0x09, 0x23, 0x65, 0x63, 0x64, 0x32, 0x35, 0x31, 0x33, 0x33, 0x00, 0x03, 0x00, 0x05, 0x74, 0x69, 0x63, 0x6B, 0x73, 0x00, 0x00, 0x5A, 0x77, 0x08, 0x00, 0x05, 0x76, 0x61, 0x6C, 0x75, 0x65, 0x00, 0x09, 0x23, 0x66, 0x65, 0x64, 0x37, 0x35, 0x63, 0x33, 0x33, 0x00, 0x03, 0x00, 0x05, 0x74, 0x69, 0x63, 0x6B, 0x73, 0x00, 0x00, 0x5A, 0xE8, 0x08, 0x00, 0x05, 0x76, 0x61, 0x6C, 0x75, 0x65, 0x00, 0x09, 0x23, 0x66, 0x65, 0x64, 0x61, 0x36, 0x33, 0x33, 0x33, 0x00, 0x03, 0x00, 0x05, 0x74, 0x69, 0x63, 0x6B, 0x73, 0x00, 0x00, 0x5B, 0xC0, 0x08, 0x00, 0x05, 0x76, 0x61, 0x6C, 0x75, 0x65, 0x00, 0x09, 0x23, 0x65, 0x39, 0x65, 0x30, 0x37, 0x32, 0x33, 0x33, 0x00, 0x03, 0x00, 0x05, 0x74, 0x69, 0x63, 0x6B, 0x73, 0x00, 0x00, 0x5C, 0x5A, 0x08, 0x00, 0x05, 0x76, 0x61, 0x6C, 0x75, 0x65, 0x00, 0x09, 0x23, 0x63, 0x63, 0x65, 0x34, 0x37, 0x65, 0x33, 0x33, 0x00, 0x03, 0x00, 0x05, 0x74, 0x69, 0x63, 0x6B, 0x73, 0x00, 0x00, 0x5C, 0xCD, 0x08, 0x00, 0x05, 0x76, 0x61, 0x6C, 0x75, 0x65, 0x00, 0x09, 0x23, 0x62, 0x31, 0x65, 0x37, 0x38, 0x37, 0x33, 0x33, 0x00, 0x00, 0x0A, 0x00, 0x1B, 0x6D, 0x69, 0x6E, 0x65, 0x63, 0x72, 0x61, 0x66, 0x74, 0x3A, 0x76, 0x69, 0x73, 0x75, 0x61, 0x6C, 0x2F, 0x73, 0x74, 0x61, 0x72, 0x5F, 0x61, 0x6E, 0x67, 0x6C, 0x65, 0x09, 0x00, 0x09, 0x6B, 0x65, 0x79, 0x66, 0x72, 0x61, 0x6D, 0x65, 0x73, 0x0A, 0x00, 0x00, 0x00, 0x02, 0x03, 0x00, 0x05, 0x74, 0x69, 0x63, 0x6B, 0x73, 0x00, 0x00, 0x17, 0x70, 0x05, 0x00, 0x05, 0x76, 0x61, 0x6C, 0x75, 0x65, 0x43, 0xB4, 0x00, 0x00, 0x00, 0x03, 0x00, 0x05, 0x74, 0x69, 0x63, 0x6B, 0x73, 0x00, 0x00, 0x17, 0x70, 0x05, 0x00, 0x05, 0x76, 0x61, 0x6C, 0x75, 0x65, 0x00, 0x00, 0x00, 0x00, 0x00, 0x0A, 0x00, 0x04, 0x65, 0x61, 0x73, 0x65, 0x09, 0x00, 0x0C, 0x63, 0x75, 0x62, 0x69, 0x63, 0x5F, 0x62, 0x65, 0x7A, 0x69, 0x65, 0x72, 0x05, 0x00, 0x00, 0x00, 0x04, 0x3E, 0xB9, 0x58, 0x10, 0x3E, 0x76, 0xC8, 0xB4, 0x3F, 0x23, 0x53, 0xF8, 0x3F, 0x42, 0x4D, 0xD3, 0x00, 0x00, 0x0A, 0x00, 0x1C, 0x6D, 0x69, 0x6E, 0x65, 0x63, 0x72, 0x61, 0x66, 0x74, 0x3A, 0x76, 0x69, 0x73, 0x75, 0x61, 0x6C, 0x2F, 0x63, 0x6C, 0x6F, 0x75, 0x64, 0x5F, 0x63, 0x6F, 0x6C, 0x6F, 0x72, 0x09, 0x00, 0x09, 0x6B, 0x65, 0x79, 0x66, 0x72, 0x61, 0x6D, 0x65, 0x73, 0x0A, 0x00, 0x00, 0x00, 0x04, 0x03, 0x00, 0x05, 0x74, 0x69, 0x63, 0x6B, 0x73, 0x00, 0x00, 0x00, 0x85, 0x03, 0x00, 0x05, 0x76, 0x61, 0x6C, 0x75, 0x65, 0xFF, 0xFF, 0xFF, 0xFF, 0x00, 0x03, 0x00, 0x05, 0x74, 0x69, 0x63, 0x6B, 0x73, 0x00, 0x00, 0x2E, 0x5B, 0x03, 0x00, 0x05, 0x76, 0x61, 0x6C, 0x75, 0x65, 0xFF, 0xFF, 0xFF, 0xFF, 0x00, 0x03, 0x00, 0x05, 0x74, 0x69, 0x63, 0x6B, 0x73, 0x00, 0x00, 0x35, 0x66, 0x03, 0x00, 0x05, 0x76, 0x61, 0x6C, 0x75, 0x65, 0xFF, 0x19, 0x19, 0x26, 0x00, 0x03, 0x00, 0x05, 0x74, 0x69, 0x63, 0x6B, 0x73, 0x00, 0x00, 0x57, 0x3A, 0x03, 0x00, 0x05, 0x76, 0x61, 0x6C, 0x75, 0x65, 0xFF, 0x19, 0x19, 0x26, 0x00, 0x08, 0x00, 0x08, 0x6D, 0x6F, 0x64, 0x69, 0x66, 0x69, 0x65, 0x72, 0x00, 0x08, 0x6D, 0x75, 0x6C, 0x74, 0x69, 0x70, 0x6C, 0x79, 0x00, 0x00, 0x00, 0x14, 0x6D, 0x69, 0x6E, 0x65, 0x63, 0x72, 0x61, 0x66, 0x74, 0x3A, 0x65, 0x61, 0x72, 0x6C, 0x79, 0x5F, 0x67, 0x61, 0x6D, 0x65, 0x01, 0x0A, 0x08, 0x00, 0x05, 0x63, 0x6C, 0x6F, 0x63, 0x6B, 0x00, 0x13, 0x6D, 0x69, 0x6E, 0x65, 0x63, 0x72, 0x61, 0x66, 0x74, 0x3A, 0x6F, 0x76, 0x65, 0x72, 0x77, 0x6F, 0x72, 0x6C, 0x64, 0x00, 0x0E, 0x6D, 0x69, 0x6E, 0x65, 0x63, 0x72, 0x61, 0x66, 0x74, 0x3A, 0x6D, 0x6F, 0x6F, 0x6E, 0x01, 0x0A, 0x03, 0x00, 0x0C, 0x70, 0x65, 0x72, 0x69, 0x6F, 0x64, 0x5F, 0x74, 0x69, 0x63, 0x6B, 0x73, 0x00, 0x02, 0xEE, 0x00, 0x08, 0x00, 0x05, 0x63, 0x6C, 0x6F, 0x63, 0x6B, 0x00, 0x13, 0x6D, 0x69, 0x6E, 0x65, 0x63, 0x72, 0x61, 0x66, 0x74, 0x3A, 0x6F, 0x76, 0x65, 0x72, 0x77, 0x6F, 0x72, 0x6C, 0x64, 0x0A, 0x00, 0x06, 0x74, 0x72, 0x61, 0x63, 0x6B, 0x73, 0x0A, 0x00, 0x1B, 0x6D, 0x69, 0x6E, 0x65, 0x63, 0x72, 0x61, 0x66, 0x74, 0x3A, 0x76, 0x69, 0x73, 0x75, 0x61, 0x6C, 0x2F, 0x6D, 0x6F, 0x6F, 0x6E, 0x5F, 0x70, 0x68, 0x61, 0x73, 0x65, 0x09, 0x00, 0x09, 0x6B, 0x65, 0x79, 0x66, 0x72, 0x61, 0x6D, 0x65, 0x73, 0x0A, 0x00, 0x00, 0x00, 0x08, 0x03, 0x00, 0x05, 0x74, 0x69, 0x63, 0x6B, 0x73, 0x00, 0x00, 0x00, 0x00, 0x08, 0x00, 0x05, 0x76, 0x61, 0x6C, 0x75, 0x65, 0x00, 0x09, 0x66, 0x75, 0x6C, 0x6C, 0x5F, 0x6D, 0x6F, 0x6F, 0x6E, 0x00, 0x03, 0x00, 0x05, 0x74, 0x69, 0x63, 0x6B, 0x73, 0x00, 0x00, 0x5D, 0xC0, 0x08, 0x00, 0x05, 0x76, 0x61, 0x6C, 0x75, 0x65, 0x00, 0x0E, 0x77, 0x61, 0x6E, 0x69, 0x6E, 0x67, 0x5F, 0x67, 0x69, 0x62, 0x62, 0x6F, 0x75, 0x73, 0x00, 0x03, 0x00, 0x05, 0x74, 0x69, 0x63, 0x6B, 0x73, 0x00, 0x00, 0xBB, 0x80, 0x08, 0x00, 0x05, 0x76, 0x61, 0x6C, 0x75, 0x65, 0x00, 0x0D, 0x74, 0x68, 0x69, 0x72, 0x64, 0x5F, 0x71, 0x75, 0x61, 0x72, 0x74, 0x65, 0x72, 0x00, 0x03, 0x00, 0x05, 0x74, 0x69, 0x63, 0x6B, 0x73, 0x00, 0x01, 0x19, 0x40, 0x08, 0x00, 0x05, 0x76, 0x61, 0x6C, 0x75, 0x65, 0x00, 0x0F, 0x77, 0x61, 0x6E, 0x69, 0x6E, 0x67, 0x5F, 0x63, 0x72, 0x65, 0x73, 0x63, 0x65, 0x6E, 0x74, 0x00, 0x03, 0x00, 0x05, 0x74, 0x69, 0x63, 0x6B, 0x73, 0x00, 0x01, 0x77, 0x00, 0x08, 0x00, 0x05, 0x76, 0x61, 0x6C, 0x75, 0x65, 0x00, 0x08, 0x6E, 0x65, 0x77, 0x5F, 0x6D, 0x6F, 0x6F, 0x6E, 0x00, 0x03, 0x00, 0x05, 0x74, 0x69, 0x63, 0x6B, 0x73, 0x00, 0x01, 0xD4, 0xC0, 0x08, 0x00, 0x05, 0x76, 0x61, 0x6C, 0x75, 0x65, 0x00, 0x0F, 0x77, 0x61, 0x78, 0x69, 0x6E, 0x67, 0x5F, 0x63, 0x72, 0x65, 0x73, 0x63, 0x65, 0x6E, 0x74, 0x00, 0x03, 0x00, 0x05, 0x74, 0x69, 0x63, 0x6B, 0x73, 0x00, 0x02, 0x32, 0x80, 0x08, 0x00, 0x05, 0x76, 0x61, 0x6C, 0x75, 0x65, 0x00, 0x0D, 0x66, 0x69, 0x72, 0x73, 0x74, 0x5F, 0x71, 0x75, 0x61, 0x72, 0x74, 0x65, 0x72, 0x00, 0x03, 0x00, 0x05, 0x74, 0x69, 0x63, 0x6B, 0x73, 0x00, 0x02, 0x90, 0x40, 0x08, 0x00, 0x05, 0x76, 0x61, 0x6C, 0x75, 0x65, 0x00, 0x0E, 0x77, 0x61, 0x78, 0x69, 0x6E, 0x67, 0x5F, 0x67, 0x69, 0x62, 0x62, 0x6F, 0x75, 0x73, 0x00, 0x00, 0x00, 0x00, 0x1B, 0x6D, 0x69, 0x6E, 0x65, 0x63, 0x72, 0x61, 0x66, 0x74, 0x3A, 0x76, 0x69, 0x6C, 0x6C, 0x61, 0x67, 0x65, 0x72, 0x5F, 0x73, 0x63, 0x68, 0x65, 0x64, 0x75, 0x6C, 0x65, 0x01, 0x0A, 0x03, 0x00, 0x0C, 0x70, 0x65, 0x72, 0x69, 0x6F, 0x64, 0x5F, 0x74, 0x69, 0x63, 0x6B, 0x73, 0x00, 0x00, 0x5D, 0xC0, 0x08, 0x00, 0x05, 0x63, 0x6C, 0x6F, 0x63, 0x6B, 0x00, 0x13, 0x6D, 0x69, 0x6E, 0x65, 0x63, 0x72, 0x61, 0x66, 0x74, 0x3A, 0x6F, 0x76, 0x65, 0x72, 0x77, 0x6F, 0x72, 0x6C, 0x64, 0x00 };

inline constexpr uint8_t config_packet_31[] = { 0xBD, 0xFC, 0x01, 0x0D, 0x0F, 0x18, 0x6D, 0x69, 0x6E, 0x65, 0x63, 0x72, 0x61, 0x66, 0x74, 0x3A, 0x77, 0x6F, 0x72, 0x6C, 0x64, 0x67, 0x65, 0x6E, 0x2F, 0x62, 0x69, 0x6F, 0x6D, 0x65, 0x44, 0x27, 0x6D, 0x69, 0x6E, 0x65, 0x63, 0x72, 0x61, 0x66, 0x74, 0x3A, 0x68, 0x61, 0x73, 0x5F, 0x73, 0x74, 0x72, 0x75, 0x63, 0x74, 0x75, 0x72, 0x65, 0x2F, 0x6E, 0x65, 0x74, 0x68, 0x65, 0x72, 0x5F, 0x66, 0x6F, 0x72, 0x74, 0x72, 0x65, 0x73, 0x73, 0x05, 0x22, 0x31, 0x07, 0x3B, 0x02, 0x27, 0x6D, 0x69, 0x6E, 0x65, 0x63, 0x72, 0x61, 0x66, 0x74, 0x3A, 0x68, 0x61, 0x73, 0x5F, 0x73, 0x74, 0x72, 0x75, 0x63, 0x74, 0x75, 0x72, 0x65, 0x2F, 0x6F, 0x63, 0x65, 0x61, 0x6E, 0x5F, 0x72, 0x75, 0x69, 0x6E, 0x5F, 0x77, 0x61, 0x72, 0x6D, 0x03, 0x1D, 0x3A, 0x0C, 0x12, 0x6D, 0x69, 0x6E, 0x65, 0x63, 0x72, 0x61, 0x66, 0x74, 0x3A, 0x69, 0x73, 0x5F, 0x72, 0x69, 0x76, 0x65, 0x72, 0x02, 0x29, 0x18, 0x1F, 0x6D, 0x69, 0x6E, 0x65, 0x63, 0x72, 0x61, 0x66, 0x74, 0x3A, 0x77, 0x61, 0x74, 0x65, 0x72, 0x5F, 0x6F, 0x6E, 0x5F, 0x6D, 0x61, 0x70, 0x5F, 0x6F, 0x75, 0x74, 0x6C, 0x69, 0x6E, 0x65, 0x73, 0x0D, 0x0B, 0x09, 0x0D, 0x0C, 0x16, 0x23, 0x06, 0x1D, 0x3A, 0x29, 0x18, 0x36, 0x1F, 0x21, 0x6D, 0x69, 0x6E, 0x65, 0x63, 0x72, 0x61, 0x66, 0x74, 0x3A, 0x68, 0x61, 0x73, 0x5F, 0x73, 0x74, 0x72, 0x75, 0x63, 0x74, 0x75, 0x72, 0x65, 0x2F, 0x6D, 0x69, 0x6E, 0x65, 0x73, 0x68, 0x61, 0x66, 0x74, 0x32, 0x0B, 0x09, 0x0D, 0x0C, 0x16, 0x23, 0x06, 0x1D, 0x3A, 0x29, 0x18, 0x03, 0x2D, 0x20, 0x17, 0x1B, 0x33, 0x2F, 0x05, 0x3E, 0x3C, 0x3D, 0x37, 0x30, 0x25, 0x26, 0x01, 0x1C, 0x32, 0x15, 0x14, 0x04, 0x24, 0x08, 0x27, 0x19, 0x34, 0x21, 0x1A, 0x3F, 0x0E, 0x2A, 0x2E, 0x28, 0x35, 0x36, 0x1F, 0x2B, 0x0F, 0x1E, 0x25, 0x6D, 0x69, 0x6E, 0x65, 0x63, 0x72, 0x61, 0x66, 0x74, 0x3A, 0x68, 0x61, 0x73, 0x5F, 0x73, 0x74, 0x72, 0x75, 0x63, 0x74, 0x75, 0x72, 0x65, 0x2F, 0x6A, 0x75, 0x6E, 0x67, 0x6C, 0x65, 0x5F, 0x74, 0x65, 0x6D, 0x70, 0x6C, 0x65, 0x02, 0x01, 0x1C, 0x26, 0x6D, 0x69, 0x6E, 0x65, 0x63, 0x72, 0x61, 0x66, 0x74, 0x3A, 0x68, 0x61, 0x73, 0x5F, 0x73, 0x74, 0x72, 0x75, 0x63, 0x74, 0x75, 0x72, 0x65, 0x2F, 0x74, 0x72, 0x69, 0x61, 0x6C, 0x5F, 0x63, 0x68, 0x61, 0x6D, 0x62, 0x65, 0x72, 0x73, 0x35, 0x21, 0x0B, 0x16, 0x09, 0x06, 0x0D, 0x23, 0x0C, 0x1D, 0x3A, 0x34, 0x36, 0x1F, 0x2F, 0x2E, 0x2D, 0x3D, 0x19, 0x3E, 0x30, 0x3C, 0x37, 0x28, 0x20, 0x03, 0x15, 0x26, 0x14, 0x04, 0x08, 0x27, 0x2B, 0x2A, 0x1C, 0x00, 0x0E, 0x40, 0x1B, 0x33, 0x18, 0x29, 0x1A, 0x25, 0x35, 0x24, 0x32, 0x01, 0x13, 0x3F, 0x05, 0x17, 0x0F, 0x1E, 0x26, 0x6D, 0x69, 0x6E, 0x65, 0x63, 0x72, 0x61, 0x66, 0x74, 0x3A, 0x6D, 0x6F, 0x72, 0x65, 0x5F, 0x66, 0x72, 0x65, 0x71, 0x75, 0x65, 0x6E, 0x74, 0x5F, 0x64, 0x72, 0x6F, 0x77, 0x6E, 0x65, 0x64, 0x5F, 0x73, 0x70, 0x61, 0x77, 0x6E, 0x73, 0x02, 0x29, 0x18, 0x26, 0x6D, 0x69, 0x6E, 0x65, 0x63, 0x72, 0x61, 0x66, 0x74, 0x3A, 0x68, 0x61, 0x73, 0x5F, 0x73, 0x74, 0x72, 0x75, 0x63, 0x74, 0x75, 0x72, 0x65, 0x2F, 0x76, 0x69, 0x6C, 0x6C, 0x61, 0x67, 0x65, 0x5F, 0x64, 0x65, 0x73, 0x65, 0x72, 0x74, 0x01, 0x0E, 0x13, 0x6D, 0x69, 0x6E, 0x65, 0x63, 0x72, 0x61, 0x66, 0x74, 0x3A, 0x69, 0x73, 0x5F, 0x6A, 0x75, 0x6E, 0x67, 0x6C, 0x65, 0x03, 0x01, 0x1C, 0x32, 0x1B, 0x6D, 0x69, 0x6E, 0x65, 0x63, 0x72, 0x61, 0x66, 0x74, 0x3A, 0x73, 0x70, 0x61, 0x77, 0x6E, 0x73, 0x5F, 0x73, 0x6E, 0x6F, 0x77, 0x5F, 0x66, 0x6F, 0x78, 0x65, 0x73, 0x0A, 0x2E, 0x1A, 0x16, 0x30, 0x18, 0x2D, 0x17, 0x1B, 0x2F, 0x19, 0x13, 0x6D, 0x69, 0x6E, 0x65, 0x63, 0x72, 0x61, 0x66, 0x74, 0x3A, 0x69, 0x73, 0x5F, 0x66, 0x6F, 0x72, 0x65, 0x73, 0x74, 0x07, 0x15, 0x14, 0x04, 0x24, 0x08, 0x27, 0x19, 0x12, 0x6D, 0x69, 0x6E, 0x65, 0x63, 0x72, 0x61, 0x66, 0x74, 0x3A, 0x69, 0x73, 0x5F, 0x6F, 0x63, 0x65, 0x61, 0x6E, 0x09, 0x0B, 0x09, 0x0D, 0x0C, 0x16, 0x23, 0x06, 0x1D, 0x3A, 0x27, 0x6D, 0x69, 0x6E, 0x65, 0x63, 0x72, 0x61, 0x66, 0x74, 0x3A, 0x68, 0x61, 0x73, 0x5F, 0x73, 0x74, 0x72, 0x75, 0x63, 0x74, 0x75, 0x72, 0x65, 0x2F, 0x76, 0x69, 0x6C, 0x6C, 0x61, 0x67, 0x65, 0x5F, 0x73, 0x61, 0x76, 0x61, 0x6E, 0x6E, 0x61, 0x01, 0x2A, 0x16, 0x6D, 0x69, 0x6E, 0x65, 0x63, 0x72, 0x61, 0x66, 0x74, 0x3A, 0x69, 0x73, 0x5F, 0x6F, 0x76, 0x65, 0x72, 0x77, 0x6F, 0x72, 0x6C, 0x64, 0x36, 0x21, 0x0B, 0x16, 0x09, 0x06, 0x0D, 0x23, 0x0C, 0x1D, 0x3A, 0x34, 0x36, 0x1F, 0x2F, 0x2E, 0x2D, 0x3D, 0x19, 0x3E, 0x30, 0x3C, 0x37, 0x28, 0x20, 0x03, 0x15, 0x26, 0x14, 0x04, 0x08, 0x27, 0x2B, 0x2A, 0x1C, 0x00, 0x0E, 0x40, 0x1B, 0x33, 0x18, 0x29, 0x1A, 0x25, 0x35, 0x24, 0x32, 0x01, 0x13, 0x3F, 0x05, 0x17, 0x0F, 0x1E, 0x0A, 0x25, 0x6D, 0x69, 0x6E, 0x65, 0x63, 0x72, 0x61, 0x66, 0x74, 0x3A, 0x68, 0x61, 0x73, 0x5F, 0x73, 0x74, 0x72, 0x75, 0x63, 0x74, 0x75, 0x72, 0x65, 0x2F, 0x76, 0x69, 0x6C, 0x6C, 0x61, 0x67, 0x65, 0x5F, 0x74, 0x61, 0x69, 0x67, 0x61, 0x01, 0x37, 0x33, 0x6D, 0x69, 0x6E, 0x65, 0x63, 0x72, 0x61, 0x66, 0x74, 0x3A, 0x61, 0x6C, 0x6C, 0x6F, 0x77, 0x73, 0x5F, 0x74, 0x72, 0x6F, 0x70, 0x69, 0x63, 0x61, 0x6C, 0x5F, 0x66, 0x69, 0x73, 0x68, 0x5F, 0x73, 0x70, 0x61, 0x77, 0x6E, 0x73, 0x5F, 0x61, 0x74, 0x5F, 0x61, 0x6E, 0x79, 0x5F, 0x68, 0x65, 0x69, 0x67, 0x68, 0x74, 0x01, 0x1E, 0x2F, 0x6D, 0x69, 0x6E, 0x65, 0x63, 0x72, 0x61, 0x66, 0x74, 0x3A, 0x70, 0x6F, 0x6C, 0x61, 0x72, 0x5F, 0x62, 0x65, 0x61, 0x72, 0x73, 0x5F, 0x73, 0x70, 0x61, 0x77, 0x6E, 0x5F, 0x6F, 0x6E, 0x5F, 0x61, 0x6C, 0x74, 0x65, 0x72, 0x6E, 0x61, 0x74, 0x65, 0x5F, 0x62, 0x6C, 0x6F, 0x63, 0x6B, 0x73, 0x02, 0x16, 0x0B, 0x26, 0x6D, 0x69, 0x6E, 0x65, 0x63, 0x72, 0x61, 0x66, 0x74, 0x3A, 0x68, 0x61, 0x73, 0x5F, 0x73, 0x74, 0x72, 0x75, 0x63, 0x74, 0x75, 0x72, 0x65, 0x2F, 0x76, 0x69, 0x6C, 0x6C, 0x61, 0x67, 0x65, 0x5F, 0x70, 0x6C, 0x61, 0x69, 0x6E, 0x73, 0x02, 0x28, 0x20, 0x27, 0x6D, 0x69, 0x6E, 0x65, 0x63, 0x72, 0x61, 0x66, 0x74, 0x3A, 0x68, 0x61, 0x73, 0x5F, 0x73, 0x74, 0x72, 0x75, 0x63, 0x74, 0x75, 0x72, 0x65, 0x2F, 0x62, 0x75, 0x72, 0x69, 0x65, 0x64, 0x5F, 0x74, 0x72, 0x65, 0x61, 0x73, 0x75, 0x72, 0x65, 0x02, 0x03, 0x2D, 0x27, 0x6D, 0x69, 0x6E, 0x65, 0x63, 0x72, 0x61, 0x66, 0x74, 0x3A, 0x68, 0x61, 0x73, 0x5F, 0x73, 0x74, 0x72, 0x75, 0x63, 0x74, 0x75, 0x72, 0x65, 0x2F, 0x6F, 0x63, 0x65, 0x61, 0x6E, 0x5F, 0x72, 0x75, 0x69, 0x6E, 0x5F, 0x63, 0x6F, 0x6C, 0x64, 0x06, 0x16, 0x06, 0x23, 0x0B, 0x09, 0x0D, 0x27, 0x6D, 0x69, 0x6E, 0x65, 0x63, 0x72, 0x61, 0x66, 0x74, 0x3A, 0x70, 0x72, 0x6F, 0x64, 0x75, 0x63, 0x65, 0x73, 0x5F, 0x63, 0x6F, 0x72, 0x61, 0x6C, 0x73, 0x5F, 0x66, 0x72, 0x6F, 0x6D, 0x5F, 0x62, 0x6F, 0x6E, 0x65, 0x6D, 0x65, 0x61, 0x6C, 0x01, 0x3A, 0x22, 0x6D, 0x69, 0x6E, 0x65, 0x63, 0x72, 0x61, 0x66, 0x74, 0x3A, 0x68, 0x61, 0x73, 0x5F, 0x73, 0x74, 0x72, 0x75, 0x63, 0x74, 0x75, 0x72, 0x65, 0x2F, 0x73, 0x74, 0x72, 0x6F, 0x6E, 0x67, 0x68, 0x6F, 0x6C, 0x64, 0x36, 0x21, 0x0B, 0x16, 0x09, 0x06, 0x0D, 0x23, 0x0C, 0x1D, 0x3A, 0x34, 0x36, 0x1F, 0x2F, 0x2E, 0x2D, 0x3D, 0x19, 0x3E, 0x30, 0x3C, 0x37, 0x28, 0x20, 0x03, 0x15, 0x26, 0x14, 0x04, 0x08, 0x27, 0x2B, 0x2A, 0x1C, 0x00, 0x0E, 0x40, 0x1B, 0x33, 0x18, 0x29, 0x1A, 0x25, 0x35, 0x24, 0x32, 0x01, 0x13, 0x3F, 0x05, 0x17, 0x0F, 0x1E, 0x0A, 0x2C, 0x6D, 0x69, 0x6E, 0x65, 0x63, 0x72, 0x61, 0x66, 0x74, 0x3A, 0x68, 0x61, 0x73, 0x5F, 0x73, 0x74, 0x72, 0x75, 0x63, 0x74, 0x75, 0x72, 0x65, 0x2F, 0x72, 0x75, 0x69, 0x6E, 0x65, 0x64, 0x5F, 0x70, 0x6F, 0x72, 0x74, 0x61, 0x6C, 0x5F, 0x64, 0x65, 0x73, 0x65, 0x72, 0x74, 0x01, 0x0E, 0x29, 0x6D, 0x69, 0x6E, 0x65, 0x63, 0x72, 0x61, 0x66, 0x74, 0x3A, 0x77, 0x69, 0x74, 0x68, 0x6F, 0x75, 0x74, 0x5F, 0x77, 0x61, 0x6E, 0x64, 0x65, 0x72, 0x69, 0x6E, 0x67, 0x5F, 0x74, 0x72, 0x61, 0x64, 0x65, 0x72, 0x5F, 0x73, 0x70, 0x61, 0x77, 0x6E, 0x73, 0x01, 0x39, 0x24, 0x6D, 0x69, 0x6E, 0x65, 0x63, 0x72, 0x61, 0x66, 0x74, 0x3A, 0x68, 0x61, 0x73, 0x5F, 0x73, 0x74, 0x72, 0x75, 0x63, 0x74, 0x75, 0x72, 0x65, 0x2F, 0x61, 0x6E, 0x63, 0x69, 0x65, 0x6E, 0x74, 0x5F, 0x63, 0x69, 0x74, 0x79, 0x01, 0x0A, 0x26, 0x6D, 0x69, 0x6E, 0x65, 0x63, 0x72, 0x61, 0x66, 0x74, 0x3A, 0x68, 0x61, 0x73, 0x5F, 0x73, 0x74, 0x72, 0x75, 0x63, 0x74, 0x75, 0x72, 0x65, 0x2F, 0x6D, 0x69, 0x6E, 0x65, 0x73, 0x68, 0x61, 0x66, 0x74, 0x5F, 0x6D, 0x65, 0x73, 0x61, 0x03, 0x00, 0x13, 0x40, 0x2B, 0x6D, 0x69, 0x6E, 0x65, 0x63, 0x72, 0x61, 0x66, 0x74, 0x3A, 0x68, 0x61, 0x73, 0x5F, 0x73, 0x74, 0x72, 0x75, 0x63, 0x74, 0x75, 0x72, 0x65, 0x2F, 0x72, 0x75, 0x69, 0x6E, 0x65, 0x64, 0x5F, 0x70, 0x6F, 0x72, 0x74, 0x61, 0x6C, 0x5F, 0x73, 0x77, 0x61, 0x6D, 0x70, 0x02, 0x36, 0x1F, 0x21, 0x6D, 0x69, 0x6E, 0x65, 0x63, 0x72, 0x61, 0x66, 0x74, 0x3A, 0x68, 0x61, 0x73, 0x5F, 0x73, 0x74, 0x72, 0x75, 0x63, 0x74, 0x75, 0x72, 0x65, 0x2F, 0x73, 0x68, 0x69, 0x70, 0x77, 0x72, 0x65, 0x63, 0x6B, 0x09, 0x0B, 0x09, 0x0D, 0x0C, 0x16, 0x23, 0x06, 0x1D, 0x3A, 0x14, 0x6D, 0x69, 0x6E, 0x65, 0x63, 0x72, 0x61, 0x66, 0x74, 0x3A, 0x69, 0x73, 0x5F, 0x73, 0x61, 0x76, 0x61, 0x6E, 0x6E, 0x61, 0x03, 0x2A, 0x2B, 0x3F, 0x21, 0x6D, 0x69, 0x6E, 0x65, 0x63, 0x72, 0x61, 0x66, 0x74, 0x3A, 0x68, 0x61, 0x73, 0x5F, 0x73, 0x74, 0x72, 0x75, 0x63, 0x74, 0x75, 0x72, 0x65, 0x2F, 0x73, 0x77, 0x61, 0x6D, 0x70, 0x5F, 0x68, 0x75, 0x74, 0x01, 0x36, 0x23, 0x6D, 0x69, 0x6E, 0x65, 0x63, 0x72, 0x61, 0x66, 0x74, 0x3A, 0x73, 0x70, 0x61, 0x77, 0x6E, 0x73, 0x5F, 0x63, 0x6F, 0x6C, 0x64, 0x5F, 0x76, 0x61, 0x72, 0x69, 0x61, 0x6E, 0x74, 0x5F, 0x66, 0x72, 0x6F, 0x67, 0x73, 0x11, 0x2E, 0x1A, 0x17, 0x1B, 0x2F, 0x16, 0x0B, 0x19, 0x0A, 0x18, 0x30, 0x2D, 0x38, 0x11, 0x12, 0x2C, 0x10, 0x1D, 0x6D, 0x69, 0x6E, 0x65, 0x63, 0x72, 0x61, 0x66, 0x74, 0x3A, 0x68, 0x61, 0x73, 0x5F, 0x73, 0x74, 0x72, 0x75, 0x63, 0x74, 0x75, 0x72, 0x65, 0x2F, 0x69, 0x67, 0x6C, 0x6F, 0x6F, 0x03, 0x30, 0x2E, 0x2F, 0x29, 0x6D, 0x69, 0x6E, 0x65, 0x63, 0x72, 0x61, 0x66, 0x74, 0x3A, 0x68, 0x61, 0x73, 0x5F, 0x73, 0x74, 0x72, 0x75, 0x63, 0x74, 0x75, 0x72, 0x65, 0x2F, 0x73, 0x68, 0x69, 0x70, 0x77, 0x72, 0x65, 0x63, 0x6B, 0x5F, 0x62, 0x65, 0x61, 0x63, 0x68, 0x65, 0x64, 0x02, 0x03, 0x2D, 0x23, 0x6D, 0x69, 0x6E, 0x65, 0x63, 0x72, 0x61, 0x66, 0x74, 0x3A, 0x68, 0x61, 0x73, 0x5F, 0x73, 0x74, 0x72, 0x75, 0x63, 0x74, 0x75, 0x72, 0x65, 0x2F, 0x74, 0x72, 0x61, 0x69, 0x6C, 0x5F, 0x72, 0x75, 0x69, 0x6E, 0x73, 0x06, 0x37, 0x30, 0x25, 0x26, 0x24, 0x1C, 0x11, 0x6D, 0x69, 0x6E, 0x65, 0x63, 0x72, 0x61, 0x66, 0x74, 0x3A, 0x69, 0x73, 0x5F, 0x68, 0x69, 0x6C, 0x6C, 0x03, 0x3E, 0x3C, 0x3D, 0x2C, 0x6D, 0x69, 0x6E, 0x65, 0x63, 0x72, 0x61, 0x66, 0x74, 0x3A, 0x68, 0x61, 0x73, 0x5F, 0x73, 0x74, 0x72, 0x75, 0x63, 0x74, 0x75, 0x72, 0x65, 0x2F, 0x72, 0x75, 0x69, 0x6E, 0x65, 0x64, 0x5F, 0x70, 0x6F, 0x72, 0x74, 0x61, 0x6C, 0x5F, 0x6E, 0x65, 0x74, 0x68, 0x65, 0x72, 0x05, 0x22, 0x31, 0x07, 0x3B, 0x02, 0x10, 0x6D, 0x69, 0x6E, 0x65, 0x63, 0x72, 0x61, 0x66, 0x74, 0x3A, 0x69, 0x73, 0x5F, 0x65, 0x6E, 0x64, 0x05, 0x38, 0x11, 0x12, 0x2C, 0x10, 0x1E, 0x6D, 0x69, 0x6E, 0x65, 0x63, 0x72, 0x61, 0x66, 0x74, 0x3A, 0x73, 0x74, 0x72, 0x6F, 0x6E, 0x67, 0x68, 0x6F, 0x6C, 0x64, 0x5F, 0x62, 0x69, 0x61, 0x73, 0x65, 0x64, 0x5F, 0x74, 0x6F, 0x25, 0x28, 0x35, 0x2E, 0x1A, 0x0E, 0x15, 0x14, 0x04, 0x08, 0x27, 0x24, 0x25, 0x26, 0x37, 0x30, 0x2A, 0x2B, 0x3E, 0x3D, 0x3C, 0x3F, 0x1C, 0x32, 0x01, 0x00, 0x13, 0x40, 0x20, 0x05, 0x19, 0x2F, 0x17, 0x1B, 0x33, 0x21, 0x0F, 0x1E, 0x1F, 0x6D, 0x69, 0x6E, 0x65, 0x63, 0x72, 0x61, 0x66, 0x74, 0x3A, 0x77, 0x69, 0x74, 0x68, 0x6F, 0x75, 0x74, 0x5F, 0x7A, 0x6F, 0x6D, 0x62, 0x69, 0x65, 0x5F, 0x73, 0x69, 0x65, 0x67, 0x65, 0x73, 0x01, 0x21, 0x12, 0x6D, 0x69, 0x6E, 0x65, 0x63, 0x72, 0x61, 0x66, 0x74, 0x3A, 0x69, 0x73, 0x5F, 0x62, 0x65, 0x61, 0x63, 0x68, 0x02, 0x03, 0x2D, 0x2E, 0x6D, 0x69, 0x6E, 0x65, 0x63, 0x72, 0x61, 0x66, 0x74, 0x3A, 0x68, 0x61, 0x73, 0x5F, 0x73, 0x74, 0x72, 0x75, 0x63, 0x74, 0x75, 0x72, 0x65, 0x2F, 0x72, 0x75, 0x69, 0x6E, 0x65, 0x64, 0x5F, 0x70, 0x6F, 0x72, 0x74, 0x61, 0x6C, 0x5F, 0x73, 0x74, 0x61, 0x6E, 0x64, 0x61, 0x72, 0x64, 0x17, 0x03, 0x2D, 0x29, 0x18, 0x37, 0x30, 0x25, 0x26, 0x15, 0x14, 0x04, 0x24, 0x08, 0x27, 0x19, 0x21, 0x1A, 0x0F, 0x1E, 0x2A, 0x2E, 0x28, 0x35, 0x28, 0x6D, 0x69, 0x6E, 0x65, 0x63, 0x72, 0x61, 0x66, 0x74, 0x3A, 0x68, 0x61, 0x73, 0x5F, 0x73, 0x74, 0x72, 0x75, 0x63, 0x74, 0x75, 0x72, 0x65, 0x2F, 0x70, 0x69, 0x6C, 0x6C, 0x61, 0x67, 0x65, 0x72, 0x5F, 0x6F, 0x75, 0x74, 0x70, 0x6F, 0x73, 0x74, 0x0C, 0x0E, 0x28, 0x2A, 0x2E, 0x37, 0x20, 0x17, 0x1B, 0x33, 0x2F, 0x05, 0x19, 0x25, 0x6D, 0x69, 0x6E, 0x65, 0x63, 0x72, 0x61, 0x66, 0x74, 0x3A, 0x61, 0x6C, 0x6C, 0x6F, 0x77, 0x73, 0x5F, 0x73, 0x75, 0x72, 0x66, 0x61, 0x63, 0x65, 0x5F, 0x73, 0x6C, 0x69, 0x6D, 0x65, 0x5F, 0x73, 0x70, 0x61, 0x77, 0x6E, 0x73, 0x02, 0x36, 0x1F, 0x12, 0x6D, 0x69, 0x6E, 0x65, 0x63, 0x72, 0x61, 0x66, 0x74, 0x3A, 0x69, 0x73, 0x5F, 0x74, 0x61, 0x69, 0x67, 0x61, 0x04, 0x37, 0x30, 0x25, 0x26, 0x23, 0x6D, 0x69, 0x6E, 0x65, 0x63, 0x72, 0x61, 0x66, 0x74, 0x3A, 0x73, 0x70, 0x61, 0x77, 0x6E, 0x73, 0x5F, 0x77, 0x61, 0x72, 0x6D, 0x5F, 0x76, 0x61, 0x72, 0x69, 0x61, 0x6E, 0x74, 0x5F, 0x66, 0x72, 0x6F, 0x67, 0x73, 0x11, 0x0E, 0x3A, 0x01, 0x1C, 0x32, 0x2A, 0x2B, 0x3F, 0x22, 0x31, 0x07, 0x3B, 0x02, 0x00, 0x13, 0x40, 0x1F, 0x2D, 0x6D, 0x69, 0x6E, 0x65, 0x63, 0x72, 0x61, 0x66, 0x74, 0x3A, 0x72, 0x65, 0x71, 0x75, 0x69, 0x72, 0x65, 0x64, 0x5F, 0x6F, 0x63, 0x65, 0x61, 0x6E, 0x5F, 0x6D, 0x6F, 0x6E, 0x75, 0x6D, 0x65, 0x6E, 0x74, 0x5F, 0x73, 0x75, 0x72, 0x72, 0x6F, 0x75, 0x6E, 0x64, 0x69, 0x6E, 0x67, 0x0B, 0x0B, 0x09, 0x0D, 0x0C, 0x16, 0x23, 0x06, 0x1D, 0x3A, 0x29, 0x18, 0x1C, 0x6D, 0x69, 0x6E, 0x65, 0x63, 0x72, 0x61, 0x66, 0x74, 0x3A, 0x6D, 0x69, 0x6E, 0x65, 0x73, 0x68, 0x61, 0x66, 0x74, 0x5F, 0x62, 0x6C, 0x6F, 0x63, 0x6B, 0x69, 0x6E, 0x67, 0x01, 0x0A, 0x15, 0x6D, 0x69, 0x6E, 0x65, 0x63, 0x72, 0x61, 0x66, 0x74, 0x3A, 0x69, 0x73, 0x5F, 0x6D, 0x6F, 0x75, 0x6E, 0x74, 0x61, 0x69, 0x6E, 0x06, 0x20, 0x17, 0x1B, 0x33, 0x2F, 0x05, 0x25, 0x6D, 0x69, 0x6E, 0x65, 0x63, 0x72, 0x61, 0x66, 0x74, 0x3A, 0x68, 0x61, 0x73, 0x5F, 0x73, 0x74, 0x72, 0x75, 0x63, 0x74, 0x75, 0x72, 0x65, 0x2F, 0x76, 0x69, 0x6C, 0x6C, 0x61, 0x67, 0x65, 0x5F, 0x73, 0x6E, 0x6F, 0x77, 0x79, 0x01, 0x2E, 0x26, 0x6D, 0x69, 0x6E, 0x65, 0x63, 0x72, 0x61, 0x66, 0x74, 0x3A, 0x68, 0x61, 0x73, 0x5F, 0x73, 0x74, 0x72, 0x75, 0x63, 0x74, 0x75, 0x72, 0x65, 0x2F, 0x6F, 0x63, 0x65, 0x61, 0x6E, 0x5F, 0x6D, 0x6F, 0x6E, 0x75, 0x6D, 0x65, 0x6E, 0x74, 0x04, 0x0B, 0x09, 0x0D, 0x0C, 0x15, 0x6D, 0x69, 0x6E, 0x65, 0x63, 0x72, 0x61, 0x66, 0x74, 0x3A, 0x69, 0x73, 0x5F, 0x62, 0x61, 0x64, 0x6C, 0x61, 0x6E, 0x64, 0x73, 0x03, 0x00, 0x13, 0x40, 0x1D, 0x6D, 0x69, 0x6E, 0x65, 0x63, 0x72, 0x61, 0x66, 0x74, 0x3A, 0x73, 0x70, 0x61, 0x77, 0x6E, 0x73, 0x5F, 0x67, 0x6F, 0x6C, 0x64, 0x5F, 0x72, 0x61, 0x62, 0x62, 0x69, 0x74, 0x73, 0x01, 0x0E, 0x1E, 0x6D, 0x69, 0x6E, 0x65, 0x63, 0x72, 0x61, 0x66, 0x74, 0x3A, 0x73, 0x70, 0x61, 0x77, 0x6E, 0x73, 0x5F, 0x77, 0x68, 0x69, 0x74, 0x65, 0x5F, 0x72, 0x61, 0x62, 0x62, 0x69, 0x74, 0x73, 0x0A, 0x2E, 0x1A, 0x16, 0x30, 0x18, 0x2D, 0x17, 0x1B, 0x2F, 0x19, 0x2C, 0x6D, 0x69, 0x6E, 0x65, 0x63, 0x72, 0x61, 0x66, 0x74, 0x3A, 0x68, 0x61, 0x73, 0x5F, 0x73, 0x74, 0x72, 0x75, 0x63, 0x74, 0x75, 0x72, 0x65, 0x2F, 0x72, 0x75, 0x69, 0x6E, 0x65, 0x64, 0x5F, 0x70, 0x6F, 0x72, 0x74, 0x61, 0x6C, 0x5F, 0x6A, 0x75, 0x6E, 0x67, 0x6C, 0x65, 0x03, 0x01, 0x1C, 0x32, 0x2E, 0x6D, 0x69, 0x6E, 0x65, 0x63, 0x72, 0x61, 0x66, 0x74, 0x3A, 0x73, 0x70, 0x61, 0x77, 0x6E, 0x73, 0x5F, 0x63, 0x6F, 0x72, 0x61, 0x6C, 0x5F, 0x76, 0x61, 0x72, 0x69, 0x61, 0x6E, 0x74, 0x5F, 0x7A, 0x6F, 0x6D, 0x62, 0x69, 0x65, 0x5F, 0x6E, 0x61, 0x75, 0x74, 0x69, 0x6C, 0x75, 0x73, 0x01, 0x3A, 0x25, 0x6D, 0x69, 0x6E, 0x65, 0x63, 0x72, 0x61, 0x66, 0x74, 0x3A, 0x68, 0x61, 0x73, 0x5F, 0x73, 0x74, 0x72, 0x75, 0x63, 0x74, 0x75, 0x72, 0x65, 0x2F, 0x6E, 0x65, 0x74, 0x68, 0x65, 0x72, 0x5F, 0x66, 0x6F, 0x73, 0x73, 0x69, 0x6C, 0x01, 0x31, 0x26, 0x6D, 0x69, 0x6E, 0x65, 0x63, 0x72, 0x61, 0x66, 0x74, 0x3A, 0x68, 0x61, 0x73, 0x5F, 0x73, 0x74, 0x72, 0x75, 0x63, 0x74, 0x75, 0x72, 0x65, 0x2F, 0x64, 0x65, 0x73, 0x65, 0x72, 0x74, 0x5F, 0x70, 0x79, 0x72, 0x61, 0x6D, 0x69, 0x64, 0x01, 0x0E, 0x2A, 0x6D, 0x69, 0x6E, 0x65, 0x63, 0x72, 0x61, 0x66, 0x74, 0x3A, 0x73, 0x70, 0x61, 0x77, 0x6E, 0x73, 0x5F, 0x63, 0x6F, 0x6C, 0x64, 0x5F, 0x76, 0x61, 0x72, 0x69, 0x61, 0x6E, 0x74, 0x5F, 0x66, 0x61, 0x72, 0x6D, 0x5F, 0x61, 0x6E, 0x69, 0x6D, 0x61, 0x6C, 0x73, 0x1A, 0x2E, 0x1A, 0x17, 0x1B, 0x2F, 0x16, 0x0B, 0x19, 0x0A, 0x18, 0x30, 0x2D, 0x38, 0x11, 0x12, 0x2C, 0x10, 0x06, 0x09, 0x25, 0x26, 0x37, 0x3C, 0x3D, 0x3E, 0x33, 0x2B, 0x6D, 0x69, 0x6E, 0x65, 0x63, 0x72, 0x61, 0x66, 0x74, 0x3A, 0x68, 0x61, 0x73, 0x5F, 0x73, 0x74, 0x72, 0x75, 0x63, 0x74, 0x75, 0x72, 0x65, 0x2F, 0x72, 0x75, 0x69, 0x6E, 0x65, 0x64, 0x5F, 0x70, 0x6F, 0x72, 0x74, 0x61, 0x6C, 0x5F, 0x6F, 0x63, 0x65, 0x61, 0x6E, 0x09, 0x0B, 0x09, 0x0D, 0x0C, 0x16, 0x23, 0x06, 0x1D, 0x3A, 0x20, 0x6D, 0x69, 0x6E, 0x65, 0x63, 0x72, 0x61, 0x66, 0x74, 0x3A, 0x68, 0x61, 0x73, 0x5F, 0x73, 0x74, 0x72, 0x75, 0x63, 0x74, 0x75, 0x72, 0x65, 0x2F, 0x65, 0x6E, 0x64, 0x5F, 0x63, 0x69, 0x74, 0x79, 0x02, 0x11, 0x12, 0x17, 0x6D, 0x69, 0x6E, 0x65, 0x63, 0x72, 0x61, 0x66, 0x74, 0x3A, 0x69, 0x73, 0x5F, 0x64, 0x65, 0x65, 0x70, 0x5F, 0x6F, 0x63, 0x65, 0x61, 0x6E, 0x04, 0x0B, 0x09, 0x0D, 0x0C, 0x13, 0x6D, 0x69, 0x6E, 0x65, 0x63, 0x72, 0x61, 0x66, 0x74, 0x3A, 0x69, 0x73, 0x5F, 0x6E, 0x65, 0x74, 0x68, 0x65, 0x72, 0x05, 0x22, 0x31, 0x07, 0x3B, 0x02, 0x27, 0x6D, 0x69, 0x6E, 0x65, 0x63, 0x72, 0x61, 0x66, 0x74, 0x3A, 0x68, 0x61, 0x73, 0x5F, 0x73, 0x74, 0x72, 0x75, 0x63, 0x74, 0x75, 0x72, 0x65, 0x2F, 0x62, 0x61, 0x73, 0x74, 0x69, 0x6F, 0x6E, 0x5F, 0x72, 0x65, 0x6D, 0x6E, 0x61, 0x6E, 0x74, 0x04, 0x07, 0x22, 0x31, 0x3B, 0x25, 0x6D, 0x69, 0x6E, 0x65, 0x63, 0x72, 0x61, 0x66, 0x74, 0x3A, 0x72, 0x65, 0x64, 0x75, 0x63, 0x65, 0x5F, 0x77, 0x61, 0x74, 0x65, 0x72, 0x5F, 0x61, 0x6D, 0x62, 0x69, 0x65, 0x6E, 0x74, 0x5F, 0x73, 0x70, 0x61, 0x77, 0x6E, 0x73, 0x02, 0x29, 0x18, 0x2A, 0x6D, 0x69, 0x6E, 0x65, 0x63, 0x72, 0x61, 0x66, 0x74, 0x3A, 0x73, 0x70, 0x61, 0x77, 0x6E, 0x73, 0x5F, 0x77, 0x61, 0x72, 0x6D, 0x5F, 0x76, 0x61, 0x72, 0x69, 0x61, 0x6E, 0x74, 0x5F, 0x66, 0x61, 0x72, 0x6D, 0x5F, 0x61, 0x6E, 0x69, 0x6D, 0x61, 0x6C, 0x73, 0x13, 0x0E, 0x3A, 0x01, 0x1C, 0x32, 0x2A, 0x2B, 0x3F, 0x22, 0x31, 0x07, 0x3B, 0x02, 0x00, 0x13, 0x40, 0x1F, 0x0C, 0x1D, 0x28, 0x6D, 0x69, 0x6E, 0x65, 0x63, 0x72, 0x61, 0x66, 0x74, 0x3A, 0x68, 0x61, 0x73, 0x5F, 0x73, 0x74, 0x72, 0x75, 0x63, 0x74, 0x75, 0x72, 0x65, 0x2F, 0x77, 0x6F, 0x6F, 0x64, 0x6C, 0x61, 0x6E, 0x64, 0x5F, 0x6D, 0x61, 0x6E, 0x73, 0x69, 0x6F, 0x6E, 0x02, 0x08, 0x27, 0x2E, 0x6D, 0x69, 0x6E, 0x65, 0x63, 0x72, 0x61, 0x66, 0x74, 0x3A, 0x68, 0x61, 0x73, 0x5F, 0x73, 0x74, 0x72, 0x75, 0x63, 0x74, 0x75, 0x72, 0x65, 0x2F, 0x72, 0x75, 0x69, 0x6E, 0x65, 0x64, 0x5F, 0x70, 0x6F, 0x72, 0x74, 0x61, 0x6C, 0x5F, 0x6D, 0x6F, 0x75, 0x6E, 0x74, 0x61, 0x69, 0x6E, 0x0F, 0x00, 0x13, 0x40, 0x3E, 0x3C, 0x3D, 0x2B, 0x3F, 0x34, 0x20, 0x17, 0x1B, 0x33, 0x2F, 0x05, 0x15, 0x6D, 0x69, 0x6E, 0x65, 0x63, 0x72, 0x61, 0x66, 0x74, 0x3A, 0x65, 0x6E, 0x74, 0x69, 0x74, 0x79, 0x5F, 0x74, 0x79, 0x70, 0x65, 0x2F, 0x1B, 0x6D, 0x69, 0x6E, 0x65, 0x63, 0x72, 0x61, 0x66, 0x74, 0x3A, 0x63, 0x61, 0x6E, 0x5F, 0x65, 0x71, 0x75, 0x69, 0x70, 0x5F, 0x68, 0x61, 0x72, 0x6E, 0x65, 0x73, 0x73, 0x01, 0x3A, 0x21, 0x6D, 0x69, 0x6E, 0x65, 0x63, 0x72, 0x61, 0x66, 0x74, 0x3A, 0x61, 0x78, 0x6F, 0x6C, 0x6F, 0x74, 0x6C, 0x5F, 0x61, 0x6C, 0x77, 0x61, 0x79, 0x73, 0x5F, 0x68, 0x6F, 0x73, 0x74, 0x69, 0x6C, 0x65, 0x73, 0x03, 0x26, 0x3F, 0x28, 0x24, 0x6D, 0x69, 0x6E, 0x65, 0x63, 0x72, 0x61, 0x66, 0x74, 0x3A, 0x66, 0x72, 0x65, 0x65, 0x7A, 0x65, 0x5F, 0x69, 0x6D, 0x6D, 0x75, 0x6E, 0x65, 0x5F, 0x65, 0x6E, 0x74, 0x69, 0x74, 0x79, 0x5F, 0x74, 0x79, 0x70, 0x65, 0x73, 0x04, 0x80, 0x01, 0x68, 0x79, 0x91, 0x01, 0x1A, 0x6D, 0x69, 0x6E, 0x65, 0x63, 0x72, 0x61, 0x66, 0x74, 0x3A, 0x69, 0x6D, 0x6D, 0x75, 0x6E, 0x65, 0x5F, 0x74, 0x6F, 0x5F, 0x6F, 0x6F, 0x7A, 0x69, 0x6E, 0x67, 0x01, 0x75, 0x11, 0x6D, 0x69, 0x6E, 0x65, 0x63, 0x72, 0x61, 0x66, 0x74, 0x3A, 0x69, 0x6C, 0x6C, 0x61, 0x67, 0x65, 0x72, 0x04, 0x2E, 0x44, 0x67, 0x8C, 0x01, 0x10, 0x6D, 0x69, 0x6E, 0x65, 0x63, 0x72, 0x61, 0x66, 0x74, 0x3A, 0x75, 0x6E, 0x64, 0x65, 0x61, 0x64, 0x11, 0x73, 0x80, 0x01, 0x92, 0x01, 0x74, 0x10, 0x61, 0x97, 0x01, 0x14, 0x96, 0x01, 0x99, 0x01, 0x9A, 0x01, 0x95, 0x01, 0x26, 0x43, 0x98, 0x01, 0x91, 0x01, 0x63, 0x1B, 0x6D, 0x69, 0x6E, 0x65, 0x63, 0x72, 0x61, 0x66, 0x74, 0x3A, 0x6E, 0x61, 0x75, 0x74, 0x69, 0x6C, 0x75, 0x73, 0x5F, 0x68, 0x6F, 0x73, 0x74, 0x69, 0x6C, 0x65, 0x73, 0x01, 0x6B, 0x29, 0x6D, 0x69, 0x6E, 0x65, 0x63, 0x72, 0x61, 0x66, 0x74, 0x3A, 0x73, 0x65, 0x6E, 0x73, 0x69, 0x74, 0x69, 0x76, 0x65, 0x5F, 0x74, 0x6F, 0x5F, 0x62, 0x61, 0x6E, 0x65, 0x5F, 0x6F, 0x66, 0x5F, 0x61, 0x72, 0x74, 0x68, 0x72, 0x6F, 0x70, 0x6F, 0x64, 0x73, 0x05, 0x0B, 0x2A, 0x72, 0x7C, 0x16, 0x0E, 0x6D, 0x69, 0x6E, 0x65, 0x63, 0x72, 0x61, 0x66, 0x74, 0x3A, 0x62, 0x6F, 0x61, 0x74, 0x0A, 0x59, 0x7D, 0x0C, 0x4A, 0x00, 0x17, 0x21, 0x5E, 0x51, 0x09, 0x1E, 0x6D, 0x69, 0x6E, 0x65, 0x63, 0x72, 0x61, 0x66, 0x74, 0x3A, 0x63, 0x61, 0x6E, 0x6E, 0x6F, 0x74, 0x5F, 0x62, 0x65, 0x5F, 0x61, 0x67, 0x65, 0x5F, 0x6C, 0x6F, 0x63, 0x6B, 0x65, 0x64, 0x03, 0x97, 0x01, 0x74, 0x8B, 0x01, 0x25, 0x6D, 0x69, 0x6E, 0x65, 0x63, 0x72, 0x61, 0x66, 0x74, 0x3A, 0x63, 0x61, 0x6E, 0x6E, 0x6F, 0x74, 0x5F, 0x62, 0x65, 0x5F, 0x70, 0x75, 0x73, 0x68, 0x65, 0x64, 0x5F, 0x6F, 0x6E, 0x74, 0x6F, 0x5F, 0x62, 0x6F, 0x61, 0x74, 0x73, 0x0D, 0x9B, 0x01, 0x28, 0x1B, 0x6B, 0x6E, 0x88, 0x01, 0x23, 0x7F, 0x3D, 0x82, 0x01, 0x1F, 0x58, 0x98, 0x01, 0x13, 0x6D, 0x69, 0x6E, 0x65, 0x63, 0x72, 0x61, 0x66, 0x74, 0x3A, 0x66, 0x72, 0x6F, 0x67, 0x5F, 0x66, 0x6F, 0x6F, 0x64, 0x02, 0x75, 0x50, 0x1A, 0x6D, 0x69, 0x6E, 0x65, 0x63, 0x72, 0x61, 0x66, 0x74, 0x3A, 0x63, 0x61, 0x6E, 0x5F, 0x65, 0x71, 0x75, 0x69, 0x70, 0x5F, 0x73, 0x61, 0x64, 0x64, 0x6C, 0x65, 0x0B, 0x42, 0x74, 0x97, 0x01, 0x24, 0x57, 0x64, 0x81, 0x01, 0x13, 0x14, 0x58, 0x98, 0x01, 0x21, 0x6D, 0x69, 0x6E, 0x65, 0x63, 0x72, 0x61, 0x66, 0x74, 0x3A, 0x72, 0x65, 0x64, 0x69, 0x72, 0x65, 0x63, 0x74, 0x61, 0x62, 0x6C, 0x65, 0x5F, 0x70, 0x72, 0x6F, 0x6A, 0x65, 0x63, 0x74, 0x69, 0x6C, 0x65, 0x03, 0x34, 0x8F, 0x01, 0x12, 0x1C, 0x6D, 0x69, 0x6E, 0x65, 0x63, 0x72, 0x61, 0x66, 0x74, 0x3A, 0x66, 0x61, 0x6C, 0x6C, 0x5F, 0x64, 0x61, 0x6D, 0x61, 0x67, 0x65, 0x5F, 0x69, 0x6D, 0x6D, 0x75, 0x6E, 0x65, 0x12, 0x1C, 0x46, 0x79, 0x70, 0x02, 0x0A, 0x0B, 0x0E, 0x15, 0x1A, 0x39, 0x3A, 0x63, 0x50, 0x5B, 0x62, 0x91, 0x01, 0x11, 0x11, 0x6D, 0x69, 0x6E, 0x65, 0x63, 0x72, 0x61, 0x66, 0x74, 0x3A, 0x72, 0x61, 0x69, 0x64, 0x65, 0x72, 0x73, 0x06, 0x2E, 0x67, 0x6D, 0x8C, 0x01, 0x44, 0x90, 0x01, 0x23, 0x6D, 0x69, 0x6E, 0x65, 0x63, 0x72, 0x61, 0x66, 0x74, 0x3A, 0x69, 0x6E, 0x76, 0x65, 0x72, 0x74, 0x65, 0x64, 0x5F, 0x68, 0x65, 0x61, 0x6C, 0x69, 0x6E, 0x67, 0x5F, 0x61, 0x6E, 0x64, 0x5F, 0x68, 0x61, 0x72, 0x6D, 0x11, 0x73, 0x80, 0x01, 0x92, 0x01, 0x74, 0x10, 0x61, 0x97, 0x01, 0x14, 0x96, 0x01, 0x99, 0x01, 0x9A, 0x01, 0x95, 0x01, 0x26, 0x43, 0x98, 0x01, 0x91, 0x01, 0x63, 0x13, 0x6D, 0x69, 0x6E, 0x65, 0x63, 0x72, 0x61, 0x66, 0x74, 0x3A, 0x61, 0x72, 0x74, 0x68, 0x72, 0x6F, 0x70, 0x6F, 0x64, 0x05, 0x0B, 0x2A, 0x72, 0x7C, 0x16, 0x23, 0x6D, 0x69, 0x6E, 0x65, 0x63, 0x72, 0x61, 0x66, 0x74, 0x3A, 0x70, 0x6F, 0x77, 0x64, 0x65, 0x72, 0x5F, 0x73, 0x6E, 0x6F, 0x77, 0x5F, 0x77, 0x61, 0x6C, 0x6B, 0x61, 0x62, 0x6C, 0x65, 0x5F, 0x6D, 0x6F, 0x62, 0x73, 0x04, 0x6C, 0x2A, 0x72, 0x36, 0x1E, 0x6D, 0x69, 0x6E, 0x65, 0x63, 0x72, 0x61, 0x66, 0x74, 0x3A, 0x61, 0x78, 0x6F, 0x6C, 0x6F, 0x74, 0x6C, 0x5F, 0x68, 0x75, 0x6E, 0x74, 0x5F, 0x74, 0x61, 0x72, 0x67, 0x65, 0x74, 0x73, 0x07, 0x88, 0x01, 0x6B, 0x6E, 0x1B, 0x7F, 0x3D, 0x82, 0x01, 0x1C, 0x6D, 0x69, 0x6E, 0x65, 0x63, 0x72, 0x61, 0x66, 0x74, 0x3A, 0x69, 0x6D, 0x6D, 0x75, 0x6E, 0x65, 0x5F, 0x74, 0x6F, 0x5F, 0x69, 0x6E, 0x66, 0x65, 0x73, 0x74, 0x65, 0x64, 0x01, 0x72, 0x1C, 0x6D, 0x69, 0x6E, 0x65, 0x63, 0x72, 0x61, 0x66, 0x74, 0x3A, 0x73, 0x65, 0x6E, 0x73, 0x69, 0x74, 0x69, 0x76, 0x65, 0x5F, 0x74, 0x6F, 0x5F, 0x73, 0x6D, 0x69, 0x74, 0x65, 0x11, 0x73, 0x80, 0x01, 0x92, 0x01, 0x74, 0x10, 0x61, 0x97, 0x01, 0x14, 0x96, 0x01, 0x99, 0x01, 0x9A, 0x01, 0x95, 0x01, 0x26, 0x43, 0x98, 0x01, 0x91, 0x01, 0x63, 0x11, 0x6D, 0x69, 0x6E, 0x65, 0x63, 0x72, 0x61, 0x66, 0x74, 0x3A, 0x7A, 0x6F, 0x6D, 0x62, 0x69, 0x65, 0x73, 0x09, 0x97, 0x01, 0x14, 0x96, 0x01, 0x99, 0x01, 0x9A, 0x01, 0x95, 0x01, 0x26, 0x43, 0x98, 0x01, 0x1E, 0x6D, 0x69, 0x6E, 0x65, 0x63, 0x72, 0x61, 0x66, 0x74, 0x3A, 0x64, 0x69, 0x73, 0x6D, 0x6F, 0x75, 0x6E, 0x74, 0x73, 0x5F, 0x75, 0x6E, 0x64, 0x65, 0x72, 0x77, 0x61, 0x74, 0x65, 0x72, 0x0D, 0x13, 0x1A, 0x24, 0x3A, 0x42, 0x4E, 0x57, 0x64, 0x6D, 0x7C, 0x81, 0x01, 0x86, 0x01, 0x97, 0x01, 0x21, 0x6D, 0x69, 0x6E, 0x65, 0x63, 0x72, 0x61, 0x66, 0x74, 0x3A, 0x63, 0x61, 0x6E, 0x5F, 0x77, 0x65, 0x61, 0x72, 0x5F, 0x6E, 0x61, 0x75, 0x74, 0x69, 0x6C, 0x75, 0x73, 0x5F, 0x61, 0x72, 0x6D, 0x6F, 0x72, 0x02, 0x58, 0x98, 0x01, 0x1E, 0x6D, 0x69, 0x6E, 0x65, 0x63, 0x72, 0x61, 0x66, 0x74, 0x3A, 0x63, 0x61, 0x6E, 0x5F, 0x77, 0x65, 0x61, 0x72, 0x5F, 0x68, 0x6F, 0x72, 0x73, 0x65, 0x5F, 0x61, 0x72, 0x6D, 0x6F, 0x72, 0x02, 0x42, 0x97, 0x01, 0x1C, 0x6D, 0x69, 0x6E, 0x65, 0x63, 0x72, 0x61, 0x66, 0x74, 0x3A, 0x62, 0x65, 0x65, 0x68, 0x69, 0x76, 0x65, 0x5F, 0x69, 0x6E, 0x68, 0x61, 0x62, 0x69, 0x74, 0x6F, 0x72, 0x73, 0x01, 0x0B, 0x1C, 0x6D, 0x69, 0x6E, 0x65, 0x63, 0x72, 0x61, 0x66, 0x74, 0x3A, 0x69, 0x6D, 0x70, 0x61, 0x63, 0x74, 0x5F, 0x70, 0x72, 0x6F, 0x6A, 0x65, 0x63, 0x74, 0x69, 0x6C, 0x65, 0x73, 0x0C, 0x06, 0x7B, 0x35, 0x78, 0x34, 0x76, 0x27, 0x87, 0x01, 0x25, 0x93, 0x01, 0x8F, 0x01, 0x12, 0x22, 0x6D, 0x69, 0x6E, 0x65, 0x63, 0x72, 0x61, 0x66, 0x74, 0x3A, 0x6E, 0x6F, 0x74, 0x5F, 0x73, 0x63, 0x61, 0x72, 0x79, 0x5F, 0x66, 0x6F, 0x72, 0x5F, 0x70, 0x75, 0x66, 0x66, 0x65, 0x72, 0x66, 0x69, 0x73, 0x68, 0x0D, 0x89, 0x01, 0x3F, 0x28, 0x1B, 0x6B, 0x6E, 0x88, 0x01, 0x23, 0x7F, 0x3D, 0x82, 0x01, 0x58, 0x98, 0x01, 0x1F, 0x6D, 0x69, 0x6E, 0x65, 0x63, 0x72, 0x61, 0x66, 0x74, 0x3A, 0x6E, 0x6F, 0x6E, 0x5F, 0x63, 0x6F, 0x6E, 0x74, 0x72, 0x6F, 0x6C, 0x6C, 0x69, 0x6E, 0x67, 0x5F, 0x72, 0x69, 0x64, 0x65, 0x72, 0x02, 0x75, 0x50, 0x13, 0x6D, 0x69, 0x6E, 0x65, 0x63, 0x72, 0x61, 0x66, 0x74, 0x3A, 0x73, 0x6B, 0x65, 0x6C, 0x65, 0x74, 0x6F, 0x6E, 0x73, 0x06, 0x73, 0x80, 0x01, 0x92, 0x01, 0x74, 0x10, 0x61, 0x1B, 0x6D, 0x69, 0x6E, 0x65, 0x63, 0x72, 0x61, 0x66, 0x74, 0x3A, 0x63, 0x61, 0x6E, 0x5F, 0x74, 0x75, 0x72, 0x6E, 0x5F, 0x69, 0x6E, 0x5F, 0x62, 0x6F, 0x61, 0x74, 0x73, 0x01, 0x11, 0x1A, 0x6D, 0x69, 0x6E, 0x65, 0x63, 0x72, 0x61, 0x66, 0x74, 0x3A, 0x62, 0x75, 0x72, 0x6E, 0x5F, 0x69, 0x6E, 0x5F, 0x64, 0x61, 0x79, 0x6C, 0x69, 0x67, 0x68, 0x74, 0x0A, 0x73, 0x80, 0x01, 0x92, 0x01, 0x10, 0x96, 0x01, 0x97, 0x01, 0x99, 0x01, 0x26, 0x98, 0x01, 0x63, 0x10, 0x6D, 0x69, 0x6E, 0x65, 0x63, 0x72, 0x61, 0x66, 0x74, 0x3A, 0x61, 0x72, 0x72, 0x6F, 0x77, 0x73, 0x02, 0x06, 0x7B, 0x21, 0x6D, 0x69, 0x6E, 0x65, 0x63, 0x72, 0x61, 0x66, 0x74, 0x3A, 0x63, 0x61, 0x6E, 0x5F, 0x62, 0x72, 0x65, 0x61, 0x74, 0x68, 0x65, 0x5F, 0x75, 0x6E, 0x64, 0x65, 0x72, 0x5F, 0x77, 0x61, 0x74, 0x65, 0x72, 0x20, 0x73, 0x80, 0x01, 0x92, 0x01, 0x74, 0x10, 0x61, 0x97, 0x01, 0x14, 0x96, 0x01, 0x99, 0x01, 0x9A, 0x01, 0x95, 0x01, 0x26, 0x43, 0x98, 0x01, 0x91, 0x01, 0x63, 0x07, 0x37, 0x3F, 0x28, 0x89, 0x01, 0x3D, 0x1B, 0x6B, 0x6E, 0x7F, 0x88, 0x01, 0x82, 0x01, 0x05, 0x1C, 0x58, 0x22, 0x6D, 0x69, 0x6E, 0x65, 0x63, 0x72, 0x61, 0x66, 0x74, 0x3A, 0x66, 0x6F, 0x6C, 0x6C, 0x6F, 0x77, 0x61, 0x62, 0x6C, 0x65, 0x5F, 0x66, 0x72, 0x69, 0x65, 0x6E, 0x64, 0x6C, 0x79, 0x5F, 0x6D, 0x6F, 0x62, 0x73, 0x19, 0x04, 0x0B, 0x13, 0x15, 0x1A, 0x1E, 0x24, 0x36, 0x3E, 0x3A, 0x42, 0x74, 0x4E, 0x57, 0x5B, 0x60, 0x62, 0x64, 0x68, 0x6C, 0x6F, 0x77, 0x81, 0x01, 0x8B, 0x01, 0x94, 0x01, 0x18, 0x6D, 0x69, 0x6E, 0x65, 0x63, 0x72, 0x61, 0x66, 0x74, 0x3A, 0x77, 0x69, 0x74, 0x68, 0x65, 0x72, 0x5F, 0x66, 0x72, 0x69, 0x65, 0x6E, 0x64, 0x73, 0x11, 0x73, 0x80, 0x01, 0x92, 0x01, 0x74, 0x10, 0x61, 0x97, 0x01, 0x14, 0x96, 0x01, 0x99, 0x01, 0x9A, 0x01, 0x95, 0x01, 0x26, 0x43, 0x98, 0x01, 0x91, 0x01, 0x63, 0x22, 0x6D, 0x69, 0x6E, 0x65, 0x63, 0x72, 0x61, 0x66, 0x74, 0x3A, 0x66, 0x72, 0x65, 0x65, 0x7A, 0x65, 0x5F, 0x68, 0x75, 0x72, 0x74, 0x73, 0x5F, 0x65, 0x78, 0x74, 0x72, 0x61, 0x5F, 0x74, 0x79, 0x70, 0x65, 0x73, 0x03, 0x81, 0x01, 0x0E, 0x50, 0x23, 0x6D, 0x69, 0x6E, 0x65, 0x63, 0x72, 0x61, 0x66, 0x74, 0x3A, 0x6E, 0x6F, 0x5F, 0x61, 0x6E, 0x67, 0x65, 0x72, 0x5F, 0x66, 0x72, 0x6F, 0x6D, 0x5F, 0x77, 0x69, 0x6E, 0x64, 0x5F, 0x63, 0x68, 0x61, 0x72, 0x67, 0x65, 0x09, 0x11, 0x73, 0x10, 0x80, 0x01, 0x96, 0x01, 0x43, 0x7C, 0x16, 0x75, 0x27, 0x6D, 0x69, 0x6E, 0x65, 0x63, 0x72, 0x61, 0x66, 0x74, 0x3A, 0x63, 0x61, 0x6E, 0x64, 0x69, 0x64, 0x61, 0x74, 0x65, 0x5F, 0x66, 0x6F, 0x72, 0x5F, 0x69, 0x72, 0x6F, 0x6E, 0x5F, 0x67, 0x6F, 0x6C, 0x65, 0x6D, 0x5F, 0x67, 0x69, 0x66, 0x74, 0x02, 0x8B, 0x01, 0x1C, 0x11, 0x6D, 0x69, 0x6E, 0x65, 0x63, 0x72, 0x61, 0x66, 0x74, 0x3A, 0x61, 0x71, 0x75, 0x61, 0x74, 0x69, 0x63, 0x0E, 0x89, 0x01, 0x07, 0x3F, 0x28, 0x1B, 0x6B, 0x6E, 0x88, 0x01, 0x23, 0x7F, 0x3D, 0x82, 0x01, 0x58, 0x98, 0x01, 0x22, 0x6D, 0x69, 0x6E, 0x65, 0x63, 0x72, 0x61, 0x66, 0x74, 0x3A, 0x69, 0x67, 0x6E, 0x6F, 0x72, 0x65, 0x73, 0x5F, 0x70, 0x6F, 0x69, 0x73, 0x6F, 0x6E, 0x5F, 0x61, 0x6E, 0x64, 0x5F, 0x72, 0x65, 0x67, 0x65, 0x6E, 0x11, 0x73, 0x80, 0x01, 0x92, 0x01, 0x74, 0x10, 0x61, 0x97, 0x01, 0x14, 0x96, 0x01, 0x99, 0x01, 0x9A, 0x01, 0x95, 0x01, 0x26, 0x43, 0x98, 0x01, 0x91, 0x01, 0x63, 0x19, 0x6D, 0x69, 0x6E, 0x65, 0x63, 0x72, 0x61, 0x66, 0x74, 0x3A, 0x69, 0x6C, 0x6C, 0x61, 0x67, 0x65, 0x72, 0x5F, 0x66, 0x72, 0x69, 0x65, 0x6E, 0x64, 0x73, 0x04, 0x2E, 0x44, 0x67, 0x8C, 0x01, 0x1E, 0x6D, 0x69, 0x6E, 0x65, 0x63, 0x72, 0x61, 0x66, 0x74, 0x3A, 0x64, 0x65, 0x66, 0x6C, 0x65, 0x63, 0x74, 0x73, 0x5F, 0x70, 0x72, 0x6F, 0x6A, 0x65, 0x63, 0x74, 0x69, 0x6C, 0x65, 0x73, 0x01, 0x11, 0x1F, 0x6D, 0x69, 0x6E, 0x65, 0x63, 0x72, 0x61, 0x66, 0x74, 0x3A, 0x73, 0x65, 0x6E, 0x73, 0x69, 0x74, 0x69, 0x76, 0x65, 0x5F, 0x74, 0x6F, 0x5F, 0x69, 0x6D, 0x70, 0x61, 0x6C, 0x69, 0x6E, 0x67, 0x0E, 0x89, 0x01, 0x07, 0x3F, 0x28, 0x1B, 0x6B, 0x6E, 0x88, 0x01, 0x23, 0x7F, 0x3D, 0x82, 0x01, 0x58, 0x98, 0x01, 0x20, 0x6D, 0x69, 0x6E, 0x65, 0x63, 0x72, 0x61, 0x66, 0x74, 0x3A, 0x63, 0x61, 0x6E, 0x5F, 0x66, 0x6C, 0x6F, 0x61, 0x74, 0x5F, 0x77, 0x68, 0x69, 0x6C, 0x65, 0x5F, 0x72, 0x69, 0x64, 0x64, 0x65, 0x6E, 0x06, 0x42, 0x97, 0x01, 0x57, 0x24, 0x13, 0x14, 0x21, 0x6D, 0x69, 0x6E, 0x65, 0x63, 0x72, 0x61, 0x66, 0x74, 0x3A, 0x61, 0x63, 0x63, 0x65, 0x70, 0x74, 0x73, 0x5F, 0x69, 0x72, 0x6F, 0x6E, 0x5F, 0x67, 0x6F, 0x6C, 0x65, 0x6D, 0x5F, 0x67, 0x69, 0x66, 0x74, 0x01, 0x1C, 0x20, 0x6D, 0x69, 0x6E, 0x65, 0x63, 0x72, 0x61, 0x66, 0x74, 0x3A, 0x70, 0x6F, 0x69, 0x6E, 0x74, 0x5F, 0x6F, 0x66, 0x5F, 0x69, 0x6E, 0x74, 0x65, 0x72, 0x65, 0x73, 0x74, 0x5F, 0x74, 0x79, 0x70, 0x65, 0x03, 0x12, 0x6D, 0x69, 0x6E, 0x65, 0x63, 0x72, 0x61, 0x66, 0x74, 0x3A, 0x62, 0x65, 0x65, 0x5F, 0x68, 0x6F, 0x6D, 0x65, 0x02, 0x0F, 0x10, 0x1D, 0x6D, 0x69, 0x6E, 0x65, 0x63, 0x72, 0x61, 0x66, 0x74, 0x3A, 0x61, 0x63, 0x71, 0x75, 0x69, 0x72, 0x61, 0x62, 0x6C, 0x65, 0x5F, 0x6A, 0x6F, 0x62, 0x5F, 0x73, 0x69, 0x74, 0x65, 0x0D, 0x00, 0x01, 0x02, 0x03, 0x04, 0x05, 0x06, 0x07, 0x08, 0x09, 0x0A, 0x0B, 0x0C, 0x11, 0x6D, 0x69, 0x6E, 0x65, 0x63, 0x72, 0x61, 0x66, 0x74, 0x3A, 0x76, 0x69, 0x6C, 0x6C, 0x61, 0x67, 0x65, 0x0F, 0x00, 0x01, 0x02, 0x03, 0x04, 0x05, 0x06, 0x07, 0x08, 0x09, 0x0A, 0x0B, 0x0C, 0x0D, 0x0E, 0x1A, 0x6D, 0x69, 0x6E, 0x65, 0x63, 0x72, 0x61, 0x66, 0x74, 0x3A, 0x70, 0x61, 0x69, 0x6E, 0x74, 0x69, 0x6E, 0x67, 0x5F, 0x76, 0x61, 0x72, 0x69, 0x61, 0x6E, 0x74, 0x01, 0x13, 0x6D, 0x69, 0x6E, 0x65, 0x63, 0x72, 0x61, 0x66, 0x74, 0x3A, 0x70, 0x6C, 0x61, 0x63, 0x65, 0x61, 0x62, 0x6C, 0x65, 0x2F, 0x18, 0x01, 0x00, 0x02, 0x05, 0x20, 0x2F, 0x23, 0x0C, 0x25, 0x2A, 0x0D, 0x2E, 0x16, 0x1A, 0x08, 0x28, 0x2D, 0x27, 0x32, 0x13, 0x21, 0x1F, 0x07, 0x26, 0x0F, 0x04, 0x17, 0x1B, 0x24, 0x2C, 0x03, 0x06, 0x09, 0x0A, 0x0B, 0x11, 0x12, 0x14, 0x19, 0x1C, 0x1D, 0x1E, 0x22, 0x29, 0x2B, 0x0E, 0x10, 0x6D, 0x69, 0x6E, 0x65, 0x63, 0x72, 0x61, 0x66, 0x74, 0x3A, 0x64, 0x69, 0x61, 0x6C, 0x6F, 0x67, 0x02, 0x20, 0x6D, 0x69, 0x6E, 0x65, 0x63, 0x72, 0x61, 0x66, 0x74, 0x3A, 0x70, 0x61, 0x75, 0x73, 0x65, 0x5F, 0x73, 0x63, 0x72, 0x65, 0x65, 0x6E, 0x5F, 0x61, 0x64, 0x64, 0x69, 0x74, 0x69, 0x6F, 0x6E, 0x73, 0x00, 0x17, 0x6D, 0x69, 0x6E, 0x65, 0x63, 0x72, 0x61, 0x66, 0x74, 0x3A, 0x71, 0x75, 0x69, 0x63, 0x6B, 0x5F, 0x61, 0x63, 0x74, 0x69, 0x6F, 0x6E, 0x73, 0x00, 0x14, 0x6D, 0x69, 0x6E, 0x65, 0x63, 0x72, 0x61, 0x66, 0x74, 0x3A, 0x67, 0x61, 0x6D, 0x65, 0x5F, 0x65, 0x76, 0x65, 0x6E, 0x74, 0x05, 0x14, 0x6D, 0x69, 0x6E, 0x65, 0x63, 0x72, 0x61, 0x66, 0x74, 0x3A, 0x76, 0x69, 0x62, 0x72, 0x61, 0x74, 0x69, 0x6F, 0x6E, 0x73, 0x37, 0x01, 0x02, 0x03, 0x05, 0x06, 0x07, 0x08, 0x00, 0x04, 0x09, 0x0A, 0x0B, 0x0C, 0x0D, 0x0E, 0x0F, 0x10, 0x11, 0x12, 0x13, 0x14, 0x15, 0x16, 0x18, 0x19, 0x1A, 0x1B, 0x1C, 0x20, 0x21, 0x22, 0x23, 0x24, 0x26, 0x28, 0x29, 0x2A, 0x2B, 0x2C, 0x2D, 0x2E, 0x2F, 0x30, 0x31, 0x32, 0x33, 0x34, 0x35, 0x36, 0x37, 0x38, 0x39, 0x3A, 0x3B, 0x17, 0x24, 0x6D, 0x69, 0x6E, 0x65, 0x63, 0x72, 0x61, 0x66, 0x74, 0x3A, 0x69, 0x67, 0x6E, 0x6F, 0x72, 0x65, 0x5F, 0x76, 0x69, 0x62, 0x72, 0x61, 0x74, 0x69, 0x6F, 0x6E, 0x73, 0x5F, 0x73, 0x6E, 0x65, 0x61, 0x6B, 0x69, 0x6E, 0x67, 0x06, 0x1A, 0x24, 0x29, 0x2A, 0x1D, 0x1C, 0x1B, 0x6D, 0x69, 0x6E, 0x65, 0x63, 0x72, 0x61, 0x66, 0x74, 0x3A, 0x77, 0x61, 0x72, 0x64, 0x65, 0x6E, 0x5F, 0x63, 0x61, 0x6E, 0x5F, 0x6C, 0x69, 0x73, 0x74, 0x65, 0x6E, 0x38, 0x01, 0x02, 0x03, 0x05, 0x06, 0x07, 0x08, 0x00, 0x04, 0x09, 0x0A, 0x0B, 0x0C, 0x0D, 0x0E, 0x0F, 0x10, 0x11, 0x12, 0x13, 0x14, 0x15, 0x16, 0x18, 0x19, 0x1A, 0x1B, 0x1C, 0x20, 0x21, 0x22, 0x23, 0x24, 0x26, 0x28, 0x29, 0x2A, 0x2B, 0x2C, 0x2D, 0x2E, 0x2F, 0x30, 0x31, 0x32, 0x33, 0x34, 0x35, 0x36, 0x37, 0x38, 0x39, 0x3A, 0x3B, 0x27, 0x25, 0x1A, 0x6D, 0x69, 0x6E, 0x65, 0x63, 0x72, 0x61, 0x66, 0x74, 0x3A, 0x61, 0x6C, 0x6C, 0x61, 0x79, 0x5F, 0x63, 0x61, 0x6E, 0x5F, 0x6C, 0x69, 0x73, 0x74, 0x65, 0x6E, 0x01, 0x21, 0x1D, 0x6D, 0x69, 0x6E, 0x65, 0x63, 0x72, 0x61, 0x66, 0x74, 0x3A, 0x73, 0x68, 0x72, 0x69, 0x65, 0x6B, 0x65, 0x72, 0x5F, 0x63, 0x61, 0x6E, 0x5F, 0x6C, 0x69, 0x73, 0x74, 0x65, 0x6E, 0x01, 0x25, 0x18, 0x6D, 0x69, 0x6E, 0x65, 0x63, 0x72, 0x61, 0x66, 0x74, 0x3A, 0x62, 0x61, 0x6E, 0x6E, 0x65, 0x72, 0x5F, 0x70, 0x61, 0x74, 0x74, 0x65, 0x72, 0x6E, 0x0B, 0x1D, 0x6D, 0x69, 0x6E, 0x65, 0x63, 0x72, 0x61, 0x66, 0x74, 0x3A, 0x70, 0x61, 0x74, 0x74, 0x65, 0x72, 0x6E, 0x5F, 0x69, 0x74, 0x65, 0x6D, 0x2F, 0x70, 0x69, 0x67, 0x6C, 0x69, 0x6E, 0x01, 0x16, 0x1A, 0x6D, 0x69, 0x6E, 0x65, 0x63, 0x72, 0x61, 0x66, 0x74, 0x3A, 0x6E, 0x6F, 0x5F, 0x69, 0x74, 0x65, 0x6D, 0x5F, 0x72, 0x65, 0x71, 0x75, 0x69, 0x72, 0x65, 0x64, 0x20, 0x1A, 0x1B, 0x1C, 0x1D, 0x1F, 0x26, 0x23, 0x25, 0x20, 0x24, 0x22, 0x21, 0x19, 0x05, 0x1E, 0x27, 0x28, 0x29, 0x2A, 0x07, 0x0A, 0x09, 0x08, 0x03, 0x17, 0x13, 0x11, 0x14, 0x12, 0x01, 0x0E, 0x0F, 0x24, 0x6D, 0x69, 0x6E, 0x65, 0x63, 0x72, 0x61, 0x66, 0x74, 0x3A, 0x70, 0x61, 0x74, 0x74, 0x65, 0x72, 0x6E, 0x5F, 0x69, 0x74, 0x65, 0x6D, 0x2F, 0x66, 0x69, 0x65, 0x6C, 0x64, 0x5F, 0x6D, 0x61, 0x73, 0x6F, 0x6E, 0x65, 0x64, 0x01, 0x02, 0x1D, 0x6D, 0x69, 0x6E, 0x65, 0x63, 0x72, 0x61, 0x66, 0x74, 0x3A, 0x70, 0x61, 0x74, 0x74, 0x65, 0x72, 0x6E, 0x5F, 0x69, 0x74, 0x65, 0x6D, 0x2F, 0x66, 0x6C, 0x6F, 0x77, 0x65, 0x72, 0x01, 0x0C, 0x1B, 0x6D, 0x69, 0x6E, 0x65, 0x63, 0x72, 0x61, 0x66, 0x74, 0x3A, 0x70, 0x61, 0x74, 0x74, 0x65, 0x72, 0x6E, 0x5F, 0x69, 0x74, 0x65, 0x6D, 0x2F, 0x66, 0x6C, 0x6F, 0x77, 0x01, 0x0B, 0x1E, 0x6D, 0x69, 0x6E, 0x65, 0x63, 0x72, 0x61, 0x66, 0x74, 0x3A, 0x70, 0x61, 0x74, 0x74, 0x65, 0x72, 0x6E, 0x5F, 0x69, 0x74, 0x65, 0x6D, 0x2F, 0x63, 0x72, 0x65, 0x65, 0x70, 0x65, 0x72, 0x01, 0x04, 0x1C, 0x6D, 0x69, 0x6E, 0x65, 0x63, 0x72, 0x61, 0x66, 0x74, 0x3A, 0x70, 0x61, 0x74, 0x74, 0x65, 0x72, 0x6E, 0x5F, 0x69, 0x74, 0x65, 0x6D, 0x2F, 0x67, 0x6C, 0x6F, 0x62, 0x65, 0x01, 0x0D, 0x1D, 0x6D, 0x69, 0x6E, 0x65, 0x63, 0x72, 0x61, 0x66, 0x74, 0x3A, 0x70, 0x61, 0x74, 0x74, 0x65, 0x72, 0x6E, 0x5F, 0x69, 0x74, 0x65, 0x6D, 0x2F, 0x67, 0x75, 0x73, 0x74, 0x65, 0x72, 0x01, 0x10, 0x27, 0x6D, 0x69, 0x6E, 0x65, 0x63, 0x72, 0x61, 0x66, 0x74, 0x3A, 0x70, 0x61, 0x74, 0x74, 0x65, 0x72, 0x6E, 0x5F, 0x69, 0x74, 0x65, 0x6D, 0x2F, 0x62, 0x6F, 0x72, 0x64, 0x75, 0x72, 0x65, 0x5F, 0x69, 0x6E, 0x64, 0x65, 0x6E, 0x74, 0x65, 0x64, 0x01, 0x06, 0x1D, 0x6D, 0x69, 0x6E, 0x65, 0x63, 0x72, 0x61, 0x66, 0x74, 0x3A, 0x70, 0x61, 0x74, 0x74, 0x65, 0x72, 0x6E, 0x5F, 0x69, 0x74, 0x65, 0x6D, 0x2F, 0x6D, 0x6F, 0x6A, 0x61, 0x6E, 0x67, 0x01, 0x15, 0x1C, 0x6D, 0x69, 0x6E, 0x65, 0x63, 0x72, 0x61, 0x66, 0x74, 0x3A, 0x70, 0x61, 0x74, 0x74, 0x65, 0x72, 0x6E, 0x5F, 0x69, 0x74, 0x65, 0x6D, 0x2F, 0x73, 0x6B, 0x75, 0x6C, 0x6C, 0x01, 0x18, 0x10, 0x6D, 0x69, 0x6E, 0x65, 0x63, 0x72, 0x61, 0x66, 0x74, 0x3A, 0x70, 0x6F, 0x74, 0x69, 0x6F, 0x6E, 0x01, 0x13, 0x6D, 0x69, 0x6E, 0x65, 0x63, 0x72, 0x61, 0x66, 0x74, 0x3A, 0x74, 0x72, 0x61, 0x64, 0x65, 0x61, 0x62, 0x6C, 0x65, 0x29, 0x2A, 0x2C, 0x2D, 0x2B, 0x04, 0x05, 0x06, 0x07, 0x0B, 0x0C, 0x08, 0x09, 0x0A, 0x10, 0x11, 0x12, 0x13, 0x14, 0x15, 0x0D, 0x0E, 0x0F, 0x16, 0x17, 0x18, 0x19, 0x1A, 0x1B, 0x1C, 0x1D, 0x1E, 0x1F, 0x20, 0x21, 0x22, 0x23, 0x24, 0x25, 0x26, 0x28, 0x29, 0x0F, 0x6D, 0x69, 0x6E, 0x65, 0x63, 0x72, 0x61, 0x66, 0x74, 0x3A, 0x62, 0x6C, 0x6F, 0x63, 0x6B, 0xF8, 0x01, 0x20, 0x6D, 0x69, 0x6E, 0x65, 0x63, 0x72, 0x61, 0x66, 0x74, 0x3A, 0x6D, 0x6F, 0x62, 0x5F, 0x69, 0x6E, 0x74, 0x65, 0x72, 0x61, 0x63, 0x74, 0x61, 0x62, 0x6C, 0x65, 0x5F, 0x64, 0x6F, 0x6F, 0x72, 0x73, 0x14, 0xDC, 0x01, 0x86, 0x05, 0x87, 0x05, 0x88, 0x05, 0x89, 0x05, 0x8B, 0x05, 0x8C, 0x05, 0x83, 0x07, 0x84, 0x07, 0x8D, 0x05, 0x8E, 0x05, 0x8A, 0x05, 0x99, 0x08, 0x9A, 0x08, 0x9C, 0x08, 0x9B, 0x08, 0x9D, 0x08, 0x9E, 0x08, 0xA0, 0x08, 0x9F, 0x08, 0x1F, 0x6D, 0x69, 0x6E, 0x65, 0x63, 0x72, 0x61, 0x66, 0x74, 0x3A, 0x73, 0x75, 0x70, 0x70, 0x6F, 0x72, 0x74, 0x73, 0x5F, 0x63, 0x68, 0x6F, 0x72, 0x75, 0x73, 0x5F, 0x70, 0x6C, 0x61, 0x6E, 0x74, 0x01, 0x89, 0x03, 0x1F, 0x6D, 0x69, 0x6E, 0x65, 0x63, 0x72, 0x61, 0x66, 0x74, 0x3A, 0x73, 0x6F, 0x75, 0x6C, 0x5F, 0x66, 0x69, 0x72, 0x65, 0x5F, 0x62, 0x61, 0x73, 0x65, 0x5F, 0x62, 0x6C, 0x6F, 0x63, 0x6B, 0x73, 0x02, 0x9E, 0x02, 0x9F, 0x02, 0x15, 0x6D, 0x69, 0x6E, 0x65, 0x63, 0x72, 0x61, 0x66, 0x74, 0x3A, 0x67, 0x72, 0x6F, 0x77, 0x73, 0x5F, 0x63, 0x72, 0x6F, 0x70, 0x73, 0x01, 0xD0, 0x01, 0x1E, 0x6D, 0x69, 0x6E, 0x65, 0x63, 0x72, 0x61, 0x66, 0x74, 0x3A, 0x63, 0x6F, 0x70, 0x70, 0x65, 0x72, 0x5F, 0x67, 0x6F, 0x6C, 0x65, 0x6D, 0x5F, 0x73, 0x74, 0x61, 0x74, 0x75, 0x65, 0x73, 0x08, 0xC1, 0x08, 0xC2, 0x08, 0xC3, 0x08, 0xC4, 0x08, 0xC5, 0x08, 0xC6, 0x08, 0xC7, 0x08, 0xC8, 0x08, 0x33, 0x6D, 0x69, 0x6E, 0x65, 0x63, 0x72, 0x61, 0x66, 0x74, 0x3A, 0x74, 0x72, 0x69, 0x67, 0x67, 0x65, 0x72, 0x73, 0x5F, 0x61, 0x6D, 0x62, 0x69, 0x65, 0x6E, 0x74, 0x5F, 0x64, 0x65, 0x73, 0x65, 0x72, 0x74, 0x5F, 0x73, 0x61, 0x6E, 0x64, 0x5F, 0x62, 0x6C, 0x6F, 0x63, 0x6B, 0x5F, 0x73, 0x6F, 0x75, 0x6E, 0x64, 0x73, 0x02, 0x25, 0x27, 0x1D, 0x6D, 0x69, 0x6E, 0x65, 0x63, 0x72, 0x61, 0x66, 0x74, 0x3A, 0x73, 0x75, 0x62, 0x73, 0x74, 0x72, 0x61, 0x74, 0x65, 0x5F, 0x6F, 0x76, 0x65, 0x72, 0x77, 0x6F, 0x72, 0x6C, 0x64, 0x0A, 0x09, 0x0A, 0xE1, 0x08, 0xE2, 0x08, 0x3B, 0xDC, 0x08, 0x88, 0x09, 0x08, 0x0B, 0xF5, 0x02, 0x19, 0x6D, 0x69, 0x6E, 0x65, 0x63, 0x72, 0x61, 0x66, 0x74, 0x3A, 0x73, 0x6E, 0x61, 0x70, 0x73, 0x5F, 0x67, 0x6F, 0x61, 0x74, 0x5F, 0x68, 0x6F, 0x72, 0x6E, 0x0F, 0x35, 0x33, 0x31, 0x34, 0x32, 0x37, 0x38, 0x39, 0x36, 0x01, 0xAC, 0x04, 0x2C, 0x2E, 0xF3, 0x07, 0x8E, 0x03, 0x19, 0x6D, 0x69, 0x6E, 0x65, 0x63, 0x72, 0x61, 0x66, 0x74, 0x3A, 0x73, 0x75, 0x70, 0x70, 0x6F, 0x72, 0x74, 0x73, 0x5F, 0x63, 0x61, 0x63, 0x74, 0x75, 0x73, 0x03, 0x25, 0x27, 0x26, 0x17, 0x6D, 0x69, 0x6E, 0x65, 0x63, 0x72, 0x61, 0x66, 0x74, 0x3A, 0x70, 0x61, 0x6C, 0x65, 0x5F, 0x6F, 0x61, 0x6B, 0x5F, 0x6C, 0x6F, 0x67, 0x73, 0x04, 0x38, 0x14, 0x43, 0x56, 0x24, 0x6D, 0x69, 0x6E, 0x65, 0x63, 0x72, 0x61, 0x66, 0x74, 0x3A, 0x6F, 0x63, 0x63, 0x6C, 0x75, 0x64, 0x65, 0x73, 0x5F, 0x76, 0x69, 0x62, 0x72, 0x61, 0x74, 0x69, 0x6F, 0x6E, 0x5F, 0x73, 0x69, 0x67, 0x6E, 0x61, 0x6C, 0x73, 0x10, 0x8C, 0x01, 0x8D, 0x01, 0x8E, 0x01, 0x8F, 0x01, 0x90, 0x01, 0x91, 0x01, 0x92, 0x01, 0x93, 0x01, 0x94, 0x01, 0x95, 0x01, 0x96, 0x01, 0x97, 0x01, 0x98, 0x01, 0x99, 0x01, 0x9A, 0x01, 0x9B, 0x01, 0x16, 0x6D, 0x69, 0x6E, 0x65, 0x63, 0x72, 0x61, 0x66, 0x74, 0x3A, 0x67, 0x72, 0x61, 0x73, 0x73, 0x5F, 0x62, 0x6C, 0x6F, 0x63, 0x6B, 0x73, 0x03, 0x08, 0x0B, 0xF5, 0x02, 0x1E, 0x6D, 0x69, 0x6E, 0x65, 0x63, 0x72, 0x61, 0x66, 0x74, 0x3A, 0x69, 0x6E, 0x76, 0x61, 0x6C, 0x69, 0x64, 0x5F, 0x73, 0x70, 0x61, 0x77, 0x6E, 0x5F, 0x69, 0x6E, 0x73, 0x69, 0x64, 0x65, 0x02, 0x87, 0x03, 0x9B, 0x05, 0x0E, 0x6D, 0x69, 0x6E, 0x65, 0x63, 0x72, 0x61, 0x66, 0x74, 0x3A, 0x77, 0x6F, 0x6F, 0x6C, 0x10, 0x8C, 0x01, 0x8D, 0x01, 0x8E, 0x01, 0x8F, 0x01, 0x90, 0x01, 0x91, 0x01, 0x92, 0x01, 0x93, 0x01, 0x94, 0x01, 0x95, 0x01, 0x96, 0x01, 0x97, 0x01, 0x98, 0x01, 0x99, 0x01, 0x9A, 0x01, 0x9B, 0x01, 0x1B, 0x6D, 0x69, 0x6E, 0x65, 0x63, 0x72, 0x61, 0x66, 0x74, 0x3A, 0x73, 0x75, 0x70, 0x70, 0x6F, 0x72, 0x74, 0x73, 0x5F, 0x6C, 0x69, 0x6C, 0x79, 0x5F, 0x70, 0x61, 0x64, 0x02, 0x95, 0x02, 0x9E, 0x05, 0x18, 0x6D, 0x69, 0x6E, 0x65, 0x63, 0x72, 0x61, 0x66, 0x74, 0x3A, 0x73, 0x75, 0x70, 0x70, 0x6F, 0x72, 0x74, 0x73, 0x5F, 0x63, 0x6F, 0x63, 0x6F, 0x61, 0x04, 0x34, 0x4A, 0x3F, 0x52, 0x21, 0x6D, 0x69, 0x6E, 0x65, 0x63, 0x72, 0x61, 0x66, 0x74, 0x3A, 0x74, 0x72, 0x61, 0x69, 0x6C, 0x5F, 0x72, 0x75, 0x69, 0x6E, 0x73, 0x5F, 0x72, 0x65, 0x70, 0x6C, 0x61, 0x63, 0x65, 0x61, 0x62, 0x6C, 0x65, 0x01, 0x28, 0x12, 0x6D, 0x69, 0x6E, 0x65, 0x63, 0x72, 0x61, 0x66, 0x74, 0x3A, 0x62, 0x65, 0x65, 0x68, 0x69, 0x76, 0x65, 0x73, 0x02, 0x8F, 0x07, 0x90, 0x07, 0x0D, 0x6D, 0x69, 0x6E, 0x65, 0x63, 0x72, 0x61, 0x66, 0x74, 0x3A, 0x69, 0x63, 0x65, 0x04, 0x95, 0x02, 0xAC, 0x04, 0x95, 0x06, 0x9E, 0x05, 0x24, 0x6D, 0x69, 0x6E, 0x65, 0x63, 0x72, 0x61, 0x66, 0x74, 0x3A, 0x65, 0x6E, 0x63, 0x68, 0x61, 0x6E, 0x74, 0x6D, 0x65, 0x6E, 0x74, 0x5F, 0x70, 0x6F, 0x77, 0x65, 0x72, 0x5F, 0x70, 0x72, 0x6F, 0x76, 0x69, 0x64, 0x65, 0x72, 0x01, 0xB2, 0x01, 0x16, 0x6D, 0x69, 0x6E, 0x65, 0x63, 0x72, 0x61, 0x66, 0x74, 0x3A, 0x77, 0x6F, 0x6F, 0x6C, 0x5F, 0x63, 0x61, 0x72, 0x70, 0x65, 0x74, 0x73, 0x10, 0x9A, 0x04, 0x9B, 0x04, 0x9C, 0x04, 0x9D, 0x04, 0x9E, 0x04, 0x9F, 0x04, 0xA0, 0x04, 0xA1, 0x04, 0xA2, 0x04, 0xA3, 0x04, 0xA4, 0x04, 0xA5, 0x04, 0xA6, 0x04, 0xA7, 0x04, 0xA8, 0x04, 0xA9, 0x04, 0x1E, 0x6D, 0x69, 0x6E, 0x65, 0x63, 0x72, 0x61, 0x66, 0x74, 0x3A, 0x73, 0x75, 0x70, 0x70, 0x6F, 0x72, 0x74, 0x73, 0x5F, 0x77, 0x69, 0x74, 0x68, 0x65, 0x72, 0x5F, 0x72, 0x6F, 0x73, 0x65, 0x0E, 0x09, 0x0A, 0xE1, 0x08, 0xE2, 0x08, 0x3B, 0xDC, 0x08, 0x88, 0x09, 0x08, 0x0B, 0xF5, 0x02, 0xD0, 0x01, 0x9D, 0x02, 0x9E, 0x02, 0x9F, 0x02, 0x0F, 0x6D, 0x69, 0x6E, 0x65, 0x63, 0x72, 0x61, 0x66, 0x74, 0x3A, 0x63, 0x72, 0x6F, 0x70, 0x73, 0x08, 0x99, 0x05, 0xB9, 0x03, 0xBA, 0x03, 0xCF, 0x01, 0xED, 0x02, 0xEC, 0x02, 0x96, 0x05, 0x97, 0x05, 0x17, 0x6D, 0x69, 0x6E, 0x65, 0x63, 0x72, 0x61, 0x66, 0x74, 0x3A, 0x64, 0x72, 0x61, 0x67, 0x6F, 0x6E, 0x5F, 0x69, 0x6D, 0x6D, 0x75, 0x6E, 0x65, 0x13, 0x8C, 0x04, 0x22, 0x87, 0x03, 0x88, 0x03, 0x9B, 0x05, 0x97, 0x03, 0x9C, 0x05, 0x9D, 0x05, 0x89, 0x07, 0x8A, 0x07, 0x9C, 0x01, 0xC1, 0x01, 0x95, 0x07, 0x89, 0x03, 0xD5, 0x02, 0x96, 0x07, 0x82, 0x09, 0x8B, 0x07, 0x8C, 0x07, 0x29, 0x6D, 0x69, 0x6E, 0x65, 0x63, 0x72, 0x61, 0x66, 0x74, 0x3A, 0x6D, 0x61, 0x6E, 0x67, 0x72, 0x6F, 0x76, 0x65, 0x5F, 0x72, 0x6F, 0x6F, 0x74, 0x73, 0x5F, 0x63, 0x61, 0x6E, 0x5F, 0x67, 0x72, 0x6F, 0x77, 0x5F, 0x74, 0x68, 0x72, 0x6F, 0x75, 0x67, 0x68, 0x07, 0xE2, 0x08, 0x3B, 0x3A, 0xD8, 0x08, 0xEE, 0x02, 0x21, 0x94, 0x02, 0x21, 0x6D, 0x69, 0x6E, 0x65, 0x63, 0x72, 0x61, 0x66, 0x74, 0x3A, 0x66, 0x65, 0x61, 0x74, 0x75, 0x72, 0x65, 0x73, 0x5F, 0x63, 0x61, 0x6E, 0x6E, 0x6F, 0x74, 0x5F, 0x72, 0x65, 0x70, 0x6C, 0x61, 0x63, 0x65, 0x07, 0x22, 0xC6, 0x01, 0xC9, 0x01, 0x88, 0x03, 0x82, 0x09, 0x85, 0x09, 0x86, 0x09, 0x1B, 0x6D, 0x69, 0x6E, 0x65, 0x63, 0x72, 0x61, 0x66, 0x74, 0x3A, 0x63, 0x61, 0x6E, 0x5F, 0x67, 0x6C, 0x69, 0x64, 0x65, 0x5F, 0x74, 0x68, 0x72, 0x6F, 0x75, 0x67, 0x68, 0x07, 0xEE, 0x02, 0xF0, 0x06, 0xF1, 0x06, 0xEE, 0x06, 0xEF, 0x06, 0xD4, 0x08, 0xD3, 0x08, 0x1E, 0x6D, 0x69, 0x6E, 0x65, 0x63, 0x72, 0x61, 0x66, 0x74, 0x3A, 0x63, 0x72, 0x79, 0x73, 0x74, 0x61, 0x6C, 0x5F, 0x73, 0x6F, 0x75, 0x6E, 0x64, 0x5F, 0x62, 0x6C, 0x6F, 0x63, 0x6B, 0x73, 0x02, 0xD2, 0x07, 0xD3, 0x07, 0x16, 0x6D, 0x69, 0x6E, 0x65, 0x63, 0x72, 0x61, 0x66, 0x74, 0x3A, 0x77, 0x61, 0x72, 0x70, 0x65, 0x64, 0x5F, 0x73, 0x74, 0x65, 0x6D, 0x73, 0x04, 0xDE, 0x06, 0xDF, 0x06, 0xE0, 0x06, 0xE1, 0x06, 0x17, 0x6D, 0x69, 0x6E, 0x65, 0x63, 0x72, 0x61, 0x66, 0x74, 0x3A, 0x62, 0x61, 0x6D, 0x62, 0x6F, 0x6F, 0x5F, 0x62, 0x6C, 0x6F, 0x63, 0x6B, 0x73, 0x02, 0x3C, 0x46, 0x28, 0x6D, 0x69, 0x6E, 0x65, 0x63, 0x72, 0x61, 0x66, 0x74, 0x3A, 0x6C, 0x61, 0x76, 0x61, 0x5F, 0x70, 0x6F, 0x6F, 0x6C, 0x5F, 0x73, 0x74, 0x6F, 0x6E, 0x65, 0x5F, 0x63, 0x61, 0x6E, 0x6E, 0x6F, 0x74, 0x5F, 0x72, 0x65, 0x70, 0x6C, 0x61, 0x63, 0x65, 0x3E, 0x22, 0xC6, 0x01, 0xC9, 0x01, 0x88, 0x03, 0x82, 0x09, 0x85, 0x09, 0x86, 0x09, 0x5B, 0x58, 0x59, 0x5F, 0x5E, 0x5C, 0x5A, 0x61, 0x62, 0x60, 0x5D, 0x37, 0x4D, 0x42, 0x55, 0x38, 0x14, 0x43, 0x56, 0x31, 0x47, 0x44, 0x4F, 0x35, 0x4B, 0x40, 0x53, 0x33, 0x49, 0x3E, 0x51, 0x34, 0x4A, 0x3F, 0x52, 0x32, 0x48, 0x3D, 0x50, 0x39, 0x4E, 0x45, 0x57, 0x36, 0x4C, 0x41, 0x54, 0xE7, 0x06, 0xE8, 0x06, 0xE9, 0x06, 0xEA, 0x06, 0xDE, 0x06, 0xDF, 0x06, 0xE0, 0x06, 0xE1, 0x06, 0x19, 0x6D, 0x69, 0x6E, 0x65, 0x63, 0x72, 0x61, 0x66, 0x74, 0x3A, 0x63, 0x6F, 0x6E, 0x63, 0x72, 0x65, 0x74, 0x65, 0x5F, 0x70, 0x6F, 0x77, 0x64, 0x65, 0x72, 0x10, 0xD6, 0x05, 0xD7, 0x05, 0xD8, 0x05, 0xD9, 0x05, 0xDA, 0x05, 0xDB, 0x05, 0xDC, 0x05, 0xDD, 0x05, 0xDE, 0x05, 0xDF, 0x05, 0xE0, 0x05, 0xE1, 0x05, 0xE2, 0x05, 0xE3, 0x05, 0xE4, 0x05, 0xE5, 0x05, 0x22, 0x6D, 0x69, 0x6E, 0x65, 0x63, 0x72, 0x61, 0x66, 0x74, 0x3A, 0x69, 0x6E, 0x73, 0x69, 0x64, 0x65, 0x5F, 0x73, 0x74, 0x65, 0x70, 0x5F, 0x73, 0x6F, 0x75, 0x6E, 0x64, 0x5F, 0x62, 0x6C, 0x6F, 0x63, 0x6B, 0x73, 0x08, 0xE8, 0x07, 0xEC, 0x07, 0xEF, 0x02, 0xF6, 0x02, 0xD7, 0x07, 0xD9, 0x08, 0xDA, 0x08, 0xDB, 0x08, 0x25, 0x6D, 0x69, 0x6E, 0x65, 0x63, 0x72, 0x61, 0x66, 0x74, 0x3A, 0x70, 0x72, 0x65, 0x76, 0x65, 0x6E, 0x74, 0x5F, 0x6D, 0x6F, 0x62, 0x5F, 0x73, 0x70, 0x61, 0x77, 0x6E, 0x69, 0x6E, 0x67, 0x5F, 0x69, 0x6E, 0x73, 0x69, 0x64, 0x65, 0x04, 0xDE, 0x01, 0x7E, 0x7F, 0xE2, 0x03, 0x13, 0x6D, 0x69, 0x6E, 0x65, 0x63, 0x72, 0x61, 0x66, 0x74, 0x3A, 0x63, 0x6C, 0x69, 0x6D, 0x62, 0x61, 0x62, 0x6C, 0x65, 0x09, 0xDD, 0x01, 0xEE, 0x02, 0xC5, 0x06, 0xEE, 0x06, 0xEF, 0x06, 0xF0, 0x06, 0xF1, 0x06, 0xD3, 0x08, 0xD4, 0x08, 0x1E, 0x6D, 0x69, 0x6E, 0x65, 0x63, 0x72, 0x61, 0x66, 0x74, 0x3A, 0x70, 0x61, 0x72, 0x72, 0x6F, 0x74, 0x73, 0x5F, 0x73, 0x70, 0x61, 0x77, 0x6E, 0x61, 0x62, 0x6C, 0x65, 0x5F, 0x6F, 0x6E, 0x39, 0x08, 0x00, 0x5B, 0x58, 0x59, 0x5F, 0x5E, 0x5C, 0x5A, 0x61, 0x62, 0x60, 0x5D, 0x37, 0x4D, 0x42, 0x55, 0x38, 0x14, 0x43, 0x56, 0x31, 0x47, 0x44, 0x4F, 0x35, 0x4B, 0x40, 0x53, 0x33, 0x49, 0x3E, 0x51, 0x34, 0x4A, 0x3F, 0x52, 0x32, 0x48, 0x3D, 0x50, 0x39, 0x4E, 0x45, 0x57, 0x36, 0x4C, 0x41, 0x54, 0xE7, 0x06, 0xE8, 0x06, 0xE9, 0x06, 0xEA, 0x06, 0xDE, 0x06, 0xDF, 0x06, 0xE0, 0x06, 0xE1, 0x06, 0x17, 0x6D, 0x69, 0x6E, 0x65, 0x63, 0x72, 0x61, 0x66, 0x74, 0x3A, 0x64, 0x61, 0x72, 0x6B, 0x5F, 0x6F, 0x61, 0x6B, 0x5F, 0x6C, 0x6F, 0x67, 0x73, 0x04, 0x37, 0x4D, 0x42, 0x55, 0x16, 0x6D, 0x69, 0x6E, 0x65, 0x63, 0x72, 0x61, 0x66, 0x74, 0x3A, 0x63, 0x6F, 0x72, 0x61, 0x6C, 0x5F, 0x70, 0x6C, 0x61, 0x6E, 0x74, 0x73, 0x05, 0xFB, 0x05, 0xFC, 0x05, 0xFD, 0x05, 0xFE, 0x05, 0xFF, 0x05, 0x1C, 0x6D, 0x69, 0x6E, 0x65, 0x63, 0x72, 0x61, 0x66, 0x74, 0x3A, 0x67, 0x6F, 0x61, 0x74, 0x73, 0x5F, 0x73, 0x70, 0x61, 0x77, 0x6E, 0x61, 0x62, 0x6C, 0x65, 0x5F, 0x6F, 0x6E, 0x06, 0x08, 0x01, 0x94, 0x02, 0x96, 0x02, 0xAC, 0x04, 0x28, 0x25, 0x6D, 0x69, 0x6E, 0x65, 0x63, 0x72, 0x61, 0x66, 0x74, 0x3A, 0x73, 0x63, 0x75, 0x6C, 0x6B, 0x5F, 0x72, 0x65, 0x70, 0x6C, 0x61, 0x63, 0x65, 0x61, 0x62, 0x6C, 0x65, 0x5F, 0x77, 0x6F, 0x72, 0x6C, 0x64, 0x5F, 0x67, 0x65, 0x6E, 0x38, 0x01, 0x02, 0x04, 0x06, 0xD8, 0x07, 0xE3, 0x08, 0x09, 0x0A, 0xE1, 0x08, 0xE2, 0x08, 0x3B, 0xDC, 0x08, 0x88, 0x09, 0x08, 0x0B, 0xF5, 0x02, 0xAA, 0x04, 0xE4, 0x03, 0xE5, 0x03, 0xE6, 0x03, 0xE7, 0x03, 0xE8, 0x03, 0xE9, 0x03, 0xEA, 0x03, 0xEB, 0x03, 0xEC, 0x03, 0xED, 0x03, 0xEE, 0x03, 0xEF, 0x03, 0xF0, 0x03, 0xF1, 0x03, 0xF2, 0x03, 0xF3, 0x03, 0xEB, 0x06, 0xE2, 0x06, 0x9D, 0x02, 0xA0, 0x02, 0x9C, 0x07, 0x25, 0x27, 0x28, 0x9E, 0x02, 0x9F, 0x02, 0xE6, 0x07, 0xF8, 0x08, 0x99, 0x02, 0xD2, 0x08, 0x89, 0x03, 0xD3, 0x04, 0x6A, 0xF0, 0x08, 0xEC, 0x08, 0xE4, 0x08, 0xF5, 0x08, 0xF6, 0x08, 0xE8, 0x08, 0x1F, 0x6D, 0x69, 0x6E, 0x65, 0x63, 0x72, 0x61, 0x66, 0x74, 0x3A, 0x63, 0x65, 0x69, 0x6C, 0x69, 0x6E, 0x67, 0x5F, 0x68, 0x61, 0x6E, 0x67, 0x69, 0x6E, 0x67, 0x5F, 0x73, 0x69, 0x67, 0x6E, 0x73, 0x0C, 0xEA, 0x01, 0xEB, 0x01, 0xEC, 0x01, 0xED, 0x01, 0xEE, 0x01, 0xEF, 0x01, 0xF0, 0x01, 0xF1, 0x01, 0xF2, 0x01, 0xF3, 0x01, 0xF4, 0x01, 0xF5, 0x01, 0x33, 0x6D, 0x69, 0x6E, 0x65, 0x63, 0x72, 0x61, 0x66, 0x74, 0x3A, 0x74, 0x72, 0x69, 0x67, 0x67, 0x65, 0x72, 0x73, 0x5F, 0x61, 0x6D, 0x62, 0x69, 0x65, 0x6E, 0x74, 0x5F, 0x64, 0x72, 0x69, 0x65, 0x64, 0x5F, 0x67, 0x68, 0x61, 0x73, 0x74, 0x5F, 0x62, 0x6C, 0x6F, 0x63, 0x6B, 0x5F, 0x73, 0x6F, 0x75, 0x6E, 0x64, 0x73, 0x02, 0x9E, 0x02, 0x9F, 0x02, 0x1F, 0x6D, 0x69, 0x6E, 0x65, 0x63, 0x72, 0x61, 0x66, 0x74, 0x3A, 0x73, 0x75, 0x70, 0x70, 0x6F, 0x72, 0x74, 0x73, 0x5F, 0x77, 0x61, 0x72, 0x70, 0x65, 0x64, 0x5F, 0x72, 0x6F, 0x6F, 0x74, 0x73, 0x0E, 0x09, 0x0A, 0xE1, 0x08, 0xE2, 0x08, 0x3B, 0xDC, 0x08, 0x88, 0x09, 0x08, 0x0B, 0xF5, 0x02, 0xD0, 0x01, 0xEB, 0x06, 0xE2, 0x06, 0x9F, 0x02, 0x14, 0x6D, 0x69, 0x6E, 0x65, 0x63, 0x72, 0x61, 0x66, 0x74, 0x3A, 0x6C, 0x61, 0x70, 0x69, 0x73, 0x5F, 0x6F, 0x72, 0x65, 0x73, 0x02, 0x66, 0x67, 0x2B, 0x6D, 0x69, 0x6E, 0x65, 0x63, 0x72, 0x61, 0x66, 0x74, 0x3A, 0x62, 0x65, 0x6E, 0x65, 0x61, 0x74, 0x68, 0x5F, 0x62, 0x61, 0x6D, 0x62, 0x6F, 0x6F, 0x5F, 0x70, 0x6F, 0x64, 0x7A, 0x6F, 0x6C, 0x5F, 0x72, 0x65, 0x70, 0x6C, 0x61, 0x63, 0x65, 0x61, 0x62, 0x6C, 0x65, 0x0A, 0x09, 0x0A, 0xE1, 0x08, 0xE2, 0x08, 0x3B, 0xDC, 0x08, 0x88, 0x09, 0x08, 0x0B, 0xF5, 0x02, 0x21, 0x6D, 0x69, 0x6E, 0x65, 0x63, 0x72, 0x61, 0x66, 0x74, 0x3A, 0x63, 0x61, 0x6E, 0x6E, 0x6F, 0x74, 0x5F, 0x73, 0x75, 0x70, 0x70, 0x6F, 0x72, 0x74, 0x5F, 0x73, 0x65, 0x61, 0x67, 0x72, 0x61, 0x73, 0x73, 0x01, 0x9F, 0x05, 0x1C, 0x6D, 0x69, 0x6E, 0x65, 0x63, 0x72, 0x61, 0x66, 0x74, 0x3A, 0x63, 0x6F, 0x6E, 0x76, 0x65, 0x72, 0x74, 0x61, 0x62, 0x6C, 0x65, 0x5F, 0x74, 0x6F, 0x5F, 0x6D, 0x75, 0x64, 0x03, 0x09, 0x0A, 0xE1, 0x08, 0x20, 0x6D, 0x69, 0x6E, 0x65, 0x63, 0x72, 0x61, 0x66, 0x74, 0x3A, 0x73, 0x6E, 0x69, 0x66, 0x66, 0x65, 0x72, 0x5F, 0x64, 0x69, 0x67, 0x67, 0x61, 0x62, 0x6C, 0x65, 0x5F, 0x62, 0x6C, 0x6F, 0x63, 0x6B, 0x09, 0x09, 0x0A, 0xE1, 0x08, 0xE2, 0x08, 0x3B, 0xDC, 0x08, 0x88, 0x09, 0x08, 0x0B, 0x21, 0x6D, 0x69, 0x6E, 0x65, 0x63, 0x72, 0x61, 0x66, 0x74, 0x3A, 0x6C, 0x75, 0x73, 0x68, 0x5F, 0x67, 0x72, 0x6F, 0x75, 0x6E, 0x64, 0x5F, 0x72, 0x65, 0x70, 0x6C, 0x61, 0x63, 0x65, 0x61, 0x62, 0x6C, 0x65, 0x15, 0x01, 0x02, 0x04, 0x06, 0xD8, 0x07, 0xE3, 0x08, 0xD4, 0x08, 0xD3, 0x08, 0x09, 0x0A, 0xE1, 0x08, 0xE2, 0x08, 0x3B, 0xDC, 0x08, 0x88, 0x09, 0x08, 0x0B, 0xF5, 0x02, 0x99, 0x02, 0x28, 0x25, 0x1F, 0x6D, 0x69, 0x6E, 0x65, 0x63, 0x72, 0x61, 0x66, 0x74, 0x3A, 0x73, 0x77, 0x6F, 0x72, 0x64, 0x5F, 0x69, 0x6E, 0x73, 0x74, 0x61, 0x6E, 0x74, 0x6C, 0x79, 0x5F, 0x6D, 0x69, 0x6E, 0x65, 0x73, 0x02, 0x98, 0x06, 0x97, 0x06, 0x10, 0x6D, 0x69, 0x6E, 0x65, 0x63, 0x72, 0x61, 0x66, 0x74, 0x3A, 0x66, 0x65, 0x6E, 0x63, 0x65, 0x73, 0x0D, 0x9C, 0x02, 0x80, 0x05, 0x82, 0x05, 0x83, 0x05, 0xFD, 0x04, 0xFE, 0x04, 0xFF, 0x04, 0xF9, 0x06, 0xFA, 0x06, 0x84, 0x05, 0x85, 0x05, 0x81, 0x05, 0xFE, 0x02, 0x12, 0x6D, 0x69, 0x6E, 0x65, 0x63, 0x72, 0x61, 0x66, 0x74, 0x3A, 0x73, 0x61, 0x70, 0x6C, 0x69, 0x6E, 0x67, 0x73, 0x0B, 0x19, 0x1A, 0x1B, 0x1C, 0x1D, 0x1F, 0x20, 0xD6, 0x08, 0xD7, 0x08, 0x21, 0x1E, 0x1D, 0x6D, 0x69, 0x6E, 0x65, 0x63, 0x72, 0x61, 0x66, 0x74, 0x3A, 0x63, 0x61, 0x6D, 0x65, 0x6C, 0x73, 0x5F, 0x73, 0x70, 0x61, 0x77, 0x6E, 0x61, 0x62, 0x6C, 0x65, 0x5F, 0x6F, 0x6E, 0x03, 0x25, 0x27, 0x26, 0x28, 0x6D, 0x69, 0x6E, 0x65, 0x63, 0x72, 0x61, 0x66, 0x74, 0x3A, 0x73, 0x75, 0x70, 0x70, 0x6F, 0x72, 0x74, 0x73, 0x5F, 0x73, 0x75, 0x67, 0x61, 0x72, 0x5F, 0x63, 0x61, 0x6E, 0x65, 0x5F, 0x61, 0x64, 0x6A, 0x61, 0x63, 0x65, 0x6E, 0x74, 0x6C, 0x79, 0x01, 0x9E, 0x05, 0x0E, 0x6D, 0x69, 0x6E, 0x65, 0x63, 0x72, 0x61, 0x66, 0x74, 0x3A, 0x62, 0x65, 0x64, 0x73, 0x10, 0x7C, 0x7D, 0x79, 0x7A, 0x77, 0x75, 0x7B, 0x71, 0x76, 0x73, 0x70, 0x6F, 0x74, 0x78, 0x6E, 0x72, 0x1A, 0x6D, 0x69, 0x6E, 0x65, 0x63, 0x72, 0x61, 0x66, 0x74, 0x3A, 0x6D, 0x69, 0x6E, 0x65, 0x61, 0x62, 0x6C, 0x65, 0x2F, 0x70, 0x69, 0x63, 0x6B, 0x61, 0x78, 0x65, 0xE2, 0x03, 0x01, 0x02, 0x03, 0x04, 0x05, 0x06, 0x07, 0x0C, 0x2A, 0x2B, 0x2C, 0x2D, 0x2E, 0x2F, 0x30, 0x66, 0x67, 0x68, 0x69, 0x6A, 0x6B, 0x6C, 0xAE, 0x01, 0xAF, 0x01, 0xB0, 0x01, 0xC0, 0x01, 0xC1, 0x01, 0xC6, 0x01, 0xCB, 0x01, 0xCC, 0x01, 0xCD, 0x01, 0xD1, 0x01, 0xDF, 0x01, 0x83, 0x02, 0x84, 0x02, 0x8F, 0x02, 0x90, 0x02, 0x9D, 0x02, 0xA0, 0x02, 0xA1, 0x02, 0xC6, 0x02, 0xC7, 0x02, 0xC8, 0x02, 0xC9, 0x02, 0xF2, 0x02, 0xF3, 0x02, 0xFD, 0x02, 0xFE, 0x02, 0xFF, 0x02, 0x81, 0x03, 0x82, 0x03, 0x89, 0x03, 0x8D, 0x03, 0x8E, 0x03, 0x8F, 0x03, 0x90, 0x03, 0x93, 0x03, 0xD7, 0x03, 0xD8, 0x03, 0xDB, 0x03, 0xDC, 0x03, 0xDD, 0x03, 0xDE, 0x03, 0xDF, 0x03, 0xE0, 0x03, 0xE1, 0x03, 0xE3, 0x03, 0xE4, 0x03, 0xE5, 0x03, 0xE6, 0x03, 0xE7, 0x03, 0xE8, 0x03, 0xE9, 0x03, 0xEA, 0x03, 0xEB, 0x03, 0xEC, 0x03, 0xED, 0x03, 0xEE, 0x03, 0xEF, 0x03, 0xF0, 0x03, 0xF1, 0x03, 0xF2, 0x03, 0xF3, 0x03, 0x8E, 0x04, 0x8F, 0x04, 0x90, 0x04, 0x91, 0x04, 0x92, 0x04, 0x93, 0x04, 0x94, 0x04, 0x95, 0x04, 0x96, 0x04, 0x97, 0x04, 0xAA, 0x04, 0xAB, 0x04, 0xD3, 0x04, 0xD4, 0x04, 0xD5, 0x04, 0xD6, 0x04, 0xE2, 0x04, 0xE3, 0x04, 0xE4, 0x04, 0xE5, 0x04, 0xE6, 0x04, 0xE7, 0x04, 0xE8, 0x04, 0xE9, 0x04, 0xEB, 0x04, 0xEC, 0x04, 0xED, 0x04, 0xEE, 0x04, 0xEF, 0x04, 0xF0, 0x04, 0xF1, 0x04, 0xF2, 0x04, 0xF3, 0x04, 0x92, 0x05, 0x93, 0x05, 0x94, 0x05, 0x95, 0x05, 0x9F, 0x05, 0xA1, 0x05, 0xA2, 0x05, 0xA4, 0x05, 0xB6, 0x05, 0xB7, 0x05, 0xB8, 0x05, 0xB9, 0x05, 0xBA, 0x05, 0xBB, 0x05, 0xBC, 0x05, 0xBD, 0x05, 0xBE, 0x05, 0xBF, 0x05, 0xC0, 0x05, 0xC1, 0x05, 0xC2, 0x05, 0xC3, 0x05, 0xC4, 0x05, 0xC5, 0x05, 0xC6, 0x05, 0xC7, 0x05, 0xC8, 0x05, 0xC9, 0x05, 0xCA, 0x05, 0xCB, 0x05, 0xCC, 0x05, 0xCD, 0x05, 0xCE, 0x05, 0xCF, 0x05, 0xD0, 0x05, 0xD1, 0x05, 0xD2, 0x05, 0xD3, 0x05, 0xD4, 0x05, 0xD5, 0x05, 0xEC, 0x05, 0xED, 0x05, 0xEE, 0x05, 0xEF, 0x05, 0xF0, 0x05, 0xF1, 0x05, 0xF2, 0x05, 0xF3, 0x05, 0xF4, 0x05, 0xF5, 0x05, 0xF6, 0x05, 0xF7, 0x05, 0xF8, 0x05, 0xF9, 0x05, 0xFA, 0x05, 0x80, 0x06, 0x81, 0x06, 0x82, 0x06, 0x83, 0x06, 0x84, 0x06, 0x8A, 0x06, 0x8B, 0x06, 0x8C, 0x06, 0x8D, 0x06, 0x8E, 0x06, 0x9D, 0x06, 0x9E, 0x06, 0x9F, 0x06, 0xA0, 0x06, 0xA1, 0x06, 0xA2, 0x06, 0xA3, 0x06, 0xA4, 0x06, 0xA5, 0x06, 0xA6, 0x06, 0xA7, 0x06, 0xA8, 0x06, 0xA9, 0x06, 0xAA, 0x06, 0xAB, 0x06, 0xAC, 0x06, 0xAD, 0x06, 0xAE, 0x06, 0xAF, 0x06, 0xB0, 0x06, 0xB1, 0x06, 0xB2, 0x06, 0xB3, 0x06, 0xB4, 0x06, 0xB5, 0x06, 0xB6, 0x06, 0xB7, 0x06, 0xC8, 0x06, 0xC9, 0x06, 0xCC, 0x06, 0xCF, 0x06, 0xD0, 0x06, 0xE2, 0x06, 0xEB, 0x06, 0x93, 0x07, 0x94, 0x07, 0x95, 0x07, 0x96, 0x07, 0x9B, 0x07, 0x9C, 0x07, 0x9D, 0x07, 0x9F, 0x07, 0xA0, 0x07, 0xA1, 0x07, 0xA2, 0x07, 0xA3, 0x07, 0xA4, 0x07, 0xA5, 0x07, 0xA7, 0x07, 0xA8, 0x07, 0xA9, 0x07, 0xAA, 0x07, 0xAD, 0x07, 0xAE, 0x07, 0xAF, 0x07, 0xD8, 0x07, 0xE6, 0x07, 0xF2, 0x07, 0xF1, 0x07, 0xF0, 0x07, 0xEF, 0x07, 0xF3, 0x07, 0xF4, 0x07, 0xF5, 0x07, 0xF6, 0x07, 0xF7, 0x07, 0xF8, 0x07, 0x81, 0x08, 0x82, 0x08, 0x83, 0x08, 0x84, 0x08, 0x85, 0x08, 0x86, 0x08, 0x87, 0x08, 0x88, 0x08, 0x89, 0x08, 0x8A, 0x08, 0x8B, 0x08, 0x8C, 0x08, 0x8D, 0x08, 0x8E, 0x08, 0x8F, 0x08, 0x90, 0x08, 0x91, 0x08, 0x92, 0x08, 0x93, 0x08, 0x94, 0x08, 0x95, 0x08, 0x96, 0x08, 0x97, 0x08, 0x98, 0x08, 0xD1, 0x08, 0xD2, 0x08, 0xE3, 0x08, 0xE4, 0x08, 0xE5, 0x08, 0xE6, 0x08, 0xE8, 0x08, 0xE9, 0x08, 0xEA, 0x08, 0xEC, 0x08, 0xED, 0x08, 0xEE, 0x08, 0xF0, 0x08, 0xF1, 0x08, 0xF2, 0x08, 0xF4, 0x08, 0xF5, 0x08, 0xF6, 0x08, 0xF8, 0x08, 0xF9, 0x08, 0xFA, 0x08, 0xFB, 0x08, 0x95, 0x02, 0xAC, 0x04, 0x95, 0x06, 0x8A, 0x01, 0x80, 0x01, 0x8B, 0x01, 0xD4, 0x07, 0xD7, 0x07, 0xD6, 0x07, 0xD5, 0x07, 0xD2, 0x07, 0xD3, 0x07, 0xCD, 0x02, 0xD1, 0x02, 0xD0, 0x02, 0xF7, 0x08, 0xCC, 0x02, 0xCF, 0x02, 0xCE, 0x02, 0x93, 0x02, 0xAB, 0x07, 0x99, 0x03, 0x9A, 0x03, 0xB8, 0x06, 0xB9, 0x06, 0xBA, 0x06, 0xBB, 0x06, 0xBC, 0x06, 0xBD, 0x06, 0xBF, 0x06, 0xC0, 0x06, 0xC1, 0x06, 0xC2, 0x06, 0xC3, 0x06, 0xC4, 0x06, 0x9E, 0x07, 0xA6, 0x07, 0xAC, 0x07, 0xE7, 0x08, 0xEB, 0x08, 0xEF, 0x08, 0xF3, 0x08, 0xBE, 0x06, 0xDB, 0x07, 0xDF, 0x07, 0xE4, 0x07, 0xFB, 0x02, 0xA5, 0x05, 0xB5, 0x05, 0xB1, 0x05, 0xB2, 0x05, 0xAF, 0x05, 0xAD, 0x05, 0xB3, 0x05, 0xA9, 0x05, 0xAE, 0x05, 0xAB, 0x05, 0xA8, 0x05, 0xA7, 0x05, 0xAC, 0x05, 0xB0, 0x05, 0xB4, 0x05, 0xA6, 0x05, 0xAA, 0x05, 0xD3, 0x03, 0xD4, 0x03, 0xD5, 0x03, 0x83, 0x03, 0x84, 0x03, 0x85, 0x03, 0x86, 0x03, 0xDE, 0x01, 0x7E, 0x7F, 0xE2, 0x03, 0x96, 0x06, 0xCB, 0x02, 0xF4, 0x02, 0xEA, 0x04, 0xCA, 0x02, 0x84, 0x09, 0xD9, 0x07, 0xDA, 0x07, 0xE0, 0x07, 0xDC, 0x07, 0xDD, 0x07, 0xDE, 0x07, 0xE1, 0x07, 0xE2, 0x07, 0xE3, 0x07, 0xE5, 0x07, 0xFC, 0x07, 0xFB, 0x07, 0xFA, 0x07, 0xF9, 0x07, 0x80, 0x08, 0xFF, 0x07, 0xFE, 0x07, 0xFD, 0x07, 0xA9, 0x08, 0xAA, 0x08, 0xAB, 0x08, 0xAC, 0x08, 0xAD, 0x08, 0xAE, 0x08, 0xAF, 0x08, 0xB0, 0x08, 0xB1, 0x08, 0xB2, 0x08, 0xB3, 0x08, 0xB4, 0x08, 0xB5, 0x08, 0xB6, 0x08, 0xB7, 0x08, 0xB8, 0x08, 0x99, 0x08, 0x9A, 0x08, 0x9C, 0x08, 0x9B, 0x08, 0x9D, 0x08, 0x9E, 0x08, 0xA0, 0x08, 0x9F, 0x08, 0xA1, 0x08, 0xA2, 0x08, 0xA4, 0x08, 0xA3, 0x08, 0xA5, 0x08, 0xA6, 0x08, 0xA8, 0x08, 0xA7, 0x08, 0x87, 0x09, 0xF8, 0x02, 0xFA, 0x02, 0xF9, 0x02, 0xFC, 0x02, 0xB9, 0x08, 0xBA, 0x08, 0xBB, 0x08, 0xBC, 0x08, 0xBD, 0x08, 0xBE, 0x08, 0xBF, 0x08, 0xC0, 0x08, 0xC1, 0x08, 0xC2, 0x08, 0xC3, 0x08, 0xC4, 0x08, 0xC5, 0x08, 0xC6, 0x08, 0xC7, 0x08, 0xC8, 0x08, 0xC9, 0x08, 0xCA, 0x08, 0xCB, 0x08, 0xCC, 0x08, 0xCD, 0x08, 0xCE, 0x08, 0xCF, 0x08, 0xD0, 0x08, 0xD1, 0x06, 0xD2, 0x06, 0xD3, 0x06, 0xD7, 0x06, 0xD4, 0x06, 0xD8, 0x06, 0xD5, 0x06, 0xD9, 0x06, 0xD6, 0x06, 0xDA, 0x06, 0xDE, 0x02, 0xDF, 0x02, 0xE3, 0x02, 0xE0, 0x02, 0xE4, 0x02, 0xE1, 0x02, 0xE5, 0x02, 0xE2, 0x02, 0xE6, 0x02, 0xD5, 0x02, 0xD6, 0x02, 0xDA, 0x02, 0xD7, 0x02, 0xDB, 0x02, 0xD8, 0x02, 0xDC, 0x02, 0xD9, 0x02, 0xDD, 0x02, 0x20, 0x6D, 0x69, 0x6E, 0x65, 0x63, 0x72, 0x61, 0x66, 0x74, 0x3A, 0x75, 0x6E, 0x73, 0x74, 0x61, 0x62, 0x6C, 0x65, 0x5F, 0x62, 0x6F, 0x74, 0x74, 0x6F, 0x6D, 0x5F, 0x63, 0x65, 0x6E, 0x74, 0x65, 0x72, 0x0C, 0xF7, 0x04, 0xF5, 0x04, 0xF9, 0x04, 0xFA, 0x04, 0xF6, 0x04, 0xF1, 0x02, 0xF4, 0x04, 0xFD, 0x06, 0xFE, 0x06, 0xFB, 0x04, 0xFC, 0x04, 0xF8, 0x04, 0x18, 0x6D, 0x69, 0x6E, 0x65, 0x63, 0x72, 0x61, 0x66, 0x74, 0x3A, 0x73, 0x75, 0x70, 0x70, 0x6F, 0x72, 0x74, 0x73, 0x5F, 0x63, 0x72, 0x6F, 0x70, 0x73, 0x01, 0xD0, 0x01, 0x0F, 0x6D, 0x69, 0x6E, 0x65, 0x63, 0x72, 0x61, 0x66, 0x74, 0x3A, 0x64, 0x6F, 0x6F, 0x72, 0x73, 0x15, 0xDC, 0x01, 0x86, 0x05, 0x87, 0x05, 0x88, 0x05, 0x89, 0x05, 0x8B, 0x05, 0x8C, 0x05, 0x83, 0x07, 0x84, 0x07, 0x8D, 0x05, 0x8E, 0x05, 0x8A, 0x05, 0x99, 0x08, 0x9A, 0x08, 0x9C, 0x08, 0x9B, 0x08, 0x9D, 0x08, 0x9E, 0x08, 0xA0, 0x08, 0x9F, 0x08, 0x84, 0x02, 0x28, 0x6D, 0x69, 0x6E, 0x65, 0x63, 0x72, 0x61, 0x66, 0x74, 0x3A, 0x73, 0x75, 0x70, 0x70, 0x6F, 0x72, 0x74, 0x5F, 0x6F, 0x76, 0x65, 0x72, 0x72, 0x69, 0x64, 0x65, 0x5F, 0x63, 0x61, 0x63, 0x74, 0x75, 0x73, 0x5F, 0x66, 0x6C, 0x6F, 0x77, 0x65, 0x72, 0x02, 0x97, 0x02, 0xD0, 0x01, 0x1B, 0x6D, 0x69, 0x6E, 0x65, 0x63, 0x72, 0x61, 0x66, 0x74, 0x3A, 0x65, 0x6E, 0x64, 0x65, 0x72, 0x6D, 0x61, 0x6E, 0x5F, 0x68, 0x6F, 0x6C, 0x64, 0x61, 0x62, 0x6C, 0x65, 0x2D, 0x9D, 0x01, 0x8B, 0x09, 0xA0, 0x01, 0xA1, 0x01, 0xA2, 0x01, 0xA3, 0x01, 0xA4, 0x01, 0xA5, 0x01, 0xA6, 0x01, 0xA7, 0x01, 0xA8, 0x01, 0xA9, 0x01, 0xAB, 0x01, 0xAA, 0x01, 0x9F, 0x01, 0x8C, 0x09, 0x9E, 0x01, 0x09, 0x0A, 0xE1, 0x08, 0xE2, 0x08, 0x3B, 0xDC, 0x08, 0x88, 0x09, 0x08, 0x0B, 0xF5, 0x02, 0x25, 0x27, 0x28, 0xAC, 0x01, 0xAD, 0x01, 0xB1, 0x01, 0x97, 0x02, 0x99, 0x02, 0xE8, 0x02, 0xA8, 0x02, 0xE9, 0x02, 0xEC, 0x06, 0xEB, 0x06, 0xF2, 0x06, 0xE3, 0x06, 0xE2, 0x06, 0xE5, 0x06, 0x98, 0x02, 0x11, 0x6D, 0x69, 0x6E, 0x65, 0x63, 0x72, 0x61, 0x66, 0x74, 0x3A, 0x62, 0x61, 0x6E, 0x6E, 0x65, 0x72, 0x73, 0x20, 0xB3, 0x04, 0xB4, 0x04, 0xB5, 0x04, 0xB6, 0x04, 0xB7, 0x04, 0xB8, 0x04, 0xB9, 0x04, 0xBA, 0x04, 0xBB, 0x04, 0xBC, 0x04, 0xBD, 0x04, 0xBE, 0x04, 0xBF, 0x04, 0xC0, 0x04, 0xC1, 0x04, 0xC2, 0x04, 0xC3, 0x04, 0xC4, 0x04, 0xC5, 0x04, 0xC6, 0x04, 0xC7, 0x04, 0xC8, 0x04, 0xC9, 0x04, 0xCA, 0x04, 0xCB, 0x04, 0xCC, 0x04, 0xCD, 0x04, 0xCE, 0x04, 0xCF, 0x04, 0xD0, 0x04, 0xD1, 0x04, 0xD2, 0x04, 0x19, 0x6D, 0x69, 0x6E, 0x65, 0x63, 0x72, 0x61, 0x66, 0x74, 0x3A, 0x73, 0x6D, 0x65, 0x6C, 0x74, 0x73, 0x5F, 0x74, 0x6F, 0x5F, 0x67, 0x6C, 0x61, 0x73, 0x73, 0x02, 0x25, 0x27, 0x1E, 0x6D, 0x69, 0x6E, 0x65, 0x63, 0x72, 0x61, 0x66, 0x74, 0x3A, 0x69, 0x6E, 0x66, 0x69, 0x6E, 0x69, 0x62, 0x75, 0x72, 0x6E, 0x5F, 0x6F, 0x76, 0x65, 0x72, 0x77, 0x6F, 0x72, 0x6C, 0x64, 0x02, 0x9D, 0x02, 0x9F, 0x05, 0x15, 0x6D, 0x69, 0x6E, 0x65, 0x63, 0x72, 0x61, 0x66, 0x74, 0x3A, 0x66, 0x6C, 0x6F, 0x77, 0x65, 0x72, 0x5F, 0x70, 0x6F, 0x74, 0x73, 0x27, 0x9B, 0x03, 0x8D, 0x09, 0x8E, 0x09, 0xA9, 0x03, 0xAA, 0x03, 0xAB, 0x03, 0xAC, 0x03, 0xAD, 0x03, 0xAE, 0x03, 0xAF, 0x03, 0xB0, 0x03, 0xB1, 0x03, 0xA7, 0x03, 0x9D, 0x03, 0x9E, 0x03, 0x9F, 0x03, 0xA0, 0x03, 0xA1, 0x03, 0xA3, 0x03, 0xA4, 0x03, 0xB5, 0x03, 0xB6, 0x03, 0xB7, 0x03, 0xA6, 0x03, 0xB8, 0x03, 0xB2, 0x03, 0xB3, 0x03, 0xB4, 0x03, 0x99, 0x06, 0x97, 0x07, 0x98, 0x07, 0x99, 0x07, 0x9A, 0x07, 0xFC, 0x08, 0xFD, 0x08, 0xA5, 0x03, 0xA2, 0x03, 0x9C, 0x03, 0xA8, 0x03, 0x17, 0x6D, 0x69, 0x6E, 0x65, 0x63, 0x72, 0x61, 0x66, 0x74, 0x3A, 0x77, 0x6F, 0x6F, 0x64, 0x65, 0x6E, 0x5F, 0x66, 0x65, 0x6E, 0x63, 0x65, 0x73, 0x0C, 0x9C, 0x02, 0x80, 0x05, 0x82, 0x05, 0x83, 0x05, 0xFD, 0x04, 0xFE, 0x04, 0xFF, 0x04, 0xF9, 0x06, 0xFA, 0x06, 0x84, 0x05, 0x85, 0x05, 0x81, 0x05, 0x21, 0x6D, 0x69, 0x6E, 0x65, 0x63, 0x72, 0x61, 0x66, 0x74, 0x3A, 0x69, 0x6E, 0x63, 0x6F, 0x72, 0x72, 0x65, 0x63, 0x74, 0x5F, 0x66, 0x6F, 0x72, 0x5F, 0x69, 0x72, 0x6F, 0x6E, 0x5F, 0x74, 0x6F, 0x6F, 0x6C, 0x05, 0xC1, 0x01, 0x95, 0x07, 0x93, 0x07, 0x96, 0x07, 0x94, 0x07, 0x21, 0x6D, 0x69, 0x6E, 0x65, 0x63, 0x72, 0x61, 0x66, 0x74, 0x3A, 0x73, 0x75, 0x70, 0x70, 0x6F, 0x72, 0x74, 0x73, 0x5F, 0x73, 0x6D, 0x61, 0x6C, 0x6C, 0x5F, 0x64, 0x72, 0x69, 0x70, 0x6C, 0x65, 0x61, 0x66, 0x02, 0x99, 0x02, 0xDC, 0x08, 0x27, 0x6D, 0x69, 0x6E, 0x65, 0x63, 0x72, 0x61, 0x66, 0x74, 0x3A, 0x65, 0x6E, 0x63, 0x68, 0x61, 0x6E, 0x74, 0x6D, 0x65, 0x6E, 0x74, 0x5F, 0x70, 0x6F, 0x77, 0x65, 0x72, 0x5F, 0x74, 0x72, 0x61, 0x6E, 0x73, 0x6D, 0x69, 0x74, 0x74, 0x65, 0x72, 0x1D, 0x00, 0x23, 0x24, 0x82, 0x01, 0x83, 0x01, 0x84, 0x01, 0x85, 0x01, 0x86, 0x01, 0x87, 0x01, 0x88, 0x01, 0x89, 0x01, 0xC4, 0x01, 0xC5, 0x01, 0x94, 0x02, 0xEE, 0x02, 0xEF, 0x02, 0xF0, 0x02, 0x8D, 0x04, 0xB1, 0x04, 0xB2, 0x04, 0xA3, 0x05, 0x9A, 0x06, 0x9B, 0x06, 0x9C, 0x06, 0xE5, 0x06, 0xE6, 0x06, 0xF2, 0x06, 0xDB, 0x08, 0xE0, 0x08, 0x1C, 0x6D, 0x69, 0x6E, 0x65, 0x63, 0x72, 0x61, 0x66, 0x74, 0x3A, 0x77, 0x61, 0x6C, 0x6C, 0x5F, 0x70, 0x6F, 0x73, 0x74, 0x5F, 0x6F, 0x76, 0x65, 0x72, 0x72, 0x69, 0x64, 0x65, 0x4E, 0xC2, 0x01, 0xA2, 0x02, 0x91, 0x02, 0xA4, 0x02, 0x92, 0x03, 0xD2, 0x01, 0xD3, 0x01, 0xD4, 0x01, 0xD5, 0x01, 0xD7, 0x01, 0xD8, 0x01, 0xD9, 0x01, 0x85, 0x07, 0x86, 0x07, 0xDA, 0x01, 0xDB, 0x01, 0xD6, 0x01, 0xE0, 0x01, 0xE1, 0x01, 0xE2, 0x01, 0xE3, 0x01, 0xE5, 0x01, 0xE6, 0x01, 0xE7, 0x01, 0x87, 0x07, 0x88, 0x07, 0xE8, 0x01, 0xE9, 0x01, 0xE4, 0x01, 0xB3, 0x04, 0xB4, 0x04, 0xB5, 0x04, 0xB6, 0x04, 0xB7, 0x04, 0xB8, 0x04, 0xB9, 0x04, 0xBA, 0x04, 0xBB, 0x04, 0xBC, 0x04, 0xBD, 0x04, 0xBE, 0x04, 0xBF, 0x04, 0xC0, 0x04, 0xC1, 0x04, 0xC2, 0x04, 0xC3, 0x04, 0xC4, 0x04, 0xC5, 0x04, 0xC6, 0x04, 0xC7, 0x04, 0xC8, 0x04, 0xC9, 0x04, 0xCA, 0x04, 0xCB, 0x04, 0xCC, 0x04, 0xCD, 0x04, 0xCE, 0x04, 0xCF, 0x04, 0xD0, 0x04, 0xD1, 0x04, 0xD2, 0x04, 0xD7, 0x03, 0xD8, 0x03, 0x85, 0x02, 0x86, 0x02, 0x87, 0x02, 0x88, 0x02, 0x89, 0x02, 0x8B, 0x02, 0x8C, 0x02, 0xF7, 0x06, 0xF8, 0x06, 0x8D, 0x02, 0x8E, 0x02, 0x8A, 0x02, 0x83, 0x02, 0xAA, 0x07, 0x98, 0x02, 0x1F, 0x6D, 0x69, 0x6E, 0x65, 0x63, 0x72, 0x61, 0x66, 0x74, 0x3A, 0x69, 0x63, 0x65, 0x5F, 0x73, 0x70, 0x69, 0x6B, 0x65, 0x5F, 0x72, 0x65, 0x70, 0x6C, 0x61, 0x63, 0x65, 0x61, 0x62, 0x6C, 0x65, 0x0C, 0x09, 0x0A, 0xE1, 0x08, 0xE2, 0x08, 0x3B, 0xDC, 0x08, 0x88, 0x09, 0x08, 0x0B, 0xF5, 0x02, 0x96, 0x02, 0x95, 0x02, 0x29, 0x6D, 0x69, 0x6E, 0x65, 0x63, 0x72, 0x61, 0x66, 0x74, 0x3A, 0x63, 0x61, 0x6E, 0x6E, 0x6F, 0x74, 0x5F, 0x72, 0x65, 0x70, 0x6C, 0x61, 0x63, 0x65, 0x5F, 0x62, 0x65, 0x6C, 0x6F, 0x77, 0x5F, 0x74, 0x72, 0x65, 0x65, 0x5F, 0x74, 0x72, 0x75, 0x6E, 0x6B, 0x08, 0x09, 0x0A, 0xE1, 0x08, 0xE2, 0x08, 0x3B, 0xDC, 0x08, 0x88, 0x09, 0x0B, 0x2C, 0x6D, 0x69, 0x6E, 0x65, 0x63, 0x72, 0x61, 0x66, 0x74, 0x3A, 0x70, 0x6F, 0x6C, 0x61, 0x72, 0x5F, 0x62, 0x65, 0x61, 0x72, 0x73, 0x5F, 0x73, 0x70, 0x61, 0x77, 0x6E, 0x61, 0x62, 0x6C, 0x65, 0x5F, 0x6F, 0x6E, 0x5F, 0x61, 0x6C, 0x74, 0x65, 0x72, 0x6E, 0x61, 0x74, 0x65, 0x01, 0x95, 0x02, 0x13, 0x6D, 0x69, 0x6E, 0x65, 0x63, 0x72, 0x61, 0x66, 0x74, 0x3A, 0x63, 0x61, 0x75, 0x6C, 0x64, 0x72, 0x6F, 0x6E, 0x73, 0x04, 0x83, 0x03, 0x84, 0x03, 0x85, 0x03, 0x86, 0x03, 0x27, 0x6D, 0x69, 0x6E, 0x65, 0x63, 0x72, 0x61, 0x66, 0x74, 0x3A, 0x65, 0x6E, 0x61, 0x62, 0x6C, 0x65, 0x73, 0x5F, 0x62, 0x75, 0x62, 0x62, 0x6C, 0x65, 0x5F, 0x63, 0x6F, 0x6C, 0x75, 0x6D, 0x6E, 0x5F, 0x70, 0x75, 0x73, 0x68, 0x5F, 0x75, 0x70, 0x01, 0x9E, 0x02, 0x1C, 0x6D, 0x69, 0x6E, 0x65, 0x63, 0x72, 0x61, 0x66, 0x74, 0x3A, 0x64, 0x61, 0x6D, 0x70, 0x65, 0x6E, 0x73, 0x5F, 0x76, 0x69, 0x62, 0x72, 0x61, 0x74, 0x69, 0x6F, 0x6E, 0x73, 0x20, 0x8C, 0x01, 0x8D, 0x01, 0x8E, 0x01, 0x8F, 0x01, 0x90, 0x01, 0x91, 0x01, 0x92, 0x01, 0x93, 0x01, 0x94, 0x01, 0x95, 0x01, 0x96, 0x01, 0x97, 0x01, 0x98, 0x01, 0x99, 0x01, 0x9A, 0x01, 0x9B, 0x01, 0x9A, 0x04, 0x9B, 0x04, 0x9C, 0x04, 0x9D, 0x04, 0x9E, 0x04, 0x9F, 0x04, 0xA0, 0x04, 0xA1, 0x04, 0xA2, 0x04, 0xA3, 0x04, 0xA4, 0x04, 0xA5, 0x04, 0xA6, 0x04, 0xA7, 0x04, 0xA8, 0x04, 0xA9, 0x04, 0x27, 0x6D, 0x69, 0x6E, 0x65, 0x63, 0x72, 0x61, 0x66, 0x74, 0x3A, 0x6F, 0x76, 0x65, 0x72, 0x77, 0x6F, 0x72, 0x6C, 0x64, 0x5F, 0x63, 0x61, 0x72, 0x76, 0x65, 0x72, 0x5F, 0x72, 0x65, 0x70, 0x6C, 0x61, 0x63, 0x65, 0x61, 0x62, 0x6C, 0x65, 0x73, 0x34, 0x01, 0x02, 0x04, 0x06, 0xD8, 0x07, 0xE3, 0x08, 0x09, 0x0A, 0xE1, 0x08, 0xE2, 0x08, 0x3B, 0xDC, 0x08, 0x88, 0x09, 0x08, 0x0B, 0xF5, 0x02, 0x25, 0x27, 0x26, 0xAA, 0x04, 0xE4, 0x03, 0xE5, 0x03, 0xE6, 0x03, 0xE7, 0x03, 0xE8, 0x03, 0xE9, 0x03, 0xEA, 0x03, 0xEB, 0x03, 0xEC, 0x03, 0xED, 0x03, 0xEE, 0x03, 0xEF, 0x03, 0xF0, 0x03, 0xF1, 0x03, 0xF2, 0x03, 0xF3, 0x03, 0x2C, 0x2D, 0xF3, 0x07, 0xF4, 0x07, 0x94, 0x02, 0x96, 0x02, 0xE8, 0x07, 0x23, 0x28, 0x29, 0x6A, 0xD3, 0x04, 0xE6, 0x07, 0xAC, 0x04, 0xF9, 0x08, 0xFA, 0x08, 0x1C, 0x6D, 0x69, 0x6E, 0x65, 0x63, 0x72, 0x61, 0x66, 0x74, 0x3A, 0x77, 0x61, 0x6C, 0x6C, 0x5F, 0x68, 0x61, 0x6E, 0x67, 0x69, 0x6E, 0x67, 0x5F, 0x73, 0x69, 0x67, 0x6E, 0x73, 0x0C, 0xF6, 0x01, 0xF7, 0x01, 0xF8, 0x01, 0xF9, 0x01, 0xFA, 0x01, 0xFB, 0x01, 0xFC, 0x01, 0xFD, 0x01, 0xFF, 0x01, 0x80, 0x02, 0xFE, 0x01, 0x81, 0x02, 0x1B, 0x6D, 0x69, 0x6E, 0x65, 0x63, 0x72, 0x61, 0x66, 0x74, 0x3A, 0x73, 0x63, 0x75, 0x6C, 0x6B, 0x5F, 0x72, 0x65, 0x70, 0x6C, 0x61, 0x63, 0x65, 0x61, 0x62, 0x6C, 0x65, 0x32, 0x01, 0x02, 0x04, 0x06, 0xD8, 0x07, 0xE3, 0x08, 0x09, 0x0A, 0xE1, 0x08, 0xE2, 0x08, 0x3B, 0xDC, 0x08, 0x88, 0x09, 0x08, 0x0B, 0xF5, 0x02, 0xAA, 0x04, 0xE4, 0x03, 0xE5, 0x03, 0xE6, 0x03, 0xE7, 0x03, 0xE8, 0x03, 0xE9, 0x03, 0xEA, 0x03, 0xEB, 0x03, 0xEC, 0x03, 0xED, 0x03, 0xEE, 0x03, 0xEF, 0x03, 0xF0, 0x03, 0xF1, 0x03, 0xF2, 0x03, 0xF3, 0x03, 0xEB, 0x06, 0xE2, 0x06, 0x9D, 0x02, 0xA0, 0x02, 0x9C, 0x07, 0x25, 0x27, 0x28, 0x9E, 0x02, 0x9F, 0x02, 0xE6, 0x07, 0xF8, 0x08, 0x99, 0x02, 0xD2, 0x08, 0x89, 0x03, 0xD3, 0x04, 0x6A, 0x10, 0x6D, 0x69, 0x6E, 0x65, 0x63, 0x72, 0x61, 0x66, 0x74, 0x3A, 0x63, 0x6F, 0x70, 0x70, 0x65, 0x72, 0x08, 0xEF, 0x07, 0xF0, 0x07, 0xF1, 0x07, 0xF2, 0x07, 0x89, 0x08, 0x8B, 0x08, 0x8A, 0x08, 0x8C, 0x08, 0x0F, 0x6D, 0x69, 0x6E, 0x65, 0x63, 0x72, 0x61, 0x66, 0x74, 0x3A, 0x73, 0x69, 0x67, 0x6E, 0x73, 0x18, 0xD2, 0x01, 0xD3, 0x01, 0xD4, 0x01, 0xD5, 0x01, 0xD7, 0x01, 0xD8, 0x01, 0xD9, 0x01, 0x85, 0x07, 0x86, 0x07, 0xDA, 0x01, 0xDB, 0x01, 0xD6, 0x01, 0xE0, 0x01, 0xE1, 0x01, 0xE2, 0x01, 0xE3, 0x01, 0xE5, 0x01, 0xE6, 0x01, 0xE7, 0x01, 0x87, 0x07, 0x88, 0x07, 0xE8, 0x01, 0xE9, 0x01, 0xE4, 0x01, 0x22, 0x6D, 0x69, 0x6E, 0x65, 0x63, 0x72, 0x61, 0x66, 0x74, 0x3A, 0x61, 0x6E, 0x63, 0x69, 0x65, 0x6E, 0x74, 0x5F, 0x63, 0x69, 0x74, 0x79, 0x5F, 0x72, 0x65, 0x70, 0x6C, 0x61, 0x63, 0x65, 0x61, 0x62, 0x6C, 0x65, 0x0C, 0xE3, 0x08, 0xF0, 0x08, 0xEC, 0x08, 0xF2, 0x08, 0xEE, 0x08, 0xF1, 0x08, 0xEF, 0x08, 0xF3, 0x08, 0xE4, 0x08, 0xF5, 0x08, 0xF6, 0x08, 0x93, 0x01, 0x28, 0x6D, 0x69, 0x6E, 0x65, 0x63, 0x72, 0x61, 0x66, 0x74, 0x3A, 0x6D, 0x61, 0x6E, 0x67, 0x72, 0x6F, 0x76, 0x65, 0x5F, 0x6C, 0x6F, 0x67, 0x73, 0x5F, 0x63, 0x61, 0x6E, 0x5F, 0x67, 0x72, 0x6F, 0x77, 0x5F, 0x74, 0x68, 0x72, 0x6F, 0x75, 0x67, 0x68, 0x08, 0xE2, 0x08, 0x3B, 0x3A, 0x60, 0x39, 0x21, 0xD8, 0x08, 0xEE, 0x02, 0x23, 0x6D, 0x69, 0x6E, 0x65, 0x63, 0x72, 0x61, 0x66, 0x74, 0x3A, 0x77, 0x69, 0x74, 0x68, 0x65, 0x72, 0x5F, 0x73, 0x75, 0x6D, 0x6D, 0x6F, 0x6E, 0x5F, 0x62, 0x61, 0x73, 0x65, 0x5F, 0x62, 0x6C, 0x6F, 0x63, 0x6B, 0x73, 0x02, 0x9E, 0x02, 0x9F, 0x02, 0x26, 0x6D, 0x69, 0x6E, 0x65, 0x63, 0x72, 0x61, 0x66, 0x74, 0x3A, 0x64, 0x72, 0x69, 0x70, 0x73, 0x74, 0x6F, 0x6E, 0x65, 0x5F, 0x72, 0x65, 0x70, 0x6C, 0x61, 0x63, 0x65, 0x61, 0x62, 0x6C, 0x65, 0x5F, 0x62, 0x6C, 0x6F, 0x63, 0x6B, 0x73, 0x06, 0x01, 0x02, 0x04, 0x06, 0xD8, 0x07, 0xE3, 0x08, 0x1B, 0x6D, 0x69, 0x6E, 0x65, 0x63, 0x72, 0x61, 0x66, 0x74, 0x3A, 0x68, 0x6F, 0x67, 0x6C, 0x69, 0x6E, 0x5F, 0x72, 0x65, 0x70, 0x65, 0x6C, 0x6C, 0x65, 0x6E, 0x74, 0x73, 0x04, 0xE3, 0x06, 0x98, 0x07, 0xA7, 0x02, 0x96, 0x07, 0x0E, 0x6D, 0x69, 0x6E, 0x65, 0x63, 0x72, 0x61, 0x66, 0x74, 0x3A, 0x66, 0x69, 0x72, 0x65, 0x02, 0xC4, 0x01, 0xC5, 0x01, 0x20, 0x6D, 0x69, 0x6E, 0x65, 0x63, 0x72, 0x61, 0x66, 0x74, 0x3A, 0x73, 0x75, 0x70, 0x70, 0x6F, 0x72, 0x74, 0x73, 0x5F, 0x63, 0x72, 0x69, 0x6D, 0x73, 0x6F, 0x6E, 0x5F, 0x72, 0x6F, 0x6F, 0x74, 0x73, 0x0E, 0x09, 0x0A, 0xE1, 0x08, 0xE2, 0x08, 0x3B, 0xDC, 0x08, 0x88, 0x09, 0x08, 0x0B, 0xF5, 0x02, 0xD0, 0x01, 0xEB, 0x06, 0xE2, 0x06, 0x9F, 0x02, 0x1B, 0x6D, 0x69, 0x6E, 0x65, 0x63, 0x72, 0x61, 0x66, 0x74, 0x3A, 0x62, 0x61, 0x73, 0x65, 0x5F, 0x73, 0x74, 0x6F, 0x6E, 0x65, 0x5F, 0x6E, 0x65, 0x74, 0x68, 0x65, 0x72, 0x03, 0x9D, 0x02, 0xA0, 0x02, 0x9C, 0x07, 0x1C, 0x6D, 0x69, 0x6E, 0x65, 0x63, 0x72, 0x61, 0x66, 0x74, 0x3A, 0x6E, 0x65, 0x65, 0x64, 0x73, 0x5F, 0x64, 0x69, 0x61, 0x6D, 0x6F, 0x6E, 0x64, 0x5F, 0x74, 0x6F, 0x6F, 0x6C, 0x05, 0xC1, 0x01, 0x95, 0x07, 0x93, 0x07, 0x96, 0x07, 0x94, 0x07, 0x14, 0x6D, 0x69, 0x6E, 0x65, 0x63, 0x72, 0x61, 0x66, 0x74, 0x3A, 0x77, 0x61, 0x6C, 0x6C, 0x5F, 0x73, 0x69, 0x67, 0x6E, 0x73, 0x0C, 0xE0, 0x01, 0xE1, 0x01, 0xE2, 0x01, 0xE3, 0x01, 0xE5, 0x01, 0xE6, 0x01, 0xE7, 0x01, 0x87, 0x07, 0x88, 0x07, 0xE8, 0x01, 0xE9, 0x01, 0xE4, 0x01, 0x22, 0x6D, 0x69, 0x6E, 0x65, 0x63, 0x72, 0x61, 0x66, 0x74, 0x3A, 0x69, 0x6E, 0x63, 0x6F, 0x72, 0x72, 0x65, 0x63, 0x74, 0x5F, 0x66, 0x6F, 0x72, 0x5F, 0x73, 0x74, 0x6F, 0x6E, 0x65, 0x5F, 0x74, 0x6F, 0x6F, 0x6C, 0x11, 0xC1, 0x01, 0x95, 0x07, 0x93, 0x07, 0x96, 0x07, 0x94, 0x07, 0xCD, 0x01, 0xCB, 0x01, 0xCC, 0x01, 0x8E, 0x03, 0x8F, 0x03, 0x93, 0x03, 0xAE, 0x01, 0xFB, 0x08, 0x2A, 0x2B, 0x8F, 0x02, 0x90, 0x02, 0x28, 0x6D, 0x69, 0x6E, 0x65, 0x63, 0x72, 0x61, 0x66, 0x74, 0x3A, 0x68, 0x75, 0x67, 0x65, 0x5F, 0x72, 0x65, 0x64, 0x5F, 0x6D, 0x75, 0x73, 0x68, 0x72, 0x6F, 0x6F, 0x6D, 0x5F, 0x63, 0x61, 0x6E, 0x5F, 0x70, 0x6C, 0x61, 0x63, 0x65, 0x5F, 0x6F, 0x6E, 0x0C, 0x09, 0x0A, 0xE1, 0x08, 0xE2, 0x08, 0x3B, 0xDC, 0x08, 0x88, 0x09, 0x08, 0x0B, 0xF5, 0x02, 0xEB, 0x06, 0xE2, 0x06, 0x19, 0x6D, 0x69, 0x6E, 0x65, 0x63, 0x72, 0x61, 0x66, 0x74, 0x3A, 0x6D, 0x69, 0x6E, 0x65, 0x61, 0x62, 0x6C, 0x65, 0x2F, 0x73, 0x68, 0x6F, 0x76, 0x65, 0x6C, 0x24, 0x99, 0x02, 0x09, 0x0A, 0x0B, 0xD0, 0x01, 0x08, 0x28, 0xF5, 0x02, 0x25, 0x27, 0x96, 0x02, 0x94, 0x02, 0x9E, 0x02, 0x9A, 0x05, 0x9F, 0x02, 0xE1, 0x08, 0x3B, 0xE2, 0x08, 0x26, 0x29, 0xD6, 0x05, 0xD7, 0x05, 0xD8, 0x05, 0xD9, 0x05, 0xDA, 0x05, 0xDB, 0x05, 0xDC, 0x05, 0xDD, 0x05, 0xDE, 0x05, 0xDF, 0x05, 0xE0, 0x05, 0xE1, 0x05, 0xE2, 0x05, 0xE3, 0x05, 0xE4, 0x05, 0xE5, 0x05, 0x1C, 0x6D, 0x69, 0x6E, 0x65, 0x63, 0x72, 0x61, 0x66, 0x74, 0x3A, 0x73, 0x75, 0x70, 0x70, 0x6F, 0x72, 0x74, 0x73, 0x5F, 0x66, 0x72, 0x6F, 0x67, 0x73, 0x70, 0x61, 0x77, 0x6E, 0x00, 0x1B, 0x6D, 0x69, 0x6E, 0x65, 0x63, 0x72, 0x61, 0x66, 0x74, 0x3A, 0x62, 0x61, 0x74, 0x73, 0x5F, 0x73, 0x70, 0x61, 0x77, 0x6E, 0x61, 0x62, 0x6C, 0x65, 0x5F, 0x6F, 0x6E, 0x06, 0x01, 0x02, 0x04, 0x06, 0xD8, 0x07, 0xE3, 0x08, 0x13, 0x6D, 0x69, 0x6E, 0x65, 0x63, 0x72, 0x61, 0x66, 0x74, 0x3A, 0x74, 0x72, 0x61, 0x70, 0x64, 0x6F, 0x6F, 0x72, 0x73, 0x15, 0xC0, 0x02, 0xBE, 0x02, 0xC2, 0x02, 0xC3, 0x02, 0xBF, 0x02, 0xBC, 0x02, 0xBD, 0x02, 0xFB, 0x06, 0xFC, 0x06, 0xC4, 0x02, 0xC5, 0x02, 0xC1, 0x02, 0x8E, 0x04, 0xA1, 0x08, 0xA2, 0x08, 0xA4, 0x08, 0xA3, 0x08, 0xA5, 0x08, 0xA6, 0x08, 0xA8, 0x08, 0xA7, 0x08, 0x17, 0x6D, 0x69, 0x6E, 0x65, 0x63, 0x72, 0x61, 0x66, 0x74, 0x3A, 0x72, 0x65, 0x64, 0x73, 0x74, 0x6F, 0x6E, 0x65, 0x5F, 0x6F, 0x72, 0x65, 0x73, 0x02, 0x8F, 0x02, 0x90, 0x02, 0x15, 0x6D, 0x69, 0x6E, 0x65, 0x63, 0x72, 0x61, 0x66, 0x74, 0x3A, 0x63, 0x68, 0x65, 0x72, 0x72, 0x79, 0x5F, 0x6C, 0x6F, 0x67, 0x73, 0x04, 0x36, 0x4C, 0x41, 0x54, 0x1F, 0x6D, 0x69, 0x6E, 0x65, 0x63, 0x72, 0x61, 0x66, 0x74, 0x3A, 0x66, 0x61, 0x6C, 0x6C, 0x5F, 0x64, 0x61, 0x6D, 0x61, 0x67, 0x65, 0x5F, 0x72, 0x65, 0x73, 0x65, 0x74, 0x74, 0x69, 0x6E, 0x67, 0x0B, 0xDD, 0x01, 0xEE, 0x02, 0xC5, 0x06, 0xEE, 0x06, 0xEF, 0x06, 0xF0, 0x06, 0xF1, 0x06, 0xD3, 0x08, 0xD4, 0x08, 0xDD, 0x06, 0x81, 0x01, 0x1F, 0x6D, 0x69, 0x6E, 0x65, 0x63, 0x72, 0x61, 0x66, 0x74, 0x3A, 0x73, 0x75, 0x70, 0x70, 0x6F, 0x72, 0x74, 0x73, 0x5F, 0x70, 0x75, 0x6D, 0x70, 0x6B, 0x69, 0x6E, 0x5F, 0x73, 0x74, 0x65, 0x6D, 0x01, 0xD0, 0x01, 0x25, 0x6D, 0x69, 0x6E, 0x65, 0x63, 0x72, 0x61, 0x66, 0x74, 0x3A, 0x73, 0x75, 0x70, 0x70, 0x6F, 0x72, 0x74, 0x73, 0x5F, 0x70, 0x75, 0x6D, 0x70, 0x6B, 0x69, 0x6E, 0x5F, 0x73, 0x74, 0x65, 0x6D, 0x5F, 0x66, 0x72, 0x75, 0x69, 0x74, 0x0B, 0x09, 0x0A, 0xE1, 0x08, 0xE2, 0x08, 0x3B, 0xDC, 0x08, 0x88, 0x09, 0x08, 0x0B, 0xF5, 0x02, 0xD0, 0x01, 0x0E, 0x6D, 0x69, 0x6E, 0x65, 0x63, 0x72, 0x61, 0x66, 0x74, 0x3A, 0x62, 0x61, 0x72, 0x73, 0x09, 0xD5, 0x02, 0xD6, 0x02, 0xDA, 0x02, 0xD7, 0x02, 0xDB, 0x02, 0xD8, 0x02, 0xDC, 0x02, 0xD9, 0x02, 0xDD, 0x02, 0x20, 0x6D, 0x69, 0x6E, 0x65, 0x63, 0x72, 0x61, 0x66, 0x74, 0x3A, 0x64, 0x6F, 0x65, 0x73, 0x5F, 0x6E, 0x6F, 0x74, 0x5F, 0x62, 0x6C, 0x6F, 0x63, 0x6B, 0x5F, 0x68, 0x6F, 0x70, 0x70, 0x65, 0x72, 0x73, 0x02, 0x8F, 0x07, 0x90, 0x07, 0x1B, 0x6D, 0x69, 0x6E, 0x65, 0x63, 0x72, 0x61, 0x66, 0x74, 0x3A, 0x73, 0x6F, 0x75, 0x6C, 0x5F, 0x73, 0x70, 0x65, 0x65, 0x64, 0x5F, 0x62, 0x6C, 0x6F, 0x63, 0x6B, 0x73, 0x02, 0x9E, 0x02, 0x9F, 0x02, 0x21, 0x6D, 0x69, 0x6E, 0x65, 0x63, 0x72, 0x61, 0x66, 0x74, 0x3A, 0x73, 0x75, 0x70, 0x70, 0x6F, 0x72, 0x74, 0x73, 0x5F, 0x63, 0x72, 0x69, 0x6D, 0x73, 0x6F, 0x6E, 0x5F, 0x66, 0x75, 0x6E, 0x67, 0x75, 0x73, 0x0E, 0x09, 0x0A, 0xE1, 0x08, 0xE2, 0x08, 0x3B, 0xDC, 0x08, 0x88, 0x09, 0x08, 0x0B, 0xF5, 0x02, 0xD0, 0x01, 0xEB, 0x06, 0xE2, 0x06, 0x9F, 0x02, 0x1E, 0x6D, 0x69, 0x6E, 0x65, 0x63, 0x72, 0x61, 0x66, 0x74, 0x3A, 0x67, 0x65, 0x6F, 0x64, 0x65, 0x5F, 0x69, 0x6E, 0x76, 0x61, 0x6C, 0x69, 0x64, 0x5F, 0x62, 0x6C, 0x6F, 0x63, 0x6B, 0x73, 0x06, 0x22, 0x23, 0x24, 0x95, 0x02, 0xAC, 0x04, 0x95, 0x06, 0x1B, 0x6D, 0x69, 0x6E, 0x65, 0x63, 0x72, 0x61, 0x66, 0x74, 0x3A, 0x61, 0x6C, 0x6C, 0x5F, 0x68, 0x61, 0x6E, 0x67, 0x69, 0x6E, 0x67, 0x5F, 0x73, 0x69, 0x67, 0x6E, 0x73, 0x18, 0xEA, 0x01, 0xEB, 0x01, 0xEC, 0x01, 0xED, 0x01, 0xEE, 0x01, 0xEF, 0x01, 0xF0, 0x01, 0xF1, 0x01, 0xF2, 0x01, 0xF3, 0x01, 0xF4, 0x01, 0xF5, 0x01, 0xF6, 0x01, 0xF7, 0x01, 0xF8, 0x01, 0xF9, 0x01, 0xFA, 0x01, 0xFB, 0x01, 0xFC, 0x01, 0xFD, 0x01, 0xFF, 0x01, 0x80, 0x02, 0xFE, 0x01, 0x81, 0x02, 0x23, 0x6D, 0x69, 0x6E, 0x65, 0x63, 0x72, 0x61, 0x66, 0x74, 0x3A, 0x63, 0x61, 0x6E, 0x6E, 0x6F, 0x74, 0x5F, 0x73, 0x75, 0x70, 0x70, 0x6F, 0x72, 0x74, 0x5F, 0x73, 0x6E, 0x6F, 0x77, 0x5F, 0x6C, 0x61, 0x79, 0x65, 0x72, 0x03, 0x95, 0x02, 0xAC, 0x04, 0x8C, 0x04, 0x10, 0x6D, 0x69, 0x6E, 0x65, 0x63, 0x72, 0x61, 0x66, 0x74, 0x3A, 0x6C, 0x65, 0x61, 0x76, 0x65, 0x73, 0x0B, 0x5B, 0x58, 0x59, 0x5F, 0x5E, 0x5C, 0x5A, 0x61, 0x62, 0x60, 0x5D, 0x0F, 0x6D, 0x69, 0x6E, 0x65, 0x63, 0x72, 0x61, 0x66, 0x74, 0x3A, 0x77, 0x61, 0x6C, 0x6C, 0x73, 0x1A, 0x99, 0x03, 0x9A, 0x03, 0xB8, 0x06, 0xB9, 0x06, 0xBA, 0x06, 0xBB, 0x06, 0xBC, 0x06, 0xBD, 0x06, 0xBF, 0x06, 0xC0, 0x06, 0xC1, 0x06, 0xC2, 0x06, 0xC3, 0x06, 0xC4, 0x06, 0x9E, 0x07, 0xA6, 0x07, 0xAC, 0x07, 0xE7, 0x08, 0xEB, 0x08, 0xEF, 0x08, 0xF3, 0x08, 0xBE, 0x06, 0xDB, 0x07, 0xDF, 0x07, 0xE4, 0x07, 0xFB, 0x02, 0x16, 0x6D, 0x69, 0x6E, 0x65, 0x63, 0x72, 0x61, 0x66, 0x74, 0x3A, 0x63, 0x6F, 0x72, 0x61, 0x6C, 0x5F, 0x62, 0x6C, 0x6F, 0x63, 0x6B, 0x73, 0x05, 0xF1, 0x05, 0xF2, 0x05, 0xF3, 0x05, 0xF4, 0x05, 0xF5, 0x05, 0x14, 0x6D, 0x69, 0x6E, 0x65, 0x63, 0x72, 0x61, 0x66, 0x74, 0x3A, 0x63, 0x61, 0x76, 0x65, 0x5F, 0x76, 0x69, 0x6E, 0x65, 0x73, 0x02, 0xD4, 0x08, 0xD3, 0x08, 0x17, 0x6D, 0x69, 0x6E, 0x65, 0x63, 0x72, 0x61, 0x66, 0x74, 0x3A, 0x77, 0x69, 0x74, 0x68, 0x65, 0x72, 0x5F, 0x69, 0x6D, 0x6D, 0x75, 0x6E, 0x65, 0x0F, 0x8C, 0x04, 0x22, 0x87, 0x03, 0x88, 0x03, 0x9B, 0x05, 0x97, 0x03, 0x9C, 0x05, 0x9D, 0x05, 0x89, 0x07, 0x8A, 0x07, 0x9C, 0x01, 0x8D, 0x04, 0x82, 0x09, 0x8B, 0x07, 0x8C, 0x07, 0x21, 0x6D, 0x69, 0x6E, 0x65, 0x63, 0x72, 0x61, 0x66, 0x74, 0x3A, 0x73, 0x75, 0x70, 0x70, 0x6F, 0x72, 0x74, 0x73, 0x5F, 0x6E, 0x65, 0x74, 0x68, 0x65, 0x72, 0x5F, 0x73, 0x70, 0x72, 0x6F, 0x75, 0x74, 0x73, 0x0E, 0x09, 0x0A, 0xE1, 0x08, 0xE2, 0x08, 0x3B, 0xDC, 0x08, 0x88, 0x09, 0x08, 0x0B, 0xF5, 0x02, 0xD0, 0x01, 0xEB, 0x06, 0xE2, 0x06, 0x9F, 0x02, 0x15, 0x6D, 0x69, 0x6E, 0x65, 0x63, 0x72, 0x61, 0x66, 0x74, 0x3A, 0x61, 0x63, 0x61, 0x63, 0x69, 0x61, 0x5F, 0x6C, 0x6F, 0x67, 0x73, 0x04, 0x35, 0x4B, 0x40, 0x53, 0x26, 0x6D, 0x69, 0x6E, 0x65, 0x63, 0x72, 0x61, 0x66, 0x74, 0x3A, 0x69, 0x6E, 0x63, 0x6F, 0x72, 0x72, 0x65, 0x63, 0x74, 0x5F, 0x66, 0x6F, 0x72, 0x5F, 0x6E, 0x65, 0x74, 0x68, 0x65, 0x72, 0x69, 0x74, 0x65, 0x5F, 0x74, 0x6F, 0x6F, 0x6C, 0x00, 0x1C, 0x6D, 0x69, 0x6E, 0x65, 0x63, 0x72, 0x61, 0x66, 0x74, 0x3A, 0x64, 0x72, 0x61, 0x67, 0x6F, 0x6E, 0x5F, 0x74, 0x72, 0x61, 0x6E, 0x73, 0x70, 0x61, 0x72, 0x65, 0x6E, 0x74, 0x03, 0x8D, 0x04, 0xC4, 0x01, 0xC5, 0x01, 0x1E, 0x6D, 0x69, 0x6E, 0x65, 0x63, 0x72, 0x61, 0x66, 0x74, 0x3A, 0x75, 0x6E, 0x64, 0x65, 0x72, 0x77, 0x61, 0x74, 0x65, 0x72, 0x5F, 0x62, 0x6F, 0x6E, 0x65, 0x6D, 0x65, 0x61, 0x6C, 0x73, 0x10, 0x88, 0x01, 0xFB, 0x05, 0xFC, 0x05, 0xFD, 0x05, 0xFE, 0x05, 0xFF, 0x05, 0x85, 0x06, 0x86, 0x06, 0x87, 0x06, 0x88, 0x06, 0x89, 0x06, 0x8F, 0x06, 0x90, 0x06, 0x91, 0x06, 0x92, 0x06, 0x93, 0x06, 0x10, 0x6D, 0x69, 0x6E, 0x65, 0x63, 0x72, 0x61, 0x66, 0x74, 0x3A, 0x63, 0x68, 0x61, 0x69, 0x6E, 0x73, 0x09, 0xDE, 0x02, 0xDF, 0x02, 0xE3, 0x02, 0xE0, 0x02, 0xE4, 0x02, 0xE1, 0x02, 0xE5, 0x02, 0xE2, 0x02, 0xE6, 0x02, 0x15, 0x6D, 0x69, 0x6E, 0x65, 0x63, 0x72, 0x61, 0x66, 0x74, 0x3A, 0x69, 0x6D, 0x70, 0x65, 0x72, 0x6D, 0x65, 0x61, 0x62, 0x6C, 0x65, 0x13, 0x65, 0xAC, 0x02, 0xAD, 0x02, 0xAE, 0x02, 0xAF, 0x02, 0xB0, 0x02, 0xB1, 0x02, 0xB2, 0x02, 0xB3, 0x02, 0xB4, 0x02, 0xB5, 0x02, 0xB6, 0x02, 0xB7, 0x02, 0xB8, 0x02, 0xB9, 0x02, 0xBA, 0x02, 0xBB, 0x02, 0xE7, 0x07, 0x8C, 0x04, 0x0E, 0x6D, 0x69, 0x6E, 0x65, 0x63, 0x72, 0x61, 0x66, 0x74, 0x3A, 0x73, 0x61, 0x6E, 0x64, 0x03, 0x25, 0x27, 0x26, 0x15, 0x6D, 0x69, 0x6E, 0x65, 0x63, 0x72, 0x61, 0x66, 0x74, 0x3A, 0x63, 0x6F, 0x70, 0x70, 0x65, 0x72, 0x5F, 0x6F, 0x72, 0x65, 0x73, 0x02, 0xF3, 0x07, 0xF4, 0x07, 0x18, 0x6D, 0x69, 0x6E, 0x65, 0x63, 0x72, 0x61, 0x66, 0x74, 0x3A, 0x6C, 0x6F, 0x67, 0x73, 0x5F, 0x74, 0x68, 0x61, 0x74, 0x5F, 0x62, 0x75, 0x72, 0x6E, 0x24, 0x37, 0x4D, 0x42, 0x55, 0x38, 0x14, 0x43, 0x56, 0x31, 0x47, 0x44, 0x4F, 0x35, 0x4B, 0x40, 0x53, 0x33, 0x49, 0x3E, 0x51, 0x34, 0x4A, 0x3F, 0x52, 0x32, 0x48, 0x3D, 0x50, 0x39, 0x4E, 0x45, 0x57, 0x36, 0x4C, 0x41, 0x54, 0x18, 0x6D, 0x69, 0x6E, 0x65, 0x63, 0x72, 0x61, 0x66, 0x74, 0x3A, 0x6C, 0x69, 0x67, 0x68, 0x74, 0x6E, 0x69, 0x6E, 0x67, 0x5F, 0x72, 0x6F, 0x64, 0x73, 0x08, 0xC9, 0x08, 0xCA, 0x08, 0xCB, 0x08, 0xCC, 0x08, 0xCD, 0x08, 0xCE, 0x08, 0xCF, 0x08, 0xD0, 0x08, 0x16, 0x6D, 0x69, 0x6E, 0x65, 0x63, 0x72, 0x61, 0x66, 0x74, 0x3A, 0x6D, 0x69, 0x6E, 0x65, 0x61, 0x62, 0x6C, 0x65, 0x2F, 0x68, 0x6F, 0x65, 0x1D, 0x5B, 0x58, 0x59, 0x5F, 0x5E, 0x5C, 0x5A, 0x61, 0x62, 0x60, 0x5D, 0xA0, 0x05, 0xE4, 0x06, 0x99, 0x04, 0xE8, 0x05, 0x8E, 0x07, 0xED, 0x06, 0x63, 0x64, 0xE9, 0x07, 0xEA, 0x07, 0xDC, 0x08, 0xD8, 0x08, 0x88, 0x09, 0x89, 0x09, 0xEB, 0x07, 0xED, 0x07, 0xEC, 0x07, 0xEE, 0x07, 0x1D, 0x6D, 0x69, 0x6E, 0x65, 0x63, 0x72, 0x61, 0x66, 0x74, 0x3A, 0x73, 0x75, 0x70, 0x70, 0x6F, 0x72, 0x74, 0x73, 0x5F, 0x76, 0x65, 0x67, 0x65, 0x74, 0x61, 0x74, 0x69, 0x6F, 0x6E, 0x0B, 0x09, 0x0A, 0xE1, 0x08, 0xE2, 0x08, 0x3B, 0xDC, 0x08, 0x88, 0x09, 0x08, 0x0B, 0xF5, 0x02, 0xD0, 0x01, 0x19, 0x6D, 0x69, 0x6E, 0x65, 0x63, 0x72, 0x61, 0x66, 0x74, 0x3A, 0x6E, 0x65, 0x65, 0x64, 0x73, 0x5F, 0x69, 0x72, 0x6F, 0x6E, 0x5F, 0x74, 0x6F, 0x6F, 0x6C, 0x0C, 0xCD, 0x01, 0xCB, 0x01, 0xCC, 0x01, 0x8E, 0x03, 0x8F, 0x03, 0x93, 0x03, 0xAE, 0x01, 0xFB, 0x08, 0x2A, 0x2B, 0x8F, 0x02, 0x90, 0x02, 0x29, 0x6D, 0x69, 0x6E, 0x65, 0x63, 0x72, 0x61, 0x66, 0x74, 0x3A, 0x65, 0x6E, 0x61, 0x62, 0x6C, 0x65, 0x73, 0x5F, 0x62, 0x75, 0x62, 0x62, 0x6C, 0x65, 0x5F, 0x63, 0x6F, 0x6C, 0x75, 0x6D, 0x6E, 0x5F, 0x64, 0x72, 0x61, 0x67, 0x5F, 0x64, 0x6F, 0x77, 0x6E, 0x01, 0x9F, 0x05, 0x13, 0x6D, 0x69, 0x6E, 0x65, 0x63, 0x72, 0x61, 0x66, 0x74, 0x3A, 0x63, 0x61, 0x6D, 0x70, 0x66, 0x69, 0x72, 0x65, 0x73, 0x02, 0xDB, 0x06, 0xDC, 0x06, 0x1B, 0x6D, 0x69, 0x6E, 0x65, 0x63, 0x72, 0x61, 0x66, 0x74, 0x3A, 0x69, 0x6E, 0x66, 0x69, 0x6E, 0x69, 0x62, 0x75, 0x72, 0x6E, 0x5F, 0x6E, 0x65, 0x74, 0x68, 0x65, 0x72, 0x02, 0x9D, 0x02, 0x9F, 0x05, 0x1E, 0x6D, 0x69, 0x6E, 0x65, 0x63, 0x72, 0x61, 0x66, 0x74, 0x3A, 0x73, 0x75, 0x70, 0x70, 0x6F, 0x72, 0x74, 0x73, 0x5F, 0x6E, 0x65, 0x74, 0x68, 0x65, 0x72, 0x5F, 0x77, 0x61, 0x72, 0x74, 0x01, 0x9E, 0x02, 0x16, 0x6D, 0x69, 0x6E, 0x65, 0x63, 0x72, 0x61, 0x66, 0x74, 0x3A, 0x77, 0x6F, 0x6F, 0x64, 0x65, 0x6E, 0x5F, 0x73, 0x6C, 0x61, 0x62, 0x73, 0x0C, 0xD7, 0x04, 0xD8, 0x04, 0xD9, 0x04, 0xDA, 0x04, 0xDB, 0x04, 0xDD, 0x04, 0xDE, 0x04, 0xF5, 0x06, 0xF6, 0x06, 0xDF, 0x04, 0xE0, 0x04, 0xDC, 0x04, 0x13, 0x6D, 0x69, 0x6E, 0x65, 0x63, 0x72, 0x61, 0x66, 0x74, 0x3A, 0x63, 0x6F, 0x61, 0x6C, 0x5F, 0x6F, 0x72, 0x65, 0x73, 0x02, 0x2E, 0x2F, 0x17, 0x6D, 0x69, 0x6E, 0x65, 0x63, 0x72, 0x61, 0x66, 0x74, 0x3A, 0x73, 0x6D, 0x61, 0x6C, 0x6C, 0x5F, 0x66, 0x6C, 0x6F, 0x77, 0x65, 0x72, 0x73, 0x11, 0x9D, 0x01, 0x8B, 0x09, 0xA0, 0x01, 0xA1, 0x01, 0xA2, 0x01, 0xA3, 0x01, 0xA4, 0x01, 0xA5, 0x01, 0xA6, 0x01, 0xA7, 0x01, 0xA8, 0x01, 0xA9, 0x01, 0xAB, 0x01, 0xAA, 0x01, 0x9F, 0x01, 0x8C, 0x09, 0x9E, 0x01, 0x21, 0x6D, 0x69, 0x6E, 0x65, 0x63, 0x72, 0x61, 0x66, 0x74, 0x3A, 0x61, 0x7A, 0x61, 0x6C, 0x65, 0x61, 0x5F, 0x72, 0x6F, 0x6F, 0x74, 0x5F, 0x72, 0x65, 0x70, 0x6C, 0x61, 0x63, 0x65, 0x61, 0x62, 0x6C, 0x65, 0x27, 0x01, 0x02, 0x04, 0x06, 0xD8, 0x07, 0xE3, 0x08, 0x09, 0x0A, 0xE1, 0x08, 0xE2, 0x08, 0x3B, 0xDC, 0x08, 0x88, 0x09, 0x08, 0x0B, 0xF5, 0x02, 0xAA, 0x04, 0xE4, 0x03, 0xE5, 0x03, 0xE6, 0x03, 0xE7, 0x03, 0xE8, 0x03, 0xE9, 0x03, 0xEA, 0x03, 0xEB, 0x03, 0xEC, 0x03, 0xED, 0x03, 0xEE, 0x03, 0xEF, 0x03, 0xF0, 0x03, 0xF1, 0x03, 0xF2, 0x03, 0xF3, 0x03, 0x27, 0x99, 0x02, 0x28, 0x25, 0x96, 0x02, 0xE8, 0x07, 0x1A, 0x6D, 0x69, 0x6E, 0x65, 0x63, 0x72, 0x61, 0x66, 0x74, 0x3A, 0x77, 0x6F, 0x6F, 0x64, 0x65, 0x6E, 0x5F, 0x74, 0x72, 0x61, 0x70, 0x64, 0x6F, 0x6F, 0x72, 0x73, 0x0C, 0xC0, 0x02, 0xBE, 0x02, 0xC2, 0x02, 0xC3, 0x02, 0xBF, 0x02, 0xBC, 0x02, 0xBD, 0x02, 0xFB, 0x06, 0xFC, 0x06, 0xC4, 0x02, 0xC5, 0x02, 0xC1, 0x02, 0x25, 0x6D, 0x69, 0x6E, 0x65, 0x63, 0x72, 0x61, 0x66, 0x74, 0x3A, 0x73, 0x75, 0x70, 0x70, 0x6F, 0x72, 0x74, 0x5F, 0x6F, 0x76, 0x65, 0x72, 0x72, 0x69, 0x64, 0x65, 0x5F, 0x73, 0x6E, 0x6F, 0x77, 0x5F, 0x6C, 0x61, 0x79, 0x65, 0x72, 0x03, 0x91, 0x07, 0x9E, 0x02, 0xE2, 0x08, 0x2D, 0x6D, 0x69, 0x6E, 0x65, 0x63, 0x72, 0x61, 0x66, 0x74, 0x3A, 0x73, 0x75, 0x70, 0x70, 0x6F, 0x72, 0x74, 0x73, 0x5F, 0x68, 0x61, 0x6E, 0x67, 0x69, 0x6E, 0x67, 0x5F, 0x6D, 0x61, 0x6E, 0x67, 0x72, 0x6F, 0x76, 0x65, 0x5F, 0x70, 0x72, 0x6F, 0x70, 0x61, 0x67, 0x75, 0x6C, 0x65, 0x01, 0x60, 0x18, 0x6D, 0x69, 0x6E, 0x65, 0x63, 0x72, 0x61, 0x66, 0x74, 0x3A, 0x77, 0x6F, 0x6F, 0x64, 0x65, 0x6E, 0x5F, 0x73, 0x68, 0x65, 0x6C, 0x76, 0x65, 0x73, 0x0C, 0xB4, 0x01, 0xB5, 0x01, 0xB6, 0x01, 0xB7, 0x01, 0xB8, 0x01, 0xB9, 0x01, 0xBA, 0x01, 0xBB, 0x01, 0xBC, 0x01, 0xBD, 0x01, 0xBE, 0x01, 0xBF, 0x01, 0x2A, 0x6D, 0x69, 0x6E, 0x65, 0x63, 0x72, 0x61, 0x66, 0x74, 0x3A, 0x68, 0x75, 0x67, 0x65, 0x5F, 0x62, 0x72, 0x6F, 0x77, 0x6E, 0x5F, 0x6D, 0x75, 0x73, 0x68, 0x72, 0x6F, 0x6F, 0x6D, 0x5F, 0x63, 0x61, 0x6E, 0x5F, 0x70, 0x6C, 0x61, 0x63, 0x65, 0x5F, 0x6F, 0x6E, 0x0C, 0x09, 0x0A, 0xE1, 0x08, 0xE2, 0x08, 0x3B, 0xDC, 0x08, 0x88, 0x09, 0x08, 0x0B, 0xF5, 0x02, 0xEB, 0x06, 0xE2, 0x06, 0x1D, 0x6D, 0x69, 0x6E, 0x65, 0x63, 0x72, 0x61, 0x66, 0x74, 0x3A, 0x77, 0x6F, 0x6C, 0x76, 0x65, 0x73, 0x5F, 0x73, 0x70, 0x61, 0x77, 0x6E, 0x61, 0x62, 0x6C, 0x65, 0x5F, 0x6F, 0x6E, 0x05, 0x08, 0x94, 0x02, 0x96, 0x02, 0x0A, 0x0B, 0x1C, 0x6D, 0x69, 0x6E, 0x65, 0x63, 0x72, 0x61, 0x66, 0x74, 0x3A, 0x66, 0x6F, 0x78, 0x65, 0x73, 0x5F, 0x73, 0x70, 0x61, 0x77, 0x6E, 0x61, 0x62, 0x6C, 0x65, 0x5F, 0x6F, 0x6E, 0x05, 0x08, 0x94, 0x02, 0x96, 0x02, 0x0B, 0x0A, 0x22, 0x6D, 0x69, 0x6E, 0x65, 0x63, 0x72, 0x61, 0x66, 0x74, 0x3A, 0x66, 0x6F, 0x72, 0x65, 0x73, 0x74, 0x5F, 0x72, 0x6F, 0x63, 0x6B, 0x5F, 0x63, 0x61, 0x6E, 0x5F, 0x70, 0x6C, 0x61, 0x63, 0x65, 0x5F, 0x6F, 0x6E, 0x10, 0x09, 0x0A, 0xE1, 0x08, 0xE2, 0x08, 0x3B, 0xDC, 0x08, 0x88, 0x09, 0x08, 0x0B, 0xF5, 0x02, 0x01, 0x02, 0x04, 0x06, 0xD8, 0x07, 0xE3, 0x08, 0x10, 0x6D, 0x69, 0x6E, 0x65, 0x63, 0x72, 0x61, 0x66, 0x74, 0x3A, 0x73, 0x74, 0x61, 0x69, 0x72, 0x73, 0x3A, 0xC8, 0x01, 0x94, 0x03, 0x95, 0x03, 0x96, 0x03, 0x84, 0x04, 0x86, 0x04, 0x87, 0x04, 0xFF, 0x06, 0x80, 0x07, 0x88, 0x04, 0x89, 0x04, 0x85, 0x04, 0x8A, 0x04, 0xDF, 0x01, 0x8D, 0x03, 0xFF, 0x02, 0xF3, 0x02, 0xF2, 0x02, 0x94, 0x05, 0xE1, 0x03, 0xD6, 0x04, 0x93, 0x04, 0x92, 0x04, 0x94, 0x04, 0x9D, 0x06, 0x9E, 0x06, 0x9F, 0x06, 0xA0, 0x06, 0xA1, 0x06, 0xA2, 0x06, 0xA3, 0x06, 0xA4, 0x06, 0xA5, 0x06, 0xA6, 0x06, 0xA7, 0x06, 0xA8, 0x06, 0xA9, 0x06, 0xAA, 0x06, 0x9D, 0x07, 0xA5, 0x07, 0xA8, 0x07, 0xE5, 0x08, 0xE9, 0x08, 0xED, 0x08, 0xF1, 0x08, 0x81, 0x08, 0x82, 0x08, 0x83, 0x08, 0x84, 0x08, 0x92, 0x08, 0x93, 0x08, 0x94, 0x08, 0x91, 0x08, 0xF4, 0x02, 0xDA, 0x07, 0xDE, 0x07, 0xE3, 0x07, 0xF9, 0x02, 0x1A, 0x6D, 0x69, 0x6E, 0x65, 0x63, 0x72, 0x61, 0x66, 0x74, 0x3A, 0x65, 0x64, 0x69, 0x62, 0x6C, 0x65, 0x5F, 0x66, 0x6F, 0x72, 0x5F, 0x73, 0x68, 0x65, 0x65, 0x70, 0x04, 0x82, 0x01, 0x86, 0x01, 0x87, 0x01, 0x83, 0x01, 0x0E, 0x6D, 0x69, 0x6E, 0x65, 0x63, 0x72, 0x61, 0x66, 0x74, 0x3A, 0x6C, 0x6F, 0x67, 0x73, 0x2C, 0x37, 0x4D, 0x42, 0x55, 0x38, 0x14, 0x43, 0x56, 0x31, 0x47, 0x44, 0x4F, 0x35, 0x4B, 0x40, 0x53, 0x33, 0x49, 0x3E, 0x51, 0x34, 0x4A, 0x3F, 0x52, 0x32, 0x48, 0x3D, 0x50, 0x39, 0x4E, 0x45, 0x57, 0x36, 0x4C, 0x41, 0x54, 0xE7, 0x06, 0xE8, 0x06, 0xE9, 0x06, 0xEA, 0x06, 0xDE, 0x06, 0xDF, 0x06, 0xE0, 0x06, 0xE1, 0x06, 0x1D, 0x6D, 0x69, 0x6E, 0x65, 0x63, 0x72, 0x61, 0x66, 0x74, 0x3A, 0x63, 0x61, 0x6E, 0x6E, 0x6F, 0x74, 0x5F, 0x73, 0x75, 0x70, 0x70, 0x6F, 0x72, 0x74, 0x5F, 0x6B, 0x65, 0x6C, 0x70, 0x01, 0x9F, 0x05, 0x1D, 0x6D, 0x69, 0x6E, 0x65, 0x63, 0x72, 0x61, 0x66, 0x74, 0x3A, 0x73, 0x75, 0x70, 0x70, 0x6F, 0x72, 0x74, 0x73, 0x5F, 0x73, 0x75, 0x67, 0x61, 0x72, 0x5F, 0x63, 0x61, 0x6E, 0x65, 0x0D, 0x09, 0x0A, 0xE1, 0x08, 0xE2, 0x08, 0x3B, 0xDC, 0x08, 0x88, 0x09, 0x08, 0x0B, 0xF5, 0x02, 0x25, 0x27, 0x26, 0x13, 0x6D, 0x69, 0x6E, 0x65, 0x63, 0x72, 0x61, 0x66, 0x74, 0x3A, 0x61, 0x6C, 0x6C, 0x5F, 0x73, 0x69, 0x67, 0x6E, 0x73, 0x30, 0xD2, 0x01, 0xD3, 0x01, 0xD4, 0x01, 0xD5, 0x01, 0xD7, 0x01, 0xD8, 0x01, 0xD9, 0x01, 0x85, 0x07, 0x86, 0x07, 0xDA, 0x01, 0xDB, 0x01, 0xD6, 0x01, 0xE0, 0x01, 0xE1, 0x01, 0xE2, 0x01, 0xE3, 0x01, 0xE5, 0x01, 0xE6, 0x01, 0xE7, 0x01, 0x87, 0x07, 0x88, 0x07, 0xE8, 0x01, 0xE9, 0x01, 0xE4, 0x01, 0xEA, 0x01, 0xEB, 0x01, 0xEC, 0x01, 0xED, 0x01, 0xEE, 0x01, 0xEF, 0x01, 0xF0, 0x01, 0xF1, 0x01, 0xF2, 0x01, 0xF3, 0x01, 0xF4, 0x01, 0xF5, 0x01, 0xF6, 0x01, 0xF7, 0x01, 0xF8, 0x01, 0xF9, 0x01, 0xFA, 0x01, 0xFB, 0x01, 0xFC, 0x01, 0xFD, 0x01, 0xFF, 0x01, 0x80, 0x02, 0xFE, 0x01, 0x81, 0x02, 0x1F, 0x6D, 0x69, 0x6E, 0x65, 0x63, 0x72, 0x61, 0x66, 0x74, 0x3A, 0x73, 0x75, 0x70, 0x70, 0x6F, 0x72, 0x74, 0x73, 0x5F, 0x62, 0x69, 0x67, 0x5F, 0x64, 0x72, 0x69, 0x70, 0x6C, 0x65, 0x61, 0x66, 0x0B, 0x99, 0x02, 0xDC, 0x08, 0x09, 0x08, 0x0B, 0x0A, 0xF5, 0x02, 0xE1, 0x08, 0xE2, 0x08, 0x3B, 0xD0, 0x01, 0x19, 0x6D, 0x69, 0x6E, 0x65, 0x63, 0x72, 0x61, 0x66, 0x74, 0x3A, 0x61, 0x7A, 0x61, 0x6C, 0x65, 0x61, 0x5F, 0x67, 0x72, 0x6F, 0x77, 0x73, 0x5F, 0x6F, 0x6E, 0x20, 0x09, 0x0A, 0xE1, 0x08, 0xE2, 0x08, 0x3B, 0xDC, 0x08, 0x88, 0x09, 0x08, 0x0B, 0xF5, 0x02, 0x25, 0x27, 0x26, 0xAA, 0x04, 0xE4, 0x03, 0xE5, 0x03, 0xE6, 0x03, 0xE7, 0x03, 0xE8, 0x03, 0xE9, 0x03, 0xEA, 0x03, 0xEB, 0x03, 0xEC, 0x03, 0xED, 0x03, 0xEE, 0x03, 0xEF, 0x03, 0xF0, 0x03, 0xF1, 0x03, 0xF2, 0x03, 0xF3, 0x03, 0x96, 0x02, 0xE8, 0x07, 0x15, 0x6D, 0x69, 0x6E, 0x65, 0x63, 0x72, 0x61, 0x66, 0x74, 0x3A, 0x76, 0x61, 0x6C, 0x69, 0x64, 0x5F, 0x73, 0x70, 0x61, 0x77, 0x6E, 0x02, 0x08, 0x0B, 0x16, 0x6D, 0x69, 0x6E, 0x65, 0x63, 0x72, 0x61, 0x66, 0x74, 0x3A, 0x77, 0x6F, 0x6F, 0x64, 0x65, 0x6E, 0x5F, 0x64, 0x6F, 0x6F, 0x72, 0x73, 0x0C, 0xDC, 0x01, 0x86, 0x05, 0x87, 0x05, 0x88, 0x05, 0x89, 0x05, 0x8B, 0x05, 0x8C, 0x05, 0x83, 0x07, 0x84, 0x07, 0x8D, 0x05, 0x8E, 0x05, 0x8A, 0x05, 0x21, 0x6D, 0x69, 0x6E, 0x65, 0x63, 0x72, 0x61, 0x66, 0x74, 0x3A, 0x73, 0x6E, 0x69, 0x66, 0x66, 0x65, 0x72, 0x5F, 0x65, 0x67, 0x67, 0x5F, 0x68, 0x61, 0x74, 0x63, 0x68, 0x5F, 0x62, 0x6F, 0x6F, 0x73, 0x74, 0x01, 0xDC, 0x08, 0x18, 0x6D, 0x69, 0x6E, 0x65, 0x63, 0x72, 0x61, 0x66, 0x74, 0x3A, 0x69, 0x6E, 0x66, 0x69, 0x6E, 0x69, 0x62, 0x75, 0x72, 0x6E, 0x5F, 0x65, 0x6E, 0x64, 0x03, 0x9D, 0x02, 0x9F, 0x05, 0x22, 0x18, 0x6D, 0x69, 0x6E, 0x65, 0x63, 0x72, 0x61, 0x66, 0x74, 0x3A, 0x73, 0x74, 0x61, 0x6E, 0x64, 0x69, 0x6E, 0x67, 0x5F, 0x73, 0x69, 0x67, 0x6E, 0x73, 0x0C, 0xD2, 0x01, 0xD3, 0x01, 0xD4, 0x01, 0xD5, 0x01, 0xD7, 0x01, 0xD8, 0x01, 0xD9, 0x01, 0x85, 0x07, 0x86, 0x07, 0xDA, 0x01, 0xDB, 0x01, 0xD6, 0x01, 0x20, 0x6D, 0x69, 0x6E, 0x65, 0x63, 0x72, 0x61, 0x66, 0x74, 0x3A, 0x73, 0x75, 0x70, 0x70, 0x6F, 0x72, 0x74, 0x73, 0x5F, 0x77, 0x61, 0x72, 0x70, 0x65, 0x64, 0x5F, 0x66, 0x75, 0x6E, 0x67, 0x75, 0x73, 0x0E, 0x09, 0x0A, 0xE1, 0x08, 0xE2, 0x08, 0x3B, 0xDC, 0x08, 0x88, 0x09, 0x08, 0x0B, 0xF5, 0x02, 0xD0, 0x01, 0xEB, 0x06, 0xE2, 0x06, 0x9F, 0x02, 0x16, 0x6D, 0x69, 0x6E, 0x65, 0x63, 0x72, 0x61, 0x66, 0x74, 0x3A, 0x65, 0x6D, 0x65, 0x72, 0x61, 0x6C, 0x64, 0x5F, 0x6F, 0x72, 0x65, 0x73, 0x02, 0x8E, 0x03, 0x8F, 0x03, 0x17, 0x6D, 0x69, 0x6E, 0x65, 0x63, 0x72, 0x61, 0x66, 0x74, 0x3A, 0x63, 0x72, 0x69, 0x6D, 0x73, 0x6F, 0x6E, 0x5F, 0x73, 0x74, 0x65, 0x6D, 0x73, 0x04, 0xE7, 0x06, 0xE8, 0x06, 0xE9, 0x06, 0xEA, 0x06, 0x1E, 0x6D, 0x69, 0x6E, 0x65, 0x63, 0x72, 0x61, 0x66, 0x74, 0x3A, 0x72, 0x65, 0x70, 0x6C, 0x61, 0x63, 0x65, 0x61, 0x62, 0x6C, 0x65, 0x5F, 0x62, 0x79, 0x5F, 0x74, 0x72, 0x65, 0x65, 0x73, 0x35, 0x5B, 0x58, 0x59, 0x5F, 0x5E, 0x5C, 0x5A, 0x61, 0x62, 0x60, 0x5D, 0x9D, 0x01, 0x8B, 0x09, 0xA0, 0x01, 0xA1, 0x01, 0xA2, 0x01, 0xA3, 0x01, 0xA4, 0x01, 0xA5, 0x01, 0xA6, 0x01, 0xA7, 0x01, 0xA8, 0x01, 0xA9, 0x01, 0xAB, 0x01, 0xAA, 0x01, 0x9F, 0x01, 0x8C, 0x09, 0x9E, 0x01, 0x89, 0x09, 0x82, 0x01, 0x83, 0x01, 0x84, 0x01, 0xEE, 0x02, 0xEF, 0x02, 0xAD, 0x04, 0xAE, 0x04, 0xAF, 0x04, 0xB0, 0x04, 0xB1, 0x04, 0xB2, 0x04, 0xE0, 0x08, 0x98, 0x05, 0x23, 0x88, 0x01, 0x89, 0x01, 0x85, 0x01, 0x8F, 0x09, 0xE5, 0x06, 0xE6, 0x06, 0xF2, 0x06, 0xDB, 0x08, 0x86, 0x01, 0x87, 0x01, 0x1A, 0x6D, 0x69, 0x6E, 0x65, 0x63, 0x72, 0x61, 0x66, 0x74, 0x3A, 0x6E, 0x65, 0x65, 0x64, 0x73, 0x5F, 0x73, 0x74, 0x6F, 0x6E, 0x65, 0x5F, 0x74, 0x6F, 0x6F, 0x6C, 0x5B, 0xAF, 0x01, 0xF9, 0x08, 0x2C, 0x2D, 0x68, 0x66, 0x67, 0xEF, 0x07, 0xFA, 0x08, 0xF3, 0x07, 0xF4, 0x07, 0x88, 0x08, 0x84, 0x08, 0xF8, 0x07, 0xF1, 0x07, 0x86, 0x08, 0x82, 0x08, 0xF6, 0x07, 0xF2, 0x07, 0x85, 0x08, 0x81, 0x08, 0xF5, 0x07, 0xF0, 0x07, 0x87, 0x08, 0x83, 0x08, 0xF7, 0x07, 0x89, 0x08, 0x98, 0x08, 0x94, 0x08, 0x90, 0x08, 0x8A, 0x08, 0x96, 0x08, 0x92, 0x08, 0x8E, 0x08, 0x8B, 0x08, 0x97, 0x08, 0x93, 0x08, 0x8F, 0x08, 0x8C, 0x08, 0x95, 0x08, 0x91, 0x08, 0x8D, 0x08, 0x84, 0x09, 0xFC, 0x07, 0xFB, 0x07, 0xFA, 0x07, 0xF9, 0x07, 0x80, 0x08, 0xFF, 0x07, 0xFE, 0x07, 0xFD, 0x07, 0xA9, 0x08, 0xAA, 0x08, 0xAB, 0x08, 0xAC, 0x08, 0xAD, 0x08, 0xAE, 0x08, 0xAF, 0x08, 0xB0, 0x08, 0xB1, 0x08, 0xB2, 0x08, 0xB3, 0x08, 0xB4, 0x08, 0xB5, 0x08, 0xB6, 0x08, 0xB7, 0x08, 0xB8, 0x08, 0xA1, 0x08, 0xA2, 0x08, 0xA4, 0x08, 0xA3, 0x08, 0xA5, 0x08, 0xA6, 0x08, 0xA8, 0x08, 0xA7, 0x08, 0xB9, 0x08, 0xBA, 0x08, 0xBB, 0x08, 0xBC, 0x08, 0xBD, 0x08, 0xBE, 0x08, 0xBF, 0x08, 0xC0, 0x08, 0xC9, 0x08, 0xCA, 0x08, 0xCB, 0x08, 0xCC, 0x08, 0xCD, 0x08, 0xCE, 0x08, 0xCF, 0x08, 0xD0, 0x08, 0x1D, 0x6D, 0x69, 0x6E, 0x65, 0x63, 0x72, 0x61, 0x66, 0x74, 0x3A, 0x73, 0x75, 0x70, 0x70, 0x6F, 0x72, 0x74, 0x73, 0x5F, 0x73, 0x74, 0x65, 0x6D, 0x5F, 0x63, 0x72, 0x6F, 0x70, 0x73, 0x01, 0xD0, 0x01, 0x3D, 0x6D, 0x69, 0x6E, 0x65, 0x63, 0x72, 0x61, 0x66, 0x74, 0x3A, 0x74, 0x72, 0x69, 0x67, 0x67, 0x65, 0x72, 0x73, 0x5F, 0x61, 0x6D, 0x62, 0x69, 0x65, 0x6E, 0x74, 0x5F, 0x64, 0x65, 0x73, 0x65, 0x72, 0x74, 0x5F, 0x64, 0x72, 0x79, 0x5F, 0x76, 0x65, 0x67, 0x65, 0x74, 0x61, 0x74, 0x69, 0x6F, 0x6E, 0x5F, 0x62, 0x6C, 0x6F, 0x63, 0x6B, 0x5F, 0x73, 0x6F, 0x75, 0x6E, 0x64, 0x73, 0x13, 0xAA, 0x04, 0xE4, 0x03, 0xE5, 0x03, 0xE6, 0x03, 0xE7, 0x03, 0xE8, 0x03, 0xE9, 0x03, 0xEA, 0x03, 0xEB, 0x03, 0xEC, 0x03, 0xED, 0x03, 0xEE, 0x03, 0xEF, 0x03, 0xF0, 0x03, 0xF1, 0x03, 0xF2, 0x03, 0xF3, 0x03, 0x25, 0x27, 0x14, 0x6D, 0x69, 0x6E, 0x65, 0x63, 0x72, 0x61, 0x66, 0x74, 0x3A, 0x74, 0x65, 0x72, 0x72, 0x61, 0x63, 0x6F, 0x74, 0x74, 0x61, 0x11, 0xAA, 0x04, 0xE4, 0x03, 0xE5, 0x03, 0xE6, 0x03, 0xE7, 0x03, 0xE8, 0x03, 0xE9, 0x03, 0xEA, 0x03, 0xEB, 0x03, 0xEC, 0x03, 0xED, 0x03, 0xEE, 0x03, 0xEF, 0x03, 0xF0, 0x03, 0xF1, 0x03, 0xF2, 0x03, 0xF3, 0x03, 0x15, 0x6D, 0x69, 0x6E, 0x65, 0x63, 0x72, 0x61, 0x66, 0x74, 0x3A, 0x77, 0x61, 0x72, 0x74, 0x5F, 0x62, 0x6C, 0x6F, 0x63, 0x6B, 0x73, 0x02, 0xA0, 0x05, 0xE4, 0x06, 0x1D, 0x6D, 0x69, 0x6E, 0x65, 0x63, 0x72, 0x61, 0x66, 0x74, 0x3A, 0x66, 0x72, 0x6F, 0x67, 0x5F, 0x70, 0x72, 0x65, 0x66, 0x65, 0x72, 0x5F, 0x6A, 0x75, 0x6D, 0x70, 0x5F, 0x74, 0x6F, 0x02, 0xF6, 0x02, 0xDD, 0x08, 0x1C, 0x6D, 0x69, 0x6E, 0x65, 0x63, 0x72, 0x61, 0x66, 0x74, 0x3A, 0x68, 0x61, 0x70, 0x70, 0x79, 0x5F, 0x67, 0x68, 0x61, 0x73, 0x74, 0x5F, 0x61, 0x76, 0x6F, 0x69, 0x64, 0x73, 0x06, 0xDD, 0x06, 0x97, 0x02, 0xAA, 0x01, 0x9F, 0x05, 0xC4, 0x01, 0xD1, 0x08, 0x2E, 0x6D, 0x69, 0x6E, 0x65, 0x63, 0x72, 0x61, 0x66, 0x74, 0x3A, 0x6F, 0x76, 0x65, 0x72, 0x72, 0x69, 0x64, 0x65, 0x73, 0x5F, 0x6D, 0x75, 0x73, 0x68, 0x72, 0x6F, 0x6F, 0x6D, 0x5F, 0x6C, 0x69, 0x67, 0x68, 0x74, 0x5F, 0x72, 0x65, 0x71, 0x75, 0x69, 0x72, 0x65, 0x6D, 0x65, 0x6E, 0x74, 0x04, 0xF5, 0x02, 0x0B, 0xEB, 0x06, 0xE2, 0x06, 0x1C, 0x6D, 0x69, 0x6E, 0x65, 0x63, 0x72, 0x61, 0x66, 0x74, 0x3A, 0x62, 0x65, 0x61, 0x63, 0x6F, 0x6E, 0x5F, 0x62, 0x61, 0x73, 0x65, 0x5F, 0x62, 0x6C, 0x6F, 0x63, 0x6B, 0x73, 0x05, 0x93, 0x07, 0x93, 0x03, 0xCD, 0x01, 0xAE, 0x01, 0xAF, 0x01, 0x1C, 0x6D, 0x69, 0x6E, 0x65, 0x63, 0x72, 0x61, 0x66, 0x74, 0x3A, 0x66, 0x72, 0x6F, 0x67, 0x73, 0x5F, 0x73, 0x70, 0x61, 0x77, 0x6E, 0x61, 0x62, 0x6C, 0x65, 0x5F, 0x6F, 0x6E, 0x04, 0x08, 0xE2, 0x08, 0x3A, 0x3B, 0x17, 0x6D, 0x69, 0x6E, 0x65, 0x63, 0x72, 0x61, 0x66, 0x74, 0x3A, 0x73, 0x68, 0x75, 0x6C, 0x6B, 0x65, 0x72, 0x5F, 0x62, 0x6F, 0x78, 0x65, 0x73, 0x11, 0xA5, 0x05, 0xB5, 0x05, 0xB1, 0x05, 0xB2, 0x05, 0xAF, 0x05, 0xAD, 0x05, 0xB3, 0x05, 0xA9, 0x05, 0xAE, 0x05, 0xAB, 0x05, 0xA8, 0x05, 0xA7, 0x05, 0xAC, 0x05, 0xB0, 0x05, 0xB4, 0x05, 0xA6, 0x05, 0xAA, 0x05, 0x23, 0x6D, 0x69, 0x6E, 0x65, 0x63, 0x72, 0x61, 0x66, 0x74, 0x3A, 0x73, 0x75, 0x70, 0x70, 0x6F, 0x72, 0x74, 0x73, 0x5F, 0x6D, 0x65, 0x6C, 0x6F, 0x6E, 0x5F, 0x73, 0x74, 0x65, 0x6D, 0x5F, 0x66, 0x72, 0x75, 0x69, 0x74, 0x0B, 0x09, 0x0A, 0xE1, 0x08, 0xE2, 0x08, 0x3B, 0xDC, 0x08, 0x88, 0x09, 0x08, 0x0B, 0xF5, 0x02, 0xD0, 0x01, 0x27, 0x6D, 0x69, 0x6E, 0x65, 0x63, 0x72, 0x61, 0x66, 0x74, 0x3A, 0x62, 0x6C, 0x6F, 0x63, 0x6B, 0x73, 0x5F, 0x77, 0x69, 0x6E, 0x64, 0x5F, 0x63, 0x68, 0x61, 0x72, 0x67, 0x65, 0x5F, 0x65, 0x78, 0x70, 0x6C, 0x6F, 0x73, 0x69, 0x6F, 0x6E, 0x73, 0x02, 0x8C, 0x04, 0x22, 0x0F, 0x6D, 0x69, 0x6E, 0x65, 0x63, 0x72, 0x61, 0x66, 0x74, 0x3A, 0x61, 0x6E, 0x76, 0x69, 0x6C, 0x03, 0xD3, 0x03, 0xD4, 0x03, 0xD5, 0x03, 0x14, 0x6D, 0x69, 0x6E, 0x65, 0x63, 0x72, 0x61, 0x66, 0x74, 0x3A, 0x62, 0x69, 0x72, 0x63, 0x68, 0x5F, 0x6C, 0x6F, 0x67, 0x73, 0x04, 0x33, 0x49, 0x3E, 0x51, 0x1A, 0x6D, 0x69, 0x6E, 0x65, 0x63, 0x72, 0x61, 0x66, 0x74, 0x3A, 0x6D, 0x6F, 0x73, 0x73, 0x5F, 0x72, 0x65, 0x70, 0x6C, 0x61, 0x63, 0x65, 0x61, 0x62, 0x6C, 0x65, 0x12, 0x01, 0x02, 0x04, 0x06, 0xD8, 0x07, 0xE3, 0x08, 0xD4, 0x08, 0xD3, 0x08, 0x09, 0x0A, 0xE1, 0x08, 0xE2, 0x08, 0x3B, 0xDC, 0x08, 0x88, 0x09, 0x08, 0x0B, 0xF5, 0x02, 0x15, 0x6D, 0x69, 0x6E, 0x65, 0x63, 0x72, 0x61, 0x66, 0x74, 0x3A, 0x77, 0x61, 0x6C, 0x6C, 0x5F, 0x63, 0x6F, 0x72, 0x61, 0x6C, 0x73, 0x05, 0x8F, 0x06, 0x90, 0x06, 0x91, 0x06, 0x92, 0x06, 0x93, 0x06, 0x1C, 0x6D, 0x69, 0x6E, 0x65, 0x63, 0x72, 0x61, 0x66, 0x74, 0x3A, 0x6D, 0x61, 0x69, 0x6E, 0x74, 0x61, 0x69, 0x6E, 0x73, 0x5F, 0x66, 0x61, 0x72, 0x6D, 0x6C, 0x61, 0x6E, 0x64, 0x18, 0xEC, 0x02, 0xEA, 0x02, 0xED, 0x02, 0xEB, 0x02, 0x99, 0x05, 0xB9, 0x03, 0xBA, 0x03, 0x96, 0x05, 0x9F, 0x01, 0x97, 0x05, 0xCF, 0x01, 0x9C, 0x01, 0xF7, 0x04, 0xF5, 0x04, 0xF9, 0x04, 0xFA, 0x04, 0xF6, 0x04, 0xF1, 0x02, 0xF4, 0x04, 0xFD, 0x06, 0xFE, 0x06, 0xFB, 0x04, 0xFC, 0x04, 0xF8, 0x04, 0x0D, 0x6D, 0x69, 0x6E, 0x65, 0x63, 0x72, 0x61, 0x66, 0x74, 0x3A, 0x61, 0x69, 0x72, 0x03, 0x00, 0x9A, 0x06, 0x9B, 0x06, 0x12, 0x6D, 0x69, 0x6E, 0x65, 0x63, 0x72, 0x61, 0x66, 0x74, 0x3A, 0x6C, 0x61, 0x6E, 0x74, 0x65, 0x72, 0x6E, 0x73, 0x0A, 0xD1, 0x06, 0xD2, 0x06, 0xD3, 0x06, 0xD7, 0x06, 0xD4, 0x06, 0xD8, 0x06, 0xD5, 0x06, 0xD9, 0x06, 0xD6, 0x06, 0xDA, 0x06, 0x18, 0x6D, 0x69, 0x6E, 0x65, 0x63, 0x72, 0x61, 0x66, 0x74, 0x3A, 0x62, 0x65, 0x65, 0x5F, 0x61, 0x74, 0x74, 0x72, 0x61, 0x63, 0x74, 0x69, 0x76, 0x65, 0x1D, 0x9D, 0x01, 0x8B, 0x09, 0xA0, 0x01, 0xA1, 0x01, 0xA2, 0x01, 0xA3, 0x01, 0xA4, 0x01, 0xA5, 0x01, 0xA6, 0x01, 0xA7, 0x01, 0xA8, 0x01, 0xA9, 0x01, 0xAB, 0x01, 0xAA, 0x01, 0x9F, 0x01, 0xAD, 0x04, 0xAE, 0x04, 0xB0, 0x04, 0xAF, 0x04, 0x98, 0x05, 0x62, 0xD7, 0x08, 0x21, 0x5D, 0xD9, 0x08, 0xDA, 0x08, 0x91, 0x05, 0xD5, 0x08, 0x98, 0x02, 0x13, 0x6D, 0x69, 0x6E, 0x65, 0x63, 0x72, 0x61, 0x66, 0x74, 0x3A, 0x69, 0x72, 0x6F, 0x6E, 0x5F, 0x6F, 0x72, 0x65, 0x73, 0x02, 0x2C, 0x2D, 0x12, 0x6D, 0x69, 0x6E, 0x65, 0x63, 0x72, 0x61, 0x66, 0x74, 0x3A, 0x6F, 0x61, 0x6B, 0x5F, 0x6C, 0x6F, 0x67, 0x73, 0x04, 0x31, 0x47, 0x44, 0x4F, 0x19, 0x6D, 0x69, 0x6E, 0x65, 0x63, 0x72, 0x61, 0x66, 0x74, 0x3A, 0x73, 0x75, 0x70, 0x70, 0x6F, 0x72, 0x74, 0x73, 0x5F, 0x62, 0x61, 0x6D, 0x62, 0x6F, 0x6F, 0x11, 0x25, 0x27, 0x26, 0x09, 0x0A, 0xE1, 0x08, 0xE2, 0x08, 0x3B, 0xDC, 0x08, 0x88, 0x09, 0x08, 0x0B, 0xF5, 0x02, 0x98, 0x06, 0x97, 0x06, 0x28, 0x29, 0x1B, 0x6D, 0x69, 0x6E, 0x65, 0x63, 0x72, 0x61, 0x66, 0x74, 0x3A, 0x70, 0x69, 0x67, 0x6C, 0x69, 0x6E, 0x5F, 0x72, 0x65, 0x70, 0x65, 0x6C, 0x6C, 0x65, 0x6E, 0x74, 0x73, 0x05, 0xC5, 0x01, 0xA2, 0x02, 0xD2, 0x06, 0xA3, 0x02, 0xDC, 0x06, 0x23, 0x6D, 0x69, 0x6E, 0x65, 0x63, 0x72, 0x61, 0x66, 0x74, 0x3A, 0x69, 0x6E, 0x63, 0x6F, 0x72, 0x72, 0x65, 0x63, 0x74, 0x5F, 0x66, 0x6F, 0x72, 0x5F, 0x77, 0x6F, 0x6F, 0x64, 0x65, 0x6E, 0x5F, 0x74, 0x6F, 0x6F, 0x6C, 0x6C, 0xC1, 0x01, 0x95, 0x07, 0x93, 0x07, 0x96, 0x07, 0x94, 0x07, 0xCD, 0x01, 0xCB, 0x01, 0xCC, 0x01, 0x8E, 0x03, 0x8F, 0x03, 0x93, 0x03, 0xAE, 0x01, 0xFB, 0x08, 0x2A, 0x2B, 0x8F, 0x02, 0x90, 0x02, 0xAF, 0x01, 0xF9, 0x08, 0x2C, 0x2D, 0x68, 0x66, 0x67, 0xEF, 0x07, 0xFA, 0x08, 0xF3, 0x07, 0xF4, 0x07, 0x88, 0x08, 0x84, 0x08, 0xF8, 0x07, 0xF1, 0x07, 0x86, 0x08, 0x82, 0x08, 0xF6, 0x07, 0xF2, 0x07, 0x85, 0x08, 0x81, 0x08, 0xF5, 0x07, 0xF0, 0x07, 0x87, 0x08, 0x83, 0x08, 0xF7, 0x07, 0x89, 0x08, 0x98, 0x08, 0x94, 0x08, 0x90, 0x08, 0x8A, 0x08, 0x96, 0x08, 0x92, 0x08, 0x8E, 0x08, 0x8B, 0x08, 0x97, 0x08, 0x93, 0x08, 0x8F, 0x08, 0x8C, 0x08, 0x95, 0x08, 0x91, 0x08, 0x8D, 0x08, 0x84, 0x09, 0xFC, 0x07, 0xFB, 0x07, 0xFA, 0x07, 0xF9, 0x07, 0x80, 0x08, 0xFF, 0x07, 0xFE, 0x07, 0xFD, 0x07, 0xA9, 0x08, 0xAA, 0x08, 0xAB, 0x08, 0xAC, 0x08, 0xAD, 0x08, 0xAE, 0x08, 0xAF, 0x08, 0xB0, 0x08, 0xB1, 0x08, 0xB2, 0x08, 0xB3, 0x08, 0xB4, 0x08, 0xB5, 0x08, 0xB6, 0x08, 0xB7, 0x08, 0xB8, 0x08, 0xA1, 0x08, 0xA2, 0x08, 0xA4, 0x08, 0xA3, 0x08, 0xA5, 0x08, 0xA6, 0x08, 0xA8, 0x08, 0xA7, 0x08, 0xB9, 0x08, 0xBA, 0x08, 0xBB, 0x08, 0xBC, 0x08, 0xBD, 0x08, 0xBE, 0x08, 0xBF, 0x08, 0xC0, 0x08, 0xC9, 0x08, 0xCA, 0x08, 0xCB, 0x08, 0xCC, 0x08, 0xCD, 0x08, 0xCE, 0x08, 0xCF, 0x08, 0xD0, 0x08, 0x21, 0x6D, 0x69, 0x6E, 0x65, 0x63, 0x72, 0x61, 0x66, 0x74, 0x3A, 0x6D, 0x6F, 0x6F, 0x73, 0x68, 0x72, 0x6F, 0x6F, 0x6D, 0x73, 0x5F, 0x73, 0x70, 0x61, 0x77, 0x6E, 0x61, 0x62, 0x6C, 0x65, 0x5F, 0x6F, 0x6E, 0x01, 0xF5, 0x02, 0x11, 0x6D, 0x69, 0x6E, 0x65, 0x63, 0x72, 0x61, 0x66, 0x74, 0x3A, 0x70, 0x6F, 0x72, 0x74, 0x61, 0x6C, 0x73, 0x03, 0xA7, 0x02, 0x87, 0x03, 0x9B, 0x05, 0x24, 0x6D, 0x69, 0x6E, 0x65, 0x63, 0x72, 0x61, 0x66, 0x74, 0x3A, 0x70, 0x72, 0x65, 0x76, 0x65, 0x6E, 0x74, 0x73, 0x5F, 0x6E, 0x65, 0x61, 0x72, 0x62, 0x79, 0x5F, 0x6C, 0x65, 0x61, 0x66, 0x5F, 0x64, 0x65, 0x63, 0x61, 0x79, 0x2C, 0x37, 0x4D, 0x42, 0x55, 0x38, 0x14, 0x43, 0x56, 0x31, 0x47, 0x44, 0x4F, 0x35, 0x4B, 0x40, 0x53, 0x33, 0x49, 0x3E, 0x51, 0x34, 0x4A, 0x3F, 0x52, 0x32, 0x48, 0x3D, 0x50, 0x39, 0x4E, 0x45, 0x57, 0x36, 0x4C, 0x41, 0x54, 0xE7, 0x06, 0xE8, 0x06, 0xE9, 0x06, 0xEA, 0x06, 0xDE, 0x06, 0xDF, 0x06, 0xE0, 0x06, 0xE1, 0x06, 0x19, 0x6D, 0x69, 0x6E, 0x65, 0x63, 0x72, 0x61, 0x66, 0x74, 0x3A, 0x73, 0x77, 0x6F, 0x72, 0x64, 0x5F, 0x65, 0x66, 0x66, 0x69, 0x63, 0x69, 0x65, 0x6E, 0x74, 0x16, 0x5B, 0x58, 0x59, 0x5F, 0x5E, 0x5C, 0x5A, 0x61, 0x62, 0x60, 0x5D, 0xEE, 0x02, 0xEF, 0x02, 0xE8, 0x02, 0xA8, 0x02, 0xA9, 0x02, 0xE9, 0x02, 0x8C, 0x03, 0xDD, 0x08, 0xDE, 0x08, 0x90, 0x05, 0x91, 0x05, 0x19, 0x6D, 0x69, 0x6E, 0x65, 0x63, 0x72, 0x61, 0x66, 0x74, 0x3A, 0x70, 0x72, 0x65, 0x73, 0x73, 0x75, 0x72, 0x65, 0x5F, 0x70, 0x6C, 0x61, 0x74, 0x65, 0x73, 0x10, 0xD7, 0x03, 0xD8, 0x03, 0x85, 0x02, 0x86, 0x02, 0x87, 0x02, 0x88, 0x02, 0x89, 0x02, 0x8B, 0x02, 0x8C, 0x02, 0xF7, 0x06, 0xF8, 0x06, 0x8D, 0x02, 0x8E, 0x02, 0x8A, 0x02, 0x83, 0x02, 0xAA, 0x07, 0x17, 0x6D, 0x69, 0x6E, 0x65, 0x63, 0x72, 0x61, 0x66, 0x74, 0x3A, 0x6D, 0x61, 0x6E, 0x67, 0x72, 0x6F, 0x76, 0x65, 0x5F, 0x6C, 0x6F, 0x67, 0x73, 0x04, 0x39, 0x4E, 0x45, 0x57, 0x15, 0x6D, 0x69, 0x6E, 0x65, 0x63, 0x72, 0x61, 0x66, 0x74, 0x3A, 0x6A, 0x75, 0x6E, 0x67, 0x6C, 0x65, 0x5F, 0x6C, 0x6F, 0x67, 0x73, 0x04, 0x34, 0x4A, 0x3F, 0x52, 0x1E, 0x6D, 0x69, 0x6E, 0x65, 0x63, 0x72, 0x61, 0x66, 0x74, 0x3A, 0x76, 0x69, 0x62, 0x72, 0x61, 0x74, 0x69, 0x6F, 0x6E, 0x5F, 0x72, 0x65, 0x73, 0x6F, 0x6E, 0x61, 0x74, 0x6F, 0x72, 0x73, 0x01, 0xD2, 0x07, 0x17, 0x6D, 0x69, 0x6E, 0x65, 0x63, 0x72, 0x61, 0x66, 0x74, 0x3A, 0x77, 0x6F, 0x6F, 0x64, 0x65, 0x6E, 0x5F, 0x73, 0x74, 0x61, 0x69, 0x72, 0x73, 0x0C, 0xC8, 0x01, 0x94, 0x03, 0x95, 0x03, 0x96, 0x03, 0x84, 0x04, 0x86, 0x04, 0x87, 0x04, 0xFF, 0x06, 0x80, 0x07, 0x88, 0x04, 0x89, 0x04, 0x85, 0x04, 0x15, 0x6D, 0x69, 0x6E, 0x65, 0x63, 0x72, 0x61, 0x66, 0x74, 0x3A, 0x73, 0x70, 0x72, 0x75, 0x63, 0x65, 0x5F, 0x6C, 0x6F, 0x67, 0x73, 0x04, 0x32, 0x48, 0x3D, 0x50, 0x1E, 0x6D, 0x69, 0x6E, 0x65, 0x63, 0x72, 0x61, 0x66, 0x74, 0x3A, 0x62, 0x61, 0x73, 0x65, 0x5F, 0x73, 0x74, 0x6F, 0x6E, 0x65, 0x5F, 0x6F, 0x76, 0x65, 0x72, 0x77, 0x6F, 0x72, 0x6C, 0x64, 0x06, 0x01, 0x02, 0x04, 0x06, 0xD8, 0x07, 0xE3, 0x08, 0x18, 0x6D, 0x69, 0x6E, 0x65, 0x63, 0x72, 0x61, 0x66, 0x74, 0x3A, 0x77, 0x6F, 0x6F, 0x64, 0x65, 0x6E, 0x5F, 0x62, 0x75, 0x74, 0x74, 0x6F, 0x6E, 0x73, 0x0C, 0xBB, 0x03, 0xBC, 0x03, 0xBD, 0x03, 0xBE, 0x03, 0xBF, 0x03, 0xC1, 0x03, 0xC2, 0x03, 0x81, 0x07, 0x82, 0x07, 0xC3, 0x03, 0xC4, 0x03, 0xC0, 0x03, 0x1F, 0x6D, 0x69, 0x6E, 0x65, 0x63, 0x72, 0x61, 0x66, 0x74, 0x3A, 0x61, 0x78, 0x6F, 0x6C, 0x6F, 0x74, 0x6C, 0x73, 0x5F, 0x73, 0x70, 0x61, 0x77, 0x6E, 0x61, 0x62, 0x6C, 0x65, 0x5F, 0x6F, 0x6E, 0x01, 0x99, 0x02, 0x16, 0x6D, 0x69, 0x6E, 0x65, 0x63, 0x72, 0x61, 0x66, 0x74, 0x3A, 0x73, 0x74, 0x6F, 0x6E, 0x65, 0x5F, 0x62, 0x72, 0x69, 0x63, 0x6B, 0x73, 0x04, 0xC6, 0x02, 0xC7, 0x02, 0xC8, 0x02, 0xC9, 0x02, 0x16, 0x6D, 0x69, 0x6E, 0x65, 0x63, 0x72, 0x61, 0x66, 0x74, 0x3A, 0x6D, 0x69, 0x6E, 0x65, 0x61, 0x62, 0x6C, 0x65, 0x2F, 0x61, 0x78, 0x65, 0x9E, 0x02, 0x6D, 0x98, 0x06, 0xC7, 0x06, 0x8F, 0x07, 0x90, 0x07, 0xDE, 0x08, 0xDD, 0x08, 0xB2, 0x01, 0xD2, 0x02, 0xDB, 0x06, 0xCA, 0x06, 0xA8, 0x02, 0xC9, 0x01, 0x91, 0x05, 0x90, 0x05, 0x8C, 0x03, 0x8D, 0x07, 0xCE, 0x01, 0xDA, 0x03, 0xCB, 0x06, 0xEF, 0x02, 0xA9, 0x02, 0x9B, 0x02, 0xDD, 0x01, 0xCD, 0x06, 0xC6, 0x06, 0xE9, 0x02, 0xD4, 0x02, 0xE8, 0x02, 0xD3, 0x02, 0xCE, 0x06, 0xDC, 0x06, 0xD6, 0x03, 0xEE, 0x02, 0xB3, 0x04, 0xB4, 0x04, 0xB5, 0x04, 0xB6, 0x04, 0xB7, 0x04, 0xB8, 0x04, 0xB9, 0x04, 0xBA, 0x04, 0xBB, 0x04, 0xBC, 0x04, 0xBD, 0x04, 0xBE, 0x04, 0xBF, 0x04, 0xC0, 0x04, 0xC1, 0x04, 0xC2, 0x04, 0xC3, 0x04, 0xC4, 0x04, 0xC5, 0x04, 0xC6, 0x04, 0xC7, 0x04, 0xC8, 0x04, 0xC9, 0x04, 0xCA, 0x04, 0xCB, 0x04, 0xCC, 0x04, 0xCD, 0x04, 0xCE, 0x04, 0xCF, 0x04, 0xD0, 0x04, 0xD1, 0x04, 0xD2, 0x04, 0xF7, 0x04, 0xF5, 0x04, 0xF9, 0x04, 0xFA, 0x04, 0xF6, 0x04, 0xF1, 0x02, 0xF4, 0x04, 0xFD, 0x06, 0xFE, 0x06, 0xFB, 0x04, 0xFC, 0x04, 0xF8, 0x04, 0x37, 0x4D, 0x42, 0x55, 0x38, 0x14, 0x43, 0x56, 0x31, 0x47, 0x44, 0x4F, 0x35, 0x4B, 0x40, 0x53, 0x33, 0x49, 0x3E, 0x51, 0x34, 0x4A, 0x3F, 0x52, 0x32, 0x48, 0x3D, 0x50, 0x39, 0x4E, 0x45, 0x57, 0x36, 0x4C, 0x41, 0x54, 0xE7, 0x06, 0xE8, 0x06, 0xE9, 0x06, 0xEA, 0x06, 0xDE, 0x06, 0xDF, 0x06, 0xE0, 0x06, 0xE1, 0x06, 0x0D, 0x0E, 0x0F, 0x10, 0x11, 0x13, 0x15, 0xF3, 0x06, 0xF4, 0x06, 0x16, 0x17, 0x12, 0xD2, 0x01, 0xD3, 0x01, 0xD4, 0x01, 0xD5, 0x01, 0xD7, 0x01, 0xD8, 0x01, 0xD9, 0x01, 0x85, 0x07, 0x86, 0x07, 0xDA, 0x01, 0xDB, 0x01, 0xD6, 0x01, 0xE0, 0x01, 0xE1, 0x01, 0xE2, 0x01, 0xE3, 0x01, 0xE5, 0x01, 0xE6, 0x01, 0xE7, 0x01, 0x87, 0x07, 0x88, 0x07, 0xE8, 0x01, 0xE9, 0x01, 0xE4, 0x01, 0xBB, 0x03, 0xBC, 0x03, 0xBD, 0x03, 0xBE, 0x03, 0xBF, 0x03, 0xC1, 0x03, 0xC2, 0x03, 0x81, 0x07, 0x82, 0x07, 0xC3, 0x03, 0xC4, 0x03, 0xC0, 0x03, 0xDC, 0x01, 0x86, 0x05, 0x87, 0x05, 0x88, 0x05, 0x89, 0x05, 0x8B, 0x05, 0x8C, 0x05, 0x83, 0x07, 0x84, 0x07, 0x8D, 0x05, 0x8E, 0x05, 0x8A, 0x05, 0x9C, 0x02, 0x80, 0x05, 0x82, 0x05, 0x83, 0x05, 0xFD, 0x04, 0xFE, 0x04, 0xFF, 0x04, 0xF9, 0x06, 0xFA, 0x06, 0x84, 0x05, 0x85, 0x05, 0x81, 0x05, 0x85, 0x02, 0x86, 0x02, 0x87, 0x02, 0x88, 0x02, 0x89, 0x02, 0x8B, 0x02, 0x8C, 0x02, 0xF7, 0x06, 0xF8, 0x06, 0x8D, 0x02, 0x8E, 0x02, 0x8A, 0x02, 0xD7, 0x04, 0xD8, 0x04, 0xD9, 0x04, 0xDA, 0x04, 0xDB, 0x04, 0xDD, 0x04, 0xDE, 0x04, 0xF5, 0x06, 0xF6, 0x06, 0xDF, 0x04, 0xE0, 0x04, 0xDC, 0x04, 0xC8, 0x01, 0x94, 0x03, 0x95, 0x03, 0x96, 0x03, 0x84, 0x04, 0x86, 0x04, 0x87, 0x04, 0xFF, 0x06, 0x80, 0x07, 0x88, 0x04, 0x89, 0x04, 0x85, 0x04, 0xC0, 0x02, 0xBE, 0x02, 0xC2, 0x02, 0xC3, 0x02, 0xBF, 0x02, 0xBC, 0x02, 0xBD, 0x02, 0xFB, 0x06, 0xFC, 0x06, 0xC4, 0x02, 0xC5, 0x02, 0xC1, 0x02, 0x3A, 0xEA, 0x01, 0xEB, 0x01, 0xEC, 0x01, 0xED, 0x01, 0xEE, 0x01, 0xEF, 0x01, 0xF0, 0x01, 0xF1, 0x01, 0xF2, 0x01, 0xF3, 0x01, 0xF4, 0x01, 0xF5, 0x01, 0xF6, 0x01, 0xF7, 0x01, 0xF8, 0x01, 0xF9, 0x01, 0xFA, 0x01, 0xFB, 0x01, 0xFC, 0x01, 0xFD, 0x01, 0xFF, 0x01, 0x80, 0x02, 0xFE, 0x01, 0x81, 0x02, 0x18, 0xE1, 0x04, 0x8A, 0x04, 0x3C, 0x46, 0xB3, 0x01, 0xB4, 0x01, 0xB5, 0x01, 0xB6, 0x01, 0xB7, 0x01, 0xB8, 0x01, 0xB9, 0x01, 0xBA, 0x01, 0xBB, 0x01, 0xBC, 0x01, 0xBD, 0x01, 0xBE, 0x01, 0xBF, 0x01, 0xC7, 0x01, 0x17, 0x6D, 0x69, 0x6E, 0x65, 0x63, 0x72, 0x61, 0x66, 0x74, 0x3A, 0x63, 0x6F, 0x70, 0x70, 0x65, 0x72, 0x5F, 0x63, 0x68, 0x65, 0x73, 0x74, 0x73, 0x08, 0xB9, 0x08, 0xBA, 0x08, 0xBB, 0x08, 0xBC, 0x08, 0xBD, 0x08, 0xBE, 0x08, 0xBF, 0x08, 0xC0, 0x08, 0x23, 0x6D, 0x69, 0x6E, 0x65, 0x63, 0x72, 0x61, 0x66, 0x74, 0x3A, 0x69, 0x6E, 0x63, 0x6F, 0x72, 0x72, 0x65, 0x63, 0x74, 0x5F, 0x66, 0x6F, 0x72, 0x5F, 0x63, 0x6F, 0x70, 0x70, 0x65, 0x72, 0x5F, 0x74, 0x6F, 0x6F, 0x6C, 0x11, 0xC1, 0x01, 0x95, 0x07, 0x93, 0x07, 0x96, 0x07, 0x94, 0x07, 0xCD, 0x01, 0xCB, 0x01, 0xCC, 0x01, 0x8E, 0x03, 0x8F, 0x03, 0x93, 0x03, 0xAE, 0x01, 0xFB, 0x08, 0x2A, 0x2B, 0x8F, 0x02, 0x90, 0x02, 0x0F, 0x6D, 0x69, 0x6E, 0x65, 0x63, 0x72, 0x61, 0x66, 0x74, 0x3A, 0x73, 0x6C, 0x61, 0x62, 0x73, 0x3E, 0xD7, 0x04, 0xD8, 0x04, 0xD9, 0x04, 0xDA, 0x04, 0xDB, 0x04, 0xDD, 0x04, 0xDE, 0x04, 0xF5, 0x06, 0xF6, 0x06, 0xDF, 0x04, 0xE0, 0x04, 0xDC, 0x04, 0xE1, 0x04, 0xE2, 0x04, 0xE3, 0x04, 0xE9, 0x04, 0xE4, 0x04, 0xEF, 0x04, 0xEC, 0x04, 0xED, 0x04, 0xE8, 0x04, 0xE7, 0x04, 0xEB, 0x04, 0xE6, 0x04, 0x95, 0x04, 0x96, 0x04, 0x97, 0x04, 0xAB, 0x06, 0xAC, 0x06, 0xAD, 0x06, 0xAE, 0x06, 0xAF, 0x06, 0xB0, 0x06, 0xB1, 0x06, 0xB2, 0x06, 0xB3, 0x06, 0xB4, 0x06, 0xB5, 0x06, 0xB6, 0x06, 0xB7, 0x06, 0xE5, 0x04, 0xEE, 0x04, 0x9F, 0x07, 0xA4, 0x07, 0xA9, 0x07, 0xE6, 0x08, 0xEA, 0x08, 0xEE, 0x08, 0xF2, 0x08, 0x96, 0x08, 0x97, 0x08, 0x98, 0x08, 0x85, 0x08, 0x86, 0x08, 0x87, 0x08, 0x88, 0x08, 0x95, 0x08, 0xEA, 0x04, 0xD9, 0x07, 0xDD, 0x07, 0xE2, 0x07, 0xFA, 0x02, 0x25, 0x6D, 0x69, 0x6E, 0x65, 0x63, 0x72, 0x61, 0x66, 0x74, 0x3A, 0x73, 0x75, 0x70, 0x70, 0x6F, 0x72, 0x74, 0x73, 0x5F, 0x6D, 0x61, 0x6E, 0x67, 0x72, 0x6F, 0x76, 0x65, 0x5F, 0x70, 0x72, 0x6F, 0x70, 0x61, 0x67, 0x75, 0x6C, 0x65, 0x0C, 0x09, 0x0A, 0xE1, 0x08, 0xE2, 0x08, 0x3B, 0xDC, 0x08, 0x88, 0x09, 0x08, 0x0B, 0xF5, 0x02, 0xD0, 0x01, 0x99, 0x02, 0x1E, 0x6D, 0x69, 0x6E, 0x65, 0x63, 0x72, 0x61, 0x66, 0x74, 0x3A, 0x61, 0x6E, 0x69, 0x6D, 0x61, 0x6C, 0x73, 0x5F, 0x73, 0x70, 0x61, 0x77, 0x6E, 0x61, 0x62, 0x6C, 0x65, 0x5F, 0x6F, 0x6E, 0x01, 0x08, 0x1C, 0x6D, 0x69, 0x6E, 0x65, 0x63, 0x72, 0x61, 0x66, 0x74, 0x3A, 0x67, 0x75, 0x61, 0x72, 0x64, 0x65, 0x64, 0x5F, 0x62, 0x79, 0x5F, 0x70, 0x69, 0x67, 0x6C, 0x69, 0x6E, 0x73, 0x23, 0xB9, 0x08, 0xBA, 0x08, 0xBB, 0x08, 0xBC, 0x08, 0xBD, 0x08, 0xBE, 0x08, 0xBF, 0x08, 0xC0, 0x08, 0xAE, 0x01, 0xC7, 0x06, 0xC9, 0x01, 0x90, 0x03, 0xA7, 0x07, 0xD6, 0x03, 0xFB, 0x08, 0xA5, 0x05, 0xB5, 0x05, 0xB1, 0x05, 0xB2, 0x05, 0xAF, 0x05, 0xAD, 0x05, 0xB3, 0x05, 0xA9, 0x05, 0xAE, 0x05, 0xAB, 0x05, 0xA8, 0x05, 0xA7, 0x05, 0xAC, 0x05, 0xB0, 0x05, 0xB4, 0x05, 0xA6, 0x05, 0xAA, 0x05, 0x2A, 0x30, 0x2B, 0x22, 0x6D, 0x69, 0x6E, 0x65, 0x63, 0x72, 0x61, 0x66, 0x74, 0x3A, 0x72, 0x65, 0x70, 0x6C, 0x61, 0x63, 0x65, 0x61, 0x62, 0x6C, 0x65, 0x5F, 0x62, 0x79, 0x5F, 0x6D, 0x75, 0x73, 0x68, 0x72, 0x6F, 0x6F, 0x6D, 0x73, 0x39, 0x5B, 0x58, 0x59, 0x5F, 0x5E, 0x5C, 0x5A, 0x61, 0x62, 0x60, 0x5D, 0x9D, 0x01, 0x8B, 0x09, 0xA0, 0x01, 0xA1, 0x01, 0xA2, 0x01, 0xA3, 0x01, 0xA4, 0x01, 0xA5, 0x01, 0xA6, 0x01, 0xA7, 0x01, 0xA8, 0x01, 0xA9, 0x01, 0xAB, 0x01, 0xAA, 0x01, 0x9F, 0x01, 0x8C, 0x09, 0x9E, 0x01, 0x89, 0x09, 0x82, 0x01, 0x83, 0x01, 0x84, 0x01, 0xEE, 0x02, 0xEF, 0x02, 0xAD, 0x04, 0xAE, 0x04, 0xAF, 0x04, 0xB0, 0x04, 0xB1, 0x04, 0xB2, 0x04, 0xE0, 0x08, 0x98, 0x05, 0x23, 0x88, 0x01, 0x89, 0x01, 0xAC, 0x01, 0xAD, 0x01, 0xD2, 0x02, 0xD3, 0x02, 0xE5, 0x06, 0xE6, 0x06, 0xF2, 0x06, 0xDB, 0x08, 0x86, 0x01, 0x87, 0x01, 0x85, 0x01, 0x8F, 0x09, 0x24, 0x6D, 0x69, 0x6E, 0x65, 0x63, 0x72, 0x61, 0x66, 0x74, 0x3A, 0x6E, 0x65, 0x74, 0x68, 0x65, 0x72, 0x5F, 0x63, 0x61, 0x72, 0x76, 0x65, 0x72, 0x5F, 0x72, 0x65, 0x70, 0x6C, 0x61, 0x63, 0x65, 0x61, 0x62, 0x6C, 0x65, 0x73, 0x19, 0x01, 0x02, 0x04, 0x06, 0xD8, 0x07, 0xE3, 0x08, 0x9D, 0x02, 0xA0, 0x02, 0x9C, 0x07, 0x09, 0x0A, 0xE1, 0x08, 0xE2, 0x08, 0x3B, 0xDC, 0x08, 0x88, 0x09, 0x08, 0x0B, 0xF5, 0x02, 0xEB, 0x06, 0xE2, 0x06, 0xA0, 0x05, 0xE4, 0x06, 0x9E, 0x02, 0x9F, 0x02, 0x1D, 0x6D, 0x69, 0x6E, 0x65, 0x63, 0x72, 0x61, 0x66, 0x74, 0x3A, 0x73, 0x75, 0x70, 0x70, 0x6F, 0x72, 0x74, 0x73, 0x5F, 0x6D, 0x65, 0x6C, 0x6F, 0x6E, 0x5F, 0x73, 0x74, 0x65, 0x6D, 0x01, 0xD0, 0x01, 0x20, 0x6D, 0x69, 0x6E, 0x65, 0x63, 0x72, 0x61, 0x66, 0x74, 0x3A, 0x73, 0x74, 0x6F, 0x6E, 0x65, 0x5F, 0x6F, 0x72, 0x65, 0x5F, 0x72, 0x65, 0x70, 0x6C, 0x61, 0x63, 0x65, 0x61, 0x62, 0x6C, 0x65, 0x73, 0x04, 0x01, 0x02, 0x04, 0x06, 0x20, 0x6D, 0x69, 0x6E, 0x65, 0x63, 0x72, 0x61, 0x66, 0x74, 0x3A, 0x73, 0x75, 0x70, 0x70, 0x6F, 0x72, 0x74, 0x73, 0x5F, 0x63, 0x68, 0x6F, 0x72, 0x75, 0x73, 0x5F, 0x66, 0x6C, 0x6F, 0x77, 0x65, 0x72, 0x01, 0x89, 0x03, 0x1D, 0x6D, 0x69, 0x6E, 0x65, 0x63, 0x72, 0x61, 0x66, 0x74, 0x3A, 0x73, 0x75, 0x70, 0x70, 0x6F, 0x72, 0x74, 0x73, 0x5F, 0x73, 0x74, 0x65, 0x6D, 0x5F, 0x66, 0x72, 0x75, 0x69, 0x74, 0x0B, 0x09, 0x0A, 0xE1, 0x08, 0xE2, 0x08, 0x3B, 0xDC, 0x08, 0x88, 0x09, 0x08, 0x0B, 0xF5, 0x02, 0xD0, 0x01, 0x11, 0x6D, 0x69, 0x6E, 0x65, 0x63, 0x72, 0x61, 0x66, 0x74, 0x3A, 0x66, 0x6C, 0x6F, 0x77, 0x65, 0x72, 0x73, 0x1F, 0x9D, 0x01, 0x8B, 0x09, 0xA0, 0x01, 0xA1, 0x01, 0xA2, 0x01, 0xA3, 0x01, 0xA4, 0x01, 0xA5, 0x01, 0xA6, 0x01, 0xA7, 0x01, 0xA8, 0x01, 0xA9, 0x01, 0xAB, 0x01, 0xAA, 0x01, 0x9F, 0x01, 0x8C, 0x09, 0x9E, 0x01, 0xAD, 0x04, 0xAE, 0x04, 0xB0, 0x04, 0xAF, 0x04, 0x98, 0x05, 0x62, 0xD7, 0x08, 0x21, 0x5D, 0xD9, 0x08, 0xDA, 0x08, 0x91, 0x05, 0xD5, 0x08, 0x98, 0x02, 0x10, 0x6D, 0x69, 0x6E, 0x65, 0x63, 0x72, 0x61, 0x66, 0x74, 0x3A, 0x63, 0x6F, 0x72, 0x61, 0x6C, 0x73, 0x0A, 0xFB, 0x05, 0xFC, 0x05, 0xFD, 0x05, 0xFE, 0x05, 0xFF, 0x05, 0x85, 0x06, 0x86, 0x06, 0x87, 0x06, 0x88, 0x06, 0x89, 0x06, 0x11, 0x6D, 0x69, 0x6E, 0x65, 0x63, 0x72, 0x61, 0x66, 0x74, 0x3A, 0x62, 0x75, 0x74, 0x74, 0x6F, 0x6E, 0x73, 0x0E, 0xBB, 0x03, 0xBC, 0x03, 0xBD, 0x03, 0xBE, 0x03, 0xBF, 0x03, 0xC1, 0x03, 0xC2, 0x03, 0x81, 0x07, 0x82, 0x07, 0xC3, 0x03, 0xC4, 0x03, 0xC0, 0x03, 0x93, 0x02, 0xAB, 0x07, 0x27, 0x6D, 0x69, 0x6E, 0x65, 0x63, 0x72, 0x61, 0x66, 0x74, 0x3A, 0x63, 0x6F, 0x6D, 0x62, 0x69, 0x6E, 0x61, 0x74, 0x69, 0x6F, 0x6E, 0x5F, 0x73, 0x74, 0x65, 0x70, 0x5F, 0x73, 0x6F, 0x75, 0x6E, 0x64, 0x5F, 0x62, 0x6C, 0x6F, 0x63, 0x6B, 0x73, 0x17, 0x9A, 0x04, 0x9B, 0x04, 0x9C, 0x04, 0x9D, 0x04, 0x9E, 0x04, 0x9F, 0x04, 0xA0, 0x04, 0xA1, 0x04, 0xA2, 0x04, 0xA3, 0x04, 0xA4, 0x04, 0xA5, 0x04, 0xA6, 0x04, 0xA7, 0x04, 0xA8, 0x04, 0xA9, 0x04, 0xD8, 0x08, 0x89, 0x09, 0x94, 0x02, 0xE6, 0x06, 0xE5, 0x06, 0xF2, 0x06, 0xF0, 0x02, 0x1E, 0x6D, 0x69, 0x6E, 0x65, 0x63, 0x72, 0x61, 0x66, 0x74, 0x3A, 0x72, 0x61, 0x62, 0x62, 0x69, 0x74, 0x73, 0x5F, 0x73, 0x70, 0x61, 0x77, 0x6E, 0x61, 0x62, 0x6C, 0x65, 0x5F, 0x6F, 0x6E, 0x04, 0x08, 0x94, 0x02, 0x96, 0x02, 0x25, 0x10, 0x6D, 0x69, 0x6E, 0x65, 0x63, 0x72, 0x61, 0x66, 0x74, 0x3A, 0x70, 0x6C, 0x61, 0x6E, 0x6B, 0x73, 0x0C, 0x0D, 0x0E, 0x0F, 0x10, 0x11, 0x13, 0x15, 0xF3, 0x06, 0xF4, 0x06, 0x16, 0x17, 0x12, 0x17, 0x6D, 0x69, 0x6E, 0x65, 0x63, 0x72, 0x61, 0x66, 0x74, 0x3A, 0x73, 0x74, 0x6F, 0x6E, 0x65, 0x5F, 0x62, 0x75, 0x74, 0x74, 0x6F, 0x6E, 0x73, 0x02, 0x93, 0x02, 0xAB, 0x07, 0x0F, 0x6D, 0x69, 0x6E, 0x65, 0x63, 0x72, 0x61, 0x66, 0x74, 0x3A, 0x72, 0x61, 0x69, 0x6C, 0x73, 0x04, 0xDE, 0x01, 0x7E, 0x7F, 0xE2, 0x03, 0x16, 0x6D, 0x69, 0x6E, 0x65, 0x63, 0x72, 0x61, 0x66, 0x74, 0x3A, 0x64, 0x69, 0x61, 0x6D, 0x6F, 0x6E, 0x64, 0x5F, 0x6F, 0x72, 0x65, 0x73, 0x02, 0xCB, 0x01, 0xCC, 0x01, 0x1D, 0x6D, 0x69, 0x6E, 0x65, 0x63, 0x72, 0x61, 0x66, 0x74, 0x3A, 0x62, 0x61, 0x64, 0x6C, 0x61, 0x6E, 0x64, 0x73, 0x5F, 0x74, 0x65, 0x72, 0x72, 0x61, 0x63, 0x6F, 0x74, 0x74, 0x61, 0x07, 0xAA, 0x04, 0xE4, 0x03, 0xE8, 0x03, 0xE5, 0x03, 0xF2, 0x03, 0xF0, 0x03, 0xEC, 0x03, 0x20, 0x6D, 0x69, 0x6E, 0x65, 0x63, 0x72, 0x61, 0x66, 0x74, 0x3A, 0x6F, 0x76, 0x65, 0x72, 0x77, 0x6F, 0x72, 0x6C, 0x64, 0x5F, 0x6E, 0x61, 0x74, 0x75, 0x72, 0x61, 0x6C, 0x5F, 0x6C, 0x6F, 0x67, 0x73, 0x09, 0x35, 0x33, 0x31, 0x34, 0x32, 0x37, 0x38, 0x39, 0x36, 0x24, 0x6D, 0x69, 0x6E, 0x65, 0x63, 0x72, 0x61, 0x66, 0x74, 0x3A, 0x64, 0x65, 0x65, 0x70, 0x73, 0x6C, 0x61, 0x74, 0x65, 0x5F, 0x6F, 0x72, 0x65, 0x5F, 0x72, 0x65, 0x70, 0x6C, 0x61, 0x63, 0x65, 0x61, 0x62, 0x6C, 0x65, 0x73, 0x02, 0xE3, 0x08, 0xD8, 0x07, 0x1D, 0x6D, 0x69, 0x6E, 0x65, 0x63, 0x72, 0x61, 0x66, 0x74, 0x3A, 0x73, 0x74, 0x72, 0x69, 0x64, 0x65, 0x72, 0x5F, 0x77, 0x61, 0x72, 0x6D, 0x5F, 0x62, 0x6C, 0x6F, 0x63, 0x6B, 0x73, 0x01, 0x24, 0x15, 0x6D, 0x69, 0x6E, 0x65, 0x63, 0x72, 0x61, 0x66, 0x74, 0x3A, 0x66, 0x65, 0x6E, 0x63, 0x65, 0x5F, 0x67, 0x61, 0x74, 0x65, 0x73, 0x0C, 0xF7, 0x04, 0xF5, 0x04, 0xF9, 0x04, 0xFA, 0x04, 0xF6, 0x04, 0xF1, 0x02, 0xF4, 0x04, 0xFD, 0x06, 0xFE, 0x06, 0xFB, 0x04, 0xFC, 0x04, 0xF8, 0x04, 0x17, 0x6D, 0x69, 0x6E, 0x65, 0x63, 0x72, 0x61, 0x66, 0x74, 0x3A, 0x62, 0x65, 0x65, 0x5F, 0x67, 0x72, 0x6F, 0x77, 0x61, 0x62, 0x6C, 0x65, 0x73, 0x0B, 0x99, 0x05, 0xB9, 0x03, 0xBA, 0x03, 0xCF, 0x01, 0xED, 0x02, 0xEC, 0x02, 0x96, 0x05, 0x97, 0x05, 0xDD, 0x06, 0xD3, 0x08, 0xD4, 0x08, 0x21, 0x6D, 0x69, 0x6E, 0x65, 0x63, 0x72, 0x61, 0x66, 0x74, 0x3A, 0x69, 0x6E, 0x63, 0x6F, 0x72, 0x72, 0x65, 0x63, 0x74, 0x5F, 0x66, 0x6F, 0x72, 0x5F, 0x67, 0x6F, 0x6C, 0x64, 0x5F, 0x74, 0x6F, 0x6F, 0x6C, 0x6C, 0xC1, 0x01, 0x95, 0x07, 0x93, 0x07, 0x96, 0x07, 0x94, 0x07, 0xCD, 0x01, 0xCB, 0x01, 0xCC, 0x01, 0x8E, 0x03, 0x8F, 0x03, 0x93, 0x03, 0xAE, 0x01, 0xFB, 0x08, 0x2A, 0x2B, 0x8F, 0x02, 0x90, 0x02, 0xAF, 0x01, 0xF9, 0x08, 0x2C, 0x2D, 0x68, 0x66, 0x67, 0xEF, 0x07, 0xFA, 0x08, 0xF3, 0x07, 0xF4, 0x07, 0x88, 0x08, 0x84, 0x08, 0xF8, 0x07, 0xF1, 0x07, 0x86, 0x08, 0x82, 0x08, 0xF6, 0x07, 0xF2, 0x07, 0x85, 0x08, 0x81, 0x08, 0xF5, 0x07, 0xF0, 0x07, 0x87, 0x08, 0x83, 0x08, 0xF7, 0x07, 0x89, 0x08, 0x98, 0x08, 0x94, 0x08, 0x90, 0x08, 0x8A, 0x08, 0x96, 0x08, 0x92, 0x08, 0x8E, 0x08, 0x8B, 0x08, 0x97, 0x08, 0x93, 0x08, 0x8F, 0x08, 0x8C, 0x08, 0x95, 0x08, 0x91, 0x08, 0x8D, 0x08, 0x84, 0x09, 0xFC, 0x07, 0xFB, 0x07, 0xFA, 0x07, 0xF9, 0x07, 0x80, 0x08, 0xFF, 0x07, 0xFE, 0x07, 0xFD, 0x07, 0xA9, 0x08, 0xAA, 0x08, 0xAB, 0x08, 0xAC, 0x08, 0xAD, 0x08, 0xAE, 0x08, 0xAF, 0x08, 0xB0, 0x08, 0xB1, 0x08, 0xB2, 0x08, 0xB3, 0x08, 0xB4, 0x08, 0xB5, 0x08, 0xB6, 0x08, 0xB7, 0x08, 0xB8, 0x08, 0xA1, 0x08, 0xA2, 0x08, 0xA4, 0x08, 0xA3, 0x08, 0xA5, 0x08, 0xA6, 0x08, 0xA8, 0x08, 0xA7, 0x08, 0xB9, 0x08, 0xBA, 0x08, 0xBB, 0x08, 0xBC, 0x08, 0xBD, 0x08, 0xBE, 0x08, 0xBF, 0x08, 0xC0, 0x08, 0xC9, 0x08, 0xCA, 0x08, 0xCB, 0x08, 0xCC, 0x08, 0xCD, 0x08, 0xCE, 0x08, 0xCF, 0x08, 0xD0, 0x08, 0x20, 0x6D, 0x69, 0x6E, 0x65, 0x63, 0x72, 0x61, 0x66, 0x74, 0x3A, 0x77, 0x6F, 0x6F, 0x64, 0x65, 0x6E, 0x5F, 0x70, 0x72, 0x65, 0x73, 0x73, 0x75, 0x72, 0x65, 0x5F, 0x70, 0x6C, 0x61, 0x74, 0x65, 0x73, 0x0C, 0x85, 0x02, 0x86, 0x02, 0x87, 0x02, 0x88, 0x02, 0x89, 0x02, 0x8B, 0x02, 0x8C, 0x02, 0xF7, 0x06, 0xF8, 0x06, 0x8D, 0x02, 0x8E, 0x02, 0x8A, 0x02, 0x20, 0x6D, 0x69, 0x6E, 0x65, 0x63, 0x72, 0x61, 0x66, 0x74, 0x3A, 0x61, 0x72, 0x6D, 0x61, 0x64, 0x69, 0x6C, 0x6C, 0x6F, 0x5F, 0x73, 0x70, 0x61, 0x77, 0x6E, 0x61, 0x62, 0x6C, 0x65, 0x5F, 0x6F, 0x6E, 0x0A, 0x08, 0xAA, 0x04, 0xE4, 0x03, 0xE8, 0x03, 0xE5, 0x03, 0xF2, 0x03, 0xF0, 0x03, 0xEC, 0x03, 0x27, 0x0A, 0x19, 0x6D, 0x69, 0x6E, 0x65, 0x63, 0x72, 0x61, 0x66, 0x74, 0x3A, 0x73, 0x75, 0x70, 0x70, 0x6F, 0x72, 0x74, 0x73, 0x5F, 0x61, 0x7A, 0x61, 0x6C, 0x65, 0x61, 0x0C, 0x09, 0x0A, 0xE1, 0x08, 0xE2, 0x08, 0x3B, 0xDC, 0x08, 0x88, 0x09, 0x08, 0x0B, 0xF5, 0x02, 0xD0, 0x01, 0x99, 0x02, 0x11, 0x6D, 0x69, 0x6E, 0x65, 0x63, 0x72, 0x61, 0x66, 0x74, 0x3A, 0x63, 0x61, 0x6E, 0x64, 0x6C, 0x65, 0x73, 0x11, 0xB0, 0x07, 0xB1, 0x07, 0xB2, 0x07, 0xB3, 0x07, 0xB4, 0x07, 0xB5, 0x07, 0xB6, 0x07, 0xB7, 0x07, 0xB8, 0x07, 0xB9, 0x07, 0xBA, 0x07, 0xBB, 0x07, 0xBC, 0x07, 0xBD, 0x07, 0xBE, 0x07, 0xBF, 0x07, 0xC0, 0x07, 0x15, 0x6D, 0x69, 0x6E, 0x65, 0x63, 0x72, 0x61, 0x66, 0x74, 0x3A, 0x6D, 0x6F, 0x73, 0x73, 0x5F, 0x62, 0x6C, 0x6F, 0x63, 0x6B, 0x73, 0x02, 0xDC, 0x08, 0x88, 0x09, 0x1F, 0x6D, 0x69, 0x6E, 0x65, 0x63, 0x72, 0x61, 0x66, 0x74, 0x3A, 0x73, 0x74, 0x6F, 0x6E, 0x65, 0x5F, 0x70, 0x72, 0x65, 0x73, 0x73, 0x75, 0x72, 0x65, 0x5F, 0x70, 0x6C, 0x61, 0x74, 0x65, 0x73, 0x02, 0x83, 0x02, 0xAA, 0x07, 0x29, 0x6D, 0x69, 0x6E, 0x65, 0x63, 0x72, 0x61, 0x66, 0x74, 0x3A, 0x62, 0x65, 0x6E, 0x65, 0x61, 0x74, 0x68, 0x5F, 0x74, 0x72, 0x65, 0x65, 0x5F, 0x70, 0x6F, 0x64, 0x7A, 0x6F, 0x6C, 0x5F, 0x72, 0x65, 0x70, 0x6C, 0x61, 0x63, 0x65, 0x61, 0x62, 0x6C, 0x65, 0x0A, 0x09, 0x0A, 0xE1, 0x08, 0xE2, 0x08, 0x3B, 0xDC, 0x08, 0x88, 0x09, 0x08, 0x0B, 0xF5, 0x02, 0x0E, 0x6D, 0x69, 0x6E, 0x65, 0x63, 0x72, 0x61, 0x66, 0x74, 0x3A, 0x73, 0x6E, 0x6F, 0x77, 0x03, 0x94, 0x02, 0x96, 0x02, 0xE8, 0x07, 0x10, 0x6D, 0x69, 0x6E, 0x65, 0x63, 0x72, 0x61, 0x66, 0x74, 0x3A, 0x6E, 0x79, 0x6C, 0x69, 0x75, 0x6D, 0x02, 0xEB, 0x06, 0xE2, 0x06, 0x13, 0x6D, 0x69, 0x6E, 0x65, 0x63, 0x72, 0x61, 0x66, 0x74, 0x3A, 0x67, 0x6F, 0x6C, 0x64, 0x5F, 0x6F, 0x72, 0x65, 0x73, 0x03, 0x2A, 0x30, 0x2B, 0x24, 0x6D, 0x69, 0x6E, 0x65, 0x63, 0x72, 0x61, 0x66, 0x74, 0x3A, 0x69, 0x6E, 0x63, 0x6F, 0x72, 0x72, 0x65, 0x63, 0x74, 0x5F, 0x66, 0x6F, 0x72, 0x5F, 0x64, 0x69, 0x61, 0x6D, 0x6F, 0x6E, 0x64, 0x5F, 0x74, 0x6F, 0x6F, 0x6C, 0x00, 0x26, 0x6D, 0x69, 0x6E, 0x65, 0x63, 0x72, 0x61, 0x66, 0x74, 0x3A, 0x63, 0x61, 0x6D, 0x65, 0x6C, 0x5F, 0x73, 0x61, 0x6E, 0x64, 0x5F, 0x73, 0x74, 0x65, 0x70, 0x5F, 0x73, 0x6F, 0x75, 0x6E, 0x64, 0x5F, 0x62, 0x6C, 0x6F, 0x63, 0x6B, 0x73, 0x13, 0x25, 0x27, 0x26, 0xD6, 0x05, 0xD7, 0x05, 0xD8, 0x05, 0xD9, 0x05, 0xDA, 0x05, 0xDB, 0x05, 0xDC, 0x05, 0xDD, 0x05, 0xDE, 0x05, 0xDF, 0x05, 0xE0, 0x05, 0xE1, 0x05, 0xE2, 0x05, 0xE3, 0x05, 0xE4, 0x05, 0xE5, 0x05, 0x26, 0x6D, 0x69, 0x6E, 0x65, 0x63, 0x72, 0x61, 0x66, 0x74, 0x3A, 0x63, 0x6F, 0x6D, 0x70, 0x6C, 0x65, 0x74, 0x65, 0x73, 0x5F, 0x66, 0x69, 0x6E, 0x64, 0x5F, 0x74, 0x72, 0x65, 0x65, 0x5F, 0x74, 0x75, 0x74, 0x6F, 0x72, 0x69, 0x61, 0x6C, 0x39, 0x37, 0x4D, 0x42, 0x55, 0x38, 0x14, 0x43, 0x56, 0x31, 0x47, 0x44, 0x4F, 0x35, 0x4B, 0x40, 0x53, 0x33, 0x49, 0x3E, 0x51, 0x34, 0x4A, 0x3F, 0x52, 0x32, 0x48, 0x3D, 0x50, 0x39, 0x4E, 0x45, 0x57, 0x36, 0x4C, 0x41, 0x54, 0xE7, 0x06, 0xE8, 0x06, 0xE9, 0x06, 0xEA, 0x06, 0xDE, 0x06, 0xDF, 0x06, 0xE0, 0x06, 0xE1, 0x06, 0x5B, 0x58, 0x59, 0x5F, 0x5E, 0x5C, 0x5A, 0x61, 0x62, 0x60, 0x5D, 0xA0, 0x05, 0xE4, 0x06, 0x0E, 0x6D, 0x69, 0x6E, 0x65, 0x63, 0x72, 0x61, 0x66, 0x74, 0x3A, 0x64, 0x69, 0x72, 0x74, 0x03, 0x09, 0x0A, 0xE1, 0x08, 0x15, 0x6D, 0x69, 0x6E, 0x65, 0x63, 0x72, 0x61, 0x66, 0x74, 0x3A, 0x72, 0x65, 0x70, 0x6C, 0x61, 0x63, 0x65, 0x61, 0x62, 0x6C, 0x65, 0x1D, 0x00, 0x23, 0x24, 0x82, 0x01, 0x83, 0x01, 0x84, 0x01, 0x85, 0x01, 0x86, 0x01, 0x87, 0x01, 0x88, 0x01, 0x89, 0x01, 0xC4, 0x01, 0xC5, 0x01, 0x94, 0x02, 0xEE, 0x02, 0xEF, 0x02, 0xF0, 0x02, 0x8D, 0x04, 0xB1, 0x04, 0xB2, 0x04, 0xA3, 0x05, 0x9A, 0x06, 0x9B, 0x06, 0x9C, 0x06, 0xE5, 0x06, 0xE6, 0x06, 0xF2, 0x06, 0xDB, 0x08, 0xE0, 0x08, 0x16, 0x6D, 0x69, 0x6E, 0x65, 0x63, 0x72, 0x61, 0x66, 0x74, 0x3A, 0x63, 0x61, 0x6E, 0x64, 0x6C, 0x65, 0x5F, 0x63, 0x61, 0x6B, 0x65, 0x73, 0x11, 0xC1, 0x07, 0xC2, 0x07, 0xC3, 0x07, 0xC4, 0x07, 0xC5, 0x07, 0xC6, 0x07, 0xC7, 0x07, 0xC8, 0x07, 0xC9, 0x07, 0xCA, 0x07, 0xCB, 0x07, 0xCC, 0x07, 0xCD, 0x07, 0xCE, 0x07, 0xCF, 0x07, 0xD0, 0x07, 0xD1, 0x07, 0x21, 0x6D, 0x69, 0x6E, 0x65, 0x63, 0x72, 0x61, 0x66, 0x74, 0x3A, 0x73, 0x75, 0x70, 0x70, 0x6F, 0x72, 0x74, 0x73, 0x5F, 0x64, 0x72, 0x79, 0x5F, 0x76, 0x65, 0x67, 0x65, 0x74, 0x61, 0x74, 0x69, 0x6F, 0x6E, 0x1F, 0x25, 0x27, 0x26, 0xAA, 0x04, 0xE4, 0x03, 0xE5, 0x03, 0xE6, 0x03, 0xE7, 0x03, 0xE8, 0x03, 0xE9, 0x03, 0xEA, 0x03, 0xEB, 0x03, 0xEC, 0x03, 0xED, 0x03, 0xEE, 0x03, 0xEF, 0x03, 0xF0, 0x03, 0xF1, 0x03, 0xF2, 0x03, 0xF3, 0x03, 0x09, 0x0A, 0xE1, 0x08, 0xE2, 0x08, 0x3B, 0xDC, 0x08, 0x88, 0x09, 0x08, 0x0B, 0xF5, 0x02, 0xD0, 0x01, 0x0D, 0x6D, 0x69, 0x6E, 0x65, 0x63, 0x72, 0x61, 0x66, 0x74, 0x3A, 0x6D, 0x75, 0x64, 0x02, 0xE2, 0x08, 0x3B, 0x15, 0x6D, 0x69, 0x6E, 0x65, 0x63, 0x72, 0x61, 0x66, 0x74, 0x3A, 0x65, 0x6E, 0x63, 0x68, 0x61, 0x6E, 0x74, 0x6D, 0x65, 0x6E, 0x74, 0x16, 0x12, 0x6D, 0x69, 0x6E, 0x65, 0x63, 0x72, 0x61, 0x66, 0x74, 0x3A, 0x74, 0x72, 0x65, 0x61, 0x73, 0x75, 0x72, 0x65, 0x07, 0x02, 0x29, 0x26, 0x24, 0x0E, 0x17, 0x2A, 0x1C, 0x6D, 0x69, 0x6E, 0x65, 0x63, 0x72, 0x61, 0x66, 0x74, 0x3A, 0x64, 0x6F, 0x75, 0x62, 0x6C, 0x65, 0x5F, 0x74, 0x72, 0x61, 0x64, 0x65, 0x5F, 0x70, 0x72, 0x69, 0x63, 0x65, 0x07, 0x02, 0x29, 0x26, 0x24, 0x0E, 0x17, 0x2A, 0x2B, 0x6D, 0x69, 0x6E, 0x65, 0x63, 0x72, 0x61, 0x66, 0x74, 0x3A, 0x70, 0x72, 0x65, 0x76, 0x65, 0x6E, 0x74, 0x73, 0x5F, 0x64, 0x65, 0x63, 0x6F, 0x72, 0x61, 0x74, 0x65, 0x64, 0x5F, 0x70, 0x6F, 0x74, 0x5F, 0x73, 0x68, 0x61, 0x74, 0x74, 0x65, 0x72, 0x69, 0x6E, 0x67, 0x01, 0x22, 0x17, 0x6D, 0x69, 0x6E, 0x65, 0x63, 0x72, 0x61, 0x66, 0x74, 0x3A, 0x74, 0x6F, 0x6F, 0x6C, 0x74, 0x69, 0x70, 0x5F, 0x6F, 0x72, 0x64, 0x65, 0x72, 0x2B, 0x02, 0x29, 0x20, 0x05, 0x2A, 0x0E, 0x15, 0x21, 0x23, 0x01, 0x0F, 0x1A, 0x06, 0x04, 0x19, 0x25, 0x18, 0x0A, 0x0C, 0x11, 0x1D, 0x1C, 0x03, 0x0B, 0x1B, 0x09, 0x0D, 0x12, 0x22, 0x14, 0x08, 0x1E, 0x16, 0x1F, 0x00, 0x24, 0x26, 0x07, 0x27, 0x13, 0x28, 0x10, 0x17, 0x1D, 0x6D, 0x69, 0x6E, 0x65, 0x63, 0x72, 0x61, 0x66, 0x74, 0x3A, 0x6F, 0x6E, 0x5F, 0x74, 0x72, 0x61, 0x64, 0x65, 0x64, 0x5F, 0x65, 0x71, 0x75, 0x69, 0x70, 0x6D, 0x65, 0x6E, 0x74, 0x24, 0x1C, 0x0B, 0x09, 0x03, 0x1B, 0x1F, 0x00, 0x27, 0x07, 0x21, 0x23, 0x01, 0x11, 0x0A, 0x12, 0x25, 0x08, 0x22, 0x28, 0x0D, 0x1A, 0x1D, 0x0C, 0x10, 0x14, 0x16, 0x13, 0x0F, 0x20, 0x05, 0x18, 0x1E, 0x19, 0x06, 0x04, 0x15, 0x13, 0x6D, 0x69, 0x6E, 0x65, 0x63, 0x72, 0x61, 0x66, 0x74, 0x3A, 0x74, 0x72, 0x61, 0x64, 0x65, 0x61, 0x62, 0x6C, 0x65, 0x28, 0x1C, 0x0B, 0x09, 0x03, 0x1B, 0x1F, 0x00, 0x27, 0x07, 0x21, 0x23, 0x01, 0x11, 0x0A, 0x12, 0x25, 0x08, 0x22, 0x28, 0x0D, 0x1A, 0x1D, 0x0C, 0x10, 0x14, 0x16, 0x13, 0x0F, 0x20, 0x05, 0x18, 0x1E, 0x19, 0x06, 0x04, 0x15, 0x02, 0x29, 0x0E, 0x17, 0x18, 0x6D, 0x69, 0x6E, 0x65, 0x63, 0x72, 0x61, 0x66, 0x74, 0x3A, 0x6F, 0x6E, 0x5F, 0x72, 0x61, 0x6E, 0x64, 0x6F, 0x6D, 0x5F, 0x6C, 0x6F, 0x6F, 0x74, 0x28, 0x1C, 0x0B, 0x09, 0x03, 0x1B, 0x1F, 0x00, 0x27, 0x07, 0x21, 0x23, 0x01, 0x11, 0x0A, 0x12, 0x25, 0x08, 0x22, 0x28, 0x0D, 0x1A, 0x1D, 0x0C, 0x10, 0x14, 0x16, 0x13, 0x0F, 0x20, 0x05, 0x18, 0x1E, 0x19, 0x06, 0x04, 0x15, 0x02, 0x29, 0x0E, 0x17, 0x1B, 0x6D, 0x69, 0x6E, 0x65, 0x63, 0x72, 0x61, 0x66, 0x74, 0x3A, 0x65, 0x78, 0x63, 0x6C, 0x75, 0x73, 0x69, 0x76, 0x65, 0x5F, 0x73, 0x65, 0x74, 0x2F, 0x62, 0x6F, 0x77, 0x02, 0x10, 0x17, 0x29, 0x6D, 0x69, 0x6E, 0x65, 0x63, 0x72, 0x61, 0x66, 0x74, 0x3A, 0x70, 0x72, 0x65, 0x76, 0x65, 0x6E, 0x74, 0x73, 0x5F, 0x62, 0x65, 0x65, 0x5F, 0x73, 0x70, 0x61, 0x77, 0x6E, 0x73, 0x5F, 0x77, 0x68, 0x65, 0x6E, 0x5F, 0x6D, 0x69, 0x6E, 0x69, 0x6E, 0x67, 0x01, 0x22, 0x22, 0x6D, 0x69, 0x6E, 0x65, 0x63, 0x72, 0x61, 0x66, 0x74, 0x3A, 0x70, 0x72, 0x65, 0x76, 0x65, 0x6E, 0x74, 0x73, 0x5F, 0x69, 0x6E, 0x66, 0x65, 0x73, 0x74, 0x65, 0x64, 0x5F, 0x73, 0x70, 0x61, 0x77, 0x6E, 0x73, 0x01, 0x22, 0x16, 0x6D, 0x69, 0x6E, 0x65, 0x63, 0x72, 0x61, 0x66, 0x74, 0x3A, 0x6E, 0x6F, 0x6E, 0x5F, 0x74, 0x72, 0x65, 0x61, 0x73, 0x75, 0x72, 0x65, 0x24, 0x1C, 0x0B, 0x09, 0x03, 0x1B, 0x1F, 0x00, 0x27, 0x07, 0x21, 0x23, 0x01, 0x11, 0x0A, 0x12, 0x25, 0x08, 0x22, 0x28, 0x0D, 0x1A, 0x1D, 0x0C, 0x10, 0x14, 0x16, 0x13, 0x0F, 0x20, 0x05, 0x18, 0x1E, 0x19, 0x06, 0x04, 0x15, 0x1F, 0x6D, 0x69, 0x6E, 0x65, 0x63, 0x72, 0x61, 0x66, 0x74, 0x3A, 0x65, 0x78, 0x63, 0x6C, 0x75, 0x73, 0x69, 0x76, 0x65, 0x5F, 0x73, 0x65, 0x74, 0x2F, 0x72, 0x69, 0x70, 0x74, 0x69, 0x64, 0x65, 0x02, 0x13, 0x05, 0x1E, 0x6D, 0x69, 0x6E, 0x65, 0x63, 0x72, 0x61, 0x66, 0x74, 0x3A, 0x65, 0x78, 0x63, 0x6C, 0x75, 0x73, 0x69, 0x76, 0x65, 0x5F, 0x73, 0x65, 0x74, 0x2F, 0x64, 0x61, 0x6D, 0x61, 0x67, 0x65, 0x06, 0x21, 0x23, 0x01, 0x0F, 0x06, 0x04, 0x20, 0x6D, 0x69, 0x6E, 0x65, 0x63, 0x72, 0x61, 0x66, 0x74, 0x3A, 0x6F, 0x6E, 0x5F, 0x6D, 0x6F, 0x62, 0x5F, 0x73, 0x70, 0x61, 0x77, 0x6E, 0x5F, 0x65, 0x71, 0x75, 0x69, 0x70, 0x6D, 0x65, 0x6E, 0x74, 0x24, 0x1C, 0x0B, 0x09, 0x03, 0x1B, 0x1F, 0x00, 0x27, 0x07, 0x21, 0x23, 0x01, 0x11, 0x0A, 0x12, 0x25, 0x08, 0x22, 0x28, 0x0D, 0x1A, 0x1D, 0x0C, 0x10, 0x14, 0x16, 0x13, 0x0F, 0x20, 0x05, 0x18, 0x1E, 0x19, 0x06, 0x04, 0x15, 0x20, 0x6D, 0x69, 0x6E, 0x65, 0x63, 0x72, 0x61, 0x66, 0x74, 0x3A, 0x65, 0x78, 0x63, 0x6C, 0x75, 0x73, 0x69, 0x76, 0x65, 0x5F, 0x73, 0x65, 0x74, 0x2F, 0x63, 0x72, 0x6F, 0x73, 0x73, 0x62, 0x6F, 0x77, 0x02, 0x18, 0x19, 0x15, 0x6D, 0x69, 0x6E, 0x65, 0x63, 0x72, 0x61, 0x66, 0x74, 0x3A, 0x73, 0x6D, 0x65, 0x6C, 0x74, 0x73, 0x5F, 0x6C, 0x6F, 0x6F, 0x74, 0x01, 0x0A, 0x1D, 0x6D, 0x69, 0x6E, 0x65, 0x63, 0x72, 0x61, 0x66, 0x74, 0x3A, 0x65, 0x78, 0x63, 0x6C, 0x75, 0x73, 0x69, 0x76, 0x65, 0x5F, 0x73, 0x65, 0x74, 0x2F, 0x61, 0x72, 0x6D, 0x6F, 0x72, 0x04, 0x1C, 0x03, 0x0B, 0x1B, 0x1D, 0x6D, 0x69, 0x6E, 0x65, 0x63, 0x72, 0x61, 0x66, 0x74, 0x3A, 0x69, 0x6E, 0x5F, 0x65, 0x6E, 0x63, 0x68, 0x61, 0x6E, 0x74, 0x69, 0x6E, 0x67, 0x5F, 0x74, 0x61, 0x62, 0x6C, 0x65, 0x24, 0x1C, 0x0B, 0x09, 0x03, 0x1B, 0x1F, 0x00, 0x27, 0x07, 0x21, 0x23, 0x01, 0x11, 0x0A, 0x12, 0x25, 0x08, 0x22, 0x28, 0x0D, 0x1A, 0x1D, 0x0C, 0x10, 0x14, 0x16, 0x13, 0x0F, 0x20, 0x05, 0x18, 0x1E, 0x19, 0x06, 0x04, 0x15, 0x1D, 0x6D, 0x69, 0x6E, 0x65, 0x63, 0x72, 0x61, 0x66, 0x74, 0x3A, 0x65, 0x78, 0x63, 0x6C, 0x75, 0x73, 0x69, 0x76, 0x65, 0x5F, 0x73, 0x65, 0x74, 0x2F, 0x62, 0x6F, 0x6F, 0x74, 0x73, 0x02, 0x0E, 0x07, 0x1E, 0x6D, 0x69, 0x6E, 0x65, 0x63, 0x72, 0x61, 0x66, 0x74, 0x3A, 0x70, 0x72, 0x65, 0x76, 0x65, 0x6E, 0x74, 0x73, 0x5F, 0x69, 0x63, 0x65, 0x5F, 0x6D, 0x65, 0x6C, 0x74, 0x69, 0x6E, 0x67, 0x01, 0x22, 0x1E, 0x6D, 0x69, 0x6E, 0x65, 0x63, 0x72, 0x61, 0x66, 0x74, 0x3A, 0x65, 0x78, 0x63, 0x6C, 0x75, 0x73, 0x69, 0x76, 0x65, 0x5F, 0x73, 0x65, 0x74, 0x2F, 0x6D, 0x69, 0x6E, 0x69, 0x6E, 0x67, 0x02, 0x0D, 0x22, 0x0F, 0x6D, 0x69, 0x6E, 0x65, 0x63, 0x72, 0x61, 0x66, 0x74, 0x3A, 0x63, 0x75, 0x72, 0x73, 0x65, 0x02, 0x02, 0x29, 0x0E, 0x6D, 0x69, 0x6E, 0x65, 0x63, 0x72, 0x61, 0x66, 0x74, 0x3A, 0x69, 0x74, 0x65, 0x6D, 0xCF, 0x01, 0x10, 0x6D, 0x69, 0x6E, 0x65, 0x63, 0x72, 0x61, 0x66, 0x74, 0x3A, 0x73, 0x6B, 0x75, 0x6C, 0x6C, 0x73, 0x07, 0xD4, 0x09, 0xD6, 0x09, 0xD5, 0x09, 0xD2, 0x09, 0xD3, 0x09, 0xD7, 0x09, 0xD8, 0x09, 0x1F, 0x6D, 0x69, 0x6E, 0x65, 0x63, 0x72, 0x61, 0x66, 0x74, 0x3A, 0x73, 0x6F, 0x75, 0x6C, 0x5F, 0x66, 0x69, 0x72, 0x65, 0x5F, 0x62, 0x61, 0x73, 0x65, 0x5F, 0x62, 0x6C, 0x6F, 0x63, 0x6B, 0x73, 0x02, 0xE9, 0x02, 0xEA, 0x02, 0x18, 0x6D, 0x69, 0x6E, 0x65, 0x63, 0x72, 0x61, 0x66, 0x74, 0x3A, 0x74, 0x72, 0x69, 0x6D, 0x5F, 0x6D, 0x61, 0x74, 0x65, 0x72, 0x69, 0x61, 0x6C, 0x73, 0x0B, 0x87, 0x07, 0x8B, 0x07, 0x83, 0x07, 0x84, 0x07, 0x8D, 0x07, 0x89, 0x07, 0x85, 0x07, 0x8E, 0x07, 0x86, 0x07, 0xCE, 0x05, 0xDF, 0x09, 0x1E, 0x6D, 0x69, 0x6E, 0x65, 0x63, 0x72, 0x61, 0x66, 0x74, 0x3A, 0x63, 0x6F, 0x70, 0x70, 0x65, 0x72, 0x5F, 0x67, 0x6F, 0x6C, 0x65, 0x6D, 0x5F, 0x73, 0x74, 0x61, 0x74, 0x75, 0x65, 0x73, 0x08, 0xD5, 0x0B, 0xD6, 0x0B, 0xD7, 0x0B, 0xD8, 0x0B, 0xD9, 0x0B, 0xDA, 0x0B, 0xDB, 0x0B, 0xDC, 0x0B, 0x16, 0x6D, 0x69, 0x6E, 0x65, 0x63, 0x72, 0x61, 0x66, 0x74, 0x3A, 0x63, 0x68, 0x69, 0x63, 0x6B, 0x65, 0x6E, 0x5F, 0x66, 0x6F, 0x6F, 0x64, 0x06, 0xB8, 0x07, 0xD6, 0x08, 0xD5, 0x08, 0x89, 0x0A, 0x86, 0x0A, 0x87, 0x0A, 0x17, 0x6D, 0x69, 0x6E, 0x65, 0x63, 0x72, 0x61, 0x66, 0x74, 0x3A, 0x70, 0x61, 0x6C, 0x65, 0x5F, 0x6F, 0x61, 0x6B, 0x5F, 0x6C, 0x6F, 0x67, 0x73, 0x04, 0x8C, 0x01, 0xB1, 0x01, 0x9B, 0x01, 0xA6, 0x01, 0x16, 0x6D, 0x69, 0x6E, 0x65, 0x63, 0x72, 0x61, 0x66, 0x74, 0x3A, 0x67, 0x72, 0x61, 0x73, 0x73, 0x5F, 0x62, 0x6C, 0x6F, 0x63, 0x6B, 0x73, 0x03, 0x1B, 0x1E, 0xA7, 0x03, 0x12, 0x6D, 0x69, 0x6E, 0x65, 0x63, 0x72, 0x61, 0x66, 0x74, 0x3A, 0x70, 0x69, 0x67, 0x5F, 0x66, 0x6F, 0x6F, 0x64, 0x03, 0xCC, 0x09, 0xCD, 0x09, 0x88, 0x0A, 0x1D, 0x6D, 0x69, 0x6E, 0x65, 0x63, 0x72, 0x61, 0x66, 0x74, 0x3A, 0x69, 0x72, 0x6F, 0x6E, 0x5F, 0x74, 0x6F, 0x6F, 0x6C, 0x5F, 0x6D, 0x61, 0x74, 0x65, 0x72, 0x69, 0x61, 0x6C, 0x73, 0x01, 0x89, 0x07, 0x0E, 0x6D, 0x69, 0x6E, 0x65, 0x63, 0x72, 0x61, 0x66, 0x74, 0x3A, 0x77, 0x6F, 0x6F, 0x6C, 0x10, 0xD5, 0x01, 0xD6, 0x01, 0xD7, 0x01, 0xD8, 0x01, 0xD9, 0x01, 0xDA, 0x01, 0xDB, 0x01, 0xDC, 0x01, 0xDD, 0x01, 0xDE, 0x01, 0xDF, 0x01, 0xE0, 0x01, 0xE1, 0x01, 0xE2, 0x01, 0xE3, 0x01, 0xE4, 0x01, 0x14, 0x6D, 0x69, 0x6E, 0x65, 0x63, 0x72, 0x61, 0x66, 0x74, 0x3A, 0x63, 0x61, 0x6D, 0x65, 0x6C, 0x5F, 0x66, 0x6F, 0x6F, 0x64, 0x01, 0xD5, 0x02, 0x1D, 0x6D, 0x69, 0x6E, 0x65, 0x63, 0x72, 0x61, 0x66, 0x74, 0x3A, 0x67, 0x6F, 0x6C, 0x64, 0x5F, 0x74, 0x6F, 0x6F, 0x6C, 0x5F, 0x6D, 0x61, 0x74, 0x65, 0x72, 0x69, 0x61, 0x6C, 0x73, 0x01, 0x8D, 0x07, 0x1E, 0x6D, 0x69, 0x6E, 0x65, 0x63, 0x72, 0x61, 0x66, 0x74, 0x3A, 0x72, 0x65, 0x70, 0x61, 0x69, 0x72, 0x73, 0x5F, 0x63, 0x6F, 0x70, 0x70, 0x65, 0x72, 0x5F, 0x61, 0x72, 0x6D, 0x6F, 0x72, 0x01, 0x8B, 0x07, 0x16, 0x6D, 0x69, 0x6E, 0x65, 0x63, 0x72, 0x61, 0x66, 0x74, 0x3A, 0x77, 0x6F, 0x6F, 0x6C, 0x5F, 0x63, 0x61, 0x72, 0x70, 0x65, 0x74, 0x73, 0x10, 0xFA, 0x03, 0xFB, 0x03, 0xFC, 0x03, 0xFD, 0x03, 0xFE, 0x03, 0xFF, 0x03, 0x80, 0x04, 0x81, 0x04, 0x82, 0x04, 0x83, 0x04, 0x84, 0x04, 0x85, 0x04, 0x86, 0x04, 0x87, 0x04, 0x88, 0x04, 0x89, 0x04, 0x1C, 0x6D, 0x69, 0x6E, 0x65, 0x63, 0x72, 0x61, 0x66, 0x74, 0x3A, 0x72, 0x65, 0x70, 0x61, 0x69, 0x72, 0x73, 0x5F, 0x77, 0x6F, 0x6C, 0x66, 0x5F, 0x61, 0x72, 0x6D, 0x6F, 0x72, 0x01, 0xFA, 0x06, 0x12, 0x6D, 0x69, 0x6E, 0x65, 0x63, 0x72, 0x61, 0x66, 0x74, 0x3A, 0x63, 0x6F, 0x77, 0x5F, 0x66, 0x6F, 0x6F, 0x64, 0x01, 0xB9, 0x07, 0x19, 0x6D, 0x69, 0x6E, 0x65, 0x63, 0x72, 0x61, 0x66, 0x74, 0x3A, 0x62, 0x6F, 0x6F, 0x6B, 0x73, 0x68, 0x65, 0x6C, 0x66, 0x5F, 0x62, 0x6F, 0x6F, 0x6B, 0x73, 0x05, 0x86, 0x08, 0xC6, 0x09, 0xDD, 0x09, 0xC5, 0x09, 0x9C, 0x0A, 0x14, 0x6D, 0x69, 0x6E, 0x65, 0x63, 0x72, 0x61, 0x66, 0x74, 0x3A, 0x68, 0x6F, 0x72, 0x73, 0x65, 0x5F, 0x66, 0x6F, 0x6F, 0x64, 0x08, 0xB9, 0x07, 0xBD, 0x08, 0xF9, 0x03, 0xFE, 0x06, 0xCC, 0x09, 0xD1, 0x09, 0xDB, 0x07, 0xDC, 0x07, 0x16, 0x6D, 0x69, 0x6E, 0x65, 0x63, 0x72, 0x61, 0x66, 0x74, 0x3A, 0x77, 0x61, 0x72, 0x70, 0x65, 0x64, 0x5F, 0x73, 0x74, 0x65, 0x6D, 0x73, 0x04, 0x92, 0x01, 0x9E, 0x01, 0xB5, 0x01, 0xA9, 0x01, 0x21, 0x6D, 0x69, 0x6E, 0x65, 0x63, 0x72, 0x61, 0x66, 0x74, 0x3A, 0x65, 0x6E, 0x63, 0x68, 0x61, 0x6E, 0x74, 0x61, 0x62, 0x6C, 0x65, 0x2F, 0x66, 0x69, 0x72, 0x65, 0x5F, 0x61, 0x73, 0x70, 0x65, 0x63, 0x74, 0x0F, 0xA9, 0x07, 0x9A, 0x07, 0x9F, 0x07, 0xAE, 0x07, 0x90, 0x07, 0xA4, 0x07, 0x95, 0x07, 0x96, 0x0A, 0x92, 0x0A, 0x95, 0x0A, 0x97, 0x0A, 0x91, 0x0A, 0x94, 0x0A, 0x93, 0x0A, 0xC8, 0x09, 0x17, 0x6D, 0x69, 0x6E, 0x65, 0x63, 0x72, 0x61, 0x66, 0x74, 0x3A, 0x62, 0x61, 0x6D, 0x62, 0x6F, 0x6F, 0x5F, 0x62, 0x6C, 0x6F, 0x63, 0x6B, 0x73, 0x02, 0x93, 0x01, 0xAA, 0x01, 0x21, 0x6D, 0x69, 0x6E, 0x65, 0x63, 0x72, 0x61, 0x66, 0x74, 0x3A, 0x63, 0x61, 0x75, 0x6C, 0x64, 0x72, 0x6F, 0x6E, 0x5F, 0x63, 0x61, 0x6E, 0x5F, 0x72, 0x65, 0x6D, 0x6F, 0x76, 0x65, 0x5F, 0x64, 0x79, 0x65, 0x06, 0xBB, 0x07, 0xBC, 0x07, 0xBD, 0x07, 0xBE, 0x07, 0xED, 0x09, 0xFB, 0x06, 0x1F, 0x6D, 0x69, 0x6E, 0x65, 0x63, 0x72, 0x61, 0x66, 0x74, 0x3A, 0x65, 0x6E, 0x63, 0x68, 0x61, 0x6E, 0x74, 0x61, 0x62, 0x6C, 0x65, 0x2F, 0x6C, 0x65, 0x67, 0x5F, 0x61, 0x72, 0x6D, 0x6F, 0x72, 0x07, 0xBD, 0x07, 0xC1, 0x07, 0xC5, 0x07, 0xD1, 0x07, 0xC9, 0x07, 0xCD, 0x07, 0xD5, 0x07, 0x17, 0x6D, 0x69, 0x6E, 0x65, 0x63, 0x72, 0x61, 0x66, 0x74, 0x3A, 0x64, 0x61, 0x72, 0x6B, 0x5F, 0x6F, 0x61, 0x6B, 0x5F, 0x6C, 0x6F, 0x67, 0x73, 0x04, 0x8D, 0x01, 0xB2, 0x01, 0x9A, 0x01, 0xA5, 0x01, 0x20, 0x6D, 0x69, 0x6E, 0x65, 0x63, 0x72, 0x61, 0x66, 0x74, 0x3A, 0x65, 0x6E, 0x63, 0x68, 0x61, 0x6E, 0x74, 0x61, 0x62, 0x6C, 0x65, 0x2F, 0x64, 0x75, 0x72, 0x61, 0x62, 0x69, 0x6C, 0x69, 0x74, 0x79, 0x53, 0xBE, 0x07, 0xC2, 0x07, 0xC6, 0x07, 0xD2, 0x07, 0xCA, 0x07, 0xCE, 0x07, 0xD6, 0x07, 0xBD, 0x07, 0xC1, 0x07, 0xC5, 0x07, 0xD1, 0x07, 0xC9, 0x07, 0xCD, 0x07, 0xD5, 0x07, 0xBC, 0x07, 0xC0, 0x07, 0xC4, 0x07, 0xD0, 0x07, 0xC8, 0x07, 0xCC, 0x07, 0xD4, 0x07, 0xBB, 0x07, 0xBF, 0x07, 0xC3, 0x07, 0xCF, 0x07, 0xC7, 0x07, 0xCB, 0x07, 0xD3, 0x07, 0xF8, 0x06, 0xDF, 0x06, 0x90, 0x0A, 0xA9, 0x07, 0x9A, 0x07, 0x9F, 0x07, 0xAE, 0x07, 0x90, 0x07, 0xA4, 0x07, 0x95, 0x07, 0xAC, 0x07, 0x9D, 0x07, 0xA2, 0x07, 0xB1, 0x07, 0x93, 0x07, 0xA7, 0x07, 0x98, 0x07, 0xAB, 0x07, 0x9C, 0x07, 0xA1, 0x07, 0xB0, 0x07, 0x92, 0x07, 0xA6, 0x07, 0x97, 0x07, 0xAA, 0x07, 0x9B, 0x07, 0xA0, 0x07, 0xAF, 0x07, 0x91, 0x07, 0xA5, 0x07, 0x96, 0x07, 0xAD, 0x07, 0x9E, 0x07, 0xA3, 0x07, 0xB2, 0x07, 0x94, 0x07, 0xA8, 0x07, 0x99, 0x07, 0xFF, 0x06, 0xBC, 0x0A, 0xB4, 0x0A, 0xFC, 0x06, 0xD2, 0x08, 0x92, 0x0B, 0x9E, 0x08, 0xDC, 0x06, 0xDD, 0x06, 0xC8, 0x09, 0x96, 0x0A, 0x92, 0x0A, 0x95, 0x0A, 0x97, 0x0A, 0x91, 0x0A, 0x94, 0x0A, 0x93, 0x0A, 0x16, 0x6D, 0x69, 0x6E, 0x65, 0x63, 0x72, 0x61, 0x66, 0x74, 0x3A, 0x73, 0x74, 0x72, 0x69, 0x64, 0x65, 0x72, 0x5F, 0x66, 0x6F, 0x6F, 0x64, 0x01, 0xFB, 0x01, 0x1B, 0x6D, 0x69, 0x6E, 0x65, 0x63, 0x72, 0x61, 0x66, 0x74, 0x3A, 0x76, 0x69, 0x6C, 0x6C, 0x61, 0x67, 0x65, 0x72, 0x5F, 0x70, 0x69, 0x63, 0x6B, 0x73, 0x5F, 0x75, 0x70, 0x09, 0xB8, 0x07, 0xCD, 0x09, 0xCC, 0x09, 0x89, 0x0A, 0x86, 0x0A, 0x87, 0x0A, 0xBA, 0x07, 0xB9, 0x07, 0x88, 0x0A, 0x1C, 0x6D, 0x69, 0x6E, 0x65, 0x63, 0x72, 0x61, 0x66, 0x74, 0x3A, 0x6E, 0x6F, 0x6E, 0x5F, 0x66, 0x6C, 0x61, 0x6D, 0x6D, 0x61, 0x62, 0x6C, 0x65, 0x5F, 0x77, 0x6F, 0x6F, 0x64, 0x20, 0x92, 0x01, 0x9E, 0x01, 0xB5, 0x01, 0xA9, 0x01, 0x91, 0x01, 0x9D, 0x01, 0xB4, 0x01, 0xA8, 0x01, 0x2E, 0x2F, 0x9A, 0x02, 0x9B, 0x02, 0x8A, 0x06, 0x8B, 0x06, 0xE3, 0x02, 0xE4, 0x02, 0xAC, 0x06, 0xAD, 0x06, 0xC0, 0x06, 0xC1, 0x06, 0xC5, 0x03, 0xC6, 0x03, 0xFA, 0x05, 0xFB, 0x05, 0x97, 0x06, 0x98, 0x06, 0xE7, 0x07, 0xE8, 0x07, 0xF4, 0x07, 0xF3, 0x07, 0xBD, 0x02, 0xB6, 0x02, 0x0F, 0x6D, 0x69, 0x6E, 0x65, 0x63, 0x72, 0x61, 0x66, 0x74, 0x3A, 0x63, 0x6F, 0x61, 0x6C, 0x73, 0x02, 0x81, 0x07, 0x82, 0x07, 0x15, 0x6D, 0x69, 0x6E, 0x65, 0x63, 0x72, 0x61, 0x66, 0x74, 0x3A, 0x68, 0x6F, 0x67, 0x6C, 0x69, 0x6E, 0x5F, 0x66, 0x6F, 0x6F, 0x64, 0x01, 0xFA, 0x01, 0x15, 0x6D, 0x69, 0x6E, 0x65, 0x63, 0x72, 0x61, 0x66, 0x74, 0x3A, 0x70, 0x69, 0x67, 0x6C, 0x69, 0x6E, 0x5F, 0x66, 0x6F, 0x6F, 0x64, 0x02, 0xD8, 0x07, 0xD9, 0x07, 0x1C, 0x6D, 0x69, 0x6E, 0x65, 0x63, 0x72, 0x61, 0x66, 0x74, 0x3A, 0x72, 0x65, 0x70, 0x61, 0x69, 0x72, 0x73, 0x5F, 0x69, 0x72, 0x6F, 0x6E, 0x5F, 0x61, 0x72, 0x6D, 0x6F, 0x72, 0x01, 0x89, 0x07, 0x22, 0x6D, 0x69, 0x6E, 0x65, 0x63, 0x72, 0x61, 0x66, 0x74, 0x3A, 0x70, 0x69, 0x67, 0x6C, 0x69, 0x6E, 0x5F, 0x70, 0x72, 0x65, 0x66, 0x65, 0x72, 0x72, 0x65, 0x64, 0x5F, 0x77, 0x65, 0x61, 0x70, 0x6F, 0x6E, 0x73, 0x02, 0xBC, 0x0A, 0x95, 0x0A, 0x1F, 0x6D, 0x69, 0x6E, 0x65, 0x63, 0x72, 0x61, 0x66, 0x74, 0x3A, 0x62, 0x72, 0x65, 0x61, 0x6B, 0x73, 0x5F, 0x64, 0x65, 0x63, 0x6F, 0x72, 0x61, 0x74, 0x65, 0x64, 0x5F, 0x70, 0x6F, 0x74, 0x73, 0x25, 0xA9, 0x07, 0x9A, 0x07, 0x9F, 0x07, 0xAE, 0x07, 0x90, 0x07, 0xA4, 0x07, 0x95, 0x07, 0xAC, 0x07, 0x9D, 0x07, 0xA2, 0x07, 0xB1, 0x07, 0x93, 0x07, 0xA7, 0x07, 0x98, 0x07, 0xAB, 0x07, 0x9C, 0x07, 0xA1, 0x07, 0xB0, 0x07, 0x92, 0x07, 0xA6, 0x07, 0x97, 0x07, 0xAA, 0x07, 0x9B, 0x07, 0xA0, 0x07, 0xAF, 0x07, 0x91, 0x07, 0xA5, 0x07, 0x96, 0x07, 0xAD, 0x07, 0x9E, 0x07, 0xA3, 0x07, 0xB2, 0x07, 0x94, 0x07, 0xA8, 0x07, 0x99, 0x07, 0xB4, 0x0A, 0xC8, 0x09, 0x14, 0x6D, 0x69, 0x6E, 0x65, 0x63, 0x72, 0x61, 0x66, 0x74, 0x3A, 0x6C, 0x61, 0x70, 0x69, 0x73, 0x5F, 0x6F, 0x72, 0x65, 0x73, 0x02, 0x4C, 0x4D, 0x1C, 0x6D, 0x69, 0x6E, 0x65, 0x63, 0x72, 0x61, 0x66, 0x74, 0x3A, 0x65, 0x6E, 0x63, 0x68, 0x61, 0x6E, 0x74, 0x61, 0x62, 0x6C, 0x65, 0x2F, 0x6D, 0x69, 0x6E, 0x69, 0x6E, 0x67, 0x1D, 0xAC, 0x07, 0x9D, 0x07, 0xA2, 0x07, 0xB1, 0x07, 0x93, 0x07, 0xA7, 0x07, 0x98, 0x07, 0xAB, 0x07, 0x9C, 0x07, 0xA1, 0x07, 0xB0, 0x07, 0x92, 0x07, 0xA6, 0x07, 0x97, 0x07, 0xAA, 0x07, 0x9B, 0x07, 0xA0, 0x07, 0xAF, 0x07, 0x91, 0x07, 0xA5, 0x07, 0x96, 0x07, 0xAD, 0x07, 0x9E, 0x07, 0xA3, 0x07, 0xB2, 0x07, 0x94, 0x07, 0xA8, 0x07, 0x99, 0x07, 0xD2, 0x08, 0x1F, 0x6D, 0x69, 0x6E, 0x65, 0x63, 0x72, 0x61, 0x66, 0x74, 0x3A, 0x72, 0x65, 0x70, 0x61, 0x69, 0x72, 0x73, 0x5F, 0x74, 0x75, 0x72, 0x74, 0x6C, 0x65, 0x5F, 0x68, 0x65, 0x6C, 0x6D, 0x65, 0x74, 0x01, 0xF9, 0x06, 0x1B, 0x6D, 0x69, 0x6E, 0x65, 0x63, 0x72, 0x61, 0x66, 0x74, 0x3A, 0x65, 0x6E, 0x63, 0x68, 0x61, 0x6E, 0x74, 0x61, 0x62, 0x6C, 0x65, 0x2F, 0x6C, 0x75, 0x6E, 0x67, 0x65, 0x07, 0x96, 0x0A, 0x92, 0x0A, 0x95, 0x0A, 0x97, 0x0A, 0x91, 0x0A, 0x94, 0x0A, 0x93, 0x0A, 0x20, 0x6D, 0x69, 0x6E, 0x65, 0x63, 0x72, 0x61, 0x66, 0x74, 0x3A, 0x65, 0x6E, 0x63, 0x68, 0x61, 0x6E, 0x74, 0x61, 0x62, 0x6C, 0x65, 0x2F, 0x68, 0x65, 0x61, 0x64, 0x5F, 0x61, 0x72, 0x6D, 0x6F, 0x72, 0x08, 0xBB, 0x07, 0xBF, 0x07, 0xC3, 0x07, 0xCF, 0x07, 0xC7, 0x07, 0xCB, 0x07, 0xD3, 0x07, 0xF8, 0x06, 0x10, 0x6D, 0x69, 0x6E, 0x65, 0x63, 0x72, 0x61, 0x66, 0x74, 0x3A, 0x66, 0x65, 0x6E, 0x63, 0x65, 0x73, 0x0D, 0xD9, 0x02, 0xDD, 0x02, 0xDF, 0x02, 0xE0, 0x02, 0xDA, 0x02, 0xDB, 0x02, 0xDC, 0x02, 0xE3, 0x02, 0xE4, 0x02, 0xE1, 0x02, 0xE2, 0x02, 0xDE, 0x02, 0xAC, 0x03, 0x12, 0x6D, 0x69, 0x6E, 0x65, 0x63, 0x72, 0x61, 0x66, 0x74, 0x3A, 0x73, 0x61, 0x70, 0x6C, 0x69, 0x6E, 0x67, 0x73, 0x0B, 0x31, 0x32, 0x33, 0x34, 0x35, 0x37, 0x38, 0xCD, 0x01, 0xCE, 0x01, 0x39, 0x36, 0x0E, 0x6D, 0x69, 0x6E, 0x65, 0x63, 0x72, 0x61, 0x66, 0x74, 0x3A, 0x62, 0x65, 0x64, 0x73, 0x10, 0xCD, 0x08, 0xCE, 0x08, 0xCA, 0x08, 0xCB, 0x08, 0xC8, 0x08, 0xC6, 0x08, 0xCC, 0x08, 0xC2, 0x08, 0xC7, 0x08, 0xC4, 0x08, 0xC1, 0x08, 0xC0, 0x08, 0xC5, 0x08, 0xC9, 0x08, 0xBF, 0x08, 0xC3, 0x08, 0x1B, 0x6D, 0x69, 0x6E, 0x65, 0x63, 0x72, 0x61, 0x66, 0x74, 0x3A, 0x65, 0x6E, 0x63, 0x68, 0x61, 0x6E, 0x74, 0x61, 0x62, 0x6C, 0x65, 0x2F, 0x61, 0x72, 0x6D, 0x6F, 0x72, 0x1D, 0xBE, 0x07, 0xC2, 0x07, 0xC6, 0x07, 0xD2, 0x07, 0xCA, 0x07, 0xCE, 0x07, 0xD6, 0x07, 0xBD, 0x07, 0xC1, 0x07, 0xC5, 0x07, 0xD1, 0x07, 0xC9, 0x07, 0xCD, 0x07, 0xD5, 0x07, 0xBC, 0x07, 0xC0, 0x07, 0xC4, 0x07, 0xD0, 0x07, 0xC8, 0x07, 0xCC, 0x07, 0xD4, 0x07, 0xBB, 0x07, 0xBF, 0x07, 0xC3, 0x07, 0xCF, 0x07, 0xC7, 0x07, 0xCB, 0x07, 0xD3, 0x07, 0xF8, 0x06, 0x24, 0x6D, 0x69, 0x6E, 0x65, 0x63, 0x72, 0x61, 0x66, 0x74, 0x3A, 0x70, 0x69, 0x6C, 0x6C, 0x61, 0x67, 0x65, 0x72, 0x5F, 0x70, 0x72, 0x65, 0x66, 0x65, 0x72, 0x72, 0x65, 0x64, 0x5F, 0x77, 0x65, 0x61, 0x70, 0x6F, 0x6E, 0x73, 0x01, 0xBC, 0x0A, 0x11, 0x6D, 0x69, 0x6E, 0x65, 0x63, 0x72, 0x61, 0x66, 0x74, 0x3A, 0x62, 0x75, 0x6E, 0x64, 0x6C, 0x65, 0x73, 0x11, 0x8D, 0x08, 0x9D, 0x08, 0x99, 0x08, 0x9A, 0x08, 0x97, 0x08, 0x95, 0x08, 0x9B, 0x08, 0x91, 0x08, 0x96, 0x08, 0x93, 0x08, 0x90, 0x08, 0x8F, 0x08, 0x94, 0x08, 0x98, 0x08, 0x9C, 0x08, 0x92, 0x08, 0x8E, 0x08, 0x0F, 0x6D, 0x69, 0x6E, 0x65, 0x63, 0x72, 0x61, 0x66, 0x74, 0x3A, 0x64, 0x6F, 0x6F, 0x72, 0x73, 0x15, 0x8D, 0x06, 0x8E, 0x06, 0x8F, 0x06, 0x90, 0x06, 0x91, 0x06, 0x93, 0x06, 0x94, 0x06, 0x97, 0x06, 0x98, 0x06, 0x95, 0x06, 0x96, 0x06, 0x92, 0x06, 0x99, 0x06, 0x9A, 0x06, 0x9B, 0x06, 0x9C, 0x06, 0x9D, 0x06, 0x9E, 0x06, 0x9F, 0x06, 0xA0, 0x06, 0x8C, 0x06, 0x11, 0x6D, 0x69, 0x6E, 0x65, 0x63, 0x72, 0x61, 0x66, 0x74, 0x3A, 0x62, 0x61, 0x6E, 0x6E, 0x65, 0x72, 0x73, 0x10, 0xF3, 0x09, 0xF4, 0x09, 0xF5, 0x09, 0xF6, 0x09, 0xF7, 0x09, 0xF8, 0x09, 0xF9, 0x09, 0xFA, 0x09, 0xFB, 0x09, 0xFC, 0x09, 0xFD, 0x09, 0xFE, 0x09, 0xFF, 0x09, 0x80, 0x0A, 0x81, 0x0A, 0x82, 0x0A, 0x16, 0x6D, 0x69, 0x6E, 0x65, 0x63, 0x72, 0x61, 0x66, 0x74, 0x3A, 0x62, 0x72, 0x65, 0x77, 0x69, 0x6E, 0x67, 0x5F, 0x66, 0x75, 0x65, 0x6C, 0x01, 0xE5, 0x08, 0x19, 0x6D, 0x69, 0x6E, 0x65, 0x63, 0x72, 0x61, 0x66, 0x74, 0x3A, 0x73, 0x6D, 0x65, 0x6C, 0x74, 0x73, 0x5F, 0x74, 0x6F, 0x5F, 0x67, 0x6C, 0x61, 0x73, 0x73, 0x02, 0x3B, 0x3E, 0x17, 0x6D, 0x69, 0x6E, 0x65, 0x63, 0x72, 0x61, 0x66, 0x74, 0x3A, 0x77, 0x6F, 0x6F, 0x64, 0x65, 0x6E, 0x5F, 0x66, 0x65, 0x6E, 0x63, 0x65, 0x73, 0x0C, 0xD9, 0x02, 0xDD, 0x02, 0xDF, 0x02, 0xE0, 0x02, 0xDA, 0x02, 0xDB, 0x02, 0xDC, 0x02, 0xE3, 0x02, 0xE4, 0x02, 0xE1, 0x02, 0xE2, 0x02, 0xDE, 0x02, 0x22, 0x6D, 0x69, 0x6E, 0x65, 0x63, 0x72, 0x61, 0x66, 0x74, 0x3A, 0x76, 0x69, 0x6C, 0x6C, 0x61, 0x67, 0x65, 0x72, 0x5F, 0x70, 0x6C, 0x61, 0x6E, 0x74, 0x61, 0x62, 0x6C, 0x65, 0x5F, 0x73, 0x65, 0x65, 0x64, 0x73, 0x06, 0xB8, 0x07, 0xCD, 0x09, 0xCC, 0x09, 0x89, 0x0A, 0x86, 0x0A, 0x87, 0x0A, 0x13, 0x6D, 0x69, 0x6E, 0x65, 0x63, 0x72, 0x61, 0x66, 0x74, 0x3A, 0x6C, 0x65, 0x67, 0x5F, 0x61, 0x72, 0x6D, 0x6F, 0x72, 0x07, 0xBD, 0x07, 0xC1, 0x07, 0xC5, 0x07, 0xD1, 0x07, 0xC9, 0x07, 0xCD, 0x07, 0xD5, 0x07, 0x20, 0x6D, 0x69, 0x6E, 0x65, 0x63, 0x72, 0x61, 0x66, 0x74, 0x3A, 0x65, 0x6E, 0x63, 0x68, 0x61, 0x6E, 0x74, 0x61, 0x62, 0x6C, 0x65, 0x2F, 0x66, 0x6F, 0x6F, 0x74, 0x5F, 0x61, 0x72, 0x6D, 0x6F, 0x72, 0x07, 0xBE, 0x07, 0xC2, 0x07, 0xC6, 0x07, 0xD2, 0x07, 0xCA, 0x07, 0xCE, 0x07, 0xD6, 0x07, 0x1C, 0x6D, 0x69, 0x6E, 0x65, 0x63, 0x72, 0x61, 0x66, 0x74, 0x3A, 0x64, 0x61, 0x6D, 0x70, 0x65, 0x6E, 0x73, 0x5F, 0x76, 0x69, 0x62, 0x72, 0x61, 0x74, 0x69, 0x6F, 0x6E, 0x73, 0x20, 0xD5, 0x01, 0xD6, 0x01, 0xD7, 0x01, 0xD8, 0x01, 0xD9, 0x01, 0xDA, 0x01, 0xDB, 0x01, 0xDC, 0x01, 0xDD, 0x01, 0xDE, 0x01, 0xDF, 0x01, 0xE0, 0x01, 0xE1, 0x01, 0xE2, 0x01, 0xE3, 0x01, 0xE4, 0x01, 0xFA, 0x03, 0xFB, 0x03, 0xFC, 0x03, 0xFD, 0x03, 0xFE, 0x03, 0xFF, 0x03, 0x80, 0x04, 0x81, 0x04, 0x82, 0x04, 0x83, 0x04, 0x84, 0x04, 0x85, 0x04, 0x86, 0x04, 0x87, 0x04, 0x88, 0x04, 0x89, 0x04, 0x17, 0x6D, 0x69, 0x6E, 0x65, 0x63, 0x72, 0x61, 0x66, 0x74, 0x3A, 0x6D, 0x65, 0x74, 0x61, 0x6C, 0x5F, 0x6E, 0x75, 0x67, 0x67, 0x65, 0x74, 0x73, 0x03, 0x9B, 0x0A, 0x9A, 0x0A, 0xDF, 0x08, 0x10, 0x6D, 0x69, 0x6E, 0x65, 0x63, 0x72, 0x61, 0x66, 0x74, 0x3A, 0x63, 0x6F, 0x70, 0x70, 0x65, 0x72, 0x08, 0x5B, 0x5F, 0x60, 0x61, 0x72, 0x73, 0x74, 0x75, 0x1B, 0x6D, 0x69, 0x6E, 0x65, 0x63, 0x72, 0x61, 0x66, 0x74, 0x3A, 0x6C, 0x6C, 0x61, 0x6D, 0x61, 0x5F, 0x74, 0x65, 0x6D, 0x70, 0x74, 0x5F, 0x69, 0x74, 0x65, 0x6D, 0x73, 0x01, 0xF9, 0x03, 0x0F, 0x6D, 0x69, 0x6E, 0x65, 0x63, 0x72, 0x61, 0x66, 0x74, 0x3A, 0x73, 0x69, 0x67, 0x6E, 0x73, 0x0C, 0xDD, 0x07, 0xDE, 0x07, 0xDF, 0x07, 0xE1, 0x07, 0xE0, 0x07, 0xE3, 0x07, 0xE4, 0x07, 0xE7, 0x07, 0xE8, 0x07, 0xE5, 0x07, 0xE6, 0x07, 0xE2, 0x07, 0x10, 0x6D, 0x69, 0x6E, 0x65, 0x63, 0x72, 0x61, 0x66, 0x74, 0x3A, 0x66, 0x69, 0x73, 0x68, 0x65, 0x73, 0x06, 0xA2, 0x08, 0xA6, 0x08, 0xA3, 0x08, 0xA7, 0x08, 0xA5, 0x08, 0xA4, 0x08, 0x1B, 0x6D, 0x69, 0x6E, 0x65, 0x63, 0x72, 0x61, 0x66, 0x74, 0x3A, 0x7A, 0x6F, 0x6D, 0x62, 0x69, 0x65, 0x5F, 0x68, 0x6F, 0x72, 0x73, 0x65, 0x5F, 0x66, 0x6F, 0x6F, 0x64, 0x01, 0xF9, 0x01, 0x1D, 0x6D, 0x69, 0x6E, 0x65, 0x63, 0x72, 0x61, 0x66, 0x74, 0x3A, 0x65, 0x6E, 0x63, 0x68, 0x61, 0x6E, 0x74, 0x61, 0x62, 0x6C, 0x65, 0x2F, 0x74, 0x72, 0x69, 0x64, 0x65, 0x6E, 0x74, 0x01, 0xB4, 0x0A, 0x22, 0x6D, 0x69, 0x6E, 0x65, 0x63, 0x72, 0x61, 0x66, 0x74, 0x3A, 0x65, 0x6E, 0x63, 0x68, 0x61, 0x6E, 0x74, 0x61, 0x62, 0x6C, 0x65, 0x2F, 0x73, 0x68, 0x61, 0x72, 0x70, 0x5F, 0x77, 0x65, 0x61, 0x70, 0x6F, 0x6E, 0x15, 0xA9, 0x07, 0x9A, 0x07, 0x9F, 0x07, 0xAE, 0x07, 0x90, 0x07, 0xA4, 0x07, 0x95, 0x07, 0x96, 0x0A, 0x92, 0x0A, 0x95, 0x0A, 0x97, 0x0A, 0x91, 0x0A, 0x94, 0x0A, 0x93, 0x0A, 0xAC, 0x07, 0x9D, 0x07, 0xA2, 0x07, 0xB1, 0x07, 0x93, 0x07, 0xA7, 0x07, 0x98, 0x07, 0x21, 0x6D, 0x69, 0x6E, 0x65, 0x63, 0x72, 0x61, 0x66, 0x74, 0x3A, 0x65, 0x6E, 0x63, 0x68, 0x61, 0x6E, 0x74, 0x61, 0x62, 0x6C, 0x65, 0x2F, 0x6D, 0x69, 0x6E, 0x69, 0x6E, 0x67, 0x5F, 0x6C, 0x6F, 0x6F, 0x74, 0x1C, 0xAC, 0x07, 0x9D, 0x07, 0xA2, 0x07, 0xB1, 0x07, 0x93, 0x07, 0xA7, 0x07, 0x98, 0x07, 0xAB, 0x07, 0x9C, 0x07, 0xA1, 0x07, 0xB0, 0x07, 0x92, 0x07, 0xA6, 0x07, 0x97, 0x07, 0xAA, 0x07, 0x9B, 0x07, 0xA0, 0x07, 0xAF, 0x07, 0x91, 0x07, 0xA5, 0x07, 0x96, 0x07, 0xAD, 0x07, 0x9E, 0x07, 0xA3, 0x07, 0xB2, 0x07, 0x94, 0x07, 0xA8, 0x07, 0x99, 0x07, 0x1F, 0x6D, 0x69, 0x6E, 0x65, 0x63, 0x72, 0x61, 0x66, 0x74, 0x3A, 0x65, 0x6E, 0x63, 0x68, 0x61, 0x6E, 0x74, 0x61, 0x62, 0x6C, 0x65, 0x2F, 0x76, 0x61, 0x6E, 0x69, 0x73, 0x68, 0x69, 0x6E, 0x67, 0x5C, 0xBE, 0x07, 0xC2, 0x07, 0xC6, 0x07, 0xD2, 0x07, 0xCA, 0x07, 0xCE, 0x07, 0xD6, 0x07, 0xBD, 0x07, 0xC1, 0x07, 0xC5, 0x07, 0xD1, 0x07, 0xC9, 0x07, 0xCD, 0x07, 0xD5, 0x07, 0xBC, 0x07, 0xC0, 0x07, 0xC4, 0x07, 0xD0, 0x07, 0xC8, 0x07, 0xCC, 0x07, 0xD4, 0x07, 0xBB, 0x07, 0xBF, 0x07, 0xC3, 0x07, 0xCF, 0x07, 0xC7, 0x07, 0xCB, 0x07, 0xD3, 0x07, 0xF8, 0x06, 0xDF, 0x06, 0x90, 0x0A, 0xA9, 0x07, 0x9A, 0x07, 0x9F, 0x07, 0xAE, 0x07, 0x90, 0x07, 0xA4, 0x07, 0x95, 0x07, 0xAC, 0x07, 0x9D, 0x07, 0xA2, 0x07, 0xB1, 0x07, 0x93, 0x07, 0xA7, 0x07, 0x98, 0x07, 0xAB, 0x07, 0x9C, 0x07, 0xA1, 0x07, 0xB0, 0x07, 0x92, 0x07, 0xA6, 0x07, 0x97, 0x07, 0xAA, 0x07, 0x9B, 0x07, 0xA0, 0x07, 0xAF, 0x07, 0x91, 0x07, 0xA5, 0x07, 0x96, 0x07, 0xAD, 0x07, 0x9E, 0x07, 0xA3, 0x07, 0xB2, 0x07, 0x94, 0x07, 0xA8, 0x07, 0x99, 0x07, 0xFF, 0x06, 0xBC, 0x0A, 0xB4, 0x0A, 0xFC, 0x06, 0xD2, 0x08, 0x92, 0x0B, 0x9E, 0x08, 0xDC, 0x06, 0xDD, 0x06, 0xC8, 0x09, 0x96, 0x0A, 0x92, 0x0A, 0x95, 0x0A, 0x97, 0x0A, 0x91, 0x0A, 0x94, 0x0A, 0x93, 0x0A, 0x8B, 0x08, 0xE6, 0x02, 0xD4, 0x09, 0xD6, 0x09, 0xD5, 0x09, 0xD2, 0x09, 0xD3, 0x09, 0xD7, 0x09, 0xD8, 0x09, 0x17, 0x6D, 0x69, 0x6E, 0x65, 0x63, 0x72, 0x61, 0x66, 0x74, 0x3A, 0x68, 0x61, 0x6E, 0x67, 0x69, 0x6E, 0x67, 0x5F, 0x73, 0x69, 0x67, 0x6E, 0x73, 0x0C, 0xE9, 0x07, 0xEA, 0x07, 0xEB, 0x07, 0xED, 0x07, 0xEE, 0x07, 0xEC, 0x07, 0xEF, 0x07, 0xF0, 0x07, 0xF3, 0x07, 0xF4, 0x07, 0xF1, 0x07, 0xF2, 0x07, 0x13, 0x6D, 0x69, 0x6E, 0x65, 0x63, 0x72, 0x61, 0x66, 0x74, 0x3A, 0x74, 0x72, 0x61, 0x70, 0x64, 0x6F, 0x6F, 0x72, 0x73, 0x15, 0xA6, 0x06, 0xA4, 0x06, 0xA8, 0x06, 0xA9, 0x06, 0xA5, 0x06, 0xA2, 0x06, 0xA3, 0x06, 0xAC, 0x06, 0xAD, 0x06, 0xAA, 0x06, 0xAB, 0x06, 0xA7, 0x06, 0xA1, 0x06, 0xAE, 0x06, 0xAF, 0x06, 0xB0, 0x06, 0xB1, 0x06, 0xB2, 0x06, 0xB3, 0x06, 0xB4, 0x06, 0xB5, 0x06, 0x17, 0x6D, 0x69, 0x6E, 0x65, 0x63, 0x72, 0x61, 0x66, 0x74, 0x3A, 0x72, 0x65, 0x64, 0x73, 0x74, 0x6F, 0x6E, 0x65, 0x5F, 0x6F, 0x72, 0x65, 0x73, 0x02, 0x48, 0x49, 0x1B, 0x6D, 0x69, 0x6E, 0x65, 0x63, 0x72, 0x61, 0x66, 0x74, 0x3A, 0x64, 0x75, 0x70, 0x6C, 0x69, 0x63, 0x61, 0x74, 0x65, 0x73, 0x5F, 0x61, 0x6C, 0x6C, 0x61, 0x79, 0x73, 0x01, 0x87, 0x07, 0x15, 0x6D, 0x69, 0x6E, 0x65, 0x63, 0x72, 0x61, 0x66, 0x74, 0x3A, 0x63, 0x68, 0x65, 0x72, 0x72, 0x79, 0x5F, 0x6C, 0x6F, 0x67, 0x73, 0x04, 0x8B, 0x01, 0xB0, 0x01, 0x99, 0x01, 0xA4, 0x01, 0x0E, 0x6D, 0x69, 0x6E, 0x65, 0x63, 0x72, 0x61, 0x66, 0x74, 0x3A, 0x62, 0x61, 0x72, 0x73, 0x09, 0x87, 0x03, 0x88, 0x03, 0x8C, 0x03, 0x89, 0x03, 0x8D, 0x03, 0x8A, 0x03, 0x8E, 0x03, 0x8B, 0x03, 0x8F, 0x03, 0x0F, 0x6D, 0x69, 0x6E, 0x65, 0x63, 0x72, 0x61, 0x66, 0x74, 0x3A, 0x62, 0x6F, 0x61, 0x74, 0x73, 0x14, 0xE0, 0x06, 0xE2, 0x06, 0xE4, 0x06, 0xE6, 0x06, 0xE8, 0x06, 0xEC, 0x06, 0xEE, 0x06, 0xF0, 0x06, 0xF2, 0x06, 0xEA, 0x06, 0xE1, 0x06, 0xE3, 0x06, 0xE5, 0x06, 0xE7, 0x06, 0xE9, 0x06, 0xED, 0x06, 0xEF, 0x06, 0xF1, 0x06, 0xF3, 0x06, 0xEB, 0x06, 0x24, 0x6D, 0x69, 0x6E, 0x65, 0x63, 0x72, 0x61, 0x66, 0x74, 0x3A, 0x73, 0x6B, 0x65, 0x6C, 0x65, 0x74, 0x6F, 0x6E, 0x5F, 0x70, 0x72, 0x65, 0x66, 0x65, 0x72, 0x72, 0x65, 0x64, 0x5F, 0x77, 0x65, 0x61, 0x70, 0x6F, 0x6E, 0x73, 0x01, 0xFF, 0x06, 0x13, 0x6D, 0x69, 0x6E, 0x65, 0x63, 0x72, 0x61, 0x66, 0x74, 0x3A, 0x66, 0x72, 0x6F, 0x67, 0x5F, 0x66, 0x6F, 0x6F, 0x64, 0x01, 0x87, 0x08, 0x1A, 0x6D, 0x69, 0x6E, 0x65, 0x63, 0x72, 0x61, 0x66, 0x74, 0x3A, 0x68, 0x61, 0x70, 0x70, 0x79, 0x5F, 0x67, 0x68, 0x61, 0x73, 0x74, 0x5F, 0x66, 0x6F, 0x6F, 0x64, 0x01, 0xF9, 0x07, 0x10, 0x6D, 0x69, 0x6E, 0x65, 0x63, 0x72, 0x61, 0x66, 0x74, 0x3A, 0x6C, 0x65, 0x61, 0x76, 0x65, 0x73, 0x0B, 0xB9, 0x01, 0xB6, 0x01, 0xB7, 0x01, 0xBD, 0x01, 0xBC, 0x01, 0xBA, 0x01, 0xB8, 0x01, 0xBF, 0x01, 0xC0, 0x01, 0xBE, 0x01, 0xBB, 0x01, 0x0F, 0x6D, 0x69, 0x6E, 0x65, 0x63, 0x72, 0x61, 0x66, 0x74, 0x3A, 0x77, 0x61, 0x6C, 0x6C, 0x73, 0x1A, 0xC9, 0x03, 0xCA, 0x03, 0xCB, 0x03, 0xCC, 0x03, 0xCD, 0x03, 0xCE, 0x03, 0xCF, 0x03, 0xD0, 0x03, 0xD2, 0x03, 0xD3, 0x03, 0xD4, 0x03, 0xD5, 0x03, 0xD6, 0x03, 0xD7, 0x03, 0xD8, 0x03, 0xDA, 0x03, 0xD9, 0x03, 0xDB, 0x03, 0xDC, 0x03, 0xDE, 0x03, 0xDD, 0x03, 0xD1, 0x03, 0x0F, 0x14, 0x18, 0xA2, 0x03, 0x21, 0x6D, 0x69, 0x6E, 0x65, 0x63, 0x72, 0x61, 0x66, 0x74, 0x3A, 0x67, 0x61, 0x7A, 0x65, 0x5F, 0x64, 0x69, 0x73, 0x67, 0x75, 0x69, 0x73, 0x65, 0x5F, 0x65, 0x71, 0x75, 0x69, 0x70, 0x6D, 0x65, 0x6E, 0x74, 0x01, 0xE6, 0x02, 0x18, 0x6D, 0x69, 0x6E, 0x65, 0x63, 0x72, 0x61, 0x66, 0x74, 0x3A, 0x61, 0x72, 0x6D, 0x61, 0x64, 0x69, 0x6C, 0x6C, 0x6F, 0x5F, 0x66, 0x6F, 0x6F, 0x64, 0x01, 0xE3, 0x08, 0x15, 0x6D, 0x69, 0x6E, 0x65, 0x63, 0x72, 0x61, 0x66, 0x74, 0x3A, 0x61, 0x63, 0x61, 0x63, 0x69, 0x61, 0x5F, 0x6C, 0x6F, 0x67, 0x73, 0x04, 0x8A, 0x01, 0xAF, 0x01, 0x98, 0x01, 0xA3, 0x01, 0x16, 0x6D, 0x69, 0x6E, 0x65, 0x63, 0x72, 0x61, 0x66, 0x74, 0x3A, 0x70, 0x69, 0x67, 0x6C, 0x69, 0x6E, 0x5F, 0x6C, 0x6F, 0x76, 0x65, 0x64, 0x1C, 0x46, 0x50, 0x47, 0x5C, 0xED, 0x0A, 0xFE, 0x05, 0x8D, 0x07, 0xD3, 0x0A, 0x9F, 0x08, 0xD1, 0x09, 0xEA, 0x08, 0xDB, 0x07, 0xDC, 0x07, 0xCF, 0x07, 0xD0, 0x07, 0xD1, 0x07, 0xD2, 0x07, 0xEA, 0x09, 0xB7, 0x0A, 0x9F, 0x07, 0x95, 0x0A, 0xA1, 0x07, 0xA0, 0x07, 0xA2, 0x07, 0xA3, 0x07, 0x8C, 0x07, 0x56, 0xE6, 0x01, 0x14, 0x6D, 0x69, 0x6E, 0x65, 0x63, 0x72, 0x61, 0x66, 0x74, 0x3A, 0x73, 0x68, 0x65, 0x65, 0x70, 0x5F, 0x66, 0x6F, 0x6F, 0x64, 0x01, 0xB9, 0x07, 0x10, 0x6D, 0x69, 0x6E, 0x65, 0x63, 0x72, 0x61, 0x66, 0x74, 0x3A, 0x63, 0x68, 0x61, 0x69, 0x6E, 0x73, 0x09, 0x90, 0x03, 0x91, 0x03, 0x95, 0x03, 0x92, 0x03, 0x96, 0x03, 0x93, 0x03, 0x97, 0x03, 0x94, 0x03, 0x98, 0x03, 0x12, 0x6D, 0x69, 0x6E, 0x65, 0x63, 0x72, 0x61, 0x66, 0x74, 0x3A, 0x62, 0x65, 0x65, 0x5F, 0x66, 0x6F, 0x6F, 0x64, 0x1D, 0xE5, 0x01, 0xE7, 0x01, 0xE9, 0x01, 0xEA, 0x01, 0xEB, 0x01, 0xEC, 0x01, 0xED, 0x01, 0xEE, 0x01, 0xEF, 0x01, 0xF0, 0x01, 0xF1, 0x01, 0xF2, 0x01, 0xF3, 0x01, 0xF4, 0x01, 0xF5, 0x01, 0x8D, 0x04, 0x8E, 0x04, 0x90, 0x04, 0x8F, 0x04, 0xF6, 0x01, 0xC0, 0x01, 0xCE, 0x01, 0x39, 0xBB, 0x01, 0x83, 0x02, 0x84, 0x02, 0xC6, 0x02, 0xF7, 0x01, 0xD6, 0x02, 0x0E, 0x6D, 0x69, 0x6E, 0x65, 0x63, 0x72, 0x61, 0x66, 0x74, 0x3A, 0x73, 0x61, 0x6E, 0x64, 0x03, 0x3B, 0x3E, 0x3C, 0x15, 0x6D, 0x69, 0x6E, 0x65, 0x63, 0x72, 0x61, 0x66, 0x74, 0x3A, 0x63, 0x6F, 0x70, 0x70, 0x65, 0x72, 0x5F, 0x6F, 0x72, 0x65, 0x73, 0x02, 0x44, 0x45, 0x18, 0x6D, 0x69, 0x6E, 0x65, 0x63, 0x72, 0x61, 0x66, 0x74, 0x3A, 0x6C, 0x6F, 0x67, 0x73, 0x5F, 0x74, 0x68, 0x61, 0x74, 0x5F, 0x62, 0x75, 0x72, 0x6E, 0x24, 0x8D, 0x01, 0xB2, 0x01, 0x9A, 0x01, 0xA5, 0x01, 0x8C, 0x01, 0xB1, 0x01, 0x9B, 0x01, 0xA6, 0x01, 0x86, 0x01, 0xAB, 0x01, 0x94, 0x01, 0x9F, 0x01, 0x8A, 0x01, 0xAF, 0x01, 0x98, 0x01, 0xA3, 0x01, 0x88, 0x01, 0xAD, 0x01, 0x96, 0x01, 0xA1, 0x01, 0x89, 0x01, 0xAE, 0x01, 0x97, 0x01, 0xA2, 0x01, 0x87, 0x01, 0xAC, 0x01, 0x95, 0x01, 0xA0, 0x01, 0x8E, 0x01, 0xB3, 0x01, 0x9C, 0x01, 0xA7, 0x01, 0x8B, 0x01, 0xB0, 0x01, 0x99, 0x01, 0xA4, 0x01, 0x18, 0x6D, 0x69, 0x6E, 0x65, 0x63, 0x72, 0x61, 0x66, 0x74, 0x3A, 0x6C, 0x69, 0x67, 0x68, 0x74, 0x6E, 0x69, 0x6E, 0x67, 0x5F, 0x72, 0x6F, 0x64, 0x73, 0x08, 0xDE, 0x05, 0xDF, 0x05, 0xE0, 0x05, 0xE1, 0x05, 0xE2, 0x05, 0xE3, 0x05, 0xE4, 0x05, 0xE5, 0x05, 0x20, 0x6D, 0x69, 0x6E, 0x65, 0x63, 0x72, 0x61, 0x66, 0x74, 0x3A, 0x64, 0x69, 0x61, 0x6D, 0x6F, 0x6E, 0x64, 0x5F, 0x74, 0x6F, 0x6F, 0x6C, 0x5F, 0x6D, 0x61, 0x74, 0x65, 0x72, 0x69, 0x61, 0x6C, 0x73, 0x01, 0x83, 0x07, 0x12, 0x6D, 0x69, 0x6E, 0x65, 0x63, 0x72, 0x61, 0x66, 0x74, 0x3A, 0x70, 0x69, 0x63, 0x6B, 0x61, 0x78, 0x65, 0x73, 0x07, 0xAB, 0x07, 0x9C, 0x07, 0xA1, 0x07, 0xB0, 0x07, 0x92, 0x07, 0xA6, 0x07, 0x97, 0x07, 0x14, 0x6D, 0x69, 0x6E, 0x65, 0x63, 0x72, 0x61, 0x66, 0x74, 0x3A, 0x68, 0x65, 0x61, 0x64, 0x5F, 0x61, 0x72, 0x6D, 0x6F, 0x72, 0x08, 0xBB, 0x07, 0xBF, 0x07, 0xC3, 0x07, 0xCF, 0x07, 0xC7, 0x07, 0xCB, 0x07, 0xD3, 0x07, 0xF8, 0x06, 0x17, 0x6D, 0x69, 0x6E, 0x65, 0x63, 0x72, 0x61, 0x66, 0x74, 0x3A, 0x6C, 0x6F, 0x6F, 0x6D, 0x5F, 0x70, 0x61, 0x74, 0x74, 0x65, 0x72, 0x6E, 0x73, 0x0A, 0xBF, 0x0A, 0xC0, 0x0A, 0xC1, 0x0A, 0xC2, 0x0A, 0xC3, 0x0A, 0xC4, 0x0A, 0xC5, 0x0A, 0xC6, 0x0A, 0xC7, 0x0A, 0xC8, 0x0A, 0x1E, 0x6D, 0x69, 0x6E, 0x65, 0x63, 0x72, 0x61, 0x66, 0x74, 0x3A, 0x62, 0x65, 0x61, 0x63, 0x6F, 0x6E, 0x5F, 0x70, 0x61, 0x79, 0x6D, 0x65, 0x6E, 0x74, 0x5F, 0x69, 0x74, 0x65, 0x6D, 0x73, 0x05, 0x8E, 0x07, 0x84, 0x07, 0x83, 0x07, 0x8D, 0x07, 0x89, 0x07, 0x1E, 0x6D, 0x69, 0x6E, 0x65, 0x63, 0x72, 0x61, 0x66, 0x74, 0x3A, 0x65, 0x6E, 0x63, 0x68, 0x61, 0x6E, 0x74, 0x61, 0x62, 0x6C, 0x65, 0x2F, 0x73, 0x77, 0x65, 0x65, 0x70, 0x69, 0x6E, 0x67, 0x07, 0xA9, 0x07, 0x9A, 0x07, 0x9F, 0x07, 0xAE, 0x07, 0x90, 0x07, 0xA4, 0x07, 0x95, 0x07, 0x16, 0x6D, 0x69, 0x6E, 0x65, 0x63, 0x72, 0x61, 0x66, 0x74, 0x3A, 0x77, 0x6F, 0x6F, 0x64, 0x65, 0x6E, 0x5F, 0x73, 0x6C, 0x61, 0x62, 0x73, 0x0C, 0x8F, 0x02, 0x90, 0x02, 0x91, 0x02, 0x92, 0x02, 0x93, 0x02, 0x95, 0x02, 0x96, 0x02, 0x9A, 0x02, 0x9B, 0x02, 0x97, 0x02, 0x98, 0x02, 0x94, 0x02, 0x13, 0x6D, 0x69, 0x6E, 0x65, 0x63, 0x72, 0x61, 0x66, 0x74, 0x3A, 0x63, 0x6F, 0x61, 0x6C, 0x5F, 0x6F, 0x72, 0x65, 0x73, 0x02, 0x40, 0x41, 0x1F, 0x6D, 0x69, 0x6E, 0x65, 0x63, 0x72, 0x61, 0x66, 0x74, 0x3A, 0x63, 0x6F, 0x70, 0x70, 0x65, 0x72, 0x5F, 0x74, 0x6F, 0x6F, 0x6C, 0x5F, 0x6D, 0x61, 0x74, 0x65, 0x72, 0x69, 0x61, 0x6C, 0x73, 0x01, 0x8B, 0x07, 0x17, 0x6D, 0x69, 0x6E, 0x65, 0x63, 0x72, 0x61, 0x66, 0x74, 0x3A, 0x73, 0x6D, 0x61, 0x6C, 0x6C, 0x5F, 0x66, 0x6C, 0x6F, 0x77, 0x65, 0x72, 0x73, 0x11, 0xE5, 0x01, 0xE7, 0x01, 0xE9, 0x01, 0xEA, 0x01, 0xEB, 0x01, 0xEC, 0x01, 0xED, 0x01, 0xEE, 0x01, 0xEF, 0x01, 0xF0, 0x01, 0xF1, 0x01, 0xF2, 0x01, 0xF3, 0x01, 0xF4, 0x01, 0xF5, 0x01, 0xE8, 0x01, 0xE6, 0x01, 0x1F, 0x6D, 0x69, 0x6E, 0x65, 0x63, 0x72, 0x61, 0x66, 0x74, 0x3A, 0x70, 0x61, 0x72, 0x72, 0x6F, 0x74, 0x5F, 0x70, 0x6F, 0x69, 0x73, 0x6F, 0x6E, 0x6F, 0x75, 0x73, 0x5F, 0x66, 0x6F, 0x6F, 0x64, 0x01, 0xCF, 0x08, 0x1A, 0x6D, 0x69, 0x6E, 0x65, 0x63, 0x72, 0x61, 0x66, 0x74, 0x3A, 0x77, 0x6F, 0x6F, 0x64, 0x65, 0x6E, 0x5F, 0x74, 0x72, 0x61, 0x70, 0x64, 0x6F, 0x6F, 0x72, 0x73, 0x0C, 0xA6, 0x06, 0xA4, 0x06, 0xA8, 0x06, 0xA9, 0x06, 0xA5, 0x06, 0xA2, 0x06, 0xA3, 0x06, 0xAC, 0x06, 0xAD, 0x06, 0xAA, 0x06, 0xAB, 0x06, 0xA7, 0x06, 0x1F, 0x6D, 0x69, 0x6E, 0x65, 0x63, 0x72, 0x61, 0x66, 0x74, 0x3A, 0x72, 0x65, 0x70, 0x61, 0x69, 0x72, 0x73, 0x5F, 0x6C, 0x65, 0x61, 0x74, 0x68, 0x65, 0x72, 0x5F, 0x61, 0x72, 0x6D, 0x6F, 0x72, 0x01, 0xFA, 0x07, 0x21, 0x6D, 0x69, 0x6E, 0x65, 0x63, 0x72, 0x61, 0x66, 0x74, 0x3A, 0x68, 0x61, 0x70, 0x70, 0x79, 0x5F, 0x67, 0x68, 0x61, 0x73, 0x74, 0x5F, 0x74, 0x65, 0x6D, 0x70, 0x74, 0x5F, 0x69, 0x74, 0x65, 0x6D, 0x73, 0x11, 0xF9, 0x07, 0xC7, 0x06, 0xC8, 0x06, 0xC9, 0x06, 0xCA, 0x06, 0xCB, 0x06, 0xCC, 0x06, 0xCD, 0x06, 0xCE, 0x06, 0xCF, 0x06, 0xD0, 0x06, 0xD1, 0x06, 0xD2, 0x06, 0xD3, 0x06, 0xD4, 0x06, 0xD5, 0x06, 0xD6, 0x06, 0x19, 0x6D, 0x69, 0x6E, 0x65, 0x63, 0x72, 0x61, 0x66, 0x74, 0x3A, 0x63, 0x61, 0x6D, 0x65, 0x6C, 0x5F, 0x68, 0x75, 0x73, 0x6B, 0x5F, 0x66, 0x6F, 0x6F, 0x64, 0x01, 0xE5, 0x09, 0x1F, 0x6D, 0x69, 0x6E, 0x65, 0x63, 0x72, 0x61, 0x66, 0x74, 0x3A, 0x72, 0x65, 0x70, 0x61, 0x69, 0x72, 0x73, 0x5F, 0x64, 0x69, 0x61, 0x6D, 0x6F, 0x6E, 0x64, 0x5F, 0x61, 0x72, 0x6D, 0x6F, 0x72, 0x01, 0x83, 0x07, 0x18, 0x6D, 0x69, 0x6E, 0x65, 0x63, 0x72, 0x61, 0x66, 0x74, 0x3A, 0x77, 0x6F, 0x6F, 0x64, 0x65, 0x6E, 0x5F, 0x73, 0x68, 0x65, 0x6C, 0x76, 0x65, 0x73, 0x0C, 0xB2, 0x02, 0xB3, 0x02, 0xB4, 0x02, 0xB5, 0x02, 0xB6, 0x02, 0xB7, 0x02, 0xB8, 0x02, 0xB9, 0x02, 0xBA, 0x02, 0xBB, 0x02, 0xBC, 0x02, 0xBD, 0x02, 0x19, 0x6D, 0x69, 0x6E, 0x65, 0x63, 0x72, 0x61, 0x66, 0x74, 0x3A, 0x74, 0x72, 0x69, 0x6D, 0x6D, 0x61, 0x62, 0x6C, 0x65, 0x5F, 0x61, 0x72, 0x6D, 0x6F, 0x72, 0x1D, 0xBE, 0x07, 0xC2, 0x07, 0xC6, 0x07, 0xD2, 0x07, 0xCA, 0x07, 0xCE, 0x07, 0xD6, 0x07, 0xBD, 0x07, 0xC1, 0x07, 0xC5, 0x07, 0xD1, 0x07, 0xC9, 0x07, 0xCD, 0x07, 0xD5, 0x07, 0xBC, 0x07, 0xC0, 0x07, 0xC4, 0x07, 0xD0, 0x07, 0xC8, 0x07, 0xCC, 0x07, 0xD4, 0x07, 0xBB, 0x07, 0xBF, 0x07, 0xC3, 0x07, 0xCF, 0x07, 0xC7, 0x07, 0xCB, 0x07, 0xD3, 0x07, 0xF8, 0x06, 0x1B, 0x6D, 0x69, 0x6E, 0x65, 0x63, 0x72, 0x61, 0x66, 0x74, 0x3A, 0x70, 0x69, 0x67, 0x6C, 0x69, 0x6E, 0x5F, 0x73, 0x61, 0x66, 0x65, 0x5F, 0x61, 0x72, 0x6D, 0x6F, 0x72, 0x04, 0xCF, 0x07, 0xD0, 0x07, 0xD1, 0x07, 0xD2, 0x07, 0x1A, 0x6D, 0x69, 0x6E, 0x65, 0x63, 0x72, 0x61, 0x66, 0x74, 0x3A, 0x65, 0x6E, 0x63, 0x68, 0x61, 0x6E, 0x74, 0x61, 0x62, 0x6C, 0x65, 0x2F, 0x6D, 0x61, 0x63, 0x65, 0x01, 0xC8, 0x09, 0x1A, 0x6D, 0x69, 0x6E, 0x65, 0x63, 0x72, 0x61, 0x66, 0x74, 0x3A, 0x77, 0x6F, 0x6C, 0x66, 0x5F, 0x63, 0x6F, 0x6C, 0x6C, 0x61, 0x72, 0x5F, 0x64, 0x79, 0x65, 0x73, 0x10, 0xAB, 0x08, 0xAC, 0x08, 0xAD, 0x08, 0xAE, 0x08, 0xAF, 0x08, 0xB0, 0x08, 0xB1, 0x08, 0xB2, 0x08, 0xB3, 0x08, 0xB4, 0x08, 0xB5, 0x08, 0xB6, 0x08, 0xB7, 0x08, 0xB8, 0x08, 0xB9, 0x08, 0xBA, 0x08, 0x10, 0x6D, 0x69, 0x6E, 0x65, 0x63, 0x72, 0x61, 0x66, 0x74, 0x3A, 0x73, 0x74, 0x61, 0x69, 0x72, 0x73, 0x3A, 0xBA, 0x03, 0xBB, 0x03, 0xBC, 0x03, 0xBD, 0x03, 0xBE, 0x03, 0xC0, 0x03, 0xC1, 0x03, 0xC5, 0x03, 0xC6, 0x03, 0xC2, 0x03, 0xC3, 0x03, 0xBF, 0x03, 0xC4, 0x03, 0xD1, 0x02, 0xB7, 0x03, 0xAD, 0x03, 0xA5, 0x03, 0xA4, 0x03, 0xC9, 0x02, 0xE6, 0x03, 0xBD, 0x04, 0xB7, 0x04, 0xB6, 0x04, 0xB8, 0x04, 0xAA, 0x05, 0xAB, 0x05, 0xAC, 0x05, 0xAD, 0x05, 0xAE, 0x05, 0xAF, 0x05, 0xB0, 0x05, 0xB1, 0x05, 0xB2, 0x05, 0xB3, 0x05, 0xB4, 0x05, 0xB5, 0x05, 0xB6, 0x05, 0xB7, 0x05, 0xEC, 0x0A, 0xF4, 0x0A, 0xF0, 0x0A, 0xB8, 0x05, 0xB9, 0x05, 0xBB, 0x05, 0xBA, 0x05, 0x6D, 0x6C, 0x6B, 0x6A, 0x80, 0x01, 0x7F, 0x7E, 0x81, 0x01, 0xA6, 0x03, 0x0E, 0x13, 0x17, 0xA0, 0x03, 0x0E, 0x6D, 0x69, 0x6E, 0x65, 0x63, 0x72, 0x61, 0x66, 0x74, 0x3A, 0x6C, 0x6F, 0x67, 0x73, 0x2C, 0x8D, 0x01, 0xB2, 0x01, 0x9A, 0x01, 0xA5, 0x01, 0x8C, 0x01, 0xB1, 0x01, 0x9B, 0x01, 0xA6, 0x01, 0x86, 0x01, 0xAB, 0x01, 0x94, 0x01, 0x9F, 0x01, 0x8A, 0x01, 0xAF, 0x01, 0x98, 0x01, 0xA3, 0x01, 0x88, 0x01, 0xAD, 0x01, 0x96, 0x01, 0xA1, 0x01, 0x89, 0x01, 0xAE, 0x01, 0x97, 0x01, 0xA2, 0x01, 0x87, 0x01, 0xAC, 0x01, 0x95, 0x01, 0xA0, 0x01, 0x8E, 0x01, 0xB3, 0x01, 0x9C, 0x01, 0xA7, 0x01, 0x8B, 0x01, 0xB0, 0x01, 0x99, 0x01, 0xA4, 0x01, 0x91, 0x01, 0x9D, 0x01, 0xB4, 0x01, 0xA8, 0x01, 0x92, 0x01, 0x9E, 0x01, 0xB5, 0x01, 0xA9, 0x01, 0x22, 0x6D, 0x69, 0x6E, 0x65, 0x63, 0x72, 0x61, 0x66, 0x74, 0x3A, 0x63, 0x72, 0x65, 0x65, 0x70, 0x65, 0x72, 0x5F, 0x64, 0x72, 0x6F, 0x70, 0x5F, 0x6D, 0x75, 0x73, 0x69, 0x63, 0x5F, 0x64, 0x69, 0x73, 0x63, 0x73, 0x0C, 0x9E, 0x0A, 0x9F, 0x0A, 0xA0, 0x0A, 0xA1, 0x0A, 0xA4, 0x0A, 0xA6, 0x0A, 0xA7, 0x0A, 0xA8, 0x0A, 0xA9, 0x0A, 0xAA, 0x0A, 0xAB, 0x0A, 0xAC, 0x0A, 0x13, 0x6D, 0x69, 0x6E, 0x65, 0x63, 0x72, 0x61, 0x66, 0x74, 0x3A, 0x63, 0x6F, 0x6D, 0x70, 0x61, 0x73, 0x73, 0x65, 0x73, 0x02, 0x8B, 0x08, 0x8C, 0x08, 0x10, 0x6D, 0x69, 0x6E, 0x65, 0x63, 0x72, 0x61, 0x66, 0x74, 0x3A, 0x61, 0x72, 0x72, 0x6F, 0x77, 0x73, 0x03, 0x80, 0x07, 0x8E, 0x0A, 0x8D, 0x0A, 0x1F, 0x6D, 0x69, 0x6E, 0x65, 0x63, 0x72, 0x61, 0x66, 0x74, 0x3A, 0x66, 0x75, 0x72, 0x6E, 0x61, 0x63, 0x65, 0x5F, 0x6D, 0x69, 0x6E, 0x65, 0x63, 0x61, 0x72, 0x74, 0x5F, 0x66, 0x75, 0x65, 0x6C, 0x02, 0x81, 0x07, 0x82, 0x07, 0x1D, 0x6D, 0x69, 0x6E, 0x65, 0x63, 0x72, 0x61, 0x66, 0x74, 0x3A, 0x65, 0x6E, 0x63, 0x68, 0x61, 0x6E, 0x74, 0x61, 0x62, 0x6C, 0x65, 0x2F, 0x66, 0x69, 0x73, 0x68, 0x69, 0x6E, 0x67, 0x01, 0x9E, 0x08, 0x23, 0x6D, 0x69, 0x6E, 0x65, 0x63, 0x72, 0x61, 0x66, 0x74, 0x3A, 0x64, 0x65, 0x63, 0x6F, 0x72, 0x61, 0x74, 0x65, 0x64, 0x5F, 0x70, 0x6F, 0x74, 0x5F, 0x69, 0x6E, 0x67, 0x72, 0x65, 0x64, 0x69, 0x65, 0x6E, 0x74, 0x73, 0x18, 0x82, 0x08, 0xA6, 0x0B, 0xA7, 0x0B, 0xA8, 0x0B, 0xA9, 0x0B, 0xAA, 0x0B, 0xAB, 0x0B, 0xAC, 0x0B, 0xAD, 0x0B, 0xAF, 0x0B, 0xB1, 0x0B, 0xB2, 0x0B, 0xB3, 0x0B, 0xB4, 0x0B, 0xB5, 0x0B, 0xB6, 0x0B, 0xB7, 0x0B, 0xB9, 0x0B, 0xBA, 0x0B, 0xBB, 0x0B, 0xBC, 0x0B, 0xAE, 0x0B, 0xB0, 0x0B, 0xB8, 0x0B, 0x16, 0x6D, 0x69, 0x6E, 0x65, 0x63, 0x72, 0x61, 0x66, 0x74, 0x3A, 0x77, 0x6F, 0x6F, 0x64, 0x65, 0x6E, 0x5F, 0x64, 0x6F, 0x6F, 0x72, 0x73, 0x0C, 0x8D, 0x06, 0x8E, 0x06, 0x8F, 0x06, 0x90, 0x06, 0x91, 0x06, 0x93, 0x06, 0x94, 0x06, 0x97, 0x06, 0x98, 0x06, 0x95, 0x06, 0x96, 0x06, 0x92, 0x06, 0x19, 0x6D, 0x69, 0x6E, 0x65, 0x63, 0x72, 0x61, 0x66, 0x74, 0x3A, 0x63, 0x61, 0x74, 0x5F, 0x63, 0x6F, 0x6C, 0x6C, 0x61, 0x72, 0x5F, 0x64, 0x79, 0x65, 0x73, 0x10, 0xAB, 0x08, 0xAC, 0x08, 0xAD, 0x08, 0xAE, 0x08, 0xAF, 0x08, 0xB0, 0x08, 0xB1, 0x08, 0xB2, 0x08, 0xB3, 0x08, 0xB4, 0x08, 0xB5, 0x08, 0xB6, 0x08, 0xB7, 0x08, 0xB8, 0x08, 0xB9, 0x08, 0xBA, 0x08, 0x0E, 0x6D, 0x69, 0x6E, 0x65, 0x63, 0x72, 0x61, 0x66, 0x74, 0x3A, 0x6D, 0x65, 0x61, 0x74, 0x0B, 0xD7, 0x08, 0xD9, 0x08, 0xD8, 0x08, 0xDA, 0x08, 0xF2, 0x09, 0xD9, 0x07, 0xE3, 0x09, 0xF1, 0x09, 0xD8, 0x07, 0xE2, 0x09, 0xDB, 0x08, 0x16, 0x6D, 0x69, 0x6E, 0x65, 0x63, 0x72, 0x61, 0x66, 0x74, 0x3A, 0x65, 0x6D, 0x65, 0x72, 0x61, 0x6C, 0x64, 0x5F, 0x6F, 0x72, 0x65, 0x73, 0x02, 0x4A, 0x4B, 0x17, 0x6D, 0x69, 0x6E, 0x65, 0x63, 0x72, 0x61, 0x66, 0x74, 0x3A, 0x63, 0x72, 0x69, 0x6D, 0x73, 0x6F, 0x6E, 0x5F, 0x73, 0x74, 0x65, 0x6D, 0x73, 0x04, 0x91, 0x01, 0x9D, 0x01, 0xB4, 0x01, 0xA8, 0x01, 0x13, 0x6D, 0x69, 0x6E, 0x65, 0x63, 0x72, 0x61, 0x66, 0x74, 0x3A, 0x77, 0x6F, 0x6C, 0x66, 0x5F, 0x66, 0x6F, 0x6F, 0x64, 0x12, 0xD7, 0x08, 0xD9, 0x08, 0xD8, 0x08, 0xDA, 0x08, 0xF2, 0x09, 0xD9, 0x07, 0xE3, 0x09, 0xF1, 0x09, 0xD8, 0x07, 0xE2, 0x09, 0xDB, 0x08, 0xA2, 0x08, 0xA6, 0x08, 0xA3, 0x08, 0xA7, 0x08, 0xA4, 0x08, 0xA5, 0x08, 0xE4, 0x09, 0x1B, 0x6D, 0x69, 0x6E, 0x65, 0x63, 0x72, 0x61, 0x66, 0x74, 0x3A, 0x68, 0x6F, 0x72, 0x73, 0x65, 0x5F, 0x74, 0x65, 0x6D, 0x70, 0x74, 0x5F, 0x69, 0x74, 0x65, 0x6D, 0x73, 0x03, 0xD1, 0x09, 0xDB, 0x07, 0xDC, 0x07, 0x10, 0x6D, 0x69, 0x6E, 0x65, 0x63, 0x72, 0x61, 0x66, 0x74, 0x3A, 0x73, 0x70, 0x65, 0x61, 0x72, 0x73, 0x07, 0x96, 0x0A, 0x92, 0x0A, 0x95, 0x0A, 0x97, 0x0A, 0x91, 0x0A, 0x94, 0x0A, 0x93, 0x0A, 0x19, 0x6D, 0x69, 0x6E, 0x65, 0x63, 0x72, 0x61, 0x66, 0x74, 0x3A, 0x65, 0x6E, 0x63, 0x68, 0x61, 0x6E, 0x74, 0x61, 0x62, 0x6C, 0x65, 0x2F, 0x62, 0x6F, 0x77, 0x01, 0xFF, 0x06, 0x22, 0x6D, 0x69, 0x6E, 0x65, 0x63, 0x72, 0x61, 0x66, 0x74, 0x3A, 0x69, 0x67, 0x6E, 0x6F, 0x72, 0x65, 0x64, 0x5F, 0x62, 0x79, 0x5F, 0x70, 0x69, 0x67, 0x6C, 0x69, 0x6E, 0x5F, 0x62, 0x61, 0x62, 0x69, 0x65, 0x73, 0x01, 0xFA, 0x07, 0x10, 0x6D, 0x69, 0x6E, 0x65, 0x63, 0x72, 0x61, 0x66, 0x74, 0x3A, 0x73, 0x77, 0x6F, 0x72, 0x64, 0x73, 0x07, 0xA9, 0x07, 0x9A, 0x07, 0x9F, 0x07, 0xAE, 0x07, 0x90, 0x07, 0xA4, 0x07, 0x95, 0x07, 0x1E, 0x6D, 0x69, 0x6E, 0x65, 0x63, 0x72, 0x61, 0x66, 0x74, 0x3A, 0x73, 0x74, 0x6F, 0x6E, 0x65, 0x5F, 0x74, 0x6F, 0x6F, 0x6C, 0x5F, 0x6D, 0x61, 0x74, 0x65, 0x72, 0x69, 0x61, 0x6C, 0x73, 0x03, 0x23, 0xEA, 0x0A, 0x09, 0x14, 0x6D, 0x69, 0x6E, 0x65, 0x63, 0x72, 0x61, 0x66, 0x74, 0x3A, 0x74, 0x65, 0x72, 0x72, 0x61, 0x63, 0x6F, 0x74, 0x74, 0x61, 0x11, 0x8A, 0x04, 0xE7, 0x03, 0xE8, 0x03, 0xE9, 0x03, 0xEA, 0x03, 0xEB, 0x03, 0xEC, 0x03, 0xED, 0x03, 0xEE, 0x03, 0xEF, 0x03, 0xF0, 0x03, 0xF1, 0x03, 0xF2, 0x03, 0xF3, 0x03, 0xF4, 0x03, 0xF5, 0x03, 0xF6, 0x03, 0x15, 0x6D, 0x69, 0x6E, 0x65, 0x63, 0x72, 0x61, 0x66, 0x74, 0x3A, 0x77, 0x61, 0x72, 0x74, 0x5F, 0x62, 0x6C, 0x6F, 0x63, 0x6B, 0x73, 0x02, 0xC1, 0x04, 0xC2, 0x04, 0x17, 0x6D, 0x69, 0x6E, 0x65, 0x63, 0x72, 0x61, 0x66, 0x74, 0x3A, 0x73, 0x68, 0x75, 0x6C, 0x6B, 0x65, 0x72, 0x5F, 0x62, 0x6F, 0x78, 0x65, 0x73, 0x11, 0xC6, 0x04, 0xD6, 0x04, 0xD2, 0x04, 0xD3, 0x04, 0xD0, 0x04, 0xCE, 0x04, 0xD4, 0x04, 0xCA, 0x04, 0xCF, 0x04, 0xCC, 0x04, 0xC9, 0x04, 0xC8, 0x04, 0xCD, 0x04, 0xD1, 0x04, 0xD5, 0x04, 0xC7, 0x04, 0xCB, 0x04, 0x13, 0x6D, 0x69, 0x6E, 0x65, 0x63, 0x72, 0x61, 0x66, 0x74, 0x3A, 0x68, 0x61, 0x72, 0x6E, 0x65, 0x73, 0x73, 0x65, 0x73, 0x10, 0xC7, 0x06, 0xC8, 0x06, 0xC9, 0x06, 0xCA, 0x06, 0xCB, 0x06, 0xCC, 0x06, 0xCD, 0x06, 0xCE, 0x06, 0xCF, 0x06, 0xD0, 0x06, 0xD1, 0x06, 0xD2, 0x06, 0xD3, 0x06, 0xD4, 0x06, 0xD5, 0x06, 0xD6, 0x06, 0x0F, 0x6D, 0x69, 0x6E, 0x65, 0x63, 0x72, 0x61, 0x66, 0x74, 0x3A, 0x61, 0x6E, 0x76, 0x69, 0x6C, 0x03, 0xDF, 0x03, 0xE0, 0x03, 0xE1, 0x03, 0x20, 0x6D, 0x69, 0x6E, 0x65, 0x63, 0x72, 0x61, 0x66, 0x74, 0x3A, 0x70, 0x61, 0x6E, 0x64, 0x61, 0x5F, 0x65, 0x61, 0x74, 0x73, 0x5F, 0x66, 0x72, 0x6F, 0x6D, 0x5F, 0x67, 0x72, 0x6F, 0x75, 0x6E, 0x64, 0x02, 0x8E, 0x02, 0xBE, 0x08, 0x14, 0x6D, 0x69, 0x6E, 0x65, 0x63, 0x72, 0x61, 0x66, 0x74, 0x3A, 0x62, 0x69, 0x72, 0x63, 0x68, 0x5F, 0x6C, 0x6F, 0x67, 0x73, 0x04, 0x88, 0x01, 0xAD, 0x01, 0x96, 0x01, 0xA1, 0x01, 0x0E, 0x6D, 0x69, 0x6E, 0x65, 0x63, 0x72, 0x61, 0x66, 0x74, 0x3A, 0x61, 0x78, 0x65, 0x73, 0x07, 0xAC, 0x07, 0x9D, 0x07, 0xA2, 0x07, 0xB1, 0x07, 0x93, 0x07, 0xA7, 0x07, 0x98, 0x07, 0x0E, 0x6D, 0x69, 0x6E, 0x65, 0x63, 0x72, 0x61, 0x66, 0x74, 0x3A, 0x68, 0x6F, 0x65, 0x73, 0x07, 0xAD, 0x07, 0x9E, 0x07, 0xA3, 0x07, 0xB2, 0x07, 0x94, 0x07, 0xA8, 0x07, 0x99, 0x07, 0x22, 0x6D, 0x69, 0x6E, 0x65, 0x63, 0x72, 0x61, 0x66, 0x74, 0x3A, 0x65, 0x6E, 0x63, 0x68, 0x61, 0x6E, 0x74, 0x61, 0x62, 0x6C, 0x65, 0x2F, 0x6D, 0x65, 0x6C, 0x65, 0x65, 0x5F, 0x77, 0x65, 0x61, 0x70, 0x6F, 0x6E, 0x0E, 0xA9, 0x07, 0x9A, 0x07, 0x9F, 0x07, 0xAE, 0x07, 0x90, 0x07, 0xA4, 0x07, 0x95, 0x07, 0x96, 0x0A, 0x92, 0x0A, 0x95, 0x0A, 0x97, 0x0A, 0x91, 0x0A, 0x94, 0x0A, 0x93, 0x0A, 0x14, 0x6D, 0x69, 0x6E, 0x65, 0x63, 0x72, 0x61, 0x66, 0x74, 0x3A, 0x6C, 0x6C, 0x61, 0x6D, 0x61, 0x5F, 0x66, 0x6F, 0x6F, 0x64, 0x02, 0xB9, 0x07, 0xF9, 0x03, 0x16, 0x6D, 0x69, 0x6E, 0x65, 0x63, 0x72, 0x61, 0x66, 0x74, 0x3A, 0x73, 0x6E, 0x69, 0x66, 0x66, 0x65, 0x72, 0x5F, 0x66, 0x6F, 0x6F, 0x64, 0x01, 0x86, 0x0A, 0x12, 0x6D, 0x69, 0x6E, 0x65, 0x63, 0x72, 0x61, 0x66, 0x74, 0x3A, 0x6C, 0x61, 0x6E, 0x74, 0x65, 0x72, 0x6E, 0x73, 0x0A, 0xD4, 0x0A, 0xD5, 0x0A, 0xD6, 0x0A, 0xDA, 0x0A, 0xD7, 0x0A, 0xDB, 0x0A, 0xD8, 0x0A, 0xDC, 0x0A, 0xD9, 0x0A, 0xDD, 0x0A, 0x0E, 0x6D, 0x69, 0x6E, 0x65, 0x63, 0x72, 0x61, 0x66, 0x74, 0x3A, 0x64, 0x79, 0x65, 0x73, 0x10, 0xAB, 0x08, 0xAC, 0x08, 0xAD, 0x08, 0xAE, 0x08, 0xAF, 0x08, 0xB0, 0x08, 0xB1, 0x08, 0xB2, 0x08, 0xB3, 0x08, 0xB4, 0x08, 0xB5, 0x08, 0xB6, 0x08, 0xB7, 0x08, 0xB8, 0x08, 0xB9, 0x08, 0xBA, 0x08, 0x15, 0x6D, 0x69, 0x6E, 0x65, 0x63, 0x72, 0x61, 0x66, 0x74, 0x3A, 0x70, 0x61, 0x72, 0x72, 0x6F, 0x74, 0x5F, 0x66, 0x6F, 0x6F, 0x64, 0x06, 0xB8, 0x07, 0xD6, 0x08, 0xD5, 0x08, 0x89, 0x0A, 0x86, 0x0A, 0x87, 0x0A, 0x15, 0x6D, 0x69, 0x6E, 0x65, 0x63, 0x72, 0x61, 0x66, 0x74, 0x3A, 0x72, 0x61, 0x62, 0x62, 0x69, 0x74, 0x5F, 0x66, 0x6F, 0x6F, 0x64, 0x03, 0xCC, 0x09, 0xD1, 0x09, 0xE5, 0x01, 0x13, 0x6D, 0x69, 0x6E, 0x65, 0x63, 0x72, 0x61, 0x66, 0x74, 0x3A, 0x69, 0x72, 0x6F, 0x6E, 0x5F, 0x6F, 0x72, 0x65, 0x73, 0x02, 0x42, 0x43, 0x12, 0x6D, 0x69, 0x6E, 0x65, 0x63, 0x72, 0x61, 0x66, 0x74, 0x3A, 0x6F, 0x61, 0x6B, 0x5F, 0x6C, 0x6F, 0x67, 0x73, 0x04, 0x86, 0x01, 0xAB, 0x01, 0x94, 0x01, 0x9F, 0x01, 0x23, 0x6D, 0x69, 0x6E, 0x65, 0x63, 0x72, 0x61, 0x66, 0x74, 0x3A, 0x64, 0x72, 0x6F, 0x77, 0x6E, 0x65, 0x64, 0x5F, 0x70, 0x72, 0x65, 0x66, 0x65, 0x72, 0x72, 0x65, 0x64, 0x5F, 0x77, 0x65, 0x61, 0x70, 0x6F, 0x6E, 0x73, 0x01, 0xB4, 0x0A, 0x15, 0x6D, 0x69, 0x6E, 0x65, 0x63, 0x72, 0x61, 0x66, 0x74, 0x3A, 0x6F, 0x63, 0x65, 0x6C, 0x6F, 0x74, 0x5F, 0x66, 0x6F, 0x6F, 0x64, 0x02, 0xA2, 0x08, 0xA3, 0x08, 0x0E, 0x6D, 0x69, 0x6E, 0x65, 0x63, 0x72, 0x61, 0x66, 0x74, 0x3A, 0x65, 0x67, 0x67, 0x73, 0x03, 0x88, 0x08, 0x89, 0x08, 0x8A, 0x08, 0x23, 0x6D, 0x69, 0x6E, 0x65, 0x63, 0x72, 0x61, 0x66, 0x74, 0x3A, 0x6E, 0x6F, 0x74, 0x65, 0x62, 0x6C, 0x6F, 0x63, 0x6B, 0x5F, 0x74, 0x6F, 0x70, 0x5F, 0x69, 0x6E, 0x73, 0x74, 0x72, 0x75, 0x6D, 0x65, 0x6E, 0x74, 0x73, 0x07, 0xD5, 0x09, 0xD2, 0x09, 0xD6, 0x09, 0xD7, 0x09, 0xD3, 0x09, 0xD8, 0x09, 0xD4, 0x09, 0x22, 0x6D, 0x69, 0x6E, 0x65, 0x63, 0x72, 0x61, 0x66, 0x74, 0x3A, 0x73, 0x74, 0x6F, 0x6E, 0x65, 0x5F, 0x63, 0x72, 0x61, 0x66, 0x74, 0x69, 0x6E, 0x67, 0x5F, 0x6D, 0x61, 0x74, 0x65, 0x72, 0x69, 0x61, 0x6C, 0x73, 0x03, 0x23, 0xEA, 0x0A, 0x09, 0x1B, 0x6D, 0x69, 0x6E, 0x65, 0x63, 0x72, 0x61, 0x66, 0x74, 0x3A, 0x70, 0x69, 0x67, 0x6C, 0x69, 0x6E, 0x5F, 0x72, 0x65, 0x70, 0x65, 0x6C, 0x6C, 0x65, 0x6E, 0x74, 0x73, 0x03, 0xEE, 0x02, 0xD5, 0x0A, 0xE1, 0x0A, 0x16, 0x6D, 0x69, 0x6E, 0x65, 0x63, 0x72, 0x61, 0x66, 0x74, 0x3A, 0x61, 0x78, 0x6F, 0x6C, 0x6F, 0x74, 0x6C, 0x5F, 0x66, 0x6F, 0x6F, 0x64, 0x01, 0xFF, 0x07, 0x2A, 0x6D, 0x69, 0x6E, 0x65, 0x63, 0x72, 0x61, 0x66, 0x74, 0x3A, 0x77, 0x69, 0x74, 0x68, 0x65, 0x72, 0x5F, 0x73, 0x6B, 0x65, 0x6C, 0x65, 0x74, 0x6F, 0x6E, 0x5F, 0x64, 0x69, 0x73, 0x6C, 0x69, 0x6B, 0x65, 0x64, 0x5F, 0x77, 0x65, 0x61, 0x70, 0x6F, 0x6E, 0x73, 0x02, 0xFF, 0x06, 0xBC, 0x0A, 0x14, 0x6D, 0x69, 0x6E, 0x65, 0x63, 0x72, 0x61, 0x66, 0x74, 0x3A, 0x70, 0x61, 0x6E, 0x64, 0x61, 0x5F, 0x66, 0x6F, 0x6F, 0x64, 0x01, 0x8E, 0x02, 0x17, 0x6D, 0x69, 0x6E, 0x65, 0x63, 0x72, 0x61, 0x66, 0x74, 0x3A, 0x6D, 0x61, 0x6E, 0x67, 0x72, 0x6F, 0x76, 0x65, 0x5F, 0x6C, 0x6F, 0x67, 0x73, 0x04, 0x8E, 0x01, 0xB3, 0x01, 0x9C, 0x01, 0xA7, 0x01, 0x15, 0x6D, 0x69, 0x6E, 0x65, 0x63, 0x72, 0x61, 0x66, 0x74, 0x3A, 0x6A, 0x75, 0x6E, 0x67, 0x6C, 0x65, 0x5F, 0x6C, 0x6F, 0x67, 0x73, 0x04, 0x89, 0x01, 0xAE, 0x01, 0x97, 0x01, 0xA2, 0x01, 0x17, 0x6D, 0x69, 0x6E, 0x65, 0x63, 0x72, 0x61, 0x66, 0x74, 0x3A, 0x6C, 0x65, 0x63, 0x74, 0x65, 0x72, 0x6E, 0x5F, 0x62, 0x6F, 0x6F, 0x6B, 0x73, 0x02, 0xC6, 0x09, 0xC5, 0x09, 0x21, 0x6D, 0x69, 0x6E, 0x65, 0x63, 0x72, 0x61, 0x66, 0x74, 0x3A, 0x65, 0x6E, 0x63, 0x68, 0x61, 0x6E, 0x74, 0x61, 0x62, 0x6C, 0x65, 0x2F, 0x63, 0x68, 0x65, 0x73, 0x74, 0x5F, 0x61, 0x72, 0x6D, 0x6F, 0x72, 0x07, 0xBC, 0x07, 0xC0, 0x07, 0xC4, 0x07, 0xD0, 0x07, 0xC8, 0x07, 0xCC, 0x07, 0xD4, 0x07, 0x15, 0x6D, 0x69, 0x6E, 0x65, 0x63, 0x72, 0x61, 0x66, 0x74, 0x3A, 0x74, 0x75, 0x72, 0x74, 0x6C, 0x65, 0x5F, 0x66, 0x6F, 0x6F, 0x64, 0x01, 0xD3, 0x01, 0x15, 0x6D, 0x69, 0x6E, 0x65, 0x63, 0x72, 0x61, 0x66, 0x74, 0x3A, 0x73, 0x70, 0x72, 0x75, 0x63, 0x65, 0x5F, 0x6C, 0x6F, 0x67, 0x73, 0x04, 0x87, 0x01, 0xAC, 0x01, 0x95, 0x01, 0xA0, 0x01, 0x17, 0x6D, 0x69, 0x6E, 0x65, 0x63, 0x72, 0x61, 0x66, 0x74, 0x3A, 0x77, 0x6F, 0x6F, 0x64, 0x65, 0x6E, 0x5F, 0x73, 0x74, 0x61, 0x69, 0x72, 0x73, 0x0C, 0xBA, 0x03, 0xBB, 0x03, 0xBC, 0x03, 0xBD, 0x03, 0xBE, 0x03, 0xC0, 0x03, 0xC1, 0x03, 0xC5, 0x03, 0xC6, 0x03, 0xC2, 0x03, 0xC3, 0x03, 0xBF, 0x03, 0x1C, 0x6D, 0x69, 0x6E, 0x65, 0x63, 0x72, 0x61, 0x66, 0x74, 0x3A, 0x65, 0x6E, 0x63, 0x68, 0x61, 0x6E, 0x74, 0x61, 0x62, 0x6C, 0x65, 0x2F, 0x77, 0x65, 0x61, 0x70, 0x6F, 0x6E, 0x16, 0xA9, 0x07, 0x9A, 0x07, 0x9F, 0x07, 0xAE, 0x07, 0x90, 0x07, 0xA4, 0x07, 0x95, 0x07, 0x96, 0x0A, 0x92, 0x0A, 0x95, 0x0A, 0x97, 0x0A, 0x91, 0x0A, 0x94, 0x0A, 0x93, 0x0A, 0xAC, 0x07, 0x9D, 0x07, 0xA2, 0x07, 0xB1, 0x07, 0x93, 0x07, 0xA7, 0x07, 0x98, 0x07, 0xC8, 0x09, 0x18, 0x6D, 0x69, 0x6E, 0x65, 0x63, 0x72, 0x61, 0x66, 0x74, 0x3A, 0x77, 0x6F, 0x6F, 0x64, 0x65, 0x6E, 0x5F, 0x62, 0x75, 0x74, 0x74, 0x6F, 0x6E, 0x73, 0x0C, 0xF0, 0x05, 0xF1, 0x05, 0xF2, 0x05, 0xF3, 0x05, 0xF4, 0x05, 0xF6, 0x05, 0xF7, 0x05, 0xFA, 0x05, 0xFB, 0x05, 0xF8, 0x05, 0xF9, 0x05, 0xF5, 0x05, 0x22, 0x6D, 0x69, 0x6E, 0x65, 0x63, 0x72, 0x61, 0x66, 0x74, 0x3A, 0x6E, 0x65, 0x74, 0x68, 0x65, 0x72, 0x69, 0x74, 0x65, 0x5F, 0x74, 0x6F, 0x6F, 0x6C, 0x5F, 0x6D, 0x61, 0x74, 0x65, 0x72, 0x69, 0x61, 0x6C, 0x73, 0x01, 0x8E, 0x07, 0x1D, 0x6D, 0x69, 0x6E, 0x65, 0x63, 0x72, 0x61, 0x66, 0x74, 0x3A, 0x62, 0x6F, 0x6F, 0x6B, 0x5F, 0x63, 0x6C, 0x6F, 0x6E, 0x69, 0x6E, 0x67, 0x5F, 0x74, 0x61, 0x72, 0x67, 0x65, 0x74, 0x01, 0xC5, 0x09, 0x1E, 0x6D, 0x69, 0x6E, 0x65, 0x63, 0x72, 0x61, 0x66, 0x74, 0x3A, 0x6E, 0x61, 0x75, 0x74, 0x69, 0x6C, 0x75, 0x73, 0x5F, 0x62, 0x75, 0x63, 0x6B, 0x65, 0x74, 0x5F, 0x66, 0x6F, 0x6F, 0x64, 0x04, 0xFC, 0x07, 0xFE, 0x07, 0xFD, 0x07, 0xFF, 0x07, 0x16, 0x6D, 0x69, 0x6E, 0x65, 0x63, 0x72, 0x61, 0x66, 0x74, 0x3A, 0x73, 0x74, 0x6F, 0x6E, 0x65, 0x5F, 0x62, 0x72, 0x69, 0x63, 0x6B, 0x73, 0x04, 0xF8, 0x02, 0xF9, 0x02, 0xFA, 0x02, 0xFB, 0x02, 0x17, 0x6D, 0x69, 0x6E, 0x65, 0x63, 0x72, 0x61, 0x66, 0x74, 0x3A, 0x63, 0x6F, 0x70, 0x70, 0x65, 0x72, 0x5F, 0x63, 0x68, 0x65, 0x73, 0x74, 0x73, 0x08, 0xCD, 0x0B, 0xCE, 0x0B, 0xCF, 0x0B, 0xD0, 0x0B, 0xD1, 0x0B, 0xD2, 0x0B, 0xD3, 0x0B, 0xD4, 0x0B, 0x11, 0x6D, 0x69, 0x6E, 0x65, 0x63, 0x72, 0x61, 0x66, 0x74, 0x3A, 0x73, 0x68, 0x6F, 0x76, 0x65, 0x6C, 0x73, 0x07, 0xAA, 0x07, 0x9B, 0x07, 0xA0, 0x07, 0xAF, 0x07, 0x91, 0x07, 0xA5, 0x07, 0x96, 0x07, 0x1F, 0x6D, 0x69, 0x6E, 0x65, 0x63, 0x72, 0x61, 0x66, 0x74, 0x3A, 0x6E, 0x61, 0x75, 0x74, 0x69, 0x6C, 0x75, 0x73, 0x5F, 0x74, 0x61, 0x6D, 0x69, 0x6E, 0x67, 0x5F, 0x69, 0x74, 0x65, 0x6D, 0x73, 0x02, 0xFC, 0x07, 0xA5, 0x08, 0x15, 0x6D, 0x69, 0x6E, 0x65, 0x63, 0x72, 0x61, 0x66, 0x74, 0x3A, 0x63, 0x68, 0x65, 0x73, 0x74, 0x5F, 0x62, 0x6F, 0x61, 0x74, 0x73, 0x0A, 0xE1, 0x06, 0xE3, 0x06, 0xE5, 0x06, 0xE7, 0x06, 0xE9, 0x06, 0xED, 0x06, 0xEF, 0x06, 0xF1, 0x06, 0xF3, 0x06, 0xEB, 0x06, 0x20, 0x6D, 0x69, 0x6E, 0x65, 0x63, 0x72, 0x61, 0x66, 0x74, 0x3A, 0x65, 0x6E, 0x63, 0x68, 0x61, 0x6E, 0x74, 0x61, 0x62, 0x6C, 0x65, 0x2F, 0x65, 0x71, 0x75, 0x69, 0x70, 0x70, 0x61, 0x62, 0x6C, 0x65, 0x26, 0xBE, 0x07, 0xC2, 0x07, 0xC6, 0x07, 0xD2, 0x07, 0xCA, 0x07, 0xCE, 0x07, 0xD6, 0x07, 0xBD, 0x07, 0xC1, 0x07, 0xC5, 0x07, 0xD1, 0x07, 0xC9, 0x07, 0xCD, 0x07, 0xD5, 0x07, 0xBC, 0x07, 0xC0, 0x07, 0xC4, 0x07, 0xD0, 0x07, 0xC8, 0x07, 0xCC, 0x07, 0xD4, 0x07, 0xBB, 0x07, 0xBF, 0x07, 0xC3, 0x07, 0xCF, 0x07, 0xC7, 0x07, 0xCB, 0x07, 0xD3, 0x07, 0xF8, 0x06, 0xDF, 0x06, 0xD4, 0x09, 0xD6, 0x09, 0xD5, 0x09, 0xD2, 0x09, 0xD3, 0x09, 0xD7, 0x09, 0xD8, 0x09, 0xE6, 0x02, 0x1A, 0x6D, 0x69, 0x6E, 0x65, 0x63, 0x72, 0x61, 0x66, 0x74, 0x3A, 0x63, 0x72, 0x65, 0x65, 0x70, 0x65, 0x72, 0x5F, 0x69, 0x67, 0x6E, 0x69, 0x74, 0x65, 0x72, 0x73, 0x02, 0xFC, 0x06, 0xC3, 0x09, 0x0F, 0x6D, 0x69, 0x6E, 0x65, 0x63, 0x72, 0x61, 0x66, 0x74, 0x3A, 0x73, 0x6C, 0x61, 0x62, 0x73, 0x3E, 0x8F, 0x02, 0x90, 0x02, 0x91, 0x02, 0x92, 0x02, 0x93, 0x02, 0x95, 0x02, 0x96, 0x02, 0x9A, 0x02, 0x9B, 0x02, 0x97, 0x02, 0x98, 0x02, 0x94, 0x02, 0x99, 0x02, 0x9C, 0x02, 0x9D, 0x02, 0xA3, 0x02, 0x9E, 0x02, 0xA9, 0x02, 0xA6, 0x02, 0xA7, 0x02, 0xA2, 0x02, 0xA1, 0x02, 0xA5, 0x02, 0xA0, 0x02, 0xAA, 0x02, 0xAB, 0x02, 0xAC, 0x02, 0xBC, 0x05, 0xBD, 0x05, 0xBE, 0x05, 0xBF, 0x05, 0xC0, 0x05, 0xC1, 0x05, 0xC2, 0x05, 0xC3, 0x05, 0xC4, 0x05, 0xC5, 0x05, 0xC6, 0x05, 0xC7, 0x05, 0xC8, 0x05, 0x9F, 0x02, 0xA8, 0x02, 0xEB, 0x0A, 0xF3, 0x0A, 0xEF, 0x0A, 0xC9, 0x05, 0xCA, 0x05, 0xCC, 0x05, 0xCB, 0x05, 0x84, 0x01, 0x83, 0x01, 0x82, 0x01, 0x71, 0x70, 0x6F, 0x6E, 0x85, 0x01, 0xA4, 0x02, 0x0D, 0x12, 0x16, 0xA1, 0x03, 0x21, 0x6D, 0x69, 0x6E, 0x65, 0x63, 0x72, 0x61, 0x66, 0x74, 0x3A, 0x72, 0x65, 0x70, 0x61, 0x69, 0x72, 0x73, 0x5F, 0x6E, 0x65, 0x74, 0x68, 0x65, 0x72, 0x69, 0x74, 0x65, 0x5F, 0x61, 0x72, 0x6D, 0x6F, 0x72, 0x01, 0x8E, 0x07, 0x1F, 0x6D, 0x69, 0x6E, 0x65, 0x63, 0x72, 0x61, 0x66, 0x74, 0x3A, 0x77, 0x6F, 0x6F, 0x64, 0x65, 0x6E, 0x5F, 0x74, 0x6F, 0x6F, 0x6C, 0x5F, 0x6D, 0x61, 0x74, 0x65, 0x72, 0x69, 0x61, 0x6C, 0x73, 0x0C, 0x24, 0x25, 0x26, 0x27, 0x28, 0x2A, 0x2B, 0x2E, 0x2F, 0x2C, 0x2D, 0x29, 0x13, 0x6D, 0x69, 0x6E, 0x65, 0x63, 0x72, 0x61, 0x66, 0x74, 0x3A, 0x6C, 0x6F, 0x6F, 0x6D, 0x5F, 0x64, 0x79, 0x65, 0x73, 0x10, 0xAB, 0x08, 0xAC, 0x08, 0xAD, 0x08, 0xAE, 0x08, 0xAF, 0x08, 0xB0, 0x08, 0xB1, 0x08, 0xB2, 0x08, 0xB3, 0x08, 0xB4, 0x08, 0xB5, 0x08, 0xB6, 0x08, 0xB7, 0x08, 0xB8, 0x08, 0xB9, 0x08, 0xBA, 0x08, 0x11, 0x6D, 0x69, 0x6E, 0x65, 0x63, 0x72, 0x61, 0x66, 0x74, 0x3A, 0x66, 0x6C, 0x6F, 0x77, 0x65, 0x72, 0x73, 0x1F, 0xE5, 0x01, 0xE7, 0x01, 0xE9, 0x01, 0xEA, 0x01, 0xEB, 0x01, 0xEC, 0x01, 0xED, 0x01, 0xEE, 0x01, 0xEF, 0x01, 0xF0, 0x01, 0xF1, 0x01, 0xF2, 0x01, 0xF3, 0x01, 0xF4, 0x01, 0xF5, 0x01, 0xE8, 0x01, 0xE6, 0x01, 0x8D, 0x04, 0x8E, 0x04, 0x90, 0x04, 0x8F, 0x04, 0xF6, 0x01, 0xC0, 0x01, 0xCE, 0x01, 0x39, 0xBB, 0x01, 0x83, 0x02, 0x84, 0x02, 0xC6, 0x02, 0xF7, 0x01, 0xD6, 0x02, 0x11, 0x6D, 0x69, 0x6E, 0x65, 0x63, 0x72, 0x61, 0x66, 0x74, 0x3A, 0x62, 0x75, 0x74, 0x74, 0x6F, 0x6E, 0x73, 0x0E, 0xF0, 0x05, 0xF1, 0x05, 0xF2, 0x05, 0xF3, 0x05, 0xF4, 0x05, 0xF6, 0x05, 0xF7, 0x05, 0xFA, 0x05, 0xFB, 0x05, 0xF8, 0x05, 0xF9, 0x05, 0xF5, 0x05, 0xEE, 0x05, 0xEF, 0x05, 0x10, 0x6D, 0x69, 0x6E, 0x65, 0x63, 0x72, 0x61, 0x66, 0x74, 0x3A, 0x70, 0x6C, 0x61, 0x6E, 0x6B, 0x73, 0x0C, 0x24, 0x25, 0x26, 0x27, 0x28, 0x2A, 0x2B, 0x2E, 0x2F, 0x2C, 0x2D, 0x29, 0x17, 0x6D, 0x69, 0x6E, 0x65, 0x63, 0x72, 0x61, 0x66, 0x74, 0x3A, 0x73, 0x74, 0x6F, 0x6E, 0x65, 0x5F, 0x62, 0x75, 0x74, 0x74, 0x6F, 0x6E, 0x73, 0x02, 0xEE, 0x05, 0xEF, 0x05, 0x12, 0x6D, 0x69, 0x6E, 0x65, 0x63, 0x72, 0x61, 0x66, 0x74, 0x3A, 0x66, 0x6F, 0x78, 0x5F, 0x66, 0x6F, 0x6F, 0x64, 0x02, 0xDE, 0x0A, 0xDF, 0x0A, 0x1E, 0x6D, 0x69, 0x6E, 0x65, 0x63, 0x72, 0x61, 0x66, 0x74, 0x3A, 0x65, 0x6E, 0x63, 0x68, 0x61, 0x6E, 0x74, 0x61, 0x62, 0x6C, 0x65, 0x2F, 0x63, 0x72, 0x6F, 0x73, 0x73, 0x62, 0x6F, 0x77, 0x01, 0xBC, 0x0A, 0x15, 0x6D, 0x69, 0x6E, 0x65, 0x63, 0x72, 0x61, 0x66, 0x74, 0x3A, 0x63, 0x68, 0x65, 0x73, 0x74, 0x5F, 0x61, 0x72, 0x6D, 0x6F, 0x72, 0x07, 0xBC, 0x07, 0xC0, 0x07, 0xC4, 0x07, 0xD0, 0x07, 0xC8, 0x07, 0xCC, 0x07, 0xD4, 0x07, 0x0F, 0x6D, 0x69, 0x6E, 0x65, 0x63, 0x72, 0x61, 0x66, 0x74, 0x3A, 0x72, 0x61, 0x69, 0x6C, 0x73, 0x04, 0xC4, 0x06, 0xC2, 0x06, 0xC3, 0x06, 0xC5, 0x06, 0x17, 0x6D, 0x69, 0x6E, 0x65, 0x63, 0x72, 0x61, 0x66, 0x74, 0x3A, 0x6E, 0x61, 0x75, 0x74, 0x69, 0x6C, 0x75, 0x73, 0x5F, 0x66, 0x6F, 0x6F, 0x64, 0x0A, 0xA2, 0x08, 0xA6, 0x08, 0xA3, 0x08, 0xA7, 0x08, 0xA5, 0x08, 0xA4, 0x08, 0xFC, 0x07, 0xFE, 0x07, 0xFD, 0x07, 0xFF, 0x07, 0x16, 0x6D, 0x69, 0x6E, 0x65, 0x63, 0x72, 0x61, 0x66, 0x74, 0x3A, 0x64, 0x69, 0x61, 0x6D, 0x6F, 0x6E, 0x64, 0x5F, 0x6F, 0x72, 0x65, 0x73, 0x02, 0x4E, 0x4F, 0x25, 0x6D, 0x69, 0x6E, 0x65, 0x63, 0x72, 0x61, 0x66, 0x74, 0x3A, 0x73, 0x68, 0x65, 0x61, 0x72, 0x61, 0x62, 0x6C, 0x65, 0x5F, 0x66, 0x72, 0x6F, 0x6D, 0x5F, 0x63, 0x6F, 0x70, 0x70, 0x65, 0x72, 0x5F, 0x67, 0x6F, 0x6C, 0x65, 0x6D, 0x01, 0xE9, 0x01, 0x1D, 0x6D, 0x69, 0x6E, 0x65, 0x63, 0x72, 0x61, 0x66, 0x74, 0x3A, 0x73, 0x74, 0x72, 0x69, 0x64, 0x65, 0x72, 0x5F, 0x74, 0x65, 0x6D, 0x70, 0x74, 0x5F, 0x69, 0x74, 0x65, 0x6D, 0x73, 0x02, 0xFB, 0x01, 0xDD, 0x06, 0x24, 0x6D, 0x69, 0x6E, 0x65, 0x63, 0x72, 0x61, 0x66, 0x74, 0x3A, 0x6D, 0x61, 0x70, 0x5F, 0x69, 0x6E, 0x76, 0x69, 0x73, 0x69, 0x62, 0x69, 0x6C, 0x69, 0x74, 0x79, 0x5F, 0x65, 0x71, 0x75, 0x69, 0x70, 0x6D, 0x65, 0x6E, 0x74, 0x01, 0xE6, 0x02, 0x15, 0x6D, 0x69, 0x6E, 0x65, 0x63, 0x72, 0x61, 0x66, 0x74, 0x3A, 0x66, 0x65, 0x6E, 0x63, 0x65, 0x5F, 0x67, 0x61, 0x74, 0x65, 0x73, 0x0C, 0xBA, 0x06, 0xB8, 0x06, 0xBC, 0x06, 0xBD, 0x06, 0xB9, 0x06, 0xB6, 0x06, 0xB7, 0x06, 0xC0, 0x06, 0xC1, 0x06, 0xBE, 0x06, 0xBF, 0x06, 0xBB, 0x06, 0x13, 0x6D, 0x69, 0x6E, 0x65, 0x63, 0x72, 0x61, 0x66, 0x74, 0x3A, 0x67, 0x6F, 0x61, 0x74, 0x5F, 0x66, 0x6F, 0x6F, 0x64, 0x01, 0xB9, 0x07, 0x1C, 0x6D, 0x69, 0x6E, 0x65, 0x63, 0x72, 0x61, 0x66, 0x74, 0x3A, 0x72, 0x65, 0x70, 0x61, 0x69, 0x72, 0x73, 0x5F, 0x67, 0x6F, 0x6C, 0x64, 0x5F, 0x61, 0x72, 0x6D, 0x6F, 0x72, 0x01, 0x8D, 0x07, 0x20, 0x6D, 0x69, 0x6E, 0x65, 0x63, 0x72, 0x61, 0x66, 0x74, 0x3A, 0x77, 0x6F, 0x6F, 0x64, 0x65, 0x6E, 0x5F, 0x70, 0x72, 0x65, 0x73, 0x73, 0x75, 0x72, 0x65, 0x5F, 0x70, 0x6C, 0x61, 0x74, 0x65, 0x73, 0x0C, 0x80, 0x06, 0x81, 0x06, 0x82, 0x06, 0x83, 0x06, 0x84, 0x06, 0x86, 0x06, 0x87, 0x06, 0x8A, 0x06, 0x8B, 0x06, 0x88, 0x06, 0x89, 0x06, 0x85, 0x06, 0x12, 0x6D, 0x69, 0x6E, 0x65, 0x63, 0x72, 0x61, 0x66, 0x74, 0x3A, 0x63, 0x61, 0x74, 0x5F, 0x66, 0x6F, 0x6F, 0x64, 0x02, 0xA2, 0x08, 0xA3, 0x08, 0x11, 0x6D, 0x69, 0x6E, 0x65, 0x63, 0x72, 0x61, 0x66, 0x74, 0x3A, 0x63, 0x61, 0x6E, 0x64, 0x6C, 0x65, 0x73, 0x11, 0xF7, 0x0A, 0xF8, 0x0A, 0xF9, 0x0A, 0xFA, 0x0A, 0xFB, 0x0A, 0xFC, 0x0A, 0xFD, 0x0A, 0xFE, 0x0A, 0xFF, 0x0A, 0x80, 0x0B, 0x81, 0x0B, 0x82, 0x0B, 0x83, 0x0B, 0x84, 0x0B, 0x85, 0x0B, 0x86, 0x0B, 0x87, 0x0B, 0x15, 0x6D, 0x69, 0x6E, 0x65, 0x63, 0x72, 0x61, 0x66, 0x74, 0x3A, 0x6D, 0x6F, 0x73, 0x73, 0x5F, 0x62, 0x6C, 0x6F, 0x63, 0x6B, 0x73, 0x02, 0x87, 0x02, 0x8A, 0x02, 0x13, 0x6D, 0x69, 0x6E, 0x65, 0x63, 0x72, 0x61, 0x66, 0x74, 0x3A, 0x67, 0x6F, 0x6C, 0x64, 0x5F, 0x6F, 0x72, 0x65, 0x73, 0x03, 0x46, 0x50, 0x47, 0x21, 0x6D, 0x69, 0x6E, 0x65, 0x63, 0x72, 0x61, 0x66, 0x74, 0x3A, 0x66, 0x72, 0x65, 0x65, 0x7A, 0x65, 0x5F, 0x69, 0x6D, 0x6D, 0x75, 0x6E, 0x65, 0x5F, 0x77, 0x65, 0x61, 0x72, 0x61, 0x62, 0x6C, 0x65, 0x73, 0x05, 0xBE, 0x07, 0xBD, 0x07, 0xBC, 0x07, 0xBB, 0x07, 0xED, 0x09, 0x26, 0x6D, 0x69, 0x6E, 0x65, 0x63, 0x72, 0x61, 0x66, 0x74, 0x3A, 0x63, 0x6F, 0x6D, 0x70, 0x6C, 0x65, 0x74, 0x65, 0x73, 0x5F, 0x66, 0x69, 0x6E, 0x64, 0x5F, 0x74, 0x72, 0x65, 0x65, 0x5F, 0x74, 0x75, 0x74, 0x6F, 0x72, 0x69, 0x61, 0x6C, 0x39, 0x8D, 0x01, 0xB2, 0x01, 0x9A, 0x01, 0xA5, 0x01, 0x8C, 0x01, 0xB1, 0x01, 0x9B, 0x01, 0xA6, 0x01, 0x86, 0x01, 0xAB, 0x01, 0x94, 0x01, 0x9F, 0x01, 0x8A, 0x01, 0xAF, 0x01, 0x98, 0x01, 0xA3, 0x01, 0x88, 0x01, 0xAD, 0x01, 0x96, 0x01, 0xA1, 0x01, 0x89, 0x01, 0xAE, 0x01, 0x97, 0x01, 0xA2, 0x01, 0x87, 0x01, 0xAC, 0x01, 0x95, 0x01, 0xA0, 0x01, 0x8E, 0x01, 0xB3, 0x01, 0x9C, 0x01, 0xA7, 0x01, 0x8B, 0x01, 0xB0, 0x01, 0x99, 0x01, 0xA4, 0x01, 0x91, 0x01, 0x9D, 0x01, 0xB4, 0x01, 0xA8, 0x01, 0x92, 0x01, 0x9E, 0x01, 0xB5, 0x01, 0xA9, 0x01, 0xB9, 0x01, 0xB6, 0x01, 0xB7, 0x01, 0xBD, 0x01, 0xBC, 0x01, 0xBA, 0x01, 0xB8, 0x01, 0xBF, 0x01, 0xC0, 0x01, 0xBE, 0x01, 0xBB, 0x01, 0xC1, 0x04, 0xC2, 0x04, 0x0E, 0x6D, 0x69, 0x6E, 0x65, 0x63, 0x72, 0x61, 0x66, 0x74, 0x3A, 0x64, 0x69, 0x72, 0x74, 0x03, 0x1C, 0x1D, 0x1F, 0x0D, 0x6D, 0x69, 0x6E, 0x65, 0x63, 0x72, 0x61, 0x66, 0x74, 0x3A, 0x6D, 0x75, 0x64, 0x02, 0x20, 0x90, 0x01, 0x1D, 0x6D, 0x69, 0x6E, 0x65, 0x63, 0x72, 0x61, 0x66, 0x74, 0x3A, 0x72, 0x65, 0x70, 0x61, 0x69, 0x72, 0x73, 0x5F, 0x63, 0x68, 0x61, 0x69, 0x6E, 0x5F, 0x61, 0x72, 0x6D, 0x6F, 0x72, 0x01, 0x89, 0x07, 0x1E, 0x6D, 0x69, 0x6E, 0x65, 0x63, 0x72, 0x61, 0x66, 0x74, 0x3A, 0x64, 0x65, 0x63, 0x6F, 0x72, 0x61, 0x74, 0x65, 0x64, 0x5F, 0x70, 0x6F, 0x74, 0x5F, 0x73, 0x68, 0x65, 0x72, 0x64, 0x73, 0x17, 0xA6, 0x0B, 0xA7, 0x0B, 0xA8, 0x0B, 0xA9, 0x0B, 0xAA, 0x0B, 0xAB, 0x0B, 0xAC, 0x0B, 0xAD, 0x0B, 0xAF, 0x0B, 0xB1, 0x0B, 0xB2, 0x0B, 0xB3, 0x0B, 0xB4, 0x0B, 0xB5, 0x0B, 0xB6, 0x0B, 0xB7, 0x0B, 0xB9, 0x0B, 0xBA, 0x0B, 0xBB, 0x0B, 0xBC, 0x0B, 0xAE, 0x0B, 0xB0, 0x0B, 0xB8, 0x0B, 0x14, 0x6D, 0x69, 0x6E, 0x65, 0x63, 0x72, 0x61, 0x66, 0x74, 0x3A, 0x66, 0x6F, 0x6F, 0x74, 0x5F, 0x61, 0x72, 0x6D, 0x6F, 0x72, 0x07, 0xBE, 0x07, 0xC2, 0x07, 0xC6, 0x07, 0xD2, 0x07, 0xCA, 0x07, 0xCE, 0x07, 0xD6, 0x07, 0x22, 0x6D, 0x69, 0x6E, 0x65, 0x63, 0x72, 0x61, 0x66, 0x74, 0x3A, 0x63, 0x6C, 0x75, 0x73, 0x74, 0x65, 0x72, 0x5F, 0x6D, 0x61, 0x78, 0x5F, 0x68, 0x61, 0x72, 0x76, 0x65, 0x73, 0x74, 0x61, 0x62, 0x6C, 0x65, 0x73, 0x07, 0xAB, 0x07, 0xA1, 0x07, 0xA6, 0x07, 0xB0, 0x07, 0x9C, 0x07, 0x92, 0x07, 0x97, 0x07, 0x14, 0x6D, 0x69, 0x6E, 0x65, 0x63, 0x72, 0x61, 0x66, 0x74, 0x3A, 0x69, 0x6E, 0x73, 0x74, 0x72, 0x75, 0x6D, 0x65, 0x6E, 0x74, 0x03, 0x1E, 0x6D, 0x69, 0x6E, 0x65, 0x63, 0x72, 0x61, 0x66, 0x74, 0x3A, 0x73, 0x63, 0x72, 0x65, 0x61, 0x6D, 0x69, 0x6E, 0x67, 0x5F, 0x67, 0x6F, 0x61, 0x74, 0x5F, 0x68, 0x6F, 0x72, 0x6E, 0x73, 0x04, 0x00, 0x01, 0x07, 0x02, 0x14, 0x6D, 0x69, 0x6E, 0x65, 0x63, 0x72, 0x61, 0x66, 0x74, 0x3A, 0x67, 0x6F, 0x61, 0x74, 0x5F, 0x68, 0x6F, 0x72, 0x6E, 0x73, 0x08, 0x04, 0x06, 0x05, 0x03, 0x00, 0x01, 0x07, 0x02, 0x1C, 0x6D, 0x69, 0x6E, 0x65, 0x63, 0x72, 0x61, 0x66, 0x74, 0x3A, 0x72, 0x65, 0x67, 0x75, 0x6C, 0x61, 0x72, 0x5F, 0x67, 0x6F, 0x61, 0x74, 0x5F, 0x68, 0x6F, 0x72, 0x6E, 0x73, 0x04, 0x04, 0x06, 0x05, 0x03, 0x12, 0x6D, 0x69, 0x6E, 0x65, 0x63, 0x72, 0x61, 0x66, 0x74, 0x3A, 0x74, 0x69, 0x6D, 0x65, 0x6C, 0x69, 0x6E, 0x65, 0x04, 0x13, 0x6D, 0x69, 0x6E, 0x65, 0x63, 0x72, 0x61, 0x66, 0x74, 0x3A, 0x75, 0x6E, 0x69, 0x76, 0x65, 0x72, 0x73, 0x61, 0x6C, 0x01, 0x03, 0x13, 0x6D, 0x69, 0x6E, 0x65, 0x63, 0x72, 0x61, 0x66, 0x74, 0x3A, 0x69, 0x6E, 0x5F, 0x6E, 0x65, 0x74, 0x68, 0x65, 0x72, 0x01, 0x03, 0x10, 0x6D, 0x69, 0x6E, 0x65, 0x63, 0x72, 0x61, 0x66, 0x74, 0x3A, 0x69, 0x6E, 0x5F, 0x65, 0x6E, 0x64, 0x01, 0x03, 0x16, 0x6D, 0x69, 0x6E, 0x65, 0x63, 0x72, 0x61, 0x66, 0x74, 0x3A, 0x69, 0x6E, 0x5F, 0x6F, 0x76, 0x65, 0x72, 0x77, 0x6F, 0x72, 0x6C, 0x64, 0x04, 0x03, 0x00, 0x02, 0x01, 0x0F, 0x6D, 0x69, 0x6E, 0x65, 0x63, 0x72, 0x61, 0x66, 0x74, 0x3A, 0x66, 0x6C, 0x75, 0x69, 0x64, 0x06, 0x0E, 0x6D, 0x69, 0x6E, 0x65, 0x63, 0x72, 0x61, 0x66, 0x74, 0x3A, 0x6C, 0x61, 0x76, 0x61, 0x02, 0x04, 0x03, 0x1B, 0x6D, 0x69, 0x6E, 0x65, 0x63, 0x72, 0x61, 0x66, 0x74, 0x3A, 0x73, 0x75, 0x70, 0x70, 0x6F, 0x72, 0x74, 0x73, 0x5F, 0x6C, 0x69, 0x6C, 0x79, 0x5F, 0x70, 0x61, 0x64, 0x01, 0x02, 0x22, 0x6D, 0x69, 0x6E, 0x65, 0x63, 0x72, 0x61, 0x66, 0x74, 0x3A, 0x62, 0x75, 0x62, 0x62, 0x6C, 0x65, 0x5F, 0x63, 0x6F, 0x6C, 0x75, 0x6D, 0x6E, 0x5F, 0x63, 0x61, 0x6E, 0x5F, 0x6F, 0x63, 0x63, 0x75, 0x70, 0x79, 0x01, 0x02, 0x0F, 0x6D, 0x69, 0x6E, 0x65, 0x63, 0x72, 0x61, 0x66, 0x74, 0x3A, 0x77, 0x61, 0x74, 0x65, 0x72, 0x02, 0x02, 0x01, 0x28, 0x6D, 0x69, 0x6E, 0x65, 0x63, 0x72, 0x61, 0x66, 0x74, 0x3A, 0x73, 0x75, 0x70, 0x70, 0x6F, 0x72, 0x74, 0x73, 0x5F, 0x73, 0x75, 0x67, 0x61, 0x72, 0x5F, 0x63, 0x61, 0x6E, 0x65, 0x5F, 0x61, 0x64, 0x6A, 0x61, 0x63, 0x65, 0x6E, 0x74, 0x6C, 0x79, 0x02, 0x02, 0x01, 0x1C, 0x6D, 0x69, 0x6E, 0x65, 0x63, 0x72, 0x61, 0x66, 0x74, 0x3A, 0x73, 0x75, 0x70, 0x70, 0x6F, 0x72, 0x74, 0x73, 0x5F, 0x66, 0x72, 0x6F, 0x67, 0x73, 0x70, 0x61, 0x77, 0x6E, 0x01, 0x02, 0x15, 0x6D, 0x69, 0x6E, 0x65, 0x63, 0x72, 0x61, 0x66, 0x74, 0x3A, 0x64, 0x61, 0x6D, 0x61, 0x67, 0x65, 0x5F, 0x74, 0x79, 0x70, 0x65, 0x21, 0x1A, 0x6D, 0x69, 0x6E, 0x65, 0x63, 0x72, 0x61, 0x66, 0x74, 0x3A, 0x62, 0x79, 0x70, 0x61, 0x73, 0x73, 0x65, 0x73, 0x5F, 0x65, 0x66, 0x66, 0x65, 0x63, 0x74, 0x73, 0x01, 0x28, 0x11, 0x6D, 0x69, 0x6E, 0x65, 0x63, 0x72, 0x61, 0x66, 0x74, 0x3A, 0x69, 0x73, 0x5F, 0x66, 0x61, 0x6C, 0x6C, 0x03, 0x0A, 0x08, 0x27, 0x1E, 0x6D, 0x69, 0x6E, 0x65, 0x63, 0x72, 0x61, 0x66, 0x74, 0x3A, 0x69, 0x67, 0x6E, 0x69, 0x74, 0x65, 0x73, 0x5F, 0x61, 0x72, 0x6D, 0x6F, 0x72, 0x5F, 0x73, 0x74, 0x61, 0x6E, 0x64, 0x73, 0x02, 0x15, 0x03, 0x1C, 0x6D, 0x69, 0x6E, 0x65, 0x63, 0x72, 0x61, 0x66, 0x74, 0x3A, 0x77, 0x69, 0x74, 0x63, 0x68, 0x5F, 0x72, 0x65, 0x73, 0x69, 0x73, 0x74, 0x61, 0x6E, 0x74, 0x5F, 0x74, 0x6F, 0x04, 0x1B, 0x17, 0x24, 0x2B, 0x20, 0x6D, 0x69, 0x6E, 0x65, 0x63, 0x72, 0x61, 0x66, 0x74, 0x3A, 0x61, 0x76, 0x6F, 0x69, 0x64, 0x73, 0x5F, 0x67, 0x75, 0x61, 0x72, 0x64, 0x69, 0x61, 0x6E, 0x5F, 0x74, 0x68, 0x6F, 0x72, 0x6E, 0x73, 0x06, 0x1B, 0x2B, 0x0F, 0x09, 0x23, 0x01, 0x1C, 0x6D, 0x69, 0x6E, 0x65, 0x63, 0x72, 0x61, 0x66, 0x74, 0x3A, 0x62, 0x75, 0x72, 0x6E, 0x73, 0x5F, 0x61, 0x72, 0x6D, 0x6F, 0x72, 0x5F, 0x73, 0x74, 0x61, 0x6E, 0x64, 0x73, 0x01, 0x1F, 0x1D, 0x6D, 0x69, 0x6E, 0x65, 0x63, 0x72, 0x61, 0x66, 0x74, 0x3A, 0x62, 0x79, 0x70, 0x61, 0x73, 0x73, 0x65, 0x73, 0x5F, 0x72, 0x65, 0x73, 0x69, 0x73, 0x74, 0x61, 0x6E, 0x63, 0x65, 0x02, 0x20, 0x13, 0x24, 0x6D, 0x69, 0x6E, 0x65, 0x63, 0x72, 0x61, 0x66, 0x74, 0x3A, 0x70, 0x61, 0x6E, 0x69, 0x63, 0x5F, 0x65, 0x6E, 0x76, 0x69, 0x72, 0x6F, 0x6E, 0x6D, 0x65, 0x6E, 0x74, 0x61, 0x6C, 0x5F, 0x63, 0x61, 0x75, 0x73, 0x65, 0x73, 0x07, 0x02, 0x11, 0x14, 0x15, 0x18, 0x19, 0x1F, 0x14, 0x6D, 0x69, 0x6E, 0x65, 0x63, 0x72, 0x61, 0x66, 0x74, 0x3A, 0x6D, 0x61, 0x63, 0x65, 0x5F, 0x73, 0x6D, 0x61, 0x73, 0x68, 0x01, 0x1A, 0x1D, 0x6D, 0x69, 0x6E, 0x65, 0x63, 0x72, 0x61, 0x66, 0x74, 0x3A, 0x62, 0x79, 0x70, 0x61, 0x73, 0x73, 0x65, 0x73, 0x5F, 0x77, 0x6F, 0x6C, 0x66, 0x5F, 0x61, 0x72, 0x6D, 0x6F, 0x72, 0x0D, 0x20, 0x13, 0x04, 0x06, 0x07, 0x11, 0x16, 0x17, 0x1B, 0x21, 0x28, 0x2B, 0x30, 0x18, 0x6D, 0x69, 0x6E, 0x65, 0x63, 0x72, 0x61, 0x66, 0x74, 0x3A, 0x64, 0x61, 0x6D, 0x61, 0x67, 0x65, 0x73, 0x5F, 0x68, 0x65, 0x6C, 0x6D, 0x65, 0x74, 0x03, 0x0B, 0x0C, 0x0D, 0x19, 0x6D, 0x69, 0x6E, 0x65, 0x63, 0x72, 0x61, 0x66, 0x74, 0x3A, 0x62, 0x79, 0x70, 0x61, 0x73, 0x73, 0x65, 0x73, 0x5F, 0x73, 0x68, 0x69, 0x65, 0x6C, 0x64, 0x1D, 0x1F, 0x16, 0x04, 0x06, 0x10, 0x12, 0x30, 0x05, 0x28, 0x0A, 0x08, 0x11, 0x27, 0x1B, 0x17, 0x20, 0x13, 0x24, 0x21, 0x02, 0x03, 0x07, 0x0B, 0x0D, 0x14, 0x15, 0x18, 0x19, 0x2A, 0x1C, 0x6D, 0x69, 0x6E, 0x65, 0x63, 0x72, 0x61, 0x66, 0x74, 0x3A, 0x62, 0x75, 0x72, 0x6E, 0x5F, 0x66, 0x72, 0x6F, 0x6D, 0x5F, 0x73, 0x74, 0x65, 0x70, 0x70, 0x69, 0x6E, 0x67, 0x02, 0x03, 0x14, 0x13, 0x6D, 0x69, 0x6E, 0x65, 0x63, 0x72, 0x61, 0x66, 0x74, 0x3A, 0x6E, 0x6F, 0x5F, 0x69, 0x6D, 0x70, 0x61, 0x63, 0x74, 0x01, 0x06, 0x15, 0x6D, 0x69, 0x6E, 0x65, 0x63, 0x72, 0x61, 0x66, 0x74, 0x3A, 0x69, 0x73, 0x5F, 0x66, 0x72, 0x65, 0x65, 0x7A, 0x69, 0x6E, 0x67, 0x01, 0x11, 0x17, 0x6D, 0x69, 0x6E, 0x65, 0x63, 0x72, 0x61, 0x66, 0x74, 0x3A, 0x69, 0x73, 0x5F, 0x70, 0x72, 0x6F, 0x6A, 0x65, 0x63, 0x74, 0x69, 0x6C, 0x65, 0x08, 0x00, 0x2D, 0x1E, 0x2E, 0x0E, 0x31, 0x2C, 0x2F, 0x1F, 0x6D, 0x69, 0x6E, 0x65, 0x63, 0x72, 0x61, 0x66, 0x74, 0x3A, 0x62, 0x79, 0x70, 0x61, 0x73, 0x73, 0x65, 0x73, 0x5F, 0x65, 0x6E, 0x63, 0x68, 0x61, 0x6E, 0x74, 0x6D, 0x65, 0x6E, 0x74, 0x73, 0x01, 0x24, 0x26, 0x6D, 0x69, 0x6E, 0x65, 0x63, 0x72, 0x61, 0x66, 0x74, 0x3A, 0x61, 0x6C, 0x77, 0x61, 0x79, 0x73, 0x5F, 0x6D, 0x6F, 0x73, 0x74, 0x5F, 0x73, 0x69, 0x67, 0x6E, 0x69, 0x66, 0x69, 0x63, 0x61, 0x6E, 0x74, 0x5F, 0x66, 0x61, 0x6C, 0x6C, 0x01, 0x20, 0x1F, 0x6D, 0x69, 0x6E, 0x65, 0x63, 0x72, 0x61, 0x66, 0x74, 0x3A, 0x63, 0x61, 0x6E, 0x5F, 0x62, 0x72, 0x65, 0x61, 0x6B, 0x5F, 0x61, 0x72, 0x6D, 0x6F, 0x72, 0x5F, 0x73, 0x74, 0x61, 0x6E, 0x64, 0x04, 0x23, 0x22, 0x25, 0x1A, 0x18, 0x6D, 0x69, 0x6E, 0x65, 0x63, 0x72, 0x61, 0x66, 0x74, 0x3A, 0x62, 0x79, 0x70, 0x61, 0x73, 0x73, 0x65, 0x73, 0x5F, 0x61, 0x72, 0x6D, 0x6F, 0x72, 0x13, 0x1F, 0x16, 0x04, 0x06, 0x10, 0x12, 0x30, 0x05, 0x28, 0x0A, 0x08, 0x11, 0x27, 0x1B, 0x17, 0x20, 0x13, 0x24, 0x21, 0x22, 0x6D, 0x69, 0x6E, 0x65, 0x63, 0x72, 0x61, 0x66, 0x74, 0x3A, 0x62, 0x79, 0x70, 0x61, 0x73, 0x73, 0x65, 0x73, 0x5F, 0x69, 0x6E, 0x76, 0x75, 0x6C, 0x6E, 0x65, 0x72, 0x61, 0x62, 0x69, 0x6C, 0x69, 0x74, 0x79, 0x02, 0x20, 0x13, 0x16, 0x6D, 0x69, 0x6E, 0x65, 0x63, 0x72, 0x61, 0x66, 0x74, 0x3A, 0x6E, 0x6F, 0x5F, 0x6B, 0x6E, 0x6F, 0x63, 0x6B, 0x62, 0x61, 0x63, 0x6B, 0x1D, 0x09, 0x23, 0x01, 0x15, 0x19, 0x1F, 0x18, 0x14, 0x16, 0x04, 0x06, 0x28, 0x02, 0x0A, 0x08, 0x10, 0x20, 0x12, 0x1B, 0x30, 0x05, 0x07, 0x2A, 0x11, 0x27, 0x21, 0x13, 0x03, 0x25, 0x12, 0x6D, 0x69, 0x6E, 0x65, 0x63, 0x72, 0x61, 0x66, 0x74, 0x3A, 0x6E, 0x6F, 0x5F, 0x61, 0x6E, 0x67, 0x65, 0x72, 0x01, 0x1D, 0x15, 0x6D, 0x69, 0x6E, 0x65, 0x63, 0x72, 0x61, 0x66, 0x74, 0x3A, 0x69, 0x73, 0x5F, 0x64, 0x72, 0x6F, 0x77, 0x6E, 0x69, 0x6E, 0x67, 0x01, 0x06, 0x24, 0x6D, 0x69, 0x6E, 0x65, 0x63, 0x72, 0x61, 0x66, 0x74, 0x3A, 0x61, 0x6C, 0x77, 0x61, 0x79, 0x73, 0x5F, 0x74, 0x72, 0x69, 0x67, 0x67, 0x65, 0x72, 0x73, 0x5F, 0x73, 0x69, 0x6C, 0x76, 0x65, 0x72, 0x66, 0x69, 0x73, 0x68, 0x01, 0x1B, 0x16, 0x6D, 0x69, 0x6E, 0x65, 0x63, 0x72, 0x61, 0x66, 0x74, 0x3A, 0x70, 0x61, 0x6E, 0x69, 0x63, 0x5F, 0x63, 0x61, 0x75, 0x73, 0x65, 0x73, 0x1C, 0x02, 0x11, 0x14, 0x15, 0x18, 0x19, 0x1F, 0x00, 0x05, 0x09, 0x0E, 0x0F, 0x17, 0x1B, 0x1C, 0x1E, 0x23, 0x24, 0x29, 0x2C, 0x2D, 0x2E, 0x2F, 0x30, 0x31, 0x22, 0x25, 0x1A, 0x24, 0x6D, 0x69, 0x6E, 0x65, 0x63, 0x72, 0x61, 0x66, 0x74, 0x3A, 0x61, 0x6C, 0x77, 0x61, 0x79, 0x73, 0x5F, 0x68, 0x75, 0x72, 0x74, 0x73, 0x5F, 0x65, 0x6E, 0x64, 0x65, 0x72, 0x5F, 0x64, 0x72, 0x61, 0x67, 0x6F, 0x6E, 0x73, 0x04, 0x0F, 0x09, 0x23, 0x01, 0x11, 0x6D, 0x69, 0x6E, 0x65, 0x63, 0x72, 0x61, 0x66, 0x74, 0x3A, 0x69, 0x73, 0x5F, 0x66, 0x69, 0x72, 0x65, 0x07, 0x15, 0x03, 0x1F, 0x18, 0x14, 0x2E, 0x0E, 0x1A, 0x6D, 0x69, 0x6E, 0x65, 0x63, 0x72, 0x61, 0x66, 0x74, 0x3A, 0x77, 0x69, 0x74, 0x68, 0x65, 0x72, 0x5F, 0x69, 0x6D, 0x6D, 0x75, 0x6E, 0x65, 0x5F, 0x74, 0x6F, 0x01, 0x06, 0x16, 0x6D, 0x69, 0x6E, 0x65, 0x63, 0x72, 0x61, 0x66, 0x74, 0x3A, 0x69, 0x73, 0x5F, 0x65, 0x78, 0x70, 0x6C, 0x6F, 0x73, 0x69, 0x6F, 0x6E, 0x04, 0x0F, 0x09, 0x23, 0x01, 0x23, 0x6D, 0x69, 0x6E, 0x65, 0x63, 0x72, 0x61, 0x66, 0x74, 0x3A, 0x61, 0x6C, 0x77, 0x61, 0x79, 0x73, 0x5F, 0x6B, 0x69, 0x6C, 0x6C, 0x73, 0x5F, 0x61, 0x72, 0x6D, 0x6F, 0x72, 0x5F, 0x73, 0x74, 0x61, 0x6E, 0x64, 0x73, 0x05, 0x00, 0x2D, 0x0E, 0x31, 0x2F, 0x16, 0x6D, 0x69, 0x6E, 0x65, 0x63, 0x72, 0x61, 0x66, 0x74, 0x3A, 0x69, 0x73, 0x5F, 0x6C, 0x69, 0x67, 0x68, 0x74, 0x6E, 0x69, 0x6E, 0x67, 0x01, 0x19, 0x1A, 0x6D, 0x69, 0x6E, 0x65, 0x63, 0x72, 0x61, 0x66, 0x74, 0x3A, 0x69, 0x73, 0x5F, 0x70, 0x6C, 0x61, 0x79, 0x65, 0x72, 0x5F, 0x61, 0x74, 0x74, 0x61, 0x63, 0x6B, 0x03, 0x22, 0x25, 0x1A };

inline constexpr uint8_t config_packet_32[] = { 0x01, 0x03 };

inline constexpr PacketBlob CONFIG_PACKETS[] = {
    {config_packet_00, sizeof(config_packet_00)},
    {config_packet_01, sizeof(config_packet_01)},
    {config_packet_02, sizeof(config_packet_02)},
    {config_packet_03, sizeof(config_packet_03)},
    {config_packet_04, sizeof(config_packet_04)},
    {config_packet_05, sizeof(config_packet_05)},
    {config_packet_06, sizeof(config_packet_06)},
    {config_packet_07, sizeof(config_packet_07)},
    {config_packet_08, sizeof(config_packet_08)},
    {config_packet_09, sizeof(config_packet_09)},
    {config_packet_10, sizeof(config_packet_10)},
    {config_packet_11, sizeof(config_packet_11)},
    {config_packet_12, sizeof(config_packet_12)},
    {config_packet_13, sizeof(config_packet_13)},
    {config_packet_14, sizeof(config_packet_14)},
    {config_packet_15, sizeof(config_packet_15)},
    {config_packet_16, sizeof(config_packet_16)},
    {config_packet_17, sizeof(config_packet_17)},
    {config_packet_18, sizeof(config_packet_18)},
    {config_packet_19, sizeof(config_packet_19)},
    {config_packet_20, sizeof(config_packet_20)},
    {config_packet_21, sizeof(config_packet_21)},
    {config_packet_22, sizeof(config_packet_22)},
    {config_packet_23, sizeof(config_packet_23)},
    {config_packet_24, sizeof(config_packet_24)},
    {config_packet_25, sizeof(config_packet_25)},
    {config_packet_26, sizeof(config_packet_26)},
    {config_packet_27, sizeof(config_packet_27)},
    {config_packet_28, sizeof(config_packet_28)},
    {config_packet_29, sizeof(config_packet_29)},
    {config_packet_30, sizeof(config_packet_30)},
    {config_packet_31, sizeof(config_packet_31)},
    {config_packet_32, sizeof(config_packet_32)},
};

inline constexpr size_t NUM_CONFIG_PACKETS = sizeof(CONFIG_PACKETS) / sizeof(CONFIG_PACKETS[0]);

} // namespace waiting_server
