// Generated from captured_packets.hpp for Minecraft 26.2 (Protocol 776)
#pragma once

#include <cstdint>
#include <cstddef>
#include "config_packets.hpp"
#include "lobby_chunks.hpp"

namespace waiting_server {

alignas(4) inline constexpr uint8_t play_packet_000[111] = {
    0x6E, 0x31, 0x00, 0x00, 0x00, 0x4F, 0x00, 0x03, 0x13, 0x6D, 0x69, 0x6E, 0x65, 0x63, 0x72, 0x61,
    0x66, 0x74, 0x3A, 0x6F, 0x76, 0x65, 0x72, 0x77, 0x6F, 0x72, 0x6C, 0x64, 0x11, 0x6D, 0x69, 0x6E,
    0x65, 0x63, 0x72, 0x61, 0x66, 0x74, 0x3A, 0x74, 0x68, 0x65, 0x5F, 0x65, 0x6E, 0x64, 0x14, 0x6D,
    0x69, 0x6E, 0x65, 0x63, 0x72, 0x61, 0x66, 0x74, 0x3A, 0x74, 0x68, 0x65, 0x5F, 0x6E, 0x65, 0x74,
    0x68, 0x65, 0x72, 0x14, 0x03, 0x03, 0x00, 0x01, 0x00, 0x00, 0x13, 0x6D, 0x69, 0x6E, 0x65, 0x63,
    0x72, 0x61, 0x66, 0x74, 0x3A, 0x6F, 0x76, 0x65, 0x72, 0x77, 0x6F, 0x72, 0x6C, 0x64, 0x57, 0x13,
    0xDA, 0xCF, 0x77, 0x7B, 0x4C, 0xFA, 0x00, 0xFF, 0x00, 0x00, 0x00, 0x00, 0x3F, 0x00, 0x00
};

alignas(4) inline constexpr uint8_t play_packet_001[4] = {
    0x03, 0x0A, 0x01, 0x00
};

alignas(4) inline constexpr uint8_t play_packet_002[11] = {
    0x0A, 0x40, 0x00, 0x3D, 0x4C, 0xCC, 0xCD, 0x3D, 0xCC, 0xCC, 0xCD
};

alignas(4) inline constexpr uint8_t play_packet_003[3] = {
    0x02, 0x69, 0x00
};

alignas(4) inline constexpr uint8_t play_packet_004[2988] = {
    0xAA, 0x17, 0x85, 0x01, 0x07, 0x16, 0x6D, 0x69, 0x6E, 0x65, 0x63, 0x72, 0x61, 0x66, 0x74, 0x3A,
    0x73, 0x6D, 0x6F, 0x6B, 0x65, 0x72, 0x5F, 0x69, 0x6E, 0x70, 0x75, 0x74, 0x09, 0xCD, 0x09, 0x82,
    0x02, 0xA3, 0x08, 0xD9, 0x08, 0xA2, 0x08, 0xD8, 0x07, 0xD7, 0x08, 0xF1, 0x09, 0xE2, 0x09, 0x1D,
    0x6D, 0x69, 0x6E, 0x65, 0x63, 0x72, 0x61, 0x66, 0x74, 0x3A, 0x62, 0x6C, 0x61, 0x73, 0x74, 0x5F,
    0x66, 0x75, 0x72, 0x6E, 0x61, 0x63, 0x65, 0x5F, 0x69, 0x6E, 0x70, 0x75, 0x74, 0x3E, 0xB6, 0x0A,
    0xE8, 0x09, 0xD1, 0x07, 0xA1, 0x07, 0xC3, 0x07, 0xA0, 0x07, 0x95, 0x07, 0x8A, 0x07, 0xC1, 0x07,
    0xD2, 0x07, 0xA7, 0x07, 0x4D, 0xC0, 0x07, 0x43, 0x4A, 0x47, 0x46, 0x48, 0xC5, 0x07, 0xC7, 0x07,
    0x98, 0x07, 0xC9, 0x07, 0xA4, 0x07, 0xC4, 0x07, 0x51, 0x41, 0xE9, 0x09, 0x94, 0x0A, 0xA3, 0x07,
    0x40, 0xC6, 0x07, 0x50, 0x49, 0xA5, 0x07, 0x99, 0x07, 0x4E, 0xBA, 0x0A, 0x45, 0xA6, 0x07, 0x44,
    0x97, 0x07, 0xBF, 0x07, 0xCA, 0x07, 0xC8, 0x07, 0x4B, 0x4F, 0x93, 0x0A, 0xD0, 0x07, 0xA2, 0x07,
    0x95, 0x0A, 0x42, 0xEA, 0x09, 0x88, 0x07, 0x8C, 0x07, 0xA8, 0x07, 0x96, 0x07, 0xB7, 0x0A, 0x4C,
    0xCF, 0x07, 0x52, 0x9F, 0x07, 0xC2, 0x07, 0x17, 0x6D, 0x69, 0x6E, 0x65, 0x63, 0x72, 0x61, 0x66,
    0x74, 0x3A, 0x66, 0x75, 0x72, 0x6E, 0x61, 0x63, 0x65, 0x5F, 0x69, 0x6E, 0x70, 0x75, 0x74, 0x9C,
    0x01, 0x88, 0x07, 0xA6, 0x07, 0xA3, 0x08, 0xB3, 0x01, 0xEA, 0x03, 0xB6, 0x0A, 0xB9, 0x01, 0xF1,
    0x09, 0xC1, 0x07, 0x09, 0xAD, 0x01, 0xF6, 0x03, 0x4A, 0xFE, 0x02, 0xB7, 0x0A, 0xA8, 0x07, 0xC6,
    0x01, 0xC0, 0x01, 0x49, 0xE3, 0x03, 0xBE, 0x01, 0xE8, 0x02, 0xF1, 0x03, 0x8C, 0x01, 0xD9, 0x08,
    0xB2, 0x01, 0xAE, 0x01, 0x4F, 0xC7, 0x07, 0xE8, 0x09, 0x9F, 0x01, 0x96, 0x01, 0x9A, 0x01, 0x52,
    0xE7, 0x03, 0xBC, 0x01, 0xF8, 0x02, 0xBF, 0x01, 0xBA, 0x04, 0xC9, 0x07, 0x83, 0x08, 0x97, 0x07,
    0xC6, 0x07, 0xC3, 0x07, 0x50, 0xC8, 0x07, 0x40, 0xE2, 0x09, 0x41, 0xEC, 0x03, 0xB0, 0x01, 0xAF,
    0x01, 0x95, 0x0A, 0x9B, 0x01, 0xF2, 0x03, 0x8A, 0x07, 0xF3, 0x03, 0x86, 0x01, 0xEA, 0x09, 0xA9,
    0x03, 0xD0, 0x07, 0xEF, 0x03, 0x51, 0xC2, 0x01, 0x43, 0xE9, 0x03, 0xB1, 0x01, 0x94, 0x01, 0x89,
    0x01, 0x95, 0x01, 0x8C, 0x07, 0x98, 0x01, 0xBF, 0x07, 0x47, 0xAC, 0x01, 0xA1, 0x01, 0x4D, 0xCD,
    0x09, 0xA2, 0x07, 0xA0, 0x07, 0x4E, 0xCF, 0x07, 0x8E, 0x01, 0x94, 0x0A, 0x9D, 0x03, 0x93, 0x0A,
    0xBD, 0x01, 0x95, 0x07, 0xE9, 0x09, 0xA7, 0x07, 0x4C, 0xBA, 0x0A, 0xA7, 0x01, 0x84, 0x0A, 0x3B,
    0xC4, 0x07, 0xD1, 0x07, 0xD7, 0x08, 0x99, 0x07, 0xF2, 0x0A, 0xF5, 0x03, 0xEB, 0x03, 0x8D, 0x01,
    0x88, 0x01, 0xAB, 0x01, 0xEB, 0x02, 0x44, 0xA2, 0x08, 0xED, 0x03, 0xB8, 0x01, 0xF0, 0x03, 0xD2,
    0x07, 0xA2, 0x01, 0xBA, 0x01, 0x45, 0x46, 0xE8, 0x03, 0xA3, 0x01, 0xA5, 0x07, 0xA0, 0x01, 0xA1,
    0x07, 0xD4, 0x01, 0xA5, 0x01, 0xB7, 0x01, 0xC0, 0x07, 0x99, 0x01, 0x8B, 0x01, 0x97, 0x01, 0xA4,
    0x07, 0x3E, 0xC5, 0x07, 0x87, 0x01, 0xA4, 0x01, 0x01, 0xC2, 0x07, 0x4B, 0xEE, 0x03, 0xBB, 0x01,
    0xF4, 0x03, 0x9F, 0x07, 0x80, 0x03, 0xD7, 0x02, 0x48, 0xD8, 0x07, 0x82, 0x02, 0xA3, 0x07, 0xD5,
    0x02, 0x96, 0x07, 0xB6, 0x01, 0xA6, 0x01, 0x9C, 0x01, 0x23, 0xCA, 0x07, 0x8A, 0x01, 0x98, 0x07,
    0x42, 0x1B, 0x6D, 0x69, 0x6E, 0x65, 0x63, 0x72, 0x61, 0x66, 0x74, 0x3A, 0x73, 0x6D, 0x69, 0x74,
    0x68, 0x69, 0x6E, 0x67, 0x5F, 0x61, 0x64, 0x64, 0x69, 0x74, 0x69, 0x6F, 0x6E, 0x0B, 0x89, 0x07,
    0x86, 0x07, 0x87, 0x07, 0x8E, 0x07, 0x83, 0x07, 0xDF, 0x09, 0xCE, 0x05, 0x85, 0x07, 0x84, 0x07,
    0x8D, 0x07, 0x8B, 0x07, 0x17, 0x6D, 0x69, 0x6E, 0x65, 0x63, 0x72, 0x61, 0x66, 0x74, 0x3A, 0x73,
    0x6D, 0x69, 0x74, 0x68, 0x69, 0x6E, 0x67, 0x5F, 0x62, 0x61, 0x73, 0x65, 0x25, 0xCD, 0x07, 0xC2,
    0x07, 0xC7, 0x07, 0xC6, 0x07, 0xD5, 0x07, 0xD0, 0x07, 0xD1, 0x07, 0xB8, 0x0A, 0xBE, 0x07, 0x96,
    0x0A, 0xC3, 0x07, 0xBF, 0x07, 0xCB, 0x07, 0xBB, 0x07, 0xBD, 0x07, 0xD3, 0x07, 0xD6, 0x07, 0xAB,
    0x07, 0xC9, 0x07, 0xA9, 0x07, 0xC5, 0x07, 0xCC, 0x07, 0xAA, 0x07, 0xD2, 0x07, 0xBC, 0x07, 0xC4,
    0x07, 0xC8, 0x07, 0xCE, 0x07, 0xEB, 0x09, 0xF8, 0x06, 0xAD, 0x07, 0xC0, 0x07, 0xAC, 0x07, 0xCF,
    0x07, 0xD4, 0x07, 0xCA, 0x07, 0xC1, 0x07, 0x18, 0x6D, 0x69, 0x6E, 0x65, 0x63, 0x72, 0x61, 0x66,
    0x74, 0x3A, 0x63, 0x61, 0x6D, 0x70, 0x66, 0x69, 0x72, 0x65, 0x5F, 0x69, 0x6E, 0x70, 0x75, 0x74,
    0x09, 0xCD, 0x09, 0x82, 0x02, 0xA3, 0x08, 0xD9, 0x08, 0xA2, 0x08, 0xD8, 0x07, 0xD7, 0x08, 0xF1,
    0x09, 0xE2, 0x09, 0x1B, 0x6D, 0x69, 0x6E, 0x65, 0x63, 0x72, 0x61, 0x66, 0x74, 0x3A, 0x73, 0x6D,
    0x69, 0x74, 0x68, 0x69, 0x6E, 0x67, 0x5F, 0x74, 0x65, 0x6D, 0x70, 0x6C, 0x61, 0x74, 0x65, 0x13,
    0x98, 0x0B, 0xA0, 0x0B, 0xA4, 0x0B, 0x95, 0x0B, 0x9B, 0x0B, 0x9E, 0x0B, 0x97, 0x0B, 0xA5, 0x0B,
    0xA3, 0x0B, 0x9D, 0x0B, 0x99, 0x0B, 0xA1, 0x0B, 0xA2, 0x0B, 0x9A, 0x0B, 0x93, 0x0B, 0x96, 0x0B,
    0x9C, 0x0B, 0x9F, 0x0B, 0x94, 0x0B, 0x93, 0x02, 0x02, 0x06, 0x05, 0xC5, 0x05, 0x02, 0x00, 0x00,
    0x02, 0x06, 0x05, 0xB4, 0x05, 0x01, 0x00, 0x00, 0x02, 0x06, 0x05, 0xD3, 0x03, 0x01, 0x00, 0x00,
    0x02, 0xEA, 0x0A, 0x05, 0xEB, 0x0A, 0x02, 0x00, 0x00, 0x02, 0xEA, 0x0A, 0x05, 0xEC, 0x0A, 0x01,
    0x00, 0x00, 0x02, 0xEA, 0x0A, 0x05, 0xD8, 0x03, 0x01, 0x00, 0x00, 0x02, 0xB1, 0x02, 0x05, 0xA2,
    0x02, 0x02, 0x00, 0x00, 0x02, 0xB1, 0x02, 0x05, 0xA4, 0x03, 0x01, 0x00, 0x00, 0x02, 0xB1, 0x02,
    0x05, 0xCB, 0x03, 0x01, 0x00, 0x00, 0x02, 0x5B, 0x05, 0x62, 0x04, 0x00, 0x00, 0x02, 0x66, 0x05,
    0x62, 0x01, 0x00, 0x00, 0x02, 0x09, 0x05, 0x82, 0x03, 0x01, 0x00, 0x00, 0x02, 0x08, 0x05, 0x82,
    0x03, 0x01, 0x00, 0x00, 0x02, 0xA9, 0x03, 0x05, 0xAB, 0x03, 0x01, 0x00, 0x00, 0x02, 0xEA, 0x0A,
    0x05, 0xF1, 0x0A, 0x01, 0x00, 0x00, 0x02, 0xEE, 0x0A, 0x05, 0xF1, 0x0A, 0x01, 0x00, 0x00, 0x02,
    0xE3, 0x03, 0x05, 0xE2, 0x03, 0x01, 0x00, 0x00, 0x02, 0xBA, 0x04, 0x05, 0xBB, 0x04, 0x01, 0x00,
    0x00, 0x02, 0x9F, 0x03, 0x05, 0xA3, 0x03, 0x01, 0x00, 0x00, 0x02, 0xC6, 0x01, 0x05, 0xC7, 0x01,
    0x01, 0x00, 0x00, 0x02, 0xF8, 0x02, 0x05, 0xFB, 0x02, 0x01, 0x00, 0x00, 0x02, 0x01, 0x05, 0xFB,
    0x02, 0x01, 0x00, 0x00, 0x02, 0x11, 0x05, 0x19, 0x01, 0x00, 0x00, 0x02, 0x15, 0x05, 0x19, 0x01,
    0x00, 0x00, 0x02, 0x0C, 0x05, 0x19, 0x01, 0x00, 0x00, 0x02, 0x0C, 0x05, 0x10, 0x01, 0x00, 0x00,
    0x02, 0x08, 0x05, 0x09, 0x01, 0x00, 0x00, 0x02, 0x09, 0x05, 0xC9, 0x05, 0x02, 0x00, 0x00, 0x02,
    0x08, 0x05, 0xC9, 0x05, 0x02, 0x00, 0x00, 0x02, 0x09, 0x05, 0xB8, 0x05, 0x01, 0x00, 0x00, 0x02,
    0x08, 0x05, 0xB8, 0x05, 0x01, 0x00, 0x00, 0x02, 0x09, 0x05, 0xDB, 0x03, 0x01, 0x00, 0x00, 0x02,
    0x08, 0x05, 0xDB, 0x03, 0x01, 0x00, 0x00, 0x02, 0x01, 0x05, 0x23, 0x01, 0x00, 0x00, 0x02, 0x23,
    0x05, 0xA1, 0x02, 0x02, 0x00, 0x00, 0x02, 0x01, 0x05, 0xA1, 0x02, 0x02, 0x00, 0x00, 0x02, 0x23,
    0x05, 0xD1, 0x02, 0x01, 0x00, 0x00, 0x02, 0x01, 0x05, 0xD1, 0x02, 0x01, 0x00, 0x00, 0x02, 0x23,
    0x05, 0xC9, 0x03, 0x01, 0x00, 0x00, 0x02, 0x01, 0x05, 0xC9, 0x03, 0x01, 0x00, 0x00, 0x02, 0x5B,
    0x05, 0xBD, 0x0B, 0x04, 0x00, 0x00, 0x02, 0x5B, 0x05, 0x66, 0x04, 0x00, 0x00, 0x02, 0x5B, 0x05,
    0x6E, 0x08, 0x00, 0x00, 0x02, 0x66, 0x05, 0x6E, 0x02, 0x00, 0x00, 0x02, 0x5B, 0x05, 0x6A, 0x04,
    0x00, 0x00, 0x02, 0x66, 0x05, 0x6A, 0x01, 0x00, 0x00, 0x02, 0xBA, 0x04, 0x05, 0xBC, 0x04, 0x01,
    0x00, 0x00, 0x02, 0xBC, 0x04, 0x05, 0xA8, 0x02, 0x02, 0x00, 0x00, 0x02, 0xBA, 0x04, 0x05, 0xA8,
    0x02, 0x02, 0x00, 0x00, 0x02, 0xC6, 0x01, 0x05, 0xC8, 0x01, 0x01, 0x00, 0x00, 0x02, 0xC8, 0x01,
    0x05, 0x9F, 0x02, 0x02, 0x00, 0x00, 0x02, 0xC6, 0x01, 0x05, 0x9F, 0x02, 0x02, 0x00, 0x00, 0x02,
    0xB5, 0x04, 0x05, 0xAC, 0x02, 0x02, 0x00, 0x00, 0x02, 0xB5, 0x04, 0x05, 0xB8, 0x04, 0x01, 0x00,
    0x00, 0x02, 0x09, 0x05, 0xCB, 0x05, 0x02, 0x00, 0x00, 0x02, 0xFE, 0x02, 0x05, 0xCB, 0x05, 0x02,
    0x00, 0x00, 0x02, 0x08, 0x05, 0xCB, 0x05, 0x02, 0x00, 0x00, 0x02, 0x0A, 0x05, 0xCB, 0x05, 0x02,
    0x00, 0x00, 0x02, 0x09, 0x05, 0xBA, 0x05, 0x01, 0x00, 0x00, 0x02, 0xFE, 0x02, 0x05, 0xBA, 0x05,
    0x01, 0x00, 0x00, 0x02, 0x08, 0x05, 0xBA, 0x05, 0x01, 0x00, 0x00, 0x02, 0x0A, 0x05, 0xBA, 0x05,
    0x01, 0x00, 0x00, 0x02, 0x09, 0x05, 0xDD, 0x03, 0x01, 0x00, 0x00, 0x02, 0xFE, 0x02, 0x05, 0xDD,
    0x03, 0x01, 0x00, 0x00, 0x02, 0x08, 0x05, 0xDD, 0x03, 0x01, 0x00, 0x00, 0x02, 0x0A, 0x05, 0xDD,
    0x03, 0x01, 0x00, 0x00, 0x02, 0x09, 0x05, 0xFE, 0x02, 0x01, 0x00, 0x00, 0x02, 0x08, 0x05, 0xFE,
    0x02, 0x01, 0x00, 0x00, 0x02, 0x0A, 0x05, 0xFE, 0x02, 0x01, 0x00, 0x00, 0x02, 0x09, 0x05, 0xCC,
    0x05, 0x02, 0x00, 0x00, 0x02, 0xFE, 0x02, 0x05, 0xCC, 0x05, 0x02, 0x00, 0x00, 0x02, 0x08, 0x05,
    0xCC, 0x05, 0x02, 0x00, 0x00, 0x02, 0x80, 0x03, 0x05, 0xCC, 0x05, 0x02, 0x00, 0x00, 0x02, 0x0A,
    0x05, 0xCC, 0x05, 0x02, 0x00, 0x00, 0x02, 0x09, 0x05, 0xBB, 0x05, 0x01, 0x00, 0x00, 0x02, 0xFE,
    0x02, 0x05, 0xBB, 0x05, 0x01, 0x00, 0x00, 0x02, 0x08, 0x05, 0xBB, 0x05, 0x01, 0x00, 0x00, 0x02,
    0x80, 0x03, 0x05, 0xBB, 0x05, 0x01, 0x00, 0x00, 0x02, 0x0A, 0x05, 0xBB, 0x05, 0x01, 0x00, 0x00,
    0x02, 0x09, 0x05, 0xDE, 0x03, 0x01, 0x00, 0x00, 0x02, 0xFE, 0x02, 0x05, 0xDE, 0x03, 0x01, 0x00,
    0x00, 0x02, 0x08, 0x05, 0xDE, 0x03, 0x01, 0x00, 0x00, 0x02, 0x80, 0x03, 0x05, 0xDE, 0x03, 0x01,
    0x00, 0x00, 0x02, 0x0A, 0x05, 0xDE, 0x03, 0x01, 0x00, 0x00, 0x02, 0x09, 0x05, 0x80, 0x03, 0x01,
    0x00, 0x00, 0x02, 0xFE, 0x02, 0x05, 0x80, 0x03, 0x01, 0x00, 0x00, 0x02, 0x08, 0x05, 0x80, 0x03,
    0x01, 0x00, 0x00, 0x02, 0x0A, 0x05, 0x80, 0x03, 0x01, 0x00, 0x00, 0x02, 0x04, 0x05, 0xC8, 0x05,
    0x02, 0x00, 0x00, 0x02, 0x04, 0x05, 0xB7, 0x05, 0x01, 0x00, 0x00, 0x02, 0x04, 0x05, 0xD7, 0x03,
    0x01, 0x00, 0x00, 0x02, 0xB5, 0x03, 0x05, 0xC1, 0x05, 0x02, 0x00, 0x00, 0x02, 0xB4, 0x03, 0x05,
    0xC1, 0x05, 0x02, 0x00, 0x00, 0x02, 0xB5, 0x03, 0x05, 0xAF, 0x05, 0x01, 0x00, 0x00, 0x02, 0xB4,
    0x03, 0x05, 0xAF, 0x05, 0x01, 0x00, 0x00, 0x02, 0xB5, 0x03, 0x05, 0xD6, 0x03, 0x01, 0x00, 0x00,
    0x02, 0xB4, 0x03, 0x05, 0xD6, 0x03, 0x01, 0x00, 0x00, 0x02, 0xB4, 0x03, 0x05, 0xB5, 0x03, 0x01,
    0x00, 0x00, 0x02, 0x5F, 0x05, 0x63, 0x04, 0x00, 0x00, 0x02, 0x67, 0x05, 0x63, 0x01, 0x00, 0x00,
    0x02, 0x5F, 0x05, 0xBE, 0x0B, 0x04, 0x00, 0x00, 0x02, 0x5F, 0x05, 0x67, 0x04, 0x00, 0x00, 0x02,
    0x5F, 0x05, 0x6F, 0x08, 0x00, 0x00, 0x02, 0x67, 0x05, 0x6F, 0x02, 0x00, 0x00, 0x02, 0x5F, 0x05,
    0x6B, 0x04, 0x00, 0x00, 0x02, 0x67, 0x05, 0x6B, 0x01, 0x00, 0x00, 0x02, 0x02, 0x05, 0xC4, 0x05,
    0x02, 0x00, 0x00, 0x02, 0x02, 0x05, 0xB3, 0x05, 0x01, 0x00, 0x00, 0x02, 0x02, 0x05, 0xCF, 0x03,
    0x01, 0x00, 0x00, 0x02, 0xC1, 0x02, 0x05, 0xC0, 0x05, 0x02, 0x00, 0x00, 0x02, 0xC1, 0x02, 0x05,
    0xAE, 0x05, 0x01, 0x00, 0x00, 0x02, 0xC1, 0x02, 0x05, 0xCA, 0x03, 0x01, 0x00, 0x00, 0x02, 0xF9,
    0x02, 0x05, 0xBE, 0x05, 0x02, 0x00, 0x00, 0x02, 0xF9, 0x02, 0x05, 0xAC, 0x05, 0x01, 0x00, 0x00,
    0x02, 0xF9, 0x02, 0x05, 0xCE, 0x03, 0x01, 0x00, 0x00, 0x02, 0xFD, 0x02, 0x05, 0xA4, 0x02, 0x02,
    0x00, 0x00, 0x02, 0xFD, 0x02, 0x05, 0xA6, 0x03, 0x01, 0x00, 0x00, 0x02, 0xFD, 0x02, 0x05, 0xD1,
    0x03, 0x01, 0x00, 0x00, 0x02, 0xA9, 0x03, 0x05, 0xA5, 0x02, 0x02, 0x00, 0x00, 0x02, 0xA9, 0x03,
    0x05, 0xAD, 0x03, 0x01, 0x00, 0x00, 0x02, 0xA9, 0x03, 0x05, 0xD2, 0x03, 0x01, 0x00, 0x00, 0x02,
    0x61, 0x05, 0x65, 0x04, 0x00, 0x00, 0x02, 0x69, 0x05, 0x65, 0x01, 0x00, 0x00, 0x02, 0x61, 0x05,
    0xC0, 0x0B, 0x04, 0x00, 0x00, 0x02, 0x61, 0x05, 0x69, 0x04, 0x00, 0x00, 0x02, 0x61, 0x05, 0x71,
    0x08, 0x00, 0x00, 0x02, 0x69, 0x05, 0x71, 0x02, 0x00, 0x00, 0x02, 0x61, 0x05, 0x6D, 0x04, 0x00,
    0x00, 0x02, 0x69, 0x05, 0x6D, 0x01, 0x00, 0x00, 0x02, 0x06, 0x05, 0x07, 0x01, 0x00, 0x00, 0x02,
    0x06, 0x05, 0xC7, 0x05, 0x02, 0x00, 0x00, 0x02, 0x07, 0x05, 0xC7, 0x05, 0x02, 0x00, 0x00, 0x02,
    0x06, 0x05, 0xB6, 0x05, 0x01, 0x00, 0x00, 0x02, 0x07, 0x05, 0xB6, 0x05, 0x01, 0x00, 0x00, 0x02,
    0xEB, 0x02, 0x05, 0xEC, 0x02, 0x01, 0x00, 0x00, 0x02, 0xEA, 0x0A, 0x05, 0xF3, 0x0A, 0x02, 0x00,
    0x00, 0x02, 0xF2, 0x0A, 0x05, 0xF3, 0x0A, 0x02, 0x00, 0x00, 0x02, 0xEE, 0x0A, 0x05, 0xF3, 0x0A,
    0x02, 0x00, 0x00, 0x02, 0xEA, 0x0A, 0x05, 0xF4, 0x0A, 0x01, 0x00, 0x00, 0x02, 0xF2, 0x0A, 0x05,
    0xF4, 0x0A, 0x01, 0x00, 0x00, 0x02, 0xEE, 0x0A, 0x05, 0xF4, 0x0A, 0x01, 0x00, 0x00, 0x02, 0xEA,
    0x0A, 0x05, 0xDA, 0x03, 0x01, 0x00, 0x00, 0x02, 0xF2, 0x0A, 0x05, 0xDA, 0x03, 0x01, 0x00, 0x00,
    0x02, 0xEE, 0x0A, 0x05, 0xDA, 0x03, 0x01, 0x00, 0x00, 0x02, 0xEA, 0x0A, 0x05, 0xF2, 0x0A, 0x01,
    0x00, 0x00, 0x02, 0xEE, 0x0A, 0x05, 0xF2, 0x0A, 0x01, 0x00, 0x00, 0x02, 0xEA, 0x0A, 0x05, 0xEE,
    0x0A, 0x01, 0x00, 0x00, 0x02, 0xEA, 0x0A, 0x05, 0xEF, 0x0A, 0x02, 0x00, 0x00, 0x02, 0xEE, 0x0A,
    0x05, 0xEF, 0x0A, 0x02, 0x00, 0x00, 0x02, 0xEA, 0x0A, 0x05, 0xF0, 0x0A, 0x01, 0x00, 0x00, 0x02,
    0xEE, 0x0A, 0x05, 0xF0, 0x0A, 0x01, 0x00, 0x00, 0x02, 0xEA, 0x0A, 0x05, 0xD9, 0x03, 0x01, 0x00,
    0x00, 0x02, 0xEE, 0x0A, 0x05, 0xD9, 0x03, 0x01, 0x00, 0x00, 0x02, 0x09, 0x05, 0x0A, 0x01, 0x00,
    0x00, 0x02, 0x08, 0x05, 0x0A, 0x01, 0x00, 0x00, 0x02, 0x09, 0x05, 0xCA, 0x05, 0x02, 0x00, 0x00,
    0x02, 0x08, 0x05, 0xCA, 0x05, 0x02, 0x00, 0x00, 0x02, 0x0A, 0x05, 0xCA, 0x05, 0x02, 0x00, 0x00,
    0x02, 0x09, 0x05, 0xB9, 0x05, 0x01, 0x00, 0x00, 0x02, 0x08, 0x05, 0xB9, 0x05, 0x01, 0x00, 0x00,
    0x02, 0x0A, 0x05, 0xB9, 0x05, 0x01, 0x00, 0x00, 0x02, 0x09, 0x05, 0xDC, 0x03, 0x01, 0x00, 0x00,
    0x02, 0x08, 0x05, 0xDC, 0x03, 0x01, 0x00, 0x00, 0x02, 0x0A, 0x05, 0xDC, 0x03, 0x01, 0x00, 0x00,
    0x02, 0x04, 0x05, 0x05, 0x01, 0x00, 0x00, 0x02, 0x04, 0x05, 0xBF, 0x05, 0x02, 0x00, 0x00, 0x02,
    0x05, 0x05, 0xBF, 0x05, 0x02, 0x00, 0x00, 0x02, 0x04, 0x05, 0xAD, 0x05, 0x01, 0x00, 0x00, 0x02,
    0x05, 0x05, 0xAD, 0x05, 0x01, 0x00, 0x00, 0x02, 0x02, 0x05, 0x03, 0x01, 0x00, 0x00, 0x02, 0x02,
    0x05, 0xBC, 0x05, 0x02, 0x00, 0x00, 0x02, 0x03, 0x05, 0xBC, 0x05, 0x02, 0x00, 0x00, 0x02, 0x02,
    0x05, 0xAA, 0x05, 0x01, 0x00, 0x00, 0x02, 0x03, 0x05, 0xAA, 0x05, 0x01, 0x00, 0x00, 0x02, 0x0C,
    0x05, 0x11, 0x01, 0x00, 0x00, 0x02, 0x11, 0x05, 0x12, 0x02, 0x00, 0x00, 0x02, 0x0C, 0x05, 0x12,
    0x02, 0x00, 0x00, 0x02, 0x11, 0x05, 0x13, 0x01, 0x00, 0x00, 0x02, 0x0C, 0x05, 0x13, 0x01, 0x00,
    0x00, 0x02, 0x11, 0x05, 0x14, 0x01, 0x00, 0x00, 0x02, 0x0C, 0x05, 0x14, 0x01, 0x00, 0x00, 0x02,
    0xB4, 0x04, 0x05, 0xAB, 0x02, 0x02, 0x00, 0x00, 0x02, 0xB4, 0x04, 0x05, 0xB7, 0x04, 0x01, 0x00,
    0x00, 0x02, 0xB3, 0x04, 0x05, 0xAA, 0x02, 0x02, 0x00, 0x00, 0x02, 0xB3, 0x04, 0x05, 0xB6, 0x04,
    0x01, 0x00, 0x00, 0x02, 0xB3, 0x04, 0x05, 0xCC, 0x03, 0x01, 0x00, 0x00, 0x02, 0xC7, 0x02, 0x05,
    0xC8, 0x02, 0x01, 0x00, 0x00, 0x02, 0xC7, 0x02, 0x05, 0xA9, 0x02, 0x02, 0x00, 0x00, 0x02, 0xC7,
    0x02, 0x05, 0xC9, 0x02, 0x01, 0x00, 0x00, 0x02, 0xE3, 0x03, 0x05, 0xE4, 0x03, 0x01, 0x00, 0x00,
    0x02, 0xE3, 0x03, 0x05, 0xE5, 0x03, 0x01, 0x00, 0x00, 0x02, 0xE3, 0x03, 0x05, 0xA6, 0x02, 0x02,
    0x00, 0x00, 0x02, 0xE3, 0x03, 0x05, 0xE6, 0x03, 0x01, 0x00, 0x00, 0x02, 0xC3, 0x04, 0x05, 0xC6,
    0x05, 0x02, 0x00, 0x00, 0x02, 0xC3, 0x04, 0x05, 0xB5, 0x05, 0x01, 0x00, 0x00, 0x02, 0xC3, 0x04,
    0x05, 0xD4, 0x03, 0x01, 0x00, 0x00, 0x02, 0xBA, 0x04, 0x05, 0xA7, 0x02, 0x02, 0x00, 0x00, 0x02,
    0xBA, 0x04, 0x05, 0xBD, 0x04, 0x01, 0x00, 0x00, 0x02, 0xBA, 0x04, 0x05, 0xCD, 0x03, 0x01, 0x00,
    0x00, 0x02, 0x9F, 0x03, 0x05, 0xA1, 0x03, 0x02, 0x00, 0x00, 0x02, 0x9F, 0x03, 0x05, 0xA0, 0x03,
    0x01, 0x00, 0x00, 0x02, 0x9F, 0x03, 0x05, 0xA2, 0x03, 0x01, 0x00, 0x00, 0x02, 0xC6, 0x01, 0x05,
    0x9E, 0x02, 0x02, 0x00, 0x00, 0x02, 0xC6, 0x01, 0x05, 0xB7, 0x03, 0x01, 0x00, 0x00, 0x02, 0xC6,
    0x01, 0x05, 0xD5, 0x03, 0x01, 0x00, 0x00, 0x02, 0xAD, 0x02, 0x05, 0xC3, 0x05, 0x02, 0x00, 0x00,
    0x02, 0xAD, 0x02, 0x05, 0xB2, 0x05, 0x01, 0x00, 0x00, 0x02, 0xAE, 0x02, 0x05, 0xBD, 0x05, 0x02,
    0x00, 0x00, 0x02, 0xAE, 0x02, 0x05, 0xAB, 0x05, 0x01, 0x00, 0x00, 0x02, 0xAF, 0x02, 0x05, 0xC2,
    0x05, 0x02, 0x00, 0x00, 0x02, 0xAF, 0x02, 0x05, 0xB1, 0x05, 0x01, 0x00, 0x00, 0x02, 0xB0, 0x02,
    0x05, 0x9D, 0x02, 0x02, 0x00, 0x00, 0x02, 0xF8, 0x02, 0x05, 0xA3, 0x02, 0x02, 0x00, 0x00, 0x02,
    0x01, 0x05, 0xA3, 0x02, 0x02, 0x00, 0x00, 0x02, 0xF8, 0x02, 0x05, 0xA5, 0x03, 0x01, 0x00, 0x00,
    0x02, 0x01, 0x05, 0xA5, 0x03, 0x01, 0x00, 0x00, 0x02, 0xF8, 0x02, 0x05, 0xD0, 0x03, 0x01, 0x00,
    0x00, 0x02, 0x01, 0x05, 0xD0, 0x03, 0x01, 0x00, 0x00, 0x02, 0x01, 0x05, 0xF8, 0x02, 0x01, 0x00,
    0x00, 0x02, 0x01, 0x05, 0x9C, 0x02, 0x02, 0x00, 0x00, 0x02, 0x01, 0x05, 0xB0, 0x05, 0x01, 0x00,
    0x00, 0x02, 0x11, 0x05, 0x16, 0x02, 0x00, 0x00, 0x02, 0x15, 0x05, 0x16, 0x02, 0x00, 0x00, 0x02,
    0x0C, 0x05, 0x16, 0x02, 0x00, 0x00, 0x02, 0x11, 0x05, 0x17, 0x01, 0x00, 0x00, 0x02, 0x15, 0x05,
    0x17, 0x01, 0x00, 0x00, 0x02, 0x0C, 0x05, 0x17, 0x01, 0x00, 0x00, 0x02, 0x11, 0x05, 0x18, 0x01,
    0x00, 0x00, 0x02, 0x15, 0x05, 0x18, 0x01, 0x00, 0x00, 0x02, 0x0C, 0x05, 0x18, 0x01, 0x00, 0x00,
    0x02, 0x11, 0x05, 0x15, 0x01, 0x00, 0x00, 0x02, 0x0C, 0x05, 0x15, 0x01, 0x00, 0x00, 0x02, 0x0C,
    0x05, 0x0D, 0x02, 0x00, 0x00, 0x02, 0x0C, 0x05, 0x0E, 0x01, 0x00, 0x00, 0x02, 0x0C, 0x05, 0x0F,
    0x01, 0x00, 0x00, 0x02, 0x72, 0x05, 0x76, 0x04, 0x00, 0x00, 0x02, 0x7A, 0x05, 0x76, 0x01, 0x00,
    0x00, 0x02, 0x72, 0x05, 0xC1, 0x0B, 0x04, 0x00, 0x00, 0x02, 0x72, 0x05, 0x7A, 0x04, 0x00, 0x00,
    0x02, 0x72, 0x05, 0x82, 0x01, 0x08, 0x00, 0x00, 0x02, 0x7A, 0x05, 0x82, 0x01, 0x02, 0x00, 0x00,
    0x02, 0x72, 0x05, 0x7E, 0x04, 0x00, 0x00, 0x02, 0x7A, 0x05, 0x7E, 0x01, 0x00, 0x00, 0x02, 0x73,
    0x05, 0x77, 0x04, 0x00, 0x00, 0x02, 0x7B, 0x05, 0x77, 0x01, 0x00, 0x00, 0x02, 0x73, 0x05, 0xC2,
    0x0B, 0x04, 0x00, 0x00, 0x02, 0x73, 0x05, 0x7B, 0x04, 0x00, 0x00, 0x02, 0x73, 0x05, 0x83, 0x01,
    0x08, 0x00, 0x00, 0x02, 0x7B, 0x05, 0x83, 0x01, 0x02, 0x00, 0x00, 0x02, 0x73, 0x05, 0x7F, 0x04,
    0x00, 0x00, 0x02, 0x7B, 0x05, 0x7F, 0x01, 0x00, 0x00, 0x02, 0x75, 0x05, 0x79, 0x04, 0x00, 0x00,
    0x02, 0x7D, 0x05, 0x79, 0x01, 0x00, 0x00, 0x02, 0x75, 0x05, 0xC4, 0x0B, 0x04, 0x00, 0x00, 0x02,
    0x75, 0x05, 0x7D, 0x04, 0x00, 0x00, 0x02, 0x75, 0x05, 0x85, 0x01, 0x08, 0x00, 0x00, 0x02, 0x7D,
    0x05, 0x85, 0x01, 0x02, 0x00, 0x00, 0x02, 0x75, 0x05, 0x81, 0x01, 0x04, 0x00, 0x00, 0x02, 0x7D,
    0x05, 0x81, 0x01, 0x01, 0x00, 0x00, 0x02, 0x74, 0x05, 0x78, 0x04, 0x00, 0x00, 0x02, 0x7C, 0x05,
    0x78, 0x01, 0x00, 0x00, 0x02, 0x74, 0x05, 0xC3, 0x0B, 0x04, 0x00, 0x00, 0x02, 0x74, 0x05, 0x7C,
    0x04, 0x00, 0x00, 0x02, 0x74, 0x05, 0x84, 0x01, 0x08, 0x00, 0x00, 0x02, 0x7C, 0x05, 0x84, 0x01,
    0x02, 0x00, 0x00, 0x02, 0x74, 0x05, 0x80, 0x01, 0x04, 0x00, 0x00, 0x02, 0x7C, 0x05, 0x80, 0x01,
    0x01, 0x00, 0x00, 0x02, 0x60, 0x05, 0x64, 0x04, 0x00, 0x00, 0x02, 0x68, 0x05, 0x64, 0x01, 0x00,
    0x00, 0x02, 0x60, 0x05, 0xBF, 0x0B, 0x04, 0x00, 0x00, 0x02, 0x60, 0x05, 0x68, 0x04, 0x00, 0x00,
    0x02, 0x60, 0x05, 0x70, 0x08, 0x00, 0x00, 0x02, 0x68, 0x05, 0x70, 0x02, 0x00, 0x00, 0x02, 0x60,
    0x05, 0x6C, 0x04, 0x00, 0x00, 0x02, 0x68, 0x05, 0x6C, 0x01, 0x00, 0x00
};

alignas(4) inline constexpr uint8_t play_packet_005[7] = {
    0x06, 0x22, 0x00, 0x00, 0x00, 0x4F, 0x1C
};

alignas(4) inline constexpr uint8_t play_packet_006[30242] = {
    0x9F, 0xEC, 0x01, 0x10, 0xE0, 0x0F, 0x00, 0x5A, 0x01, 0x02, 0x03, 0x04, 0x05, 0x06, 0x07, 0x08,
    0x09, 0x0A, 0x0B, 0x0C, 0x0D, 0x0E, 0x0F, 0x10, 0x11, 0x12, 0x13, 0x14, 0x15, 0x16, 0x17, 0x18,
    0x19, 0x1A, 0x1B, 0x1C, 0x1D, 0x1E, 0x1F, 0x20, 0x21, 0x22, 0x23, 0x24, 0x25, 0x26, 0x27, 0x28,
    0x29, 0x2A, 0x2B, 0x2C, 0x2D, 0x2E, 0x2F, 0x30, 0x31, 0x32, 0x33, 0x34, 0x35, 0x36, 0x37, 0x38,
    0x39, 0x3A, 0x3B, 0x3C, 0x3D, 0x3E, 0x3F, 0x40, 0x41, 0x42, 0x43, 0x44, 0x45, 0x46, 0x47, 0x48,
    0x49, 0x4A, 0x4B, 0x4C, 0x4D, 0x4E, 0x4F, 0x50, 0x51, 0x52, 0x53, 0x54, 0x55, 0x56, 0x57, 0x58,
    0x59, 0x5A, 0x21, 0x02, 0x5B, 0x5C, 0x0B, 0x61, 0x64, 0x76, 0x61, 0x6E, 0x63, 0x65, 0x6D, 0x65,
    0x6E, 0x74, 0x21, 0x01, 0x5D, 0x09, 0x61, 0x74, 0x74, 0x72, 0x69, 0x62, 0x75, 0x74, 0x65, 0x21,
    0x0E, 0x5E, 0x5F, 0x60, 0x61, 0x62, 0x63, 0x64, 0x65, 0x66, 0x67, 0x68, 0x69, 0x6A, 0x6B, 0x07,
    0x65, 0x78, 0x65, 0x63, 0x75, 0x74, 0x65, 0x21, 0x05, 0x6C, 0x6D, 0x6E, 0x6F, 0x70, 0x07, 0x62,
    0x6F, 0x73, 0x73, 0x62, 0x61, 0x72, 0x25, 0x01, 0x71, 0x05, 0x63, 0x6C, 0x65, 0x61, 0x72, 0x21,
    0x02, 0x72, 0x73, 0x05, 0x63, 0x6C, 0x6F, 0x6E, 0x65, 0x21, 0x01, 0x74, 0x06, 0x64, 0x61, 0x6D,
    0x61, 0x67, 0x65, 0x21, 0x04, 0x75, 0x76, 0x77, 0x78, 0x04, 0x64, 0x61, 0x74, 0x61, 0x21, 0x04,
    0x79, 0x7A, 0x7B, 0x7C, 0x08, 0x64, 0x61, 0x74, 0x61, 0x70, 0x61, 0x63, 0x6B, 0x21, 0x03, 0x7D,
    0x7E, 0x7F, 0x05, 0x64, 0x65, 0x62, 0x75, 0x67, 0x21, 0x01, 0x80, 0x01, 0x0F, 0x64, 0x65, 0x66,
    0x61, 0x75, 0x6C, 0x74, 0x67, 0x61, 0x6D, 0x65, 0x6D, 0x6F, 0x64, 0x65, 0x21, 0x02, 0x81, 0x01,
    0x82, 0x01, 0x06, 0x64, 0x69, 0x61, 0x6C, 0x6F, 0x67, 0x25, 0x04, 0x83, 0x01, 0x84, 0x01, 0x85,
    0x01, 0x86, 0x01, 0x0A, 0x64, 0x69, 0x66, 0x66, 0x69, 0x63, 0x75, 0x6C, 0x74, 0x79, 0x21, 0x02,
    0x87, 0x01, 0x88, 0x01, 0x06, 0x65, 0x66, 0x66, 0x65, 0x63, 0x74, 0x01, 0x01, 0x89, 0x01, 0x02,
    0x6D, 0x65, 0x21, 0x01, 0x8A, 0x01, 0x07, 0x65, 0x6E, 0x63, 0x68, 0x61, 0x6E, 0x74, 0x21, 0x03,
    0x8B, 0x01, 0x8C, 0x01, 0x8D, 0x01, 0x0A, 0x65, 0x78, 0x70, 0x65, 0x72, 0x69, 0x65, 0x6E, 0x63,
    0x65, 0x29, 0x00, 0x11, 0x02, 0x78, 0x70, 0x21, 0x01, 0x8E, 0x01, 0x04, 0x66, 0x69, 0x6C, 0x6C,
    0x21, 0x01, 0x8F, 0x01, 0x09, 0x66, 0x69, 0x6C, 0x6C, 0x62, 0x69, 0x6F, 0x6D, 0x65, 0x21, 0x03,
    0x90, 0x01, 0x91, 0x01, 0x92, 0x01, 0x09, 0x66, 0x6F, 0x72, 0x63, 0x65, 0x6C, 0x6F, 0x61, 0x64,
    0x21, 0x01, 0x93, 0x01, 0x08, 0x66, 0x75, 0x6E, 0x63, 0x74, 0x69, 0x6F, 0x6E, 0x21, 0x01, 0x94,
    0x01, 0x08, 0x67, 0x61, 0x6D, 0x65, 0x6D, 0x6F, 0x64, 0x65, 0x21, 0x74, 0x95, 0x01, 0x96, 0x01,
    0x97, 0x01, 0x98, 0x01, 0x99, 0x01, 0x9A, 0x01, 0x9B, 0x01, 0x9C, 0x01, 0x9D, 0x01, 0x9E, 0x01,
    0x9F, 0x01, 0xA0, 0x01, 0xA1, 0x01, 0xA2, 0x01, 0xA3, 0x01, 0xA4, 0x01, 0xA5, 0x01, 0xA6, 0x01,
    0xA7, 0x01, 0xA8, 0x01, 0xA9, 0x01, 0xAA, 0x01, 0xAB, 0x01, 0xAC, 0x01, 0xAD, 0x01, 0xAE, 0x01,
    0xAF, 0x01, 0xB0, 0x01, 0xB1, 0x01, 0xB2, 0x01, 0xB3, 0x01, 0xB4, 0x01, 0xB5, 0x01, 0xB6, 0x01,
    0xB7, 0x01, 0xB8, 0x01, 0xB9, 0x01, 0xBA, 0x01, 0xBB, 0x01, 0xBC, 0x01, 0xBD, 0x01, 0xBE, 0x01,
    0xBF, 0x01, 0xC0, 0x01, 0xC1, 0x01, 0xC2, 0x01, 0xC3, 0x01, 0xC4, 0x01, 0xC5, 0x01, 0xC6, 0x01,
    0xC7, 0x01, 0xC8, 0x01, 0xC9, 0x01, 0xCA, 0x01, 0xCB, 0x01, 0xCC, 0x01, 0xCD, 0x01, 0xCE, 0x01,
    0xCF, 0x01, 0xD0, 0x01, 0xD1, 0x01, 0xD2, 0x01, 0xD3, 0x01, 0xD4, 0x01, 0xD5, 0x01, 0xD6, 0x01,
    0xD7, 0x01, 0xD8, 0x01, 0xD9, 0x01, 0xDA, 0x01, 0xDB, 0x01, 0xDC, 0x01, 0xDD, 0x01, 0xDE, 0x01,
    0xDF, 0x01, 0xE0, 0x01, 0xE1, 0x01, 0xE2, 0x01, 0xE3, 0x01, 0xE4, 0x01, 0xE5, 0x01, 0xE6, 0x01,
    0xE7, 0x01, 0xE8, 0x01, 0xE9, 0x01, 0xEA, 0x01, 0xEB, 0x01, 0xEC, 0x01, 0xED, 0x01, 0xEE, 0x01,
    0xEF, 0x01, 0xF0, 0x01, 0xF1, 0x01, 0xF2, 0x01, 0xF3, 0x01, 0xF4, 0x01, 0xF5, 0x01, 0xF6, 0x01,
    0xF7, 0x01, 0xF8, 0x01, 0xF9, 0x01, 0xFA, 0x01, 0xFB, 0x01, 0xFC, 0x01, 0xFD, 0x01, 0xFE, 0x01,
    0xFF, 0x01, 0x80, 0x02, 0x81, 0x02, 0x82, 0x02, 0x83, 0x02, 0x84, 0x02, 0x85, 0x02, 0x86, 0x02,
    0x87, 0x02, 0x88, 0x02, 0x08, 0x67, 0x61, 0x6D, 0x65, 0x72, 0x75, 0x6C, 0x65, 0x21, 0x01, 0x89,
    0x02, 0x04, 0x67, 0x69, 0x76, 0x65, 0x05, 0x01, 0x8A, 0x02, 0x04, 0x68, 0x65, 0x6C, 0x70, 0x21,
    0x02, 0x8B, 0x02, 0x8C, 0x02, 0x04, 0x69, 0x74, 0x65, 0x6D, 0x21, 0x01, 0x8D, 0x02, 0x04, 0x6B,
    0x69, 0x63, 0x6B, 0x25, 0x01, 0x8E, 0x02, 0x04, 0x6B, 0x69, 0x6C, 0x6C, 0x05, 0x01, 0x8F, 0x02,
    0x04, 0x6C, 0x69, 0x73, 0x74, 0x21, 0x03, 0x90, 0x02, 0x91, 0x02, 0x92, 0x02, 0x06, 0x6C, 0x6F,
    0x63, 0x61, 0x74, 0x65, 0x21, 0x04, 0x93, 0x02, 0x94, 0x02, 0x95, 0x02, 0x96, 0x02, 0x04, 0x6C,
    0x6F, 0x6F, 0x74, 0x01, 0x01, 0x97, 0x02, 0x03, 0x6D, 0x73, 0x67, 0x09, 0x00, 0x21, 0x04, 0x74,
    0x65, 0x6C, 0x6C, 0x09, 0x00, 0x21, 0x01, 0x77, 0x25, 0x01, 0x98, 0x02, 0x05, 0x73, 0x77, 0x69,
    0x6E, 0x67, 0x21, 0x01, 0x99, 0x02, 0x08, 0x70, 0x61, 0x72, 0x74, 0x69, 0x63, 0x6C, 0x65, 0x21,
    0x04, 0x9A, 0x02, 0x9B, 0x02, 0x9C, 0x02, 0x9D, 0x02, 0x05, 0x70, 0x6C, 0x61, 0x63, 0x65, 0x21,
    0x01, 0x9E, 0x02, 0x09, 0x70, 0x6C, 0x61, 0x79, 0x73, 0x6F, 0x75, 0x6E, 0x64, 0x01, 0x03, 0x9F,
    0x02, 0xA0, 0x02, 0xA1, 0x02, 0x06, 0x72, 0x61, 0x6E, 0x64, 0x6F, 0x6D, 0x25, 0x00, 0x06, 0x72,
    0x65, 0x6C, 0x6F, 0x61, 0x64, 0x21, 0x02, 0xA2, 0x02, 0xA3, 0x02, 0x06, 0x72, 0x65, 0x63, 0x69,
    0x70, 0x65, 0x21, 0x03, 0xA4, 0x02, 0xA5, 0x02, 0xA6, 0x02, 0x0C, 0x66, 0x65, 0x74, 0x63, 0x68,
    0x70, 0x72, 0x6F, 0x66, 0x69, 0x6C, 0x65, 0x21, 0x03, 0xA7, 0x02, 0xA8, 0x02, 0x5E, 0x06, 0x72,
    0x65, 0x74, 0x75, 0x72, 0x6E, 0x21, 0x01, 0xA9, 0x02, 0x04, 0x72, 0x69, 0x64, 0x65, 0x21, 0x01,
    0xAA, 0x02, 0x06, 0x72, 0x6F, 0x74, 0x61, 0x74, 0x65, 0x21, 0x01, 0xAB, 0x02, 0x03, 0x73, 0x61,
    0x79, 0x21, 0x02, 0xAC, 0x02, 0xAD, 0x02, 0x08, 0x73, 0x63, 0x68, 0x65, 0x64, 0x75, 0x6C, 0x65,
    0x21, 0x02, 0xAE, 0x02, 0xAF, 0x02, 0x0A, 0x73, 0x63, 0x6F, 0x72, 0x65, 0x62, 0x6F, 0x61, 0x72,
    0x64, 0x25, 0x00, 0x04, 0x73, 0x65, 0x65, 0x64, 0x25, 0x00, 0x07, 0x76, 0x65, 0x72, 0x73, 0x69,
    0x6F, 0x6E, 0x21, 0x01, 0xB0, 0x02, 0x08, 0x73, 0x65, 0x74, 0x62, 0x6C, 0x6F, 0x63, 0x6B, 0x25,
    0x01, 0xB1, 0x02, 0x0A, 0x73, 0x70, 0x61, 0x77, 0x6E, 0x70, 0x6F, 0x69, 0x6E, 0x74, 0x25, 0x01,
    0xB2, 0x02, 0x0D, 0x73, 0x65, 0x74, 0x77, 0x6F, 0x72, 0x6C, 0x64, 0x73, 0x70, 0x61, 0x77, 0x6E,
    0x25, 0x01, 0xB3, 0x02, 0x08, 0x73, 0x70, 0x65, 0x63, 0x74, 0x61, 0x74, 0x65, 0x21, 0x01, 0xB4,
    0x02, 0x0D, 0x73, 0x70, 0x72, 0x65, 0x61, 0x64, 0x70, 0x6C, 0x61, 0x79, 0x65, 0x72, 0x73, 0x21,
    0x01, 0xB5, 0x02, 0x09, 0x73, 0x74, 0x6F, 0x70, 0x73, 0x6F, 0x75, 0x6E, 0x64, 0x21, 0x04, 0xB6,
    0x02, 0xB7, 0x02, 0xB8, 0x02, 0xB9, 0x02, 0x09, 0x73, 0x74, 0x6F, 0x70, 0x77, 0x61, 0x74, 0x63,
    0x68, 0x21, 0x01, 0xBA, 0x02, 0x06, 0x73, 0x75, 0x6D, 0x6D, 0x6F, 0x6E, 0x21, 0x01, 0xBB, 0x02,
    0x03, 0x74, 0x61, 0x67, 0x21, 0x07, 0xBC, 0x02, 0xBD, 0x02, 0xBE, 0x02, 0xBF, 0x02, 0xC0, 0x02,
    0xC1, 0x02, 0xC2, 0x02, 0x04, 0x74, 0x65, 0x61, 0x6D, 0x01, 0x01, 0xC3, 0x02, 0x07, 0x74, 0x65,
    0x61, 0x6D, 0x6D, 0x73, 0x67, 0x09, 0x00, 0x3E, 0x02, 0x74, 0x6D, 0x21, 0x03, 0xC4, 0x02, 0xC5,
    0x02, 0xC6, 0x02, 0x08, 0x74, 0x65, 0x6C, 0x65, 0x70, 0x6F, 0x72, 0x74, 0x29, 0x00, 0x40, 0x02,
    0x74, 0x70, 0x21, 0x01, 0xC7, 0x02, 0x07, 0x74, 0x65, 0x6C, 0x6C, 0x72, 0x61, 0x77, 0x21, 0x11,
    0xC8, 0x02, 0xC9, 0x02, 0xCA, 0x02, 0xCB, 0x02, 0xCC, 0x02, 0xCD, 0x02, 0xCE, 0x02, 0xCF, 0x02,
    0xD0, 0x02, 0xD1, 0x02, 0xD2, 0x02, 0xD3, 0x02, 0xD4, 0x02, 0xD5, 0x02, 0xD6, 0x02, 0xD7, 0x02,
    0xD8, 0x02, 0x04, 0x74, 0x65, 0x73, 0x74, 0x21, 0x06, 0xD9, 0x02, 0xDA, 0x02, 0xDB, 0x02, 0xDC,
    0x02, 0xDD, 0x02, 0xDE, 0x02, 0x04, 0x74, 0x69, 0x63, 0x6B, 0x21, 0x07, 0xDF, 0x02, 0xE0, 0x02,
    0xE1, 0x02, 0xE2, 0x02, 0xE3, 0x02, 0xE4, 0x02, 0xE5, 0x02, 0x04, 0x74, 0x69, 0x6D, 0x65, 0x21,
    0x01, 0xE6, 0x02, 0x05, 0x74, 0x69, 0x74, 0x6C, 0x65, 0x01, 0x01, 0xE7, 0x02, 0x07, 0x74, 0x72,
    0x69, 0x67, 0x67, 0x65, 0x72, 0x21, 0x02, 0xE8, 0x02, 0xE9, 0x02, 0x08, 0x77, 0x61, 0x79, 0x70,
    0x6F, 0x69, 0x6E, 0x74, 0x21, 0x03, 0xEA, 0x02, 0xEB, 0x02, 0xEC, 0x02, 0x07, 0x77, 0x65, 0x61,
    0x74, 0x68, 0x65, 0x72, 0x21, 0x06, 0xED, 0x02, 0xEE, 0x02, 0xEF, 0x02, 0xF0, 0x02, 0xF1, 0x02,
    0xF2, 0x02, 0x0B, 0x77, 0x6F, 0x72, 0x6C, 0x64, 0x62, 0x6F, 0x72, 0x64, 0x65, 0x72, 0x21, 0x02,
    0xF3, 0x02, 0xF4, 0x02, 0x03, 0x6A, 0x66, 0x72, 0x21, 0x01, 0xF5, 0x02, 0x06, 0x62, 0x61, 0x6E,
    0x2D, 0x69, 0x70, 0x25, 0x02, 0xF6, 0x02, 0xF7, 0x02, 0x07, 0x62, 0x61, 0x6E, 0x6C, 0x69, 0x73,
    0x74, 0x21, 0x01, 0xF8, 0x02, 0x03, 0x62, 0x61, 0x6E, 0x21, 0x01, 0xF9, 0x02, 0x04, 0x64, 0x65,
    0x6F, 0x70, 0x21, 0x01, 0xFA, 0x02, 0x02, 0x6F, 0x70, 0x21, 0x01, 0xFB, 0x02, 0x06, 0x70, 0x61,
    0x72, 0x64, 0x6F, 0x6E, 0x21, 0x01, 0xFC, 0x02, 0x09, 0x70, 0x61, 0x72, 0x64, 0x6F, 0x6E, 0x2D,
    0x69, 0x70, 0x21, 0x02, 0xFD, 0x02, 0xFE, 0x02, 0x04, 0x70, 0x65, 0x72, 0x66, 0x25, 0x01, 0xFF,
    0x02, 0x08, 0x73, 0x61, 0x76, 0x65, 0x2D, 0x61, 0x6C, 0x6C, 0x25, 0x00, 0x08, 0x73, 0x61, 0x76,
    0x65, 0x2D, 0x6F, 0x66, 0x66, 0x25, 0x00, 0x07, 0x73, 0x61, 0x76, 0x65, 0x2D, 0x6F, 0x6E, 0x21,
    0x01, 0x80, 0x03, 0x0E, 0x73, 0x65, 0x74, 0x69, 0x64, 0x6C, 0x65, 0x74, 0x69, 0x6D, 0x65, 0x6F,
    0x75, 0x74, 0x25, 0x00, 0x04, 0x73, 0x74, 0x6F, 0x70, 0x21, 0x01, 0x81, 0x03, 0x08, 0x74, 0x72,
    0x61, 0x6E, 0x73, 0x66, 0x65, 0x72, 0x21, 0x06, 0x82, 0x03, 0x83, 0x03, 0x84, 0x03, 0x85, 0x03,
    0x86, 0x03, 0x87, 0x03, 0x09, 0x77, 0x68, 0x69, 0x74, 0x65, 0x6C, 0x69, 0x73, 0x74, 0x01, 0x01,
    0x88, 0x03, 0x05, 0x67, 0x72, 0x61, 0x6E, 0x74, 0x01, 0x01, 0x89, 0x03, 0x06, 0x72, 0x65, 0x76,
    0x6F, 0x6B, 0x65, 0x02, 0x01, 0x8A, 0x03, 0x06, 0x74, 0x61, 0x72, 0x67, 0x65, 0x74, 0x06, 0x01,
    0x09, 0x00, 0x00, 0x03, 0x72, 0x75, 0x6E, 0x01, 0x0C, 0x8B, 0x03, 0x8C, 0x03, 0x8D, 0x03, 0x8E,
    0x03, 0x8F, 0x03, 0x90, 0x03, 0x91, 0x03, 0x92, 0x03, 0x93, 0x03, 0x94, 0x03, 0x95, 0x03, 0x96,
    0x03, 0x02, 0x69, 0x66, 0x01, 0x0C, 0x97, 0x03, 0x98, 0x03, 0x99, 0x03, 0x9A, 0x03, 0x9B, 0x03,
    0x9C, 0x03, 0x9D, 0x03, 0x9E, 0x03, 0x9F, 0x03, 0xA0, 0x03, 0xA1, 0x03, 0xA2, 0x03, 0x06, 0x75,
    0x6E, 0x6C, 0x65, 0x73, 0x73, 0x01, 0x01, 0xA3, 0x03, 0x02, 0x61, 0x73, 0x01, 0x01, 0xA4, 0x03,
    0x02, 0x61, 0x74, 0x01, 0x02, 0xA5, 0x03, 0xA6, 0x03, 0x05, 0x73, 0x74, 0x6F, 0x72, 0x65, 0x01,
    0x03, 0xA7, 0x03, 0xA8, 0x03, 0xA9, 0x03, 0x0A, 0x70, 0x6F, 0x73, 0x69, 0x74, 0x69, 0x6F, 0x6E,
    0x65, 0x64, 0x01, 0x02, 0xAA, 0x03, 0xAB, 0x03, 0x07, 0x72, 0x6F, 0x74, 0x61, 0x74, 0x65, 0x64,
    0x01, 0x02, 0xAC, 0x03, 0xAD, 0x03, 0x06, 0x66, 0x61, 0x63, 0x69, 0x6E, 0x67, 0x01, 0x01, 0xAE,
    0x03, 0x05, 0x61, 0x6C, 0x69, 0x67, 0x6E, 0x01, 0x01, 0xAF, 0x03, 0x08, 0x61, 0x6E, 0x63, 0x68,
    0x6F, 0x72, 0x65, 0x64, 0x01, 0x01, 0xB0, 0x03, 0x02, 0x69, 0x6E, 0x01, 0x01, 0xB1, 0x03, 0x06,
    0x73, 0x75, 0x6D, 0x6D, 0x6F, 0x6E, 0x01, 0x08, 0xB2, 0x03, 0xB3, 0x03, 0xB4, 0x03, 0xB5, 0x03,
    0xB6, 0x03, 0xB7, 0x03, 0xB8, 0x03, 0xB9, 0x03, 0x02, 0x6F, 0x6E, 0x01, 0x01, 0xBA, 0x03, 0x03,
    0x61, 0x64, 0x64, 0x01, 0x01, 0xBB, 0x03, 0x06, 0x72, 0x65, 0x6D, 0x6F, 0x76, 0x65, 0x05, 0x00,
    0x04, 0x6C, 0x69, 0x73, 0x74, 0x01, 0x01, 0xBC, 0x03, 0x03, 0x73, 0x65, 0x74, 0x01, 0x01, 0xBD,
    0x03, 0x03, 0x67, 0x65, 0x74, 0x06, 0x01, 0xBE, 0x03, 0x07, 0x74, 0x61, 0x72, 0x67, 0x65, 0x74,
    0x73, 0x06, 0x02, 0x02, 0x01, 0xBF, 0x03, 0x05, 0x62, 0x65, 0x67, 0x69, 0x6E, 0x08, 0x01, 0x01,
    0xC0, 0x03, 0x04, 0x66, 0x72, 0x6F, 0x6D, 0x02, 0x01, 0xC1, 0x03, 0x06, 0x74, 0x61, 0x72, 0x67,
    0x65, 0x74, 0x06, 0x01, 0x01, 0x03, 0xC2, 0x03, 0xC3, 0x03, 0xC4, 0x03, 0x05, 0x6D, 0x65, 0x72,
    0x67, 0x65, 0x01, 0x03, 0xC5, 0x03, 0xC6, 0x03, 0xC7, 0x03, 0x03, 0x67, 0x65, 0x74, 0x01, 0x03,
    0xC8, 0x03, 0xC9, 0x03, 0xCA, 0x03, 0x06, 0x72, 0x65, 0x6D, 0x6F, 0x76, 0x65, 0x01, 0x03, 0xCB,
    0x03, 0xCC, 0x03, 0xCD, 0x03, 0x06, 0x6D, 0x6F, 0x64, 0x69, 0x66, 0x79, 0x01, 0x01, 0xCE, 0x03,
    0x06, 0x65, 0x6E, 0x61, 0x62, 0x6C, 0x65, 0x01, 0x01, 0xCF, 0x03, 0x07, 0x64, 0x69, 0x73, 0x61,
    0x62, 0x6C, 0x65, 0x05, 0x02, 0xD0, 0x03, 0xD1, 0x03, 0x04, 0x6C, 0x69, 0x73, 0x74, 0x21, 0x01,
    0xD2, 0x03, 0x06, 0x63, 0x72, 0x65, 0x61, 0x74, 0x65, 0x05, 0x00, 0x05, 0x73, 0x74, 0x61, 0x72,
    0x74, 0x05, 0x00, 0x04, 0x73, 0x74, 0x6F, 0x70, 0x21, 0x01, 0xD3, 0x03, 0x08, 0x66, 0x75, 0x6E,
    0x63, 0x74, 0x69, 0x6F, 0x6E, 0x06, 0x00, 0x08, 0x67, 0x61, 0x6D, 0x65, 0x6D, 0x6F, 0x64, 0x65,
    0x2A, 0x01, 0x01, 0xD4, 0x03, 0x04, 0x73, 0x68, 0x6F, 0x77, 0x01, 0x01, 0xD5, 0x03, 0x05, 0x63,
    0x6C, 0x65, 0x61, 0x72, 0x05, 0x00, 0x08, 0x70, 0x65, 0x61, 0x63, 0x65, 0x66, 0x75, 0x6C, 0x05,
    0x00, 0x04, 0x65, 0x61, 0x73, 0x79, 0x05, 0x00, 0x06, 0x6E, 0x6F, 0x72, 0x6D, 0x61, 0x6C, 0x05,
    0x00, 0x04, 0x68, 0x61, 0x72, 0x64, 0x05, 0x01, 0xD6, 0x03, 0x05, 0x63, 0x6C, 0x65, 0x61, 0x72,
    0x01, 0x01, 0xD7, 0x03, 0x04, 0x67, 0x69, 0x76, 0x65, 0x06, 0x00, 0x06, 0x61, 0x63, 0x74, 0x69,
    0x6F, 0x6E, 0x14, 0x02, 0x01, 0xD8, 0x03, 0x07, 0x74, 0x61, 0x72, 0x67, 0x65, 0x74, 0x73, 0x06,
    0x00, 0x01, 0x01, 0xD9, 0x03, 0x03, 0x61, 0x64, 0x64, 0x01, 0x01, 0xDA, 0x03, 0x03, 0x73, 0x65,
    0x74, 0x01, 0x01, 0xDB, 0x03, 0x05, 0x71, 0x75, 0x65, 0x72, 0x79, 0x02, 0x01, 0xDC, 0x03, 0x04,
    0x66, 0x72, 0x6F, 0x6D, 0x08, 0x02, 0x01, 0xDD, 0x03, 0x04, 0x66, 0x72, 0x6F, 0x6D, 0x08, 0x01,
    0x01, 0xDE, 0x03, 0x03, 0x61, 0x64, 0x64, 0x01, 0x02, 0xDF, 0x03, 0xE0, 0x03, 0x06, 0x72, 0x65,
    0x6D, 0x6F, 0x76, 0x65, 0x05, 0x01, 0xE1, 0x03, 0x05, 0x71, 0x75, 0x65, 0x72, 0x79, 0x16, 0x02,
    0xE2, 0x03, 0xE3, 0x03, 0x04, 0x6E, 0x61, 0x6D, 0x65, 0x25, 0x14, 0x6D, 0x69, 0x6E, 0x65, 0x63,
    0x72, 0x61, 0x66, 0x74, 0x3A, 0x61, 0x73, 0x6B, 0x5F, 0x73, 0x65, 0x72, 0x76, 0x65, 0x72, 0x06,
    0x01, 0xE4, 0x03, 0x08, 0x67, 0x61, 0x6D, 0x65, 0x6D, 0x6F, 0x64, 0x65, 0x2A, 0x05, 0x01, 0xE5,
    0x03, 0x0D, 0x73, 0x70, 0x61, 0x77, 0x6E, 0x5F, 0x77, 0x61, 0x72, 0x64, 0x65, 0x6E, 0x73, 0x05,
    0x01, 0xE6, 0x03, 0x17, 0x6D, 0x69, 0x6E, 0x65, 0x63, 0x72, 0x61, 0x66, 0x74, 0x3A, 0x73, 0x70,
    0x61, 0x77, 0x6E, 0x5F, 0x77, 0x61, 0x72, 0x64, 0x65, 0x6E, 0x73, 0x05, 0x01, 0xE7, 0x03, 0x18,
    0x74, 0x6E, 0x74, 0x5F, 0x65, 0x78, 0x70, 0x6C, 0x6F, 0x73, 0x69, 0x6F, 0x6E, 0x5F, 0x64, 0x72,
    0x6F, 0x70, 0x5F, 0x64, 0x65, 0x63, 0x61, 0x79, 0x05, 0x01, 0xE8, 0x03, 0x22, 0x6D, 0x69, 0x6E,
    0x65, 0x63, 0x72, 0x61, 0x66, 0x74, 0x3A, 0x74, 0x6E, 0x74, 0x5F, 0x65, 0x78, 0x70, 0x6C, 0x6F,
    0x73, 0x69, 0x6F, 0x6E, 0x5F, 0x64, 0x72, 0x6F, 0x70, 0x5F, 0x64, 0x65, 0x63, 0x61, 0x79, 0x05,
    0x01, 0xE9, 0x03, 0x23, 0x61, 0x6C, 0x6C, 0x6F, 0x77, 0x5F, 0x65, 0x6E, 0x74, 0x65, 0x72, 0x69,
    0x6E, 0x67, 0x5F, 0x6E, 0x65, 0x74, 0x68, 0x65, 0x72, 0x5F, 0x75, 0x73, 0x69, 0x6E, 0x67, 0x5F,
    0x70, 0x6F, 0x72, 0x74, 0x61, 0x6C, 0x73, 0x05, 0x01, 0xEA, 0x03, 0x2D, 0x6D, 0x69, 0x6E, 0x65,
    0x63, 0x72, 0x61, 0x66, 0x74, 0x3A, 0x61, 0x6C, 0x6C, 0x6F, 0x77, 0x5F, 0x65, 0x6E, 0x74, 0x65,
    0x72, 0x69, 0x6E, 0x67, 0x5F, 0x6E, 0x65, 0x74, 0x68, 0x65, 0x72, 0x5F, 0x75, 0x73, 0x69, 0x6E,
    0x67, 0x5F, 0x70, 0x6F, 0x72, 0x74, 0x61, 0x6C, 0x73, 0x05, 0x01, 0xEB, 0x03, 0x0C, 0x61, 0x64,
    0x76, 0x61, 0x6E, 0x63, 0x65, 0x5F, 0x74, 0x69, 0x6D, 0x65, 0x05, 0x01, 0xEC, 0x03, 0x16, 0x6D,
    0x69, 0x6E, 0x65, 0x63, 0x72, 0x61, 0x66, 0x74, 0x3A, 0x61, 0x64, 0x76, 0x61, 0x6E, 0x63, 0x65,
    0x5F, 0x74, 0x69, 0x6D, 0x65, 0x05, 0x01, 0xED, 0x03, 0x0E, 0x73, 0x70, 0x61, 0x77, 0x6E, 0x5F,
    0x6D, 0x6F, 0x6E, 0x73, 0x74, 0x65, 0x72, 0x73, 0x05, 0x01, 0xEE, 0x03, 0x18, 0x6D, 0x69, 0x6E,
    0x65, 0x63, 0x72, 0x61, 0x66, 0x74, 0x3A, 0x73, 0x70, 0x61, 0x77, 0x6E, 0x5F, 0x6D, 0x6F, 0x6E,
    0x73, 0x74, 0x65, 0x72, 0x73, 0x05, 0x01, 0xEF, 0x03, 0x12, 0x72, 0x65, 0x64, 0x75, 0x63, 0x65,
    0x64, 0x5F, 0x64, 0x65, 0x62, 0x75, 0x67, 0x5F, 0x69, 0x6E, 0x66, 0x6F, 0x05, 0x01, 0xF0, 0x03,
    0x1C, 0x6D, 0x69, 0x6E, 0x65, 0x63, 0x72, 0x61, 0x66, 0x74, 0x3A, 0x72, 0x65, 0x64, 0x75, 0x63,
    0x65, 0x64, 0x5F, 0x64, 0x65, 0x62, 0x75, 0x67, 0x5F, 0x69, 0x6E, 0x66, 0x6F, 0x05, 0x01, 0xF1,
    0x03, 0x1C, 0x6D, 0x61, 0x78, 0x5F, 0x73, 0x6E, 0x6F, 0x77, 0x5F, 0x61, 0x63, 0x63, 0x75, 0x6D,
    0x75, 0x6C, 0x61, 0x74, 0x69, 0x6F, 0x6E, 0x5F, 0x68, 0x65, 0x69, 0x67, 0x68, 0x74, 0x05, 0x01,
    0xF2, 0x03, 0x26, 0x6D, 0x69, 0x6E, 0x65, 0x63, 0x72, 0x61, 0x66, 0x74, 0x3A, 0x6D, 0x61, 0x78,
    0x5F, 0x73, 0x6E, 0x6F, 0x77, 0x5F, 0x61, 0x63, 0x63, 0x75, 0x6D, 0x75, 0x6C, 0x61, 0x74, 0x69,
    0x6F, 0x6E, 0x5F, 0x68, 0x65, 0x69, 0x67, 0x68, 0x74, 0x05, 0x01, 0xF3, 0x03, 0x0C, 0x65, 0x6E,
    0x74, 0x69, 0x74, 0x79, 0x5F, 0x64, 0x72, 0x6F, 0x70, 0x73, 0x05, 0x01, 0xF4, 0x03, 0x16, 0x6D,
    0x69, 0x6E, 0x65, 0x63, 0x72, 0x61, 0x66, 0x74, 0x3A, 0x65, 0x6E, 0x74, 0x69, 0x74, 0x79, 0x5F,
    0x64, 0x72, 0x6F, 0x70, 0x73, 0x05, 0x01, 0xF5, 0x03, 0x0B, 0x62, 0x6C, 0x6F, 0x63, 0x6B, 0x5F,
    0x64, 0x72, 0x6F, 0x70, 0x73, 0x05, 0x01, 0xF6, 0x03, 0x15, 0x6D, 0x69, 0x6E, 0x65, 0x63, 0x72,
    0x61, 0x66, 0x74, 0x3A, 0x62, 0x6C, 0x6F, 0x63, 0x6B, 0x5F, 0x64, 0x72, 0x6F, 0x70, 0x73, 0x05,
    0x01, 0xF7, 0x03, 0x0C, 0x6D, 0x6F, 0x62, 0x5F, 0x67, 0x72, 0x69, 0x65, 0x66, 0x69, 0x6E, 0x67,
    0x05, 0x01, 0xF8, 0x03, 0x16, 0x6D, 0x69, 0x6E, 0x65, 0x63, 0x72, 0x61, 0x66, 0x74, 0x3A, 0x6D,
    0x6F, 0x62, 0x5F, 0x67, 0x72, 0x69, 0x65, 0x66, 0x69, 0x6E, 0x67, 0x05, 0x01, 0xF9, 0x03, 0x15,
    0x73, 0x65, 0x6E, 0x64, 0x5F, 0x63, 0x6F, 0x6D, 0x6D, 0x61, 0x6E, 0x64, 0x5F, 0x66, 0x65, 0x65,
    0x64, 0x62, 0x61, 0x63, 0x6B, 0x05, 0x01, 0xFA, 0x03, 0x1F, 0x6D, 0x69, 0x6E, 0x65, 0x63, 0x72,
    0x61, 0x66, 0x74, 0x3A, 0x73, 0x65, 0x6E, 0x64, 0x5F, 0x63, 0x6F, 0x6D, 0x6D, 0x61, 0x6E, 0x64,
    0x5F, 0x66, 0x65, 0x65, 0x64, 0x62, 0x61, 0x63, 0x6B, 0x05, 0x01, 0xFB, 0x03, 0x13, 0x73, 0x68,
    0x6F, 0x77, 0x5F, 0x64, 0x65, 0x61, 0x74, 0x68, 0x5F, 0x6D, 0x65, 0x73, 0x73, 0x61, 0x67, 0x65,
    0x73, 0x05, 0x01, 0xFC, 0x03, 0x1D, 0x6D, 0x69, 0x6E, 0x65, 0x63, 0x72, 0x61, 0x66, 0x74, 0x3A,
    0x73, 0x68, 0x6F, 0x77, 0x5F, 0x64, 0x65, 0x61, 0x74, 0x68, 0x5F, 0x6D, 0x65, 0x73, 0x73, 0x61,
    0x67, 0x65, 0x73, 0x05, 0x01, 0xFD, 0x03, 0x10, 0x6C, 0x69, 0x6D, 0x69, 0x74, 0x65, 0x64, 0x5F,
    0x63, 0x72, 0x61, 0x66, 0x74, 0x69, 0x6E, 0x67, 0x05, 0x01, 0xFE, 0x03, 0x1A, 0x6D, 0x69, 0x6E,
    0x65, 0x63, 0x72, 0x61, 0x66, 0x74, 0x3A, 0x6C, 0x69, 0x6D, 0x69, 0x74, 0x65, 0x64, 0x5F, 0x63,
    0x72, 0x61, 0x66, 0x74, 0x69, 0x6E, 0x67, 0x05, 0x01, 0xFF, 0x03, 0x05, 0x72, 0x61, 0x69, 0x64,
    0x73, 0x05, 0x01, 0x80, 0x04, 0x0F, 0x6D, 0x69, 0x6E, 0x65, 0x63, 0x72, 0x61, 0x66, 0x74, 0x3A,
    0x72, 0x61, 0x69, 0x64, 0x73, 0x05, 0x01, 0x81, 0x04, 0x1B, 0x6E, 0x61, 0x74, 0x75, 0x72, 0x61,
    0x6C, 0x5F, 0x68, 0x65, 0x61, 0x6C, 0x74, 0x68, 0x5F, 0x72, 0x65, 0x67, 0x65, 0x6E, 0x65, 0x72,
    0x61, 0x74, 0x69, 0x6F, 0x6E, 0x05, 0x01, 0x82, 0x04, 0x25, 0x6D, 0x69, 0x6E, 0x65, 0x63, 0x72,
    0x61, 0x66, 0x74, 0x3A, 0x6E, 0x61, 0x74, 0x75, 0x72, 0x61, 0x6C, 0x5F, 0x68, 0x65, 0x61, 0x6C,
    0x74, 0x68, 0x5F, 0x72, 0x65, 0x67, 0x65, 0x6E, 0x65, 0x72, 0x61, 0x74, 0x69, 0x6F, 0x6E, 0x05,
    0x01, 0x83, 0x04, 0x03, 0x70, 0x76, 0x70, 0x05, 0x01, 0x84, 0x04, 0x0D, 0x6D, 0x69, 0x6E, 0x65,
    0x63, 0x72, 0x61, 0x66, 0x74, 0x3A, 0x70, 0x76, 0x70, 0x05, 0x01, 0x85, 0x04, 0x13, 0x73, 0x70,
    0x61, 0x77, 0x6E, 0x65, 0x72, 0x5F, 0x62, 0x6C, 0x6F, 0x63, 0x6B, 0x73, 0x5F, 0x77, 0x6F, 0x72,
    0x6B, 0x05, 0x01, 0x86, 0x04, 0x1D, 0x6D, 0x69, 0x6E, 0x65, 0x63, 0x72, 0x61, 0x66, 0x74, 0x3A,
    0x73, 0x70, 0x61, 0x77, 0x6E, 0x65, 0x72, 0x5F, 0x62, 0x6C, 0x6F, 0x63, 0x6B, 0x73, 0x5F, 0x77,
    0x6F, 0x72, 0x6B, 0x05, 0x01, 0x87, 0x04, 0x16, 0x6C, 0x61, 0x76, 0x61, 0x5F, 0x73, 0x6F, 0x75,
    0x72, 0x63, 0x65, 0x5F, 0x63, 0x6F, 0x6E, 0x76, 0x65, 0x72, 0x73, 0x69, 0x6F, 0x6E, 0x05, 0x01,
    0x88, 0x04, 0x20, 0x6D, 0x69, 0x6E, 0x65, 0x63, 0x72, 0x61, 0x66, 0x74, 0x3A, 0x6C, 0x61, 0x76,
    0x61, 0x5F, 0x73, 0x6F, 0x75, 0x72, 0x63, 0x65, 0x5F, 0x63, 0x6F, 0x6E, 0x76, 0x65, 0x72, 0x73,
    0x69, 0x6F, 0x6E, 0x05, 0x01, 0x89, 0x04, 0x17, 0x73, 0x70, 0x61, 0x77, 0x6E, 0x5F, 0x77, 0x61,
    0x6E, 0x64, 0x65, 0x72, 0x69, 0x6E, 0x67, 0x5F, 0x74, 0x72, 0x61, 0x64, 0x65, 0x72, 0x73, 0x05,
    0x01, 0x8A, 0x04, 0x21, 0x6D, 0x69, 0x6E, 0x65, 0x63, 0x72, 0x61, 0x66, 0x74, 0x3A, 0x73, 0x70,
    0x61, 0x77, 0x6E, 0x5F, 0x77, 0x61, 0x6E, 0x64, 0x65, 0x72, 0x69, 0x6E, 0x67, 0x5F, 0x74, 0x72,
    0x61, 0x64, 0x65, 0x72, 0x73, 0x05, 0x01, 0x8B, 0x04, 0x17, 0x77, 0x61, 0x74, 0x65, 0x72, 0x5F,
    0x73, 0x6F, 0x75, 0x72, 0x63, 0x65, 0x5F, 0x63, 0x6F, 0x6E, 0x76, 0x65, 0x72, 0x73, 0x69, 0x6F,
    0x6E, 0x05, 0x01, 0x8C, 0x04, 0x21, 0x6D, 0x69, 0x6E, 0x65, 0x63, 0x72, 0x61, 0x66, 0x74, 0x3A,
    0x77, 0x61, 0x74, 0x65, 0x72, 0x5F, 0x73, 0x6F, 0x75, 0x72, 0x63, 0x65, 0x5F, 0x63, 0x6F, 0x6E,
    0x76, 0x65, 0x72, 0x73, 0x69, 0x6F, 0x6E, 0x05, 0x01, 0x8D, 0x04, 0x1C, 0x70, 0x72, 0x6F, 0x6A,
    0x65, 0x63, 0x74, 0x69, 0x6C, 0x65, 0x73, 0x5F, 0x63, 0x61, 0x6E, 0x5F, 0x62, 0x72, 0x65, 0x61,
    0x6B, 0x5F, 0x62, 0x6C, 0x6F, 0x63, 0x6B, 0x73, 0x05, 0x01, 0x8E, 0x04, 0x26, 0x6D, 0x69, 0x6E,
    0x65, 0x63, 0x72, 0x61, 0x66, 0x74, 0x3A, 0x70, 0x72, 0x6F, 0x6A, 0x65, 0x63, 0x74, 0x69, 0x6C,
    0x65, 0x73, 0x5F, 0x63, 0x61, 0x6E, 0x5F, 0x62, 0x72, 0x65, 0x61, 0x6B, 0x5F, 0x62, 0x6C, 0x6F,
    0x63, 0x6B, 0x73, 0x05, 0x01, 0x8F, 0x04, 0x17, 0x6D, 0x61, 0x78, 0x5F, 0x62, 0x6C, 0x6F, 0x63,
    0x6B, 0x5F, 0x6D, 0x6F, 0x64, 0x69, 0x66, 0x69, 0x63, 0x61, 0x74, 0x69, 0x6F, 0x6E, 0x73, 0x05,
    0x01, 0x90, 0x04, 0x21, 0x6D, 0x69, 0x6E, 0x65, 0x63, 0x72, 0x61, 0x66, 0x74, 0x3A, 0x6D, 0x61,
    0x78, 0x5F, 0x62, 0x6C, 0x6F, 0x63, 0x6B, 0x5F, 0x6D, 0x6F, 0x64, 0x69, 0x66, 0x69, 0x63, 0x61,
    0x74, 0x69, 0x6F, 0x6E, 0x73, 0x05, 0x01, 0x91, 0x04, 0x23, 0x70, 0x6C, 0x61, 0x79, 0x65, 0x72,
    0x73, 0x5F, 0x6E, 0x65, 0x74, 0x68, 0x65, 0x72, 0x5F, 0x70, 0x6F, 0x72, 0x74, 0x61, 0x6C, 0x5F,
    0x64, 0x65, 0x66, 0x61, 0x75, 0x6C, 0x74, 0x5F, 0x64, 0x65, 0x6C, 0x61, 0x79, 0x05, 0x01, 0x92,
    0x04, 0x2D, 0x6D, 0x69, 0x6E, 0x65, 0x63, 0x72, 0x61, 0x66, 0x74, 0x3A, 0x70, 0x6C, 0x61, 0x79,
    0x65, 0x72, 0x73, 0x5F, 0x6E, 0x65, 0x74, 0x68, 0x65, 0x72, 0x5F, 0x70, 0x6F, 0x72, 0x74, 0x61,
    0x6C, 0x5F, 0x64, 0x65, 0x66, 0x61, 0x75, 0x6C, 0x74, 0x5F, 0x64, 0x65, 0x6C, 0x61, 0x79, 0x05,
    0x01, 0x93, 0x04, 0x1A, 0x62, 0x6C, 0x6F, 0x63, 0x6B, 0x5F, 0x65, 0x78, 0x70, 0x6C, 0x6F, 0x73,
    0x69, 0x6F, 0x6E, 0x5F, 0x64, 0x72, 0x6F, 0x70, 0x5F, 0x64, 0x65, 0x63, 0x61, 0x79, 0x05, 0x01,
    0x94, 0x04, 0x24, 0x6D, 0x69, 0x6E, 0x65, 0x63, 0x72, 0x61, 0x66, 0x74, 0x3A, 0x62, 0x6C, 0x6F,
    0x63, 0x6B, 0x5F, 0x65, 0x78, 0x70, 0x6C, 0x6F, 0x73, 0x69, 0x6F, 0x6E, 0x5F, 0x64, 0x72, 0x6F,
    0x70, 0x5F, 0x64, 0x65, 0x63, 0x61, 0x79, 0x05, 0x01, 0x95, 0x04, 0x13, 0x67, 0x6C, 0x6F, 0x62,
    0x61, 0x6C, 0x5F, 0x73, 0x6F, 0x75, 0x6E, 0x64, 0x5F, 0x65, 0x76, 0x65, 0x6E, 0x74, 0x73, 0x05,
    0x01, 0x96, 0x04, 0x1D, 0x6D, 0x69, 0x6E, 0x65, 0x63, 0x72, 0x61, 0x66, 0x74, 0x3A, 0x67, 0x6C,
    0x6F, 0x62, 0x61, 0x6C, 0x5F, 0x73, 0x6F, 0x75, 0x6E, 0x64, 0x5F, 0x65, 0x76, 0x65, 0x6E, 0x74,
    0x73, 0x05, 0x01, 0x97, 0x04, 0x09, 0x6D, 0x6F, 0x62, 0x5F, 0x64, 0x72, 0x6F, 0x70, 0x73, 0x05,
    0x01, 0x98, 0x04, 0x13, 0x6D, 0x69, 0x6E, 0x65, 0x63, 0x72, 0x61, 0x66, 0x74, 0x3A, 0x6D, 0x6F,
    0x62, 0x5F, 0x64, 0x72, 0x6F, 0x70, 0x73, 0x05, 0x01, 0x99, 0x04, 0x0A, 0x73, 0x70, 0x61, 0x77,
    0x6E, 0x5F, 0x6D, 0x6F, 0x62, 0x73, 0x05, 0x01, 0x9A, 0x04, 0x14, 0x6D, 0x69, 0x6E, 0x65, 0x63,
    0x72, 0x61, 0x66, 0x74, 0x3A, 0x73, 0x70, 0x61, 0x77, 0x6E, 0x5F, 0x6D, 0x6F, 0x62, 0x73, 0x05,
    0x01, 0x9B, 0x04, 0x12, 0x6C, 0x6F, 0x67, 0x5F, 0x61, 0x64, 0x6D, 0x69, 0x6E, 0x5F, 0x63, 0x6F,
    0x6D, 0x6D, 0x61, 0x6E, 0x64, 0x73, 0x05, 0x01, 0x9C, 0x04, 0x1C, 0x6D, 0x69, 0x6E, 0x65, 0x63,
    0x72, 0x61, 0x66, 0x74, 0x3A, 0x6C, 0x6F, 0x67, 0x5F, 0x61, 0x64, 0x6D, 0x69, 0x6E, 0x5F, 0x63,
    0x6F, 0x6D, 0x6D, 0x61, 0x6E, 0x64, 0x73, 0x05, 0x01, 0x9D, 0x04, 0x1B, 0x70, 0x6C, 0x61, 0x79,
    0x65, 0x72, 0x73, 0x5F, 0x73, 0x6C, 0x65, 0x65, 0x70, 0x69, 0x6E, 0x67, 0x5F, 0x70, 0x65, 0x72,
    0x63, 0x65, 0x6E, 0x74, 0x61, 0x67, 0x65, 0x05, 0x01, 0x9E, 0x04, 0x25, 0x6D, 0x69, 0x6E, 0x65,
    0x63, 0x72, 0x61, 0x66, 0x74, 0x3A, 0x70, 0x6C, 0x61, 0x79, 0x65, 0x72, 0x73, 0x5F, 0x73, 0x6C,
    0x65, 0x65, 0x70, 0x69, 0x6E, 0x67, 0x5F, 0x70, 0x65, 0x72, 0x63, 0x65, 0x6E, 0x74, 0x61, 0x67,
    0x65, 0x05, 0x01, 0x9F, 0x04, 0x20, 0x66, 0x69, 0x72, 0x65, 0x5F, 0x73, 0x70, 0x72, 0x65, 0x61,
    0x64, 0x5F, 0x72, 0x61, 0x64, 0x69, 0x75, 0x73, 0x5F, 0x61, 0x72, 0x6F, 0x75, 0x6E, 0x64, 0x5F,
    0x70, 0x6C, 0x61, 0x79, 0x65, 0x72, 0x05, 0x01, 0xA0, 0x04, 0x2A, 0x6D, 0x69, 0x6E, 0x65, 0x63,
    0x72, 0x61, 0x66, 0x74, 0x3A, 0x66, 0x69, 0x72, 0x65, 0x5F, 0x73, 0x70, 0x72, 0x65, 0x61, 0x64,
    0x5F, 0x72, 0x61, 0x64, 0x69, 0x75, 0x73, 0x5F, 0x61, 0x72, 0x6F, 0x75, 0x6E, 0x64, 0x5F, 0x70,
    0x6C, 0x61, 0x79, 0x65, 0x72, 0x05, 0x01, 0xA1, 0x04, 0x0B, 0x6C, 0x6F, 0x63, 0x61, 0x74, 0x6F,
    0x72, 0x5F, 0x62, 0x61, 0x72, 0x05, 0x01, 0xA2, 0x04, 0x15, 0x6D, 0x69, 0x6E, 0x65, 0x63, 0x72,
    0x61, 0x66, 0x74, 0x3A, 0x6C, 0x6F, 0x63, 0x61, 0x74, 0x6F, 0x72, 0x5F, 0x62, 0x61, 0x72, 0x05,
    0x01, 0xA3, 0x04, 0x0F, 0x64, 0x72, 0x6F, 0x77, 0x6E, 0x69, 0x6E, 0x67, 0x5F, 0x64, 0x61, 0x6D,
    0x61, 0x67, 0x65, 0x05, 0x01, 0xA4, 0x04, 0x19, 0x6D, 0x69, 0x6E, 0x65, 0x63, 0x72, 0x61, 0x66,
    0x74, 0x3A, 0x64, 0x72, 0x6F, 0x77, 0x6E, 0x69, 0x6E, 0x67, 0x5F, 0x64, 0x61, 0x6D, 0x61, 0x67,
    0x65, 0x05, 0x01, 0xA5, 0x04, 0x0E, 0x73, 0x70, 0x61, 0x77, 0x6E, 0x5F, 0x70, 0x68, 0x61, 0x6E,
    0x74, 0x6F, 0x6D, 0x73, 0x05, 0x01, 0xA6, 0x04, 0x18, 0x6D, 0x69, 0x6E, 0x65, 0x63, 0x72, 0x61,
    0x66, 0x74, 0x3A, 0x73, 0x70, 0x61, 0x77, 0x6E, 0x5F, 0x70, 0x68, 0x61, 0x6E, 0x74, 0x6F, 0x6D,
    0x73, 0x05, 0x01, 0xA7, 0x04, 0x0C, 0x73, 0x70, 0x72, 0x65, 0x61, 0x64, 0x5F, 0x76, 0x69, 0x6E,
    0x65, 0x73, 0x05, 0x01, 0xA8, 0x04, 0x16, 0x6D, 0x69, 0x6E, 0x65, 0x63, 0x72, 0x61, 0x66, 0x74,
    0x3A, 0x73, 0x70, 0x72, 0x65, 0x61, 0x64, 0x5F, 0x76, 0x69, 0x6E, 0x65, 0x73, 0x05, 0x01, 0xA9,
    0x04, 0x1B, 0x6D, 0x61, 0x78, 0x5F, 0x63, 0x6F, 0x6D, 0x6D, 0x61, 0x6E, 0x64, 0x5F, 0x73, 0x65,
    0x71, 0x75, 0x65, 0x6E, 0x63, 0x65, 0x5F, 0x6C, 0x65, 0x6E, 0x67, 0x74, 0x68, 0x05, 0x01, 0xAA,
    0x04, 0x25, 0x6D, 0x69, 0x6E, 0x65, 0x63, 0x72, 0x61, 0x66, 0x74, 0x3A, 0x6D, 0x61, 0x78, 0x5F,
    0x63, 0x6F, 0x6D, 0x6D, 0x61, 0x6E, 0x64, 0x5F, 0x73, 0x65, 0x71, 0x75, 0x65, 0x6E, 0x63, 0x65,
    0x5F, 0x6C, 0x65, 0x6E, 0x67, 0x74, 0x68, 0x05, 0x01, 0xAB, 0x04, 0x18, 0x6D, 0x6F, 0x62, 0x5F,
    0x65, 0x78, 0x70, 0x6C, 0x6F, 0x73, 0x69, 0x6F, 0x6E, 0x5F, 0x64, 0x72, 0x6F, 0x70, 0x5F, 0x64,
    0x65, 0x63, 0x61, 0x79, 0x05, 0x01, 0xAC, 0x04, 0x22, 0x6D, 0x69, 0x6E, 0x65, 0x63, 0x72, 0x61,
    0x66, 0x74, 0x3A, 0x6D, 0x6F, 0x62, 0x5F, 0x65, 0x78, 0x70, 0x6C, 0x6F, 0x73, 0x69, 0x6F, 0x6E,
    0x5F, 0x64, 0x72, 0x6F, 0x70, 0x5F, 0x64, 0x65, 0x63, 0x61, 0x79, 0x05, 0x01, 0xAD, 0x04, 0x0E,
    0x6B, 0x65, 0x65, 0x70, 0x5F, 0x69, 0x6E, 0x76, 0x65, 0x6E, 0x74, 0x6F, 0x72, 0x79, 0x05, 0x01,
    0xAE, 0x04, 0x18, 0x6D, 0x69, 0x6E, 0x65, 0x63, 0x72, 0x61, 0x66, 0x74, 0x3A, 0x6B, 0x65, 0x65,
    0x70, 0x5F, 0x69, 0x6E, 0x76, 0x65, 0x6E, 0x74, 0x6F, 0x72, 0x79, 0x05, 0x01, 0xAF, 0x04, 0x24,
    0x70, 0x6C, 0x61, 0x79, 0x65, 0x72, 0x73, 0x5F, 0x6E, 0x65, 0x74, 0x68, 0x65, 0x72, 0x5F, 0x70,
    0x6F, 0x72, 0x74, 0x61, 0x6C, 0x5F, 0x63, 0x72, 0x65, 0x61, 0x74, 0x69, 0x76, 0x65, 0x5F, 0x64,
    0x65, 0x6C, 0x61, 0x79, 0x05, 0x01, 0xB0, 0x04, 0x2E, 0x6D, 0x69, 0x6E, 0x65, 0x63, 0x72, 0x61,
    0x66, 0x74, 0x3A, 0x70, 0x6C, 0x61, 0x79, 0x65, 0x72, 0x73, 0x5F, 0x6E, 0x65, 0x74, 0x68, 0x65,
    0x72, 0x5F, 0x70, 0x6F, 0x72, 0x74, 0x61, 0x6C, 0x5F, 0x63, 0x72, 0x65, 0x61, 0x74, 0x69, 0x76,
    0x65, 0x5F, 0x64, 0x65, 0x6C, 0x61, 0x79, 0x05, 0x01, 0xB1, 0x04, 0x15, 0x65, 0x6C, 0x79, 0x74,
    0x72, 0x61, 0x5F, 0x6D, 0x6F, 0x76, 0x65, 0x6D, 0x65, 0x6E, 0x74, 0x5F, 0x63, 0x68, 0x65, 0x63,
    0x6B, 0x05, 0x01, 0xB2, 0x04, 0x1F, 0x6D, 0x69, 0x6E, 0x65, 0x63, 0x72, 0x61, 0x66, 0x74, 0x3A,
    0x65, 0x6C, 0x79, 0x74, 0x72, 0x61, 0x5F, 0x6D, 0x6F, 0x76, 0x65, 0x6D, 0x65, 0x6E, 0x74, 0x5F,
    0x63, 0x68, 0x65, 0x63, 0x6B, 0x05, 0x01, 0xB3, 0x04, 0x11, 0x69, 0x6D, 0x6D, 0x65, 0x64, 0x69,
    0x61, 0x74, 0x65, 0x5F, 0x72, 0x65, 0x73, 0x70, 0x61, 0x77, 0x6E, 0x05, 0x01, 0xB4, 0x04, 0x1B,
    0x6D, 0x69, 0x6E, 0x65, 0x63, 0x72, 0x61, 0x66, 0x74, 0x3A, 0x69, 0x6D, 0x6D, 0x65, 0x64, 0x69,
    0x61, 0x74, 0x65, 0x5F, 0x72, 0x65, 0x73, 0x70, 0x61, 0x77, 0x6E, 0x05, 0x01, 0xB5, 0x04, 0x0B,
    0x66, 0x69, 0x72, 0x65, 0x5F, 0x64, 0x61, 0x6D, 0x61, 0x67, 0x65, 0x05, 0x01, 0xB6, 0x04, 0x15,
    0x6D, 0x69, 0x6E, 0x65, 0x63, 0x72, 0x61, 0x66, 0x74, 0x3A, 0x66, 0x69, 0x72, 0x65, 0x5F, 0x64,
    0x61, 0x6D, 0x61, 0x67, 0x65, 0x05, 0x01, 0xB7, 0x04, 0x0D, 0x73, 0x70, 0x61, 0x77, 0x6E, 0x5F,
    0x70, 0x61, 0x74, 0x72, 0x6F, 0x6C, 0x73, 0x05, 0x01, 0xB8, 0x04, 0x17, 0x6D, 0x69, 0x6E, 0x65,
    0x63, 0x72, 0x61, 0x66, 0x74, 0x3A, 0x73, 0x70, 0x61, 0x77, 0x6E, 0x5F, 0x70, 0x61, 0x74, 0x72,
    0x6F, 0x6C, 0x73, 0x05, 0x01, 0xB9, 0x04, 0x0E, 0x72, 0x65, 0x73, 0x70, 0x61, 0x77, 0x6E, 0x5F,
    0x72, 0x61, 0x64, 0x69, 0x75, 0x73, 0x05, 0x01, 0xBA, 0x04, 0x18, 0x6D, 0x69, 0x6E, 0x65, 0x63,
    0x72, 0x61, 0x66, 0x74, 0x3A, 0x72, 0x65, 0x73, 0x70, 0x61, 0x77, 0x6E, 0x5F, 0x72, 0x61, 0x64,
    0x69, 0x75, 0x73, 0x05, 0x01, 0xBB, 0x04, 0x13, 0x6D, 0x61, 0x78, 0x5F, 0x65, 0x6E, 0x74, 0x69,
    0x74, 0x79, 0x5F, 0x63, 0x72, 0x61, 0x6D, 0x6D, 0x69, 0x6E, 0x67, 0x05, 0x01, 0xBC, 0x04, 0x1D,
    0x6D, 0x69, 0x6E, 0x65, 0x63, 0x72, 0x61, 0x66, 0x74, 0x3A, 0x6D, 0x61, 0x78, 0x5F, 0x65, 0x6E,
    0x74, 0x69, 0x74, 0x79, 0x5F, 0x63, 0x72, 0x61, 0x6D, 0x6D, 0x69, 0x6E, 0x67, 0x05, 0x01, 0xBD,
    0x04, 0x13, 0x63, 0x6F, 0x6D, 0x6D, 0x61, 0x6E, 0x64, 0x5F, 0x62, 0x6C, 0x6F, 0x63, 0x6B, 0x73,
    0x5F, 0x77, 0x6F, 0x72, 0x6B, 0x05, 0x01, 0xBE, 0x04, 0x1D, 0x6D, 0x69, 0x6E, 0x65, 0x63, 0x72,
    0x61, 0x66, 0x74, 0x3A, 0x63, 0x6F, 0x6D, 0x6D, 0x61, 0x6E, 0x64, 0x5F, 0x62, 0x6C, 0x6F, 0x63,
    0x6B, 0x73, 0x5F, 0x77, 0x6F, 0x72, 0x6B, 0x05, 0x01, 0xBF, 0x04, 0x0B, 0x66, 0x61, 0x6C, 0x6C,
    0x5F, 0x64, 0x61, 0x6D, 0x61, 0x67, 0x65, 0x05, 0x01, 0xC0, 0x04, 0x15, 0x6D, 0x69, 0x6E, 0x65,
    0x63, 0x72, 0x61, 0x66, 0x74, 0x3A, 0x66, 0x61, 0x6C, 0x6C, 0x5F, 0x64, 0x61, 0x6D, 0x61, 0x67,
    0x65, 0x05, 0x01, 0xC1, 0x04, 0x11, 0x6D, 0x61, 0x78, 0x5F, 0x63, 0x6F, 0x6D, 0x6D, 0x61, 0x6E,
    0x64, 0x5F, 0x66, 0x6F, 0x72, 0x6B, 0x73, 0x05, 0x01, 0xC2, 0x04, 0x1B, 0x6D, 0x69, 0x6E, 0x65,
    0x63, 0x72, 0x61, 0x66, 0x74, 0x3A, 0x6D, 0x61, 0x78, 0x5F, 0x63, 0x6F, 0x6D, 0x6D, 0x61, 0x6E,
    0x64, 0x5F, 0x66, 0x6F, 0x72, 0x6B, 0x73, 0x05, 0x01, 0xC3, 0x04, 0x0F, 0x75, 0x6E, 0x69, 0x76,
    0x65, 0x72, 0x73, 0x61, 0x6C, 0x5F, 0x61, 0x6E, 0x67, 0x65, 0x72, 0x05, 0x01, 0xC4, 0x04, 0x19,
    0x6D, 0x69, 0x6E, 0x65, 0x63, 0x72, 0x61, 0x66, 0x74, 0x3A, 0x75, 0x6E, 0x69, 0x76, 0x65, 0x72,
    0x73, 0x61, 0x6C, 0x5F, 0x61, 0x6E, 0x67, 0x65, 0x72, 0x05, 0x01, 0xC5, 0x04, 0x19, 0x73, 0x68,
    0x6F, 0x77, 0x5F, 0x61, 0x64, 0x76, 0x61, 0x6E, 0x63, 0x65, 0x6D, 0x65, 0x6E, 0x74, 0x5F, 0x6D,
    0x65, 0x73, 0x73, 0x61, 0x67, 0x65, 0x73, 0x05, 0x01, 0xC6, 0x04, 0x23, 0x6D, 0x69, 0x6E, 0x65,
    0x63, 0x72, 0x61, 0x66, 0x74, 0x3A, 0x73, 0x68, 0x6F, 0x77, 0x5F, 0x61, 0x64, 0x76, 0x61, 0x6E,
    0x63, 0x65, 0x6D, 0x65, 0x6E, 0x74, 0x5F, 0x6D, 0x65, 0x73, 0x73, 0x61, 0x67, 0x65, 0x73, 0x05,
    0x01, 0xC7, 0x04, 0x14, 0x66, 0x6F, 0x72, 0x67, 0x69, 0x76, 0x65, 0x5F, 0x64, 0x65, 0x61, 0x64,
    0x5F, 0x70, 0x6C, 0x61, 0x79, 0x65, 0x72, 0x73, 0x05, 0x01, 0xC8, 0x04, 0x1E, 0x6D, 0x69, 0x6E,
    0x65, 0x63, 0x72, 0x61, 0x66, 0x74, 0x3A, 0x66, 0x6F, 0x72, 0x67, 0x69, 0x76, 0x65, 0x5F, 0x64,
    0x65, 0x61, 0x64, 0x5F, 0x70, 0x6C, 0x61, 0x79, 0x65, 0x72, 0x73, 0x05, 0x01, 0xC9, 0x04, 0x0C,
    0x74, 0x6E, 0x74, 0x5F, 0x65, 0x78, 0x70, 0x6C, 0x6F, 0x64, 0x65, 0x73, 0x05, 0x01, 0xCA, 0x04,
    0x16, 0x6D, 0x69, 0x6E, 0x65, 0x63, 0x72, 0x61, 0x66, 0x74, 0x3A, 0x74, 0x6E, 0x74, 0x5F, 0x65,
    0x78, 0x70, 0x6C, 0x6F, 0x64, 0x65, 0x73, 0x05, 0x01, 0xCB, 0x04, 0x0F, 0x61, 0x64, 0x76, 0x61,
    0x6E, 0x63, 0x65, 0x5F, 0x77, 0x65, 0x61, 0x74, 0x68, 0x65, 0x72, 0x05, 0x01, 0xCC, 0x04, 0x19,
    0x6D, 0x69, 0x6E, 0x65, 0x63, 0x72, 0x61, 0x66, 0x74, 0x3A, 0x61, 0x64, 0x76, 0x61, 0x6E, 0x63,
    0x65, 0x5F, 0x77, 0x65, 0x61, 0x74, 0x68, 0x65, 0x72, 0x05, 0x01, 0xCD, 0x04, 0x1C, 0x65, 0x6E,
    0x64, 0x65, 0x72, 0x5F, 0x70, 0x65, 0x61, 0x72, 0x6C, 0x73, 0x5F, 0x76, 0x61, 0x6E, 0x69, 0x73,
    0x68, 0x5F, 0x6F, 0x6E, 0x5F, 0x64, 0x65, 0x61, 0x74, 0x68, 0x05, 0x01, 0xCE, 0x04, 0x26, 0x6D,
    0x69, 0x6E, 0x65, 0x63, 0x72, 0x61, 0x66, 0x74, 0x3A, 0x65, 0x6E, 0x64, 0x65, 0x72, 0x5F, 0x70,
    0x65, 0x61, 0x72, 0x6C, 0x73, 0x5F, 0x76, 0x61, 0x6E, 0x69, 0x73, 0x68, 0x5F, 0x6F, 0x6E, 0x5F,
    0x64, 0x65, 0x61, 0x74, 0x68, 0x05, 0x01, 0xCF, 0x04, 0x0D, 0x66, 0x72, 0x65, 0x65, 0x7A, 0x65,
    0x5F, 0x64, 0x61, 0x6D, 0x61, 0x67, 0x65, 0x05, 0x01, 0xD0, 0x04, 0x17, 0x6D, 0x69, 0x6E, 0x65,
    0x63, 0x72, 0x61, 0x66, 0x74, 0x3A, 0x66, 0x72, 0x65, 0x65, 0x7A, 0x65, 0x5F, 0x64, 0x61, 0x6D,
    0x61, 0x67, 0x65, 0x05, 0x01, 0xD1, 0x04, 0x14, 0x63, 0x6F, 0x6D, 0x6D, 0x61, 0x6E, 0x64, 0x5F,
    0x62, 0x6C, 0x6F, 0x63, 0x6B, 0x5F, 0x6F, 0x75, 0x74, 0x70, 0x75, 0x74, 0x05, 0x01, 0xD2, 0x04,
    0x1E, 0x6D, 0x69, 0x6E, 0x65, 0x63, 0x72, 0x61, 0x66, 0x74, 0x3A, 0x63, 0x6F, 0x6D, 0x6D, 0x61,
    0x6E, 0x64, 0x5F, 0x62, 0x6C, 0x6F, 0x63, 0x6B, 0x5F, 0x6F, 0x75, 0x74, 0x70, 0x75, 0x74, 0x05,
    0x01, 0xD3, 0x04, 0x15, 0x70, 0x6C, 0x61, 0x79, 0x65, 0x72, 0x5F, 0x6D, 0x6F, 0x76, 0x65, 0x6D,
    0x65, 0x6E, 0x74, 0x5F, 0x63, 0x68, 0x65, 0x63, 0x6B, 0x05, 0x01, 0xD4, 0x04, 0x1F, 0x6D, 0x69,
    0x6E, 0x65, 0x63, 0x72, 0x61, 0x66, 0x74, 0x3A, 0x70, 0x6C, 0x61, 0x79, 0x65, 0x72, 0x5F, 0x6D,
    0x6F, 0x76, 0x65, 0x6D, 0x65, 0x6E, 0x74, 0x5F, 0x63, 0x68, 0x65, 0x63, 0x6B, 0x05, 0x01, 0xD5,
    0x04, 0x1A, 0x73, 0x70, 0x65, 0x63, 0x74, 0x61, 0x74, 0x6F, 0x72, 0x73, 0x5F, 0x67, 0x65, 0x6E,
    0x65, 0x72, 0x61, 0x74, 0x65, 0x5F, 0x63, 0x68, 0x75, 0x6E, 0x6B, 0x73, 0x05, 0x01, 0xD6, 0x04,
    0x24, 0x6D, 0x69, 0x6E, 0x65, 0x63, 0x72, 0x61, 0x66, 0x74, 0x3A, 0x73, 0x70, 0x65, 0x63, 0x74,
    0x61, 0x74, 0x6F, 0x72, 0x73, 0x5F, 0x67, 0x65, 0x6E, 0x65, 0x72, 0x61, 0x74, 0x65, 0x5F, 0x63,
    0x68, 0x75, 0x6E, 0x6B, 0x73, 0x05, 0x01, 0xD7, 0x04, 0x11, 0x72, 0x61, 0x6E, 0x64, 0x6F, 0x6D,
    0x5F, 0x74, 0x69, 0x63, 0x6B, 0x5F, 0x73, 0x70, 0x65, 0x65, 0x64, 0x05, 0x01, 0xD8, 0x04, 0x1B,
    0x6D, 0x69, 0x6E, 0x65, 0x63, 0x72, 0x61, 0x66, 0x74, 0x3A, 0x72, 0x61, 0x6E, 0x64, 0x6F, 0x6D,
    0x5F, 0x74, 0x69, 0x63, 0x6B, 0x5F, 0x73, 0x70, 0x65, 0x65, 0x64, 0x02, 0x01, 0xD9, 0x04, 0x07,
    0x74, 0x61, 0x72, 0x67, 0x65, 0x74, 0x73, 0x06, 0x02, 0x06, 0x00, 0x07, 0x63, 0x6F, 0x6D, 0x6D,
    0x61, 0x6E, 0x64, 0x05, 0x02, 0x01, 0x02, 0xDA, 0x04, 0xDB, 0x04, 0x07, 0x72, 0x65, 0x70, 0x6C,
    0x61, 0x63, 0x65, 0x01, 0x02, 0xDC, 0x04, 0xDD, 0x04, 0x06, 0x6D, 0x6F, 0x64, 0x69, 0x66, 0x79,
    0x06, 0x01, 0xDE, 0x04, 0x07, 0x74, 0x61, 0x72, 0x67, 0x65, 0x74, 0x73, 0x06, 0x02, 0x06, 0x00,
    0x07, 0x74, 0x61, 0x72, 0x67, 0x65, 0x74, 0x73, 0x06, 0x00, 0x05, 0x00, 0x05, 0x75, 0x75, 0x69,
    0x64, 0x73, 0x01, 0x01, 0xDF, 0x04, 0x09, 0x73, 0x74, 0x72, 0x75, 0x63, 0x74, 0x75, 0x72, 0x65,
    0x01, 0x01, 0xE0, 0x04, 0x05, 0x62, 0x69, 0x6F, 0x6D, 0x65, 0x01, 0x01, 0xE1, 0x04, 0x03, 0x70,
    0x6F, 0x69, 0x01, 0x02, 0xE2, 0x04, 0xE3, 0x04, 0x07, 0x72, 0x65, 0x70, 0x6C, 0x61, 0x63, 0x65,
    0x01, 0x01, 0xE4, 0x04, 0x06, 0x69, 0x6E, 0x73, 0x65, 0x72, 0x74, 0x01, 0x01, 0xE5, 0x04, 0x04,
    0x67, 0x69, 0x76, 0x65, 0x01, 0x01, 0xE6, 0x04, 0x05, 0x73, 0x70, 0x61, 0x77, 0x6E, 0x02, 0x01,
    0xE7, 0x04, 0x07, 0x74, 0x61, 0x72, 0x67, 0x65, 0x74, 0x73, 0x06, 0x02, 0x06, 0x02, 0xE8, 0x04,
    0xE9, 0x04, 0x07, 0x74, 0x61, 0x72, 0x67, 0x65, 0x74, 0x73, 0x06, 0x00, 0x06, 0x01, 0xEA, 0x04,
    0x04, 0x6E, 0x61, 0x6D, 0x65, 0x1B, 0x01, 0x01, 0xEB, 0x04, 0x07, 0x66, 0x65, 0x61, 0x74, 0x75,
    0x72, 0x65, 0x01, 0x01, 0xEC, 0x04, 0x06, 0x6A, 0x69, 0x67, 0x73, 0x61, 0x77, 0x01, 0x01, 0xED,
    0x04, 0x09, 0x73, 0x74, 0x72, 0x75, 0x63, 0x74, 0x75, 0x72, 0x65, 0x01, 0x01, 0xEE, 0x04, 0x08,
    0x74, 0x65, 0x6D, 0x70, 0x6C, 0x61, 0x74, 0x65, 0x16, 0x0B, 0xEF, 0x04, 0xF0, 0x04, 0xF1, 0x04,
    0xF2, 0x04, 0xF3, 0x04, 0xF4, 0x04, 0xF5, 0x04, 0xF6, 0x04, 0xF7, 0x04, 0xF8, 0x04, 0xF9, 0x04,
    0x05, 0x73, 0x6F, 0x75, 0x6E, 0x64, 0x24, 0x1A, 0x6D, 0x69, 0x6E, 0x65, 0x63, 0x72, 0x61, 0x66,
    0x74, 0x3A, 0x61, 0x76, 0x61, 0x69, 0x6C, 0x61, 0x62, 0x6C, 0x65, 0x5F, 0x73, 0x6F, 0x75, 0x6E,
    0x64, 0x73, 0x01, 0x01, 0xFA, 0x04, 0x05, 0x76, 0x61, 0x6C, 0x75, 0x65, 0x01, 0x01, 0xFB, 0x04,
    0x04, 0x72, 0x6F, 0x6C, 0x6C, 0x21, 0x02, 0xFC, 0x04, 0xFD, 0x04, 0x05, 0x72, 0x65, 0x73, 0x65,
    0x74, 0x01, 0x01, 0xFE, 0x04, 0x04, 0x67, 0x69, 0x76, 0x65, 0x01, 0x01, 0xFF, 0x04, 0x04, 0x74,
    0x61, 0x6B, 0x65, 0x01, 0x01, 0x80, 0x05, 0x04, 0x6E, 0x61, 0x6D, 0x65, 0x01, 0x01, 0x81, 0x05,
    0x02, 0x69, 0x64, 0x01, 0x01, 0x82, 0x05, 0x06, 0x65, 0x6E, 0x74, 0x69, 0x74, 0x79, 0x06, 0x00,
    0x05, 0x76, 0x61, 0x6C, 0x75, 0x65, 0x03, 0x00, 0x05, 0x00, 0x04, 0x66, 0x61, 0x69, 0x6C, 0x02,
    0x02, 0x83, 0x05, 0x84, 0x05, 0x06, 0x74, 0x61, 0x72, 0x67, 0x65, 0x74, 0x06, 0x01, 0x02, 0x02,
    0x85, 0x05, 0x86, 0x05, 0x06, 0x74, 0x61, 0x72, 0x67, 0x65, 0x74, 0x06, 0x01, 0x06, 0x00, 0x07,
    0x6D, 0x65, 0x73, 0x73, 0x61, 0x67, 0x65, 0x14, 0x01, 0x01, 0x87, 0x05, 0x08, 0x66, 0x75, 0x6E,
    0x63, 0x74, 0x69, 0x6F, 0x6E, 0x01, 0x01, 0x88, 0x05, 0x05, 0x63, 0x6C, 0x65, 0x61, 0x72, 0x01,
    0x05, 0x89, 0x05, 0x8A, 0x05, 0x8B, 0x05, 0x8C, 0x05, 0x8D, 0x05, 0x0A, 0x6F, 0x62, 0x6A, 0x65,
    0x63, 0x74, 0x69, 0x76, 0x65, 0x73, 0x01, 0x09, 0x8E, 0x05, 0x8F, 0x05, 0x90, 0x05, 0x91, 0x05,
    0x92, 0x05, 0x93, 0x05, 0x94, 0x05, 0x95, 0x05, 0x96, 0x05, 0x07, 0x70, 0x6C, 0x61, 0x79, 0x65,
    0x72, 0x73, 0x02, 0x01, 0x97, 0x05, 0x03, 0x70, 0x6F, 0x73, 0x08, 0x06, 0x01, 0x98, 0x05, 0x07,
    0x74, 0x61, 0x72, 0x67, 0x65, 0x74, 0x73, 0x06, 0x02, 0x06, 0x01, 0x99, 0x05, 0x03, 0x70, 0x6F,
    0x73, 0x08, 0x06, 0x01, 0x9A, 0x05, 0x06, 0x74, 0x61, 0x72, 0x67, 0x65, 0x74, 0x06, 0x01, 0x02,
    0x01, 0x9B, 0x05, 0x06, 0x63, 0x65, 0x6E, 0x74, 0x65, 0x72, 0x0B, 0x06, 0x0C, 0x9C, 0x05, 0x9D,
    0x05, 0x9E, 0x05, 0x9F, 0x05, 0xA0, 0x05, 0xA1, 0x05, 0xA2, 0x05, 0xA3, 0x05, 0xA4, 0x05, 0xA5,
    0x05, 0xA6, 0x05, 0xA7, 0x05, 0x07, 0x74, 0x61, 0x72, 0x67, 0x65, 0x74, 0x73, 0x06, 0x02, 0x01,
    0x01, 0xA8, 0x05, 0x06, 0x63, 0x72, 0x65, 0x61, 0x74, 0x65, 0x01, 0x01, 0xA9, 0x05, 0x05, 0x71,
    0x75, 0x65, 0x72, 0x79, 0x01, 0x01, 0xAA, 0x05, 0x07, 0x72, 0x65, 0x73, 0x74, 0x61, 0x72, 0x74,
    0x01, 0x01, 0xAB, 0x05, 0x06, 0x72, 0x65, 0x6D, 0x6F, 0x76, 0x65, 0x16, 0x01, 0xAC, 0x05, 0x06,
    0x65, 0x6E, 0x74, 0x69, 0x74, 0x79, 0x2E, 0x15, 0x6D, 0x69, 0x6E, 0x65, 0x63, 0x72, 0x61, 0x66,
    0x74, 0x3A, 0x65, 0x6E, 0x74, 0x69, 0x74, 0x79, 0x5F, 0x74, 0x79, 0x70, 0x65, 0x1D, 0x6D, 0x69,
    0x6E, 0x65, 0x63, 0x72, 0x61, 0x66, 0x74, 0x3A, 0x73, 0x75, 0x6D, 0x6D, 0x6F, 0x6E, 0x61, 0x62,
    0x6C, 0x65, 0x5F, 0x65, 0x6E, 0x74, 0x69, 0x74, 0x69, 0x65, 0x73, 0x02, 0x03, 0xAD, 0x05, 0xAE,
    0x05, 0xAF, 0x05, 0x07, 0x74, 0x61, 0x72, 0x67, 0x65, 0x74, 0x73, 0x06, 0x00, 0x05, 0x01, 0xB0,
    0x05, 0x04, 0x6C, 0x69, 0x73, 0x74, 0x01, 0x01, 0xB1, 0x05, 0x03, 0x61, 0x64, 0x64, 0x01, 0x01,
    0xB2, 0x05, 0x06, 0x72, 0x65, 0x6D, 0x6F, 0x76, 0x65, 0x01, 0x01, 0xB3, 0x05, 0x05, 0x65, 0x6D,
    0x70, 0x74, 0x79, 0x01, 0x01, 0xB4, 0x05, 0x04, 0x6A, 0x6F, 0x69, 0x6E, 0x01, 0x01, 0xB5, 0x05,
    0x05, 0x6C, 0x65, 0x61, 0x76, 0x65, 0x01, 0x01, 0xB6, 0x05, 0x06, 0x6D, 0x6F, 0x64, 0x69, 0x66,
    0x79, 0x06, 0x00, 0x07, 0x6D, 0x65, 0x73, 0x73, 0x61, 0x67, 0x65, 0x14, 0x06, 0x00, 0x08, 0x6C,
    0x6F, 0x63, 0x61, 0x74, 0x69, 0x6F, 0x6E, 0x0A, 0x06, 0x00, 0x0B, 0x64, 0x65, 0x73, 0x74, 0x69,
    0x6E, 0x61, 0x74, 0x69, 0x6F, 0x6E, 0x06, 0x01, 0x02, 0x02, 0xB7, 0x05, 0xB8, 0x05, 0x07, 0x74,
    0x61, 0x72, 0x67, 0x65, 0x74, 0x73, 0x06, 0x00, 0x02, 0x01, 0xB9, 0x05, 0x07, 0x74, 0x61, 0x72,
    0x67, 0x65, 0x74, 0x73, 0x06, 0x02, 0x01, 0x01, 0xBA, 0x05, 0x03, 0x72, 0x75, 0x6E, 0x01, 0x01,
    0xBB, 0x05, 0x0B, 0x72, 0x75, 0x6E, 0x6D, 0x75, 0x6C, 0x74, 0x69, 0x70, 0x6C, 0x65, 0x05, 0x01,
    0xBC, 0x05, 0x08, 0x72, 0x75, 0x6E, 0x74, 0x68, 0x65, 0x73, 0x65, 0x05, 0x01, 0xBD, 0x05, 0x0A,
    0x72, 0x75, 0x6E, 0x63, 0x6C, 0x6F, 0x73, 0x65, 0x73, 0x74, 0x05, 0x01, 0xBE, 0x05, 0x07, 0x72,
    0x75, 0x6E, 0x74, 0x68, 0x61, 0x74, 0x05, 0x02, 0xBF, 0x05, 0xC0, 0x05, 0x09, 0x72, 0x75, 0x6E,
    0x66, 0x61, 0x69, 0x6C, 0x65, 0x64, 0x01, 0x01, 0xC1, 0x05, 0x06, 0x76, 0x65, 0x72, 0x69, 0x66,
    0x79, 0x01, 0x01, 0xC2, 0x05, 0x06, 0x6C, 0x6F, 0x63, 0x61, 0x74, 0x65, 0x05, 0x00, 0x0C, 0x72,
    0x65, 0x73, 0x65, 0x74, 0x63, 0x6C, 0x6F, 0x73, 0x65, 0x73, 0x74, 0x05, 0x00, 0x0A, 0x72, 0x65,
    0x73, 0x65, 0x74, 0x74, 0x68, 0x65, 0x73, 0x65, 0x05, 0x00, 0x09, 0x72, 0x65, 0x73, 0x65, 0x74,
    0x74, 0x68, 0x61, 0x74, 0x05, 0x00, 0x09, 0x63, 0x6C, 0x65, 0x61, 0x72, 0x74, 0x68, 0x61, 0x74,
    0x05, 0x00, 0x0A, 0x63, 0x6C, 0x65, 0x61, 0x72, 0x74, 0x68, 0x65, 0x73, 0x65, 0x05, 0x01, 0xC3,
    0x05, 0x08, 0x63, 0x6C, 0x65, 0x61, 0x72, 0x61, 0x6C, 0x6C, 0x05, 0x00, 0x04, 0x73, 0x74, 0x6F,
    0x70, 0x05, 0x01, 0xC4, 0x05, 0x03, 0x70, 0x6F, 0x73, 0x01, 0x01, 0xC5, 0x05, 0x06, 0x63, 0x72,
    0x65, 0x61, 0x74, 0x65, 0x05, 0x00, 0x05, 0x71, 0x75, 0x65, 0x72, 0x79, 0x01, 0x01, 0xC6, 0x05,
    0x04, 0x72, 0x61, 0x74, 0x65, 0x05, 0x02, 0xC7, 0x05, 0xC8, 0x05, 0x04, 0x73, 0x74, 0x65, 0x70,
    0x01, 0x02, 0xC9, 0x05, 0xCA, 0x05, 0x06, 0x73, 0x70, 0x72, 0x69, 0x6E, 0x74, 0x05, 0x00, 0x08,
    0x75, 0x6E, 0x66, 0x72, 0x65, 0x65, 0x7A, 0x65, 0x05, 0x00, 0x06, 0x66, 0x72, 0x65, 0x65, 0x7A,
    0x65, 0x01, 0x02, 0xCB, 0x05, 0xCC, 0x05, 0x03, 0x73, 0x65, 0x74, 0x01, 0x01, 0xCD, 0x05, 0x03,
    0x61, 0x64, 0x64, 0x05, 0x00, 0x05, 0x70, 0x61, 0x75, 0x73, 0x65, 0x05, 0x00, 0x06, 0x72, 0x65,
    0x73, 0x75, 0x6D, 0x65, 0x01, 0x01, 0xCE, 0x05, 0x04, 0x72, 0x61, 0x74, 0x65, 0x01, 0x03, 0xCF,
    0x05, 0xD0, 0x05, 0xD1, 0x05, 0x05, 0x71, 0x75, 0x65, 0x72, 0x79, 0x01, 0x01, 0xD2, 0x05, 0x02,
    0x6F, 0x66, 0x02, 0x06, 0xD3, 0x05, 0xD4, 0x05, 0xD5, 0x05, 0xD6, 0x05, 0xD7, 0x05, 0xD8, 0x05,
    0x07, 0x74, 0x61, 0x72, 0x67, 0x65, 0x74, 0x73, 0x06, 0x02, 0x16, 0x02, 0xD9, 0x05, 0xDA, 0x05,
    0x09, 0x6F, 0x62, 0x6A, 0x65, 0x63, 0x74, 0x69, 0x76, 0x65, 0x18, 0x14, 0x6D, 0x69, 0x6E, 0x65,
    0x63, 0x72, 0x61, 0x66, 0x74, 0x3A, 0x61, 0x73, 0x6B, 0x5F, 0x73, 0x65, 0x72, 0x76, 0x65, 0x72,
    0x05, 0x00, 0x04, 0x6C, 0x69, 0x73, 0x74, 0x01, 0x01, 0xDB, 0x05, 0x06, 0x6D, 0x6F, 0x64, 0x69,
    0x66, 0x79, 0x05, 0x01, 0xDC, 0x05, 0x05, 0x63, 0x6C, 0x65, 0x61, 0x72, 0x05, 0x01, 0xDD, 0x05,
    0x04, 0x72, 0x61, 0x69, 0x6E, 0x05, 0x01, 0xDE, 0x05, 0x07, 0x74, 0x68, 0x75, 0x6E, 0x64, 0x65,
    0x72, 0x01, 0x01, 0xDF, 0x05, 0x03, 0x61, 0x64, 0x64, 0x01, 0x01, 0xE0, 0x05, 0x03, 0x73, 0x65,
    0x74, 0x01, 0x01, 0xE1, 0x05, 0x06, 0x63, 0x65, 0x6E, 0x74, 0x65, 0x72, 0x01, 0x02, 0xE2, 0x05,
    0xE3, 0x05, 0x06, 0x64, 0x61, 0x6D, 0x61, 0x67, 0x65, 0x05, 0x00, 0x03, 0x67, 0x65, 0x74, 0x01,
    0x02, 0xE4, 0x05, 0xE5, 0x05, 0x07, 0x77, 0x61, 0x72, 0x6E, 0x69, 0x6E, 0x67, 0x05, 0x00, 0x05,
    0x73, 0x74, 0x61, 0x72, 0x74, 0x05, 0x00, 0x04, 0x73, 0x74, 0x6F, 0x70, 0x06, 0x01, 0xE6, 0x05,
    0x06, 0x74, 0x61, 0x72, 0x67, 0x65, 0x74, 0x05, 0x00, 0x05, 0x00, 0x03, 0x69, 0x70, 0x73, 0x05,
    0x00, 0x07, 0x70, 0x6C, 0x61, 0x79, 0x65, 0x72, 0x73, 0x06, 0x01, 0xE7, 0x05, 0x07, 0x74, 0x61,
    0x72, 0x67, 0x65, 0x74, 0x73, 0x07, 0x16, 0x00, 0x07, 0x74, 0x61, 0x72, 0x67, 0x65, 0x74, 0x73,
    0x07, 0x14, 0x6D, 0x69, 0x6E, 0x65, 0x63, 0x72, 0x61, 0x66, 0x74, 0x3A, 0x61, 0x73, 0x6B, 0x5F,
    0x73, 0x65, 0x72, 0x76, 0x65, 0x72, 0x16, 0x00, 0x07, 0x74, 0x61, 0x72, 0x67, 0x65, 0x74, 0x73,
    0x07, 0x14, 0x6D, 0x69, 0x6E, 0x65, 0x63, 0x72, 0x61, 0x66, 0x74, 0x3A, 0x61, 0x73, 0x6B, 0x5F,
    0x73, 0x65, 0x72, 0x76, 0x65, 0x72, 0x16, 0x00, 0x07, 0x74, 0x61, 0x72, 0x67, 0x65, 0x74, 0x73,
    0x07, 0x14, 0x6D, 0x69, 0x6E, 0x65, 0x63, 0x72, 0x61, 0x66, 0x74, 0x3A, 0x61, 0x73, 0x6B, 0x5F,
    0x73, 0x65, 0x72, 0x76, 0x65, 0x72, 0x16, 0x00, 0x06, 0x74, 0x61, 0x72, 0x67, 0x65, 0x74, 0x05,
    0x00, 0x14, 0x6D, 0x69, 0x6E, 0x65, 0x63, 0x72, 0x61, 0x66, 0x74, 0x3A, 0x61, 0x73, 0x6B, 0x5F,
    0x73, 0x65, 0x72, 0x76, 0x65, 0x72, 0x05, 0x00, 0x05, 0x73, 0x74, 0x61, 0x72, 0x74, 0x05, 0x00,
    0x04, 0x73, 0x74, 0x6F, 0x70, 0x05, 0x00, 0x05, 0x66, 0x6C, 0x75, 0x73, 0x68, 0x06, 0x00, 0x07,
    0x6D, 0x69, 0x6E, 0x75, 0x74, 0x65, 0x73, 0x03, 0x01, 0x00, 0x00, 0x00, 0x00, 0x06, 0x01, 0xE8,
    0x05, 0x08, 0x68, 0x6F, 0x73, 0x74, 0x6E, 0x61, 0x6D, 0x65, 0x05, 0x01, 0x05, 0x00, 0x02, 0x6F,
    0x6E, 0x05, 0x00, 0x03, 0x6F, 0x66, 0x66, 0x05, 0x00, 0x04, 0x6C, 0x69, 0x73, 0x74, 0x01, 0x01,
    0xE9, 0x05, 0x03, 0x61, 0x64, 0x64, 0x01, 0x01, 0xEA, 0x05, 0x06, 0x72, 0x65, 0x6D, 0x6F, 0x76,
    0x65, 0x05, 0x00, 0x06, 0x72, 0x65, 0x6C, 0x6F, 0x61, 0x64, 0x02, 0x05, 0xEB, 0x05, 0xEC, 0x05,
    0xED, 0x05, 0xEE, 0x05, 0xEF, 0x05, 0x07, 0x74, 0x61, 0x72, 0x67, 0x65, 0x74, 0x73, 0x06, 0x02,
    0x02, 0x05, 0xF0, 0x05, 0xF1, 0x05, 0xF2, 0x05, 0xF3, 0x05, 0xF4, 0x05, 0x07, 0x74, 0x61, 0x72,
    0x67, 0x65, 0x74, 0x73, 0x06, 0x02, 0x02, 0x03, 0xF5, 0x05, 0xF6, 0x05, 0xF7, 0x05, 0x09, 0x61,
    0x74, 0x74, 0x72, 0x69, 0x62, 0x75, 0x74, 0x65, 0x2E, 0x13, 0x6D, 0x69, 0x6E, 0x65, 0x63, 0x72,
    0x61, 0x66, 0x74, 0x3A, 0x61, 0x74, 0x74, 0x72, 0x69, 0x62, 0x75, 0x74, 0x65, 0x01, 0x01, 0xF8,
    0x05, 0x05, 0x62, 0x6C, 0x6F, 0x63, 0x6B, 0x01, 0x01, 0xF9, 0x05, 0x05, 0x62, 0x69, 0x6F, 0x6D,
    0x65, 0x01, 0x01, 0xFA, 0x05, 0x06, 0x6C, 0x6F, 0x61, 0x64, 0x65, 0x64, 0x01, 0x01, 0xFB, 0x05,
    0x09, 0x64, 0x69, 0x6D, 0x65, 0x6E, 0x73, 0x69, 0x6F, 0x6E, 0x01, 0x01, 0xFC, 0x05, 0x05, 0x73,
    0x63, 0x6F, 0x72, 0x65, 0x01, 0x01, 0xFD, 0x05, 0x06, 0x62, 0x6C, 0x6F, 0x63, 0x6B, 0x73, 0x01,
    0x01, 0xFE, 0x05, 0x06, 0x65, 0x6E, 0x74, 0x69, 0x74, 0x79, 0x01, 0x01, 0xFF, 0x05, 0x09, 0x70,
    0x72, 0x65, 0x64, 0x69, 0x63, 0x61, 0x74, 0x65, 0x01, 0x01, 0x80, 0x06, 0x08, 0x66, 0x75, 0x6E,
    0x63, 0x74, 0x69, 0x6F, 0x6E, 0x01, 0x02, 0x81, 0x06, 0x82, 0x06, 0x05, 0x69, 0x74, 0x65, 0x6D,
    0x73, 0x01, 0x01, 0x83, 0x06, 0x09, 0x73, 0x74, 0x6F, 0x70, 0x77, 0x61, 0x74, 0x63, 0x68, 0x01,
    0x03, 0x84, 0x06, 0x85, 0x06, 0x86, 0x06, 0x04, 0x64, 0x61, 0x74, 0x61, 0x01, 0x01, 0x87, 0x06,
    0x05, 0x62, 0x6C, 0x6F, 0x63, 0x6B, 0x01, 0x01, 0x88, 0x06, 0x05, 0x62, 0x69, 0x6F, 0x6D, 0x65,
    0x01, 0x01, 0x89, 0x06, 0x06, 0x6C, 0x6F, 0x61, 0x64, 0x65, 0x64, 0x01, 0x01, 0x8A, 0x06, 0x09,
    0x64, 0x69, 0x6D, 0x65, 0x6E, 0x73, 0x69, 0x6F, 0x6E, 0x01, 0x01, 0x8B, 0x06, 0x05, 0x73, 0x63,
    0x6F, 0x72, 0x65, 0x01, 0x01, 0x8C, 0x06, 0x06, 0x62, 0x6C, 0x6F, 0x63, 0x6B, 0x73, 0x01, 0x01,
    0x8D, 0x06, 0x06, 0x65, 0x6E, 0x74, 0x69, 0x74, 0x79, 0x01, 0x01, 0x8E, 0x06, 0x09, 0x70, 0x72,
    0x65, 0x64, 0x69, 0x63, 0x61, 0x74, 0x65, 0x01, 0x01, 0x8F, 0x06, 0x08, 0x66, 0x75, 0x6E, 0x63,
    0x74, 0x69, 0x6F, 0x6E, 0x01, 0x02, 0x90, 0x06, 0x91, 0x06, 0x05, 0x69, 0x74, 0x65, 0x6D, 0x73,
    0x01, 0x01, 0x92, 0x06, 0x09, 0x73, 0x74, 0x6F, 0x70, 0x77, 0x61, 0x74, 0x63, 0x68, 0x01, 0x03,
    0x93, 0x06, 0x94, 0x06, 0x95, 0x06, 0x04, 0x64, 0x61, 0x74, 0x61, 0x0A, 0x00, 0x03, 0x07, 0x74,
    0x61, 0x72, 0x67, 0x65, 0x74, 0x73, 0x06, 0x00, 0x0A, 0x00, 0x03, 0x07, 0x74, 0x61, 0x72, 0x67,
    0x65, 0x74, 0x73, 0x06, 0x00, 0x01, 0x05, 0x96, 0x06, 0x97, 0x06, 0x98, 0x06, 0x99, 0x06, 0x9A,
    0x06, 0x06, 0x72, 0x65, 0x73, 0x75, 0x6C, 0x74, 0x01, 0x05, 0x9B, 0x06, 0x9C, 0x06, 0x9D, 0x06,
    0x9E, 0x06, 0x9F, 0x06, 0x07, 0x73, 0x75, 0x63, 0x63, 0x65, 0x73, 0x73, 0x0A, 0x00, 0x03, 0x03,
    0x70, 0x6F, 0x73, 0x0A, 0x01, 0x01, 0xA0, 0x06, 0x02, 0x61, 0x73, 0x01, 0x01, 0xA1, 0x06, 0x04,
    0x6F, 0x76, 0x65, 0x72, 0x0A, 0x00, 0x03, 0x03, 0x72, 0x6F, 0x74, 0x1D, 0x01, 0x01, 0xA2, 0x06,
    0x02, 0x61, 0x73, 0x01, 0x01, 0xA3, 0x06, 0x06, 0x65, 0x6E, 0x74, 0x69, 0x74, 0x79, 0x0A, 0x00,
    0x03, 0x03, 0x70, 0x6F, 0x73, 0x0A, 0x0A, 0x00, 0x03, 0x04, 0x61, 0x78, 0x65, 0x73, 0x20, 0x0A,
    0x00, 0x03, 0x06, 0x61, 0x6E, 0x63, 0x68, 0x6F, 0x72, 0x26, 0x0A, 0x00, 0x03, 0x09, 0x64, 0x69,
    0x6D, 0x65, 0x6E, 0x73, 0x69, 0x6F, 0x6E, 0x29, 0x1A, 0x00, 0x03, 0x06, 0x65, 0x6E, 0x74, 0x69,
    0x74, 0x79, 0x2E, 0x15, 0x6D, 0x69, 0x6E, 0x65, 0x63, 0x72, 0x61, 0x66, 0x74, 0x3A, 0x65, 0x6E,
    0x74, 0x69, 0x74, 0x79, 0x5F, 0x74, 0x79, 0x70, 0x65, 0x1D, 0x6D, 0x69, 0x6E, 0x65, 0x63, 0x72,
    0x61, 0x66, 0x74, 0x3A, 0x73, 0x75, 0x6D, 0x6D, 0x6F, 0x6E, 0x61, 0x62, 0x6C, 0x65, 0x5F, 0x65,
    0x6E, 0x74, 0x69, 0x74, 0x69, 0x65, 0x73, 0x09, 0x00, 0x03, 0x05, 0x6F, 0x77, 0x6E, 0x65, 0x72,
    0x09, 0x00, 0x03, 0x07, 0x6C, 0x65, 0x61, 0x73, 0x68, 0x65, 0x72, 0x09, 0x00, 0x03, 0x06, 0x74,
    0x61, 0x72, 0x67, 0x65, 0x74, 0x09, 0x00, 0x03, 0x08, 0x61, 0x74, 0x74, 0x61, 0x63, 0x6B, 0x65,
    0x72, 0x09, 0x00, 0x03, 0x07, 0x76, 0x65, 0x68, 0x69, 0x63, 0x6C, 0x65, 0x09, 0x00, 0x03, 0x0A,
    0x63, 0x6F, 0x6E, 0x74, 0x72, 0x6F, 0x6C, 0x6C, 0x65, 0x72, 0x09, 0x00, 0x03, 0x06, 0x6F, 0x72,
    0x69, 0x67, 0x69, 0x6E, 0x09, 0x00, 0x03, 0x0A, 0x70, 0x61, 0x73, 0x73, 0x65, 0x6E, 0x67, 0x65,
    0x72, 0x73, 0x02, 0x01, 0xA4, 0x06, 0x02, 0x69, 0x64, 0x24, 0x16, 0x00, 0x02, 0x69, 0x64, 0x24,
    0x14, 0x6D, 0x69, 0x6E, 0x65, 0x63, 0x72, 0x61, 0x66, 0x74, 0x3A, 0x61, 0x73, 0x6B, 0x5F, 0x73,
    0x65, 0x72, 0x76, 0x65, 0x72, 0x12, 0x07, 0xA5, 0x06, 0xA6, 0x06, 0xA7, 0x06, 0xA8, 0x06, 0xA9,
    0x06, 0xAA, 0x06, 0xAB, 0x06, 0x02, 0x69, 0x64, 0x24, 0x14, 0x6D, 0x69, 0x6E, 0x65, 0x63, 0x72,
    0x61, 0x66, 0x74, 0x3A, 0x61, 0x73, 0x6B, 0x5F, 0x73, 0x65, 0x72, 0x76, 0x65, 0x72, 0x12, 0x04,
    0xAC, 0x06, 0xAD, 0x06, 0xAE, 0x06, 0xAF, 0x06, 0x02, 0x69, 0x64, 0x24, 0x14, 0x6D, 0x69, 0x6E,
    0x65, 0x63, 0x72, 0x61, 0x66, 0x74, 0x3A, 0x61, 0x73, 0x6B, 0x5F, 0x73, 0x65, 0x72, 0x76, 0x65,
    0x72, 0x06, 0x01, 0xB0, 0x06, 0x04, 0x69, 0x74, 0x65, 0x6D, 0x0F, 0x02, 0x02, 0xB1, 0x06, 0xB2,
    0x06, 0x03, 0x65, 0x6E, 0x64, 0x08, 0x02, 0x01, 0xB3, 0x06, 0x0F, 0x73, 0x6F, 0x75, 0x72, 0x63,
    0x65, 0x44, 0x69, 0x6D, 0x65, 0x6E, 0x73, 0x69, 0x6F, 0x6E, 0x29, 0x06, 0x01, 0xB4, 0x06, 0x06,
    0x61, 0x6D, 0x6F, 0x75, 0x6E, 0x74, 0x01, 0x01, 0x00, 0x00, 0x00, 0x00, 0x01, 0x01, 0xB5, 0x06,
    0x06, 0x65, 0x6E, 0x74, 0x69, 0x74, 0x79, 0x01, 0x01, 0xB6, 0x06, 0x05, 0x62, 0x6C, 0x6F, 0x63,
    0x6B, 0x01, 0x01, 0xB7, 0x06, 0x07, 0x73, 0x74, 0x6F, 0x72, 0x61, 0x67, 0x65, 0x01, 0x01, 0xB8,
    0x06, 0x06, 0x65, 0x6E, 0x74, 0x69, 0x74, 0x79, 0x01, 0x01, 0xB9, 0x06, 0x05, 0x62, 0x6C, 0x6F,
    0x63, 0x6B, 0x01, 0x01, 0xBA, 0x06, 0x07, 0x73, 0x74, 0x6F, 0x72, 0x61, 0x67, 0x65, 0x01, 0x01,
    0xBB, 0x06, 0x06, 0x65, 0x6E, 0x74, 0x69, 0x74, 0x79, 0x01, 0x01, 0xBC, 0x06, 0x05, 0x62, 0x6C,
    0x6F, 0x63, 0x6B, 0x01, 0x01, 0xBD, 0x06, 0x07, 0x73, 0x74, 0x6F, 0x72, 0x61, 0x67, 0x65, 0x01,
    0x01, 0xBE, 0x06, 0x06, 0x65, 0x6E, 0x74, 0x69, 0x74, 0x79, 0x01, 0x01, 0xBF, 0x06, 0x05, 0x62,
    0x6C, 0x6F, 0x63, 0x6B, 0x01, 0x01, 0xC0, 0x06, 0x07, 0x73, 0x74, 0x6F, 0x72, 0x61, 0x67, 0x65,
    0x16, 0x04, 0xC1, 0x06, 0xC2, 0x06, 0xC3, 0x06, 0xC4, 0x06, 0x04, 0x6E, 0x61, 0x6D, 0x65, 0x05,
    0x01, 0x14, 0x6D, 0x69, 0x6E, 0x65, 0x63, 0x72, 0x61, 0x66, 0x74, 0x3A, 0x61, 0x73, 0x6B, 0x5F,
    0x73, 0x65, 0x72, 0x76, 0x65, 0x72, 0x16, 0x00, 0x04, 0x6E, 0x61, 0x6D, 0x65, 0x05, 0x01, 0x14,
    0x6D, 0x69, 0x6E, 0x65, 0x63, 0x72, 0x61, 0x66, 0x74, 0x3A, 0x61, 0x73, 0x6B, 0x5F, 0x73, 0x65,
    0x72, 0x76, 0x65, 0x72, 0x05, 0x00, 0x09, 0x61, 0x76, 0x61, 0x69, 0x6C, 0x61, 0x62, 0x6C, 0x65,
    0x05, 0x00, 0x07, 0x65, 0x6E, 0x61, 0x62, 0x6C, 0x65, 0x64, 0x02, 0x01, 0xC5, 0x06, 0x02, 0x69,
    0x64, 0x05, 0x01, 0x16, 0x00, 0x04, 0x6E, 0x61, 0x6D, 0x65, 0x25, 0x14, 0x6D, 0x69, 0x6E, 0x65,
    0x63, 0x72, 0x61, 0x66, 0x74, 0x3A, 0x61, 0x73, 0x6B, 0x5F, 0x73, 0x65, 0x72, 0x76, 0x65, 0x72,
    0x02, 0x01, 0xC6, 0x06, 0x07, 0x74, 0x61, 0x72, 0x67, 0x65, 0x74, 0x73, 0x06, 0x02, 0x06, 0x00,
    0x07, 0x74, 0x61, 0x72, 0x67, 0x65, 0x74, 0x73, 0x06, 0x02, 0x06, 0x01, 0xC7, 0x06, 0x07, 0x74,
    0x61, 0x72, 0x67, 0x65, 0x74, 0x73, 0x06, 0x00, 0x02, 0x01, 0xC8, 0x06, 0x07, 0x74, 0x61, 0x72,
    0x67, 0x65, 0x74, 0x73, 0x06, 0x00, 0x06, 0x01, 0xC9, 0x06, 0x0B, 0x65, 0x6E, 0x63, 0x68, 0x61,
    0x6E, 0x74, 0x6D, 0x65, 0x6E, 0x74, 0x2E, 0x15, 0x6D, 0x69, 0x6E, 0x65, 0x63, 0x72, 0x61, 0x66,
    0x74, 0x3A, 0x65, 0x6E, 0x63, 0x68, 0x61, 0x6E, 0x74, 0x6D, 0x65, 0x6E, 0x74, 0x02, 0x01, 0xCA,
    0x06, 0x06, 0x74, 0x61, 0x72, 0x67, 0x65, 0x74, 0x06, 0x02, 0x02, 0x01, 0xCB, 0x06, 0x06, 0x74,
    0x61, 0x72, 0x67, 0x65, 0x74, 0x06, 0x02, 0x02, 0x02, 0xCC, 0x06, 0xCD, 0x06, 0x06, 0x74, 0x61,
    0x72, 0x67, 0x65, 0x74, 0x06, 0x03, 0x02, 0x01, 0xCE, 0x06, 0x02, 0x74, 0x6F, 0x08, 0x02, 0x01,
    0xCF, 0x06, 0x02, 0x74, 0x6F, 0x08, 0x06, 0x01, 0xD0, 0x06, 0x04, 0x66, 0x72, 0x6F, 0x6D, 0x09,
    0x06, 0x01, 0xD1, 0x06, 0x04, 0x66, 0x72, 0x6F, 0x6D, 0x09, 0x05, 0x00, 0x03, 0x61, 0x6C, 0x6C,
    0x06, 0x00, 0x03, 0x70, 0x6F, 0x73, 0x09, 0x06, 0x00, 0x09, 0x61, 0x72, 0x67, 0x75, 0x6D, 0x65,
    0x6E, 0x74, 0x73, 0x15, 0x01, 0x03, 0xD2, 0x06, 0xD3, 0x06, 0xD4, 0x06, 0x04, 0x77, 0x69, 0x74,
    0x68, 0x06, 0x00, 0x06, 0x74, 0x61, 0x72, 0x67, 0x65, 0x74, 0x06, 0x02, 0x06, 0x00, 0x05, 0x76,
    0x61, 0x6C, 0x75, 0x65, 0x00, 0x06, 0x00, 0x05, 0x76, 0x61, 0x6C, 0x75, 0x65, 0x00, 0x06, 0x00,
    0x05, 0x76, 0x61, 0x6C, 0x75, 0x65, 0x00, 0x06, 0x00, 0x05, 0x76, 0x61, 0x6C, 0x75, 0x65, 0x00,
    0x06, 0x00, 0x05, 0x76, 0x61, 0x6C, 0x75, 0x65, 0x00, 0x06, 0x00, 0x05, 0x76, 0x61, 0x6C, 0x75,
    0x65, 0x00, 0x06, 0x00, 0x05, 0x76, 0x61, 0x6C, 0x75, 0x65, 0x00, 0x06, 0x00, 0x05, 0x76, 0x61,
    0x6C, 0x75, 0x65, 0x00, 0x06, 0x00, 0x05, 0x76, 0x61, 0x6C, 0x75, 0x65, 0x00, 0x06, 0x00, 0x05,
    0x76, 0x61, 0x6C, 0x75, 0x65, 0x00, 0x06, 0x00, 0x05, 0x76, 0x61, 0x6C, 0x75, 0x65, 0x00, 0x06,
    0x00, 0x05, 0x76, 0x61, 0x6C, 0x75, 0x65, 0x00, 0x06, 0x00, 0x05, 0x76, 0x61, 0x6C, 0x75, 0x65,
    0x03, 0x03, 0x00, 0x00, 0x00, 0x00, 0x00, 0x00, 0x00, 0x08, 0x06, 0x00, 0x05, 0x76, 0x61, 0x6C,
    0x75, 0x65, 0x03, 0x03, 0x00, 0x00, 0x00, 0x00, 0x00, 0x00, 0x00, 0x08, 0x06, 0x00, 0x05, 0x76,
    0x61, 0x6C, 0x75, 0x65, 0x00, 0x06, 0x00, 0x05, 0x76, 0x61, 0x6C, 0x75, 0x65, 0x00, 0x06, 0x00,
    0x05, 0x76, 0x61, 0x6C, 0x75, 0x65, 0x00, 0x06, 0x00, 0x05, 0x76, 0x61, 0x6C, 0x75, 0x65, 0x00,
    0x06, 0x00, 0x05, 0x76, 0x61, 0x6C, 0x75, 0x65, 0x00, 0x06, 0x00, 0x05, 0x76, 0x61, 0x6C, 0x75,
    0x65, 0x00, 0x06, 0x00, 0x05, 0x76, 0x61, 0x6C, 0x75, 0x65, 0x00, 0x06, 0x00, 0x05, 0x76, 0x61,
    0x6C, 0x75, 0x65, 0x00, 0x06, 0x00, 0x05, 0x76, 0x61, 0x6C, 0x75, 0x65, 0x00, 0x06, 0x00, 0x05,
    0x76, 0x61, 0x6C, 0x75, 0x65, 0x00, 0x06, 0x00, 0x05, 0x76, 0x61, 0x6C, 0x75, 0x65, 0x00, 0x06,
    0x00, 0x05, 0x76, 0x61, 0x6C, 0x75, 0x65, 0x00, 0x06, 0x00, 0x05, 0x76, 0x61, 0x6C, 0x75, 0x65,
    0x00, 0x06, 0x00, 0x05, 0x76, 0x61, 0x6C, 0x75, 0x65, 0x00, 0x06, 0x00, 0x05, 0x76, 0x61, 0x6C,
    0x75, 0x65, 0x00, 0x06, 0x00, 0x05, 0x76, 0x61, 0x6C, 0x75, 0x65, 0x00, 0x06, 0x00, 0x05, 0x76,
    0x61, 0x6C, 0x75, 0x65, 0x00, 0x06, 0x00, 0x05, 0x76, 0x61, 0x6C, 0x75, 0x65, 0x00, 0x06, 0x00,
    0x05, 0x76, 0x61, 0x6C, 0x75, 0x65, 0x00, 0x06, 0x00, 0x05, 0x76, 0x61, 0x6C, 0x75, 0x65, 0x00,
    0x06, 0x00, 0x05, 0x76, 0x61, 0x6C, 0x75, 0x65, 0x00, 0x06, 0x00, 0x05, 0x76, 0x61, 0x6C, 0x75,
    0x65, 0x00, 0x06, 0x00, 0x05, 0x76, 0x61, 0x6C, 0x75, 0x65, 0x00, 0x06, 0x00, 0x05, 0x76, 0x61,
    0x6C, 0x75, 0x65, 0x00, 0x06, 0x00, 0x05, 0x76, 0x61, 0x6C, 0x75, 0x65, 0x00, 0x06, 0x00, 0x05,
    0x76, 0x61, 0x6C, 0x75, 0x65, 0x00, 0x06, 0x00, 0x05, 0x76, 0x61, 0x6C, 0x75, 0x65, 0x00, 0x06,
    0x00, 0x05, 0x76, 0x61, 0x6C, 0x75, 0x65, 0x00, 0x06, 0x00, 0x05, 0x76, 0x61, 0x6C, 0x75, 0x65,
    0x03, 0x01, 0x00, 0x00, 0x00, 0x01, 0x06, 0x00, 0x05, 0x76, 0x61, 0x6C, 0x75, 0x65, 0x03, 0x01,
    0x00, 0x00, 0x00, 0x01, 0x06, 0x00, 0x05, 0x76, 0x61, 0x6C, 0x75, 0x65, 0x03, 0x01, 0x00, 0x00,
    0x00, 0x00, 0x06, 0x00, 0x05, 0x76, 0x61, 0x6C, 0x75, 0x65, 0x03, 0x01, 0x00, 0x00, 0x00, 0x00,
    0x06, 0x00, 0x05, 0x76, 0x61, 0x6C, 0x75, 0x65, 0x00, 0x06, 0x00, 0x05, 0x76, 0x61, 0x6C, 0x75,
    0x65, 0x00, 0x06, 0x00, 0x05, 0x76, 0x61, 0x6C, 0x75, 0x65, 0x00, 0x06, 0x00, 0x05, 0x76, 0x61,
    0x6C, 0x75, 0x65, 0x00, 0x06, 0x00, 0x05, 0x76, 0x61, 0x6C, 0x75, 0x65, 0x00, 0x06, 0x00, 0x05,
    0x76, 0x61, 0x6C, 0x75, 0x65, 0x00, 0x06, 0x00, 0x05, 0x76, 0x61, 0x6C, 0x75, 0x65, 0x00, 0x06,
    0x00, 0x05, 0x76, 0x61, 0x6C, 0x75, 0x65, 0x00, 0x06, 0x00, 0x05, 0x76, 0x61, 0x6C, 0x75, 0x65,
    0x00, 0x06, 0x00, 0x05, 0x76, 0x61, 0x6C, 0x75, 0x65, 0x00, 0x06, 0x00, 0x05, 0x76, 0x61, 0x6C,
    0x75, 0x65, 0x03, 0x01, 0x00, 0x00, 0x00, 0x00, 0x06, 0x00, 0x05, 0x76, 0x61, 0x6C, 0x75, 0x65,
    0x03, 0x01, 0x00, 0x00, 0x00, 0x00, 0x06, 0x00, 0x05, 0x76, 0x61, 0x6C, 0x75, 0x65, 0x03, 0x01,
    0xFF, 0xFF, 0xFF, 0xFF, 0x06, 0x00, 0x05, 0x76, 0x61, 0x6C, 0x75, 0x65, 0x03, 0x01, 0xFF, 0xFF,
    0xFF, 0xFF, 0x06, 0x00, 0x05, 0x76, 0x61, 0x6C, 0x75, 0x65, 0x00, 0x06, 0x00, 0x05, 0x76, 0x61,
    0x6C, 0x75, 0x65, 0x00, 0x06, 0x00, 0x05, 0x76, 0x61, 0x6C, 0x75, 0x65, 0x00, 0x06, 0x00, 0x05,
    0x76, 0x61, 0x6C, 0x75, 0x65, 0x00, 0x06, 0x00, 0x05, 0x76, 0x61, 0x6C, 0x75, 0x65, 0x00, 0x06,
    0x00, 0x05, 0x76, 0x61, 0x6C, 0x75, 0x65, 0x00, 0x06, 0x00, 0x05, 0x76, 0x61, 0x6C, 0x75, 0x65,
    0x00, 0x06, 0x00, 0x05, 0x76, 0x61, 0x6C, 0x75, 0x65, 0x00, 0x06, 0x00, 0x05, 0x76, 0x61, 0x6C,
    0x75, 0x65, 0x03, 0x01, 0x00, 0x00, 0x00, 0x00, 0x06, 0x00, 0x05, 0x76, 0x61, 0x6C, 0x75, 0x65,
    0x03, 0x01, 0x00, 0x00, 0x00, 0x00, 0x06, 0x00, 0x05, 0x76, 0x61, 0x6C, 0x75, 0x65, 0x00, 0x06,
    0x00, 0x05, 0x76, 0x61, 0x6C, 0x75, 0x65, 0x00, 0x06, 0x00, 0x05, 0x76, 0x61, 0x6C, 0x75, 0x65,
    0x00, 0x06, 0x00, 0x05, 0x76, 0x61, 0x6C, 0x75, 0x65, 0x00, 0x06, 0x00, 0x05, 0x76, 0x61, 0x6C,
    0x75, 0x65, 0x03, 0x01, 0x00, 0x00, 0x00, 0x00, 0x06, 0x00, 0x05, 0x76, 0x61, 0x6C, 0x75, 0x65,
    0x03, 0x01, 0x00, 0x00, 0x00, 0x00, 0x06, 0x00, 0x05, 0x76, 0x61, 0x6C, 0x75, 0x65, 0x00, 0x06,
    0x00, 0x05, 0x76, 0x61, 0x6C, 0x75, 0x65, 0x00, 0x06, 0x00, 0x05, 0x76, 0x61, 0x6C, 0x75, 0x65,
    0x00, 0x06, 0x00, 0x05, 0x76, 0x61, 0x6C, 0x75, 0x65, 0x00, 0x06, 0x00, 0x05, 0x76, 0x61, 0x6C,
    0x75, 0x65, 0x00, 0x06, 0x00, 0x05, 0x76, 0x61, 0x6C, 0x75, 0x65, 0x00, 0x06, 0x00, 0x05, 0x76,
    0x61, 0x6C, 0x75, 0x65, 0x00, 0x06, 0x00, 0x05, 0x76, 0x61, 0x6C, 0x75, 0x65, 0x00, 0x06, 0x00,
    0x05, 0x76, 0x61, 0x6C, 0x75, 0x65, 0x03, 0x01, 0x00, 0x00, 0x00, 0x00, 0x06, 0x00, 0x05, 0x76,
    0x61, 0x6C, 0x75, 0x65, 0x03, 0x01, 0x00, 0x00, 0x00, 0x00, 0x06, 0x00, 0x05, 0x76, 0x61, 0x6C,
    0x75, 0x65, 0x03, 0x01, 0x00, 0x00, 0x00, 0x00, 0x06, 0x00, 0x05, 0x76, 0x61, 0x6C, 0x75, 0x65,
    0x03, 0x01, 0x00, 0x00, 0x00, 0x00, 0x06, 0x00, 0x05, 0x76, 0x61, 0x6C, 0x75, 0x65, 0x00, 0x06,
    0x00, 0x05, 0x76, 0x61, 0x6C, 0x75, 0x65, 0x00, 0x06, 0x00, 0x05, 0x76, 0x61, 0x6C, 0x75, 0x65,
    0x00, 0x06, 0x00, 0x05, 0x76, 0x61, 0x6C, 0x75, 0x65, 0x00, 0x06, 0x00, 0x05, 0x76, 0x61, 0x6C,
    0x75, 0x65, 0x03, 0x01, 0x00, 0x00, 0x00, 0x00, 0x06, 0x00, 0x05, 0x76, 0x61, 0x6C, 0x75, 0x65,
    0x03, 0x01, 0x00, 0x00, 0x00, 0x00, 0x06, 0x00, 0x05, 0x76, 0x61, 0x6C, 0x75, 0x65, 0x00, 0x06,
    0x00, 0x05, 0x76, 0x61, 0x6C, 0x75, 0x65, 0x00, 0x06, 0x00, 0x05, 0x76, 0x61, 0x6C, 0x75, 0x65,
    0x00, 0x06, 0x00, 0x05, 0x76, 0x61, 0x6C, 0x75, 0x65, 0x00, 0x06, 0x00, 0x05, 0x76, 0x61, 0x6C,
    0x75, 0x65, 0x00, 0x06, 0x00, 0x05, 0x76, 0x61, 0x6C, 0x75, 0x65, 0x00, 0x06, 0x00, 0x05, 0x76,
    0x61, 0x6C, 0x75, 0x65, 0x00, 0x06, 0x00, 0x05, 0x76, 0x61, 0x6C, 0x75, 0x65, 0x00, 0x06, 0x00,
    0x05, 0x76, 0x61, 0x6C, 0x75, 0x65, 0x00, 0x06, 0x00, 0x05, 0x76, 0x61, 0x6C, 0x75, 0x65, 0x00,
    0x06, 0x00, 0x05, 0x76, 0x61, 0x6C, 0x75, 0x65, 0x00, 0x06, 0x00, 0x05, 0x76, 0x61, 0x6C, 0x75,
    0x65, 0x00, 0x06, 0x00, 0x05, 0x76, 0x61, 0x6C, 0x75, 0x65, 0x00, 0x06, 0x00, 0x05, 0x76, 0x61,
    0x6C, 0x75, 0x65, 0x00, 0x06, 0x00, 0x05, 0x76, 0x61, 0x6C, 0x75, 0x65, 0x00, 0x06, 0x00, 0x05,
    0x76, 0x61, 0x6C, 0x75, 0x65, 0x00, 0x06, 0x00, 0x05, 0x76, 0x61, 0x6C, 0x75, 0x65, 0x00, 0x06,
    0x00, 0x05, 0x76, 0x61, 0x6C, 0x75, 0x65, 0x00, 0x06, 0x00, 0x05, 0x76, 0x61, 0x6C, 0x75, 0x65,
    0x00, 0x06, 0x00, 0x05, 0x76, 0x61, 0x6C, 0x75, 0x65, 0x00, 0x06, 0x00, 0x05, 0x76, 0x61, 0x6C,
    0x75, 0x65, 0x03, 0x01, 0x00, 0x00, 0x00, 0x00, 0x06, 0x00, 0x05, 0x76, 0x61, 0x6C, 0x75, 0x65,
    0x03, 0x01, 0x00, 0x00, 0x00, 0x00, 0x06, 0x01, 0xD5, 0x06, 0x04, 0x69, 0x74, 0x65, 0x6D, 0x0E,
    0x01, 0x01, 0xD6, 0x06, 0x05, 0x62, 0x6C, 0x6F, 0x63, 0x6B, 0x01, 0x01, 0xD7, 0x06, 0x06, 0x65,
    0x6E, 0x74, 0x69, 0x74, 0x79, 0x01, 0x01, 0xD8, 0x06, 0x05, 0x62, 0x6C, 0x6F, 0x63, 0x6B, 0x01,
    0x01, 0xD9, 0x06, 0x06, 0x65, 0x6E, 0x74, 0x69, 0x74, 0x79, 0x06, 0x00, 0x06, 0x72, 0x65, 0x61,
    0x73, 0x6F, 0x6E, 0x14, 0x06, 0x00, 0x09, 0x73, 0x74, 0x72, 0x75, 0x63, 0x74, 0x75, 0x72, 0x65,
    0x2D, 0x1C, 0x6D, 0x69, 0x6E, 0x65, 0x63, 0x72, 0x61, 0x66, 0x74, 0x3A, 0x77, 0x6F, 0x72, 0x6C,
    0x64, 0x67, 0x65, 0x6E, 0x2F, 0x73, 0x74, 0x72, 0x75, 0x63, 0x74, 0x75, 0x72, 0x65, 0x06, 0x00,
    0x05, 0x62, 0x69, 0x6F, 0x6D, 0x65, 0x2C, 0x18, 0x6D, 0x69, 0x6E, 0x65, 0x63, 0x72, 0x61, 0x66,
    0x74, 0x3A, 0x77, 0x6F, 0x72, 0x6C, 0x64, 0x67, 0x65, 0x6E, 0x2F, 0x62, 0x69, 0x6F, 0x6D, 0x65,
    0x06, 0x00, 0x03, 0x70, 0x6F, 0x69, 0x2C, 0x20, 0x6D, 0x69, 0x6E, 0x65, 0x63, 0x72, 0x61, 0x66,
    0x74, 0x3A, 0x70, 0x6F, 0x69, 0x6E, 0x74, 0x5F, 0x6F, 0x66, 0x5F, 0x69, 0x6E, 0x74, 0x65, 0x72,
    0x65, 0x73, 0x74, 0x5F, 0x74, 0x79, 0x70, 0x65, 0x01, 0x01, 0xDA, 0x06, 0x06, 0x65, 0x6E, 0x74,
    0x69, 0x74, 0x79, 0x01, 0x01, 0xDB, 0x06, 0x05, 0x62, 0x6C, 0x6F, 0x63, 0x6B, 0x02, 0x04, 0xDC,
    0x06, 0xDD, 0x06, 0xDE, 0x06, 0xDF, 0x06, 0x09, 0x74, 0x61, 0x72, 0x67, 0x65, 0x74, 0x50, 0x6F,
    0x73, 0x08, 0x02, 0x04, 0xE0, 0x06, 0xE1, 0x06, 0xE2, 0x06, 0xE3, 0x06, 0x07, 0x70, 0x6C, 0x61,
    0x79, 0x65, 0x72, 0x73, 0x06, 0x02, 0x02, 0x04, 0xE4, 0x06, 0xE5, 0x06, 0xE6, 0x06, 0xE7, 0x06,
    0x09, 0x74, 0x61, 0x72, 0x67, 0x65, 0x74, 0x50, 0x6F, 0x73, 0x0A, 0x06, 0x00, 0x07, 0x6D, 0x65,
    0x73, 0x73, 0x61, 0x67, 0x65, 0x14, 0x05, 0x00, 0x08, 0x6D, 0x61, 0x69, 0x6E, 0x68, 0x61, 0x6E,
    0x64, 0x05, 0x00, 0x07, 0x6F, 0x66, 0x66, 0x68, 0x61, 0x6E, 0x64, 0x06, 0x01, 0xE8, 0x06, 0x03,
    0x70, 0x6F, 0x73, 0x0A, 0x06, 0x01, 0xE9, 0x06, 0x07, 0x66, 0x65, 0x61, 0x74, 0x75, 0x72, 0x65,
    0x2F, 0x25, 0x6D, 0x69, 0x6E, 0x65, 0x63, 0x72, 0x61, 0x66, 0x74, 0x3A, 0x77, 0x6F, 0x72, 0x6C,
    0x64, 0x67, 0x65, 0x6E, 0x2F, 0x63, 0x6F, 0x6E, 0x66, 0x69, 0x67, 0x75, 0x72, 0x65, 0x64, 0x5F,
    0x66, 0x65, 0x61, 0x74, 0x75, 0x72, 0x65, 0x02, 0x01, 0xEA, 0x06, 0x04, 0x70, 0x6F, 0x6F, 0x6C,
    0x2F, 0x20, 0x6D, 0x69, 0x6E, 0x65, 0x63, 0x72, 0x61, 0x66, 0x74, 0x3A, 0x77, 0x6F, 0x72, 0x6C,
    0x64, 0x67, 0x65, 0x6E, 0x2F, 0x74, 0x65, 0x6D, 0x70, 0x6C, 0x61, 0x74, 0x65, 0x5F, 0x70, 0x6F,
    0x6F, 0x6C, 0x06, 0x01, 0xEB, 0x06, 0x09, 0x73, 0x74, 0x72, 0x75, 0x63, 0x74, 0x75, 0x72, 0x65,
    0x2F, 0x1C, 0x6D, 0x69, 0x6E, 0x65, 0x63, 0x72, 0x61, 0x66, 0x74, 0x3A, 0x77, 0x6F, 0x72, 0x6C,
    0x64, 0x67, 0x65, 0x6E, 0x2F, 0x73, 0x74, 0x72, 0x75, 0x63, 0x74, 0x75, 0x72, 0x65, 0x16, 0x01,
    0xEC, 0x06, 0x08, 0x74, 0x65, 0x6D, 0x70, 0x6C, 0x61, 0x74, 0x65, 0x24, 0x14, 0x6D, 0x69, 0x6E,
    0x65, 0x63, 0x72, 0x61, 0x66, 0x74, 0x3A, 0x61, 0x73, 0x6B, 0x5F, 0x73, 0x65, 0x72, 0x76, 0x65,
    0x72, 0x05, 0x01, 0xED, 0x06, 0x06, 0x6D, 0x61, 0x73, 0x74, 0x65, 0x72, 0x05, 0x01, 0xEE, 0x06,
    0x05, 0x6D, 0x75, 0x73, 0x69, 0x63, 0x05, 0x01, 0xEF, 0x06, 0x06, 0x72, 0x65, 0x63, 0x6F, 0x72,
    0x64, 0x05, 0x01, 0xF0, 0x06, 0x07, 0x77, 0x65, 0x61, 0x74, 0x68, 0x65, 0x72, 0x05, 0x01, 0xF1,
    0x06, 0x05, 0x62, 0x6C, 0x6F, 0x63, 0x6B, 0x05, 0x01, 0xF2, 0x06, 0x07, 0x68, 0x6F, 0x73, 0x74,
    0x69, 0x6C, 0x65, 0x05, 0x01, 0xF3, 0x06, 0x07, 0x6E, 0x65, 0x75, 0x74, 0x72, 0x61, 0x6C, 0x05,
    0x01, 0xF4, 0x06, 0x06, 0x70, 0x6C, 0x61, 0x79, 0x65, 0x72, 0x05, 0x01, 0xF5, 0x06, 0x07, 0x61,
    0x6D, 0x62, 0x69, 0x65, 0x6E, 0x74, 0x05, 0x01, 0xF6, 0x06, 0x05, 0x76, 0x6F, 0x69, 0x63, 0x65,
    0x05, 0x01, 0xF7, 0x06, 0x02, 0x75, 0x69, 0x06, 0x01, 0xF8, 0x06, 0x05, 0x72, 0x61, 0x6E, 0x67,
    0x65, 0x27, 0x06, 0x01, 0xF9, 0x06, 0x05, 0x72, 0x61, 0x6E, 0x67, 0x65, 0x27, 0x05, 0x01, 0xFA,
    0x06, 0x01, 0x2A, 0x16, 0x01, 0xFB, 0x06, 0x08, 0x73, 0x65, 0x71, 0x75, 0x65, 0x6E, 0x63, 0x65,
    0x24, 0x14, 0x6D, 0x69, 0x6E, 0x65, 0x63, 0x72, 0x61, 0x66, 0x74, 0x3A, 0x61, 0x73, 0x6B, 0x5F,
    0x73, 0x65, 0x72, 0x76, 0x65, 0x72, 0x02, 0x02, 0xFC, 0x06, 0xFD, 0x06, 0x07, 0x74, 0x61, 0x72,
    0x67, 0x65, 0x74, 0x73, 0x06, 0x02, 0x02, 0x02, 0xFE, 0x06, 0xFF, 0x06, 0x07, 0x74, 0x61, 0x72,
    0x67, 0x65, 0x74, 0x73, 0x06, 0x02, 0x06, 0x00, 0x04, 0x6E, 0x61, 0x6D, 0x65, 0x05, 0x02, 0x06,
    0x00, 0x02, 0x69, 0x64, 0x38, 0x06, 0x00, 0x06, 0x65, 0x6E, 0x74, 0x69, 0x74, 0x79, 0x06, 0x01,
    0x01, 0x01, 0x80, 0x07, 0x05, 0x6D, 0x6F, 0x75, 0x6E, 0x74, 0x05, 0x00, 0x08, 0x64, 0x69, 0x73,
    0x6D, 0x6F, 0x75, 0x6E, 0x74, 0x06, 0x00, 0x08, 0x72, 0x6F, 0x74, 0x61, 0x74, 0x69, 0x6F, 0x6E,
    0x1D, 0x01, 0x02, 0x81, 0x07, 0x82, 0x07, 0x06, 0x66, 0x61, 0x63, 0x69, 0x6E, 0x67, 0x12, 0x01,
    0x83, 0x07, 0x08, 0x66, 0x75, 0x6E, 0x63, 0x74, 0x69, 0x6F, 0x6E, 0x25, 0x14, 0x6D, 0x69, 0x6E,
    0x65, 0x63, 0x72, 0x61, 0x66, 0x74, 0x3A, 0x61, 0x73, 0x6B, 0x5F, 0x73, 0x65, 0x72, 0x76, 0x65,
    0x72, 0x16, 0x00, 0x08, 0x66, 0x75, 0x6E, 0x63, 0x74, 0x69, 0x6F, 0x6E, 0x05, 0x02, 0x14, 0x6D,
    0x69, 0x6E, 0x65, 0x63, 0x72, 0x61, 0x66, 0x74, 0x3A, 0x61, 0x73, 0x6B, 0x5F, 0x73, 0x65, 0x72,
    0x76, 0x65, 0x72, 0x05, 0x00, 0x04, 0x6C, 0x69, 0x73, 0x74, 0x01, 0x01, 0x84, 0x07, 0x03, 0x61,
    0x64, 0x64, 0x01, 0x01, 0x85, 0x07, 0x06, 0x6D, 0x6F, 0x64, 0x69, 0x66, 0x79, 0x01, 0x01, 0x86,
    0x07, 0x06, 0x72, 0x65, 0x6D, 0x6F, 0x76, 0x65, 0x01, 0x01, 0x87, 0x07, 0x0A, 0x73, 0x65, 0x74,
    0x64, 0x69, 0x73, 0x70, 0x6C, 0x61, 0x79, 0x05, 0x01, 0x88, 0x07, 0x04, 0x6C, 0x69, 0x73, 0x74,
    0x01, 0x01, 0x89, 0x07, 0x03, 0x73, 0x65, 0x74, 0x01, 0x01, 0x8A, 0x07, 0x03, 0x67, 0x65, 0x74,
    0x01, 0x01, 0x8B, 0x07, 0x03, 0x61, 0x64, 0x64, 0x01, 0x01, 0x8C, 0x07, 0x06, 0x72, 0x65, 0x6D,
    0x6F, 0x76, 0x65, 0x01, 0x01, 0x8D, 0x07, 0x05, 0x72, 0x65, 0x73, 0x65, 0x74, 0x01, 0x01, 0x8E,
    0x07, 0x06, 0x65, 0x6E, 0x61, 0x62, 0x6C, 0x65, 0x01, 0x02, 0x8F, 0x07, 0x90, 0x07, 0x07, 0x64,
    0x69, 0x73, 0x70, 0x6C, 0x61, 0x79, 0x01, 0x01, 0x91, 0x07, 0x09, 0x6F, 0x70, 0x65, 0x72, 0x61,
    0x74, 0x69, 0x6F, 0x6E, 0x06, 0x04, 0x92, 0x07, 0x93, 0x07, 0x94, 0x07, 0x95, 0x07, 0x05, 0x62,
    0x6C, 0x6F, 0x63, 0x6B, 0x0C, 0x06, 0x01, 0x96, 0x07, 0x03, 0x70, 0x6F, 0x73, 0x08, 0x06, 0x00,
    0x08, 0x72, 0x6F, 0x74, 0x61, 0x74, 0x69, 0x6F, 0x6E, 0x1D, 0x06, 0x00, 0x06, 0x70, 0x6C, 0x61,
    0x79, 0x65, 0x72, 0x06, 0x03, 0x02, 0x01, 0x97, 0x07, 0x0E, 0x73, 0x70, 0x72, 0x65, 0x61, 0x64,
    0x44, 0x69, 0x73, 0x74, 0x61, 0x6E, 0x63, 0x65, 0x01, 0x01, 0x00, 0x00, 0x00, 0x00, 0x01, 0x01,
    0x98, 0x07, 0x01, 0x2A, 0x05, 0x01, 0x99, 0x07, 0x06, 0x6D, 0x61, 0x73, 0x74, 0x65, 0x72, 0x05,
    0x01, 0x9A, 0x07, 0x05, 0x6D, 0x75, 0x73, 0x69, 0x63, 0x05, 0x01, 0x9B, 0x07, 0x06, 0x72, 0x65,
    0x63, 0x6F, 0x72, 0x64, 0x05, 0x01, 0x9C, 0x07, 0x07, 0x77, 0x65, 0x61, 0x74, 0x68, 0x65, 0x72,
    0x05, 0x01, 0x9D, 0x07, 0x05, 0x62, 0x6C, 0x6F, 0x63, 0x6B, 0x05, 0x01, 0x9E, 0x07, 0x07, 0x68,
    0x6F, 0x73, 0x74, 0x69, 0x6C, 0x65, 0x05, 0x01, 0x9F, 0x07, 0x07, 0x6E, 0x65, 0x75, 0x74, 0x72,
    0x61, 0x6C, 0x05, 0x01, 0xA0, 0x07, 0x06, 0x70, 0x6C, 0x61, 0x79, 0x65, 0x72, 0x05, 0x01, 0xA1,
    0x07, 0x07, 0x61, 0x6D, 0x62, 0x69, 0x65, 0x6E, 0x74, 0x05, 0x01, 0xA2, 0x07, 0x05, 0x76, 0x6F,
    0x69, 0x63, 0x65, 0x05, 0x01, 0xA3, 0x07, 0x02, 0x75, 0x69, 0x06, 0x00, 0x02, 0x69, 0x64, 0x24,
    0x16, 0x01, 0xA4, 0x07, 0x02, 0x69, 0x64, 0x24, 0x14, 0x6D, 0x69, 0x6E, 0x65, 0x63, 0x72, 0x61,
    0x66, 0x74, 0x3A, 0x61, 0x73, 0x6B, 0x5F, 0x73, 0x65, 0x72, 0x76, 0x65, 0x72, 0x16, 0x00, 0x02,
    0x69, 0x64, 0x24, 0x14, 0x6D, 0x69, 0x6E, 0x65, 0x63, 0x72, 0x61, 0x66, 0x74, 0x3A, 0x61, 0x73,
    0x6B, 0x5F, 0x73, 0x65, 0x72, 0x76, 0x65, 0x72, 0x16, 0x00, 0x02, 0x69, 0x64, 0x24, 0x14, 0x6D,
    0x69, 0x6E, 0x65, 0x63, 0x72, 0x61, 0x66, 0x74, 0x3A, 0x61, 0x73, 0x6B, 0x5F, 0x73, 0x65, 0x72,
    0x76, 0x65, 0x72, 0x06, 0x01, 0xA5, 0x07, 0x03, 0x70, 0x6F, 0x73, 0x0A, 0x01, 0x01, 0xA6, 0x07,
    0x03, 0x61, 0x64, 0x64, 0x01, 0x01, 0xA7, 0x07, 0x06, 0x72, 0x65, 0x6D, 0x6F, 0x76, 0x65, 0x05,
    0x00, 0x04, 0x6C, 0x69, 0x73, 0x74, 0x06, 0x00, 0x04, 0x74, 0x65, 0x61, 0x6D, 0x21, 0x06, 0x01,
    0xA8, 0x07, 0x04, 0x74, 0x65, 0x61, 0x6D, 0x05, 0x00, 0x06, 0x00, 0x04, 0x74, 0x65, 0x61, 0x6D,
    0x21, 0x06, 0x00, 0x04, 0x74, 0x65, 0x61, 0x6D, 0x21, 0x06, 0x01, 0xA9, 0x07, 0x04, 0x74, 0x65,
    0x61, 0x6D, 0x21, 0x16, 0x00, 0x07, 0x6D, 0x65, 0x6D, 0x62, 0x65, 0x72, 0x73, 0x1F, 0x01, 0x14,
    0x6D, 0x69, 0x6E, 0x65, 0x63, 0x72, 0x61, 0x66, 0x74, 0x3A, 0x61, 0x73, 0x6B, 0x5F, 0x73, 0x65,
    0x72, 0x76, 0x65, 0x72, 0x02, 0x09, 0xAA, 0x07, 0xAB, 0x07, 0xAC, 0x07, 0xAD, 0x07, 0xAE, 0x07,
    0xAF, 0x07, 0xB0, 0x07, 0xB1, 0x07, 0xB2, 0x07, 0x04, 0x74, 0x65, 0x61, 0x6D, 0x21, 0x06, 0x02,
    0xB3, 0x07, 0xB4, 0x07, 0x08, 0x6C, 0x6F, 0x63, 0x61, 0x74, 0x69, 0x6F, 0x6E, 0x0A, 0x06, 0x00,
    0x0B, 0x64, 0x65, 0x73, 0x74, 0x69, 0x6E, 0x61, 0x74, 0x69, 0x6F, 0x6E, 0x06, 0x01, 0x06, 0x00,
    0x07, 0x6D, 0x65, 0x73, 0x73, 0x61, 0x67, 0x65, 0x12, 0x06, 0x01, 0xB5, 0x07, 0x05, 0x74, 0x65,
    0x73, 0x74, 0x73, 0x30, 0x17, 0x6D, 0x69, 0x6E, 0x65, 0x63, 0x72, 0x61, 0x66, 0x74, 0x3A, 0x74,
    0x65, 0x73, 0x74, 0x5F, 0x69, 0x6E, 0x73, 0x74, 0x61, 0x6E, 0x63, 0x65, 0x06, 0x01, 0xB6, 0x07,
    0x05, 0x74, 0x65, 0x73, 0x74, 0x73, 0x30, 0x17, 0x6D, 0x69, 0x6E, 0x65, 0x63, 0x72, 0x61, 0x66,
    0x74, 0x3A, 0x74, 0x65, 0x73, 0x74, 0x5F, 0x69, 0x6E, 0x73, 0x74, 0x61, 0x6E, 0x63, 0x65, 0x06,
    0x01, 0xB7, 0x07, 0x0D, 0x6E, 0x75, 0x6D, 0x62, 0x65, 0x72, 0x4F, 0x66, 0x54, 0x69, 0x6D, 0x65,
    0x73, 0x03, 0x01, 0x00, 0x00, 0x00, 0x00, 0x06, 0x01, 0xB8, 0x07, 0x0D, 0x6E, 0x75, 0x6D, 0x62,
    0x65, 0x72, 0x4F, 0x66, 0x54, 0x69, 0x6D, 0x65, 0x73, 0x03, 0x01, 0x00, 0x00, 0x00, 0x00, 0x06,
    0x01, 0xB9, 0x07, 0x0D, 0x6E, 0x75, 0x6D, 0x62, 0x65, 0x72, 0x4F, 0x66, 0x54, 0x69, 0x6D, 0x65,
    0x73, 0x03, 0x01, 0x00, 0x00, 0x00, 0x00, 0x06, 0x01, 0xBA, 0x07, 0x11, 0x6F, 0x6E, 0x6C, 0x79,
    0x52, 0x65, 0x71, 0x75, 0x69, 0x72, 0x65, 0x64, 0x54, 0x65, 0x73, 0x74, 0x73, 0x00, 0x06, 0x01,
    0xBB, 0x07, 0x0D, 0x6E, 0x75, 0x6D, 0x62, 0x65, 0x72, 0x4F, 0x66, 0x54, 0x69, 0x6D, 0x65, 0x73,
    0x03, 0x01, 0x00, 0x00, 0x00, 0x00, 0x06, 0x00, 0x05, 0x74, 0x65, 0x73, 0x74, 0x73, 0x30, 0x17,
    0x6D, 0x69, 0x6E, 0x65, 0x63, 0x72, 0x61, 0x66, 0x74, 0x3A, 0x74, 0x65, 0x73, 0x74, 0x5F, 0x69,
    0x6E, 0x73, 0x74, 0x61, 0x6E, 0x63, 0x65, 0x06, 0x00, 0x05, 0x74, 0x65, 0x73, 0x74, 0x73, 0x30,
    0x17, 0x6D, 0x69, 0x6E, 0x65, 0x63, 0x72, 0x61, 0x66, 0x74, 0x3A, 0x74, 0x65, 0x73, 0x74, 0x5F,
    0x69, 0x6E, 0x73, 0x74, 0x61, 0x6E, 0x63, 0x65, 0x06, 0x00, 0x06, 0x72, 0x61, 0x64, 0x69, 0x75,
    0x73, 0x03, 0x00, 0x06, 0x00, 0x03, 0x76, 0x61, 0x72, 0x05, 0x00, 0x16, 0x01, 0xBC, 0x07, 0x02,
    0x69, 0x64, 0x24, 0x14, 0x6D, 0x69, 0x6E, 0x65, 0x63, 0x72, 0x61, 0x66, 0x74, 0x3A, 0x61, 0x73,
    0x6B, 0x5F, 0x73, 0x65, 0x72, 0x76, 0x65, 0x72, 0x16, 0x00, 0x04, 0x72, 0x61, 0x74, 0x65, 0x01,
    0x03, 0x3F, 0x80, 0x00, 0x00, 0x46, 0x1C, 0x40, 0x00, 0x14, 0x6D, 0x69, 0x6E, 0x65, 0x63, 0x72,
    0x61, 0x66, 0x74, 0x3A, 0x61, 0x73, 0x6B, 0x5F, 0x73, 0x65, 0x72, 0x76, 0x65, 0x72, 0x05, 0x00,
    0x04, 0x73, 0x74, 0x6F, 0x70, 0x16, 0x00, 0x04, 0x74, 0x69, 0x6D, 0x65, 0x2B, 0x00, 0x00, 0x00,
    0x01, 0x14, 0x6D, 0x69, 0x6E, 0x65, 0x63, 0x72, 0x61, 0x66, 0x74, 0x3A, 0x61, 0x73, 0x6B, 0x5F,
    0x73, 0x65, 0x72, 0x76, 0x65, 0x72, 0x05, 0x00, 0x04, 0x73, 0x74, 0x6F, 0x70, 0x16, 0x00, 0x04,
    0x74, 0x69, 0x6D, 0x65, 0x2B, 0x00, 0x00, 0x00, 0x01, 0x14, 0x6D, 0x69, 0x6E, 0x65, 0x63, 0x72,
    0x61, 0x66, 0x74, 0x3A, 0x61, 0x73, 0x6B, 0x5F, 0x73, 0x65, 0x72, 0x76, 0x65, 0x72, 0x06, 0x00,
    0x04, 0x74, 0x69, 0x6D, 0x65, 0x2B, 0x00, 0x00, 0x00, 0x00, 0x16, 0x00, 0x0A, 0x74, 0x69, 0x6D,
    0x65, 0x6D, 0x61, 0x72, 0x6B, 0x65, 0x72, 0x24, 0x14, 0x6D, 0x69, 0x6E, 0x65, 0x63, 0x72, 0x61,
    0x66, 0x74, 0x3A, 0x61, 0x73, 0x6B, 0x5F, 0x73, 0x65, 0x72, 0x76, 0x65, 0x72, 0x06, 0x00, 0x04,
    0x74, 0x69, 0x6D, 0x65, 0x2B, 0x80, 0x00, 0x00, 0x00, 0x06, 0x00, 0x04, 0x72, 0x61, 0x74, 0x65,
    0x01, 0x03, 0x37, 0x27, 0xC5, 0xAC, 0x44, 0x7A, 0x00, 0x00, 0x05, 0x00, 0x04, 0x74, 0x69, 0x6D,
    0x65, 0x16, 0x01, 0xBD, 0x07, 0x08, 0x74, 0x69, 0x6D, 0x65, 0x6C, 0x69, 0x6E, 0x65, 0x2E, 0x12,
    0x6D, 0x69, 0x6E, 0x65, 0x63, 0x72, 0x61, 0x66, 0x74, 0x3A, 0x74, 0x69, 0x6D, 0x65, 0x6C, 0x69,
    0x6E, 0x65, 0x14, 0x6D, 0x69, 0x6E, 0x65, 0x63, 0x72, 0x61, 0x66, 0x74, 0x3A, 0x61, 0x73, 0x6B,
    0x5F, 0x73, 0x65, 0x72, 0x76, 0x65, 0x72, 0x05, 0x00, 0x08, 0x67, 0x61, 0x6D, 0x65, 0x74, 0x69,
    0x6D, 0x65, 0x02, 0x06, 0xBE, 0x07, 0xBF, 0x07, 0xC0, 0x07, 0xC1, 0x07, 0xC2, 0x07, 0xC3, 0x07,
    0x05, 0x63, 0x6C, 0x6F, 0x63, 0x6B, 0x2E, 0x15, 0x6D, 0x69, 0x6E, 0x65, 0x63, 0x72, 0x61, 0x66,
    0x74, 0x3A, 0x77, 0x6F, 0x72, 0x6C, 0x64, 0x5F, 0x63, 0x6C, 0x6F, 0x63, 0x6B, 0x05, 0x00, 0x05,
    0x63, 0x6C, 0x65, 0x61, 0x72, 0x05, 0x00, 0x05, 0x72, 0x65, 0x73, 0x65, 0x74, 0x01, 0x01, 0xC4,
    0x07, 0x05, 0x74, 0x69, 0x74, 0x6C, 0x65, 0x01, 0x01, 0xC5, 0x07, 0x08, 0x73, 0x75, 0x62, 0x74,
    0x69, 0x74, 0x6C, 0x65, 0x01, 0x01, 0xC6, 0x07, 0x09, 0x61, 0x63, 0x74, 0x69, 0x6F, 0x6E, 0x62,
    0x61, 0x72, 0x01, 0x01, 0xC7, 0x07, 0x05, 0x74, 0x69, 0x6D, 0x65, 0x73, 0x01, 0x01, 0xC8, 0x07,
    0x03, 0x61, 0x64, 0x64, 0x01, 0x01, 0xC9, 0x07, 0x03, 0x73, 0x65, 0x74, 0x02, 0x02, 0xCA, 0x07,
    0xCB, 0x07, 0x08, 0x77, 0x61, 0x79, 0x70, 0x6F, 0x69, 0x6E, 0x74, 0x06, 0x01, 0x06, 0x00, 0x08,
    0x64, 0x75, 0x72, 0x61, 0x74, 0x69, 0x6F, 0x6E, 0x2B, 0x00, 0x00, 0x00, 0x01, 0x06, 0x00, 0x08,
    0x64, 0x75, 0x72, 0x61, 0x74, 0x69, 0x6F, 0x6E, 0x2B, 0x00, 0x00, 0x00, 0x01, 0x06, 0x00, 0x08,
    0x64, 0x75, 0x72, 0x61, 0x74, 0x69, 0x6F, 0x6E, 0x2B, 0x00, 0x00, 0x00, 0x01, 0x06, 0x01, 0xCC,
    0x07, 0x08, 0x64, 0x69, 0x73, 0x74, 0x61, 0x6E, 0x63, 0x65, 0x02, 0x03, 0xC1, 0x8C, 0x9C, 0x37,
    0x00, 0x00, 0x00, 0x00, 0x41, 0x8C, 0x9C, 0x37, 0x00, 0x00, 0x00, 0x00, 0x06, 0x01, 0xCD, 0x07,
    0x08, 0x64, 0x69, 0x73, 0x74, 0x61, 0x6E, 0x63, 0x65, 0x02, 0x03, 0xC1, 0x8C, 0x9C, 0x37, 0x00,
    0x00, 0x00, 0x00, 0x41, 0x8C, 0x9C, 0x37, 0x00, 0x00, 0x00, 0x00, 0x06, 0x00, 0x03, 0x70, 0x6F,
    0x73, 0x0B, 0x01, 0x01, 0xCE, 0x07, 0x06, 0x61, 0x6D, 0x6F, 0x75, 0x6E, 0x74, 0x01, 0x01, 0xCF,
    0x07, 0x06, 0x62, 0x75, 0x66, 0x66, 0x65, 0x72, 0x01, 0x01, 0xD0, 0x07, 0x08, 0x64, 0x69, 0x73,
    0x74, 0x61, 0x6E, 0x63, 0x65, 0x01, 0x01, 0xD1, 0x07, 0x04, 0x74, 0x69, 0x6D, 0x65, 0x06, 0x00,
    0x06, 0x72, 0x65, 0x61, 0x73, 0x6F, 0x6E, 0x14, 0x06, 0x00, 0x06, 0x72, 0x65, 0x61, 0x73, 0x6F,
    0x6E, 0x14, 0x06, 0x01, 0xD2, 0x07, 0x04, 0x70, 0x6F, 0x72, 0x74, 0x03, 0x03, 0x00, 0x00, 0x00,
    0x01, 0x00, 0x00, 0xFF, 0xFF, 0x16, 0x00, 0x07, 0x74, 0x61, 0x72, 0x67, 0x65, 0x74, 0x73, 0x07,
    0x14, 0x6D, 0x69, 0x6E, 0x65, 0x63, 0x72, 0x61, 0x66, 0x74, 0x3A, 0x61, 0x73, 0x6B, 0x5F, 0x73,
    0x65, 0x72, 0x76, 0x65, 0x72, 0x16, 0x00, 0x07, 0x74, 0x61, 0x72, 0x67, 0x65, 0x74, 0x73, 0x07,
    0x14, 0x6D, 0x69, 0x6E, 0x65, 0x63, 0x72, 0x61, 0x66, 0x74, 0x3A, 0x61, 0x73, 0x6B, 0x5F, 0x73,
    0x65, 0x72, 0x76, 0x65, 0x72, 0x01, 0x01, 0xD3, 0x07, 0x04, 0x6F, 0x6E, 0x6C, 0x79, 0x01, 0x01,
    0xD4, 0x07, 0x04, 0x66, 0x72, 0x6F, 0x6D, 0x01, 0x01, 0xD5, 0x07, 0x05, 0x75, 0x6E, 0x74, 0x69,
    0x6C, 0x01, 0x01, 0xD6, 0x07, 0x07, 0x74, 0x68, 0x72, 0x6F, 0x75, 0x67, 0x68, 0x05, 0x00, 0x0A,
    0x65, 0x76, 0x65, 0x72, 0x79, 0x74, 0x68, 0x69, 0x6E, 0x67, 0x01, 0x01, 0xD7, 0x07, 0x04, 0x6F,
    0x6E, 0x6C, 0x79, 0x01, 0x01, 0xD8, 0x07, 0x04, 0x66, 0x72, 0x6F, 0x6D, 0x01, 0x01, 0xD9, 0x07,
    0x05, 0x75, 0x6E, 0x74, 0x69, 0x6C, 0x01, 0x01, 0xDA, 0x07, 0x07, 0x74, 0x68, 0x72, 0x6F, 0x75,
    0x67, 0x68, 0x05, 0x00, 0x0A, 0x65, 0x76, 0x65, 0x72, 0x79, 0x74, 0x68, 0x69, 0x6E, 0x67, 0x05,
    0x01, 0xDB, 0x07, 0x03, 0x67, 0x65, 0x74, 0x01, 0x03, 0xDC, 0x07, 0xDD, 0x07, 0xDE, 0x07, 0x04,
    0x62, 0x61, 0x73, 0x65, 0x01, 0x03, 0xDF, 0x07, 0xE0, 0x07, 0xE1, 0x07, 0x08, 0x6D, 0x6F, 0x64,
    0x69, 0x66, 0x69, 0x65, 0x72, 0x02, 0x01, 0xE2, 0x07, 0x03, 0x70, 0x6F, 0x73, 0x08, 0x02, 0x01,
    0xE3, 0x07, 0x03, 0x70, 0x6F, 0x73, 0x08, 0x0E, 0x00, 0x03, 0x03, 0x70, 0x6F, 0x73, 0x08, 0x0E,
    0x00, 0x03, 0x09, 0x64, 0x69, 0x6D, 0x65, 0x6E, 0x73, 0x69, 0x6F, 0x6E, 0x29, 0x12, 0x01, 0xE4,
    0x07, 0x06, 0x74, 0x61, 0x72, 0x67, 0x65, 0x74, 0x1F, 0x00, 0x14, 0x6D, 0x69, 0x6E, 0x65, 0x63,
    0x72, 0x61, 0x66, 0x74, 0x3A, 0x61, 0x73, 0x6B, 0x5F, 0x73, 0x65, 0x72, 0x76, 0x65, 0x72, 0x02,
    0x01, 0xE5, 0x07, 0x05, 0x73, 0x74, 0x61, 0x72, 0x74, 0x08, 0x0E, 0x00, 0x03, 0x08, 0x65, 0x6E,
    0x74, 0x69, 0x74, 0x69, 0x65, 0x73, 0x06, 0x00, 0x0E, 0x00, 0x03, 0x09, 0x70, 0x72, 0x65, 0x64,
    0x69, 0x63, 0x61, 0x74, 0x65, 0x35, 0x1A, 0x00, 0x03, 0x04, 0x6E, 0x61, 0x6D, 0x65, 0x25, 0x14,
    0x6D, 0x69, 0x6E, 0x65, 0x63, 0x72, 0x61, 0x66, 0x74, 0x3A, 0x61, 0x73, 0x6B, 0x5F, 0x73, 0x65,
    0x72, 0x76, 0x65, 0x72, 0x01, 0x01, 0xE6, 0x07, 0x06, 0x65, 0x6E, 0x74, 0x69, 0x74, 0x79, 0x01,
    0x01, 0xE7, 0x07, 0x05, 0x62, 0x6C, 0x6F, 0x63, 0x6B, 0x12, 0x01, 0xE8, 0x07, 0x02, 0x69, 0x64,
    0x24, 0x14, 0x6D, 0x69, 0x6E, 0x65, 0x63, 0x72, 0x61, 0x66, 0x74, 0x3A, 0x61, 0x73, 0x6B, 0x5F,
    0x73, 0x65, 0x72, 0x76, 0x65, 0x72, 0x01, 0x01, 0xE9, 0x07, 0x06, 0x65, 0x6E, 0x74, 0x69, 0x74,
    0x79, 0x01, 0x01, 0xEA, 0x07, 0x05, 0x62, 0x6C, 0x6F, 0x63, 0x6B, 0x01, 0x01, 0xEB, 0x07, 0x07,
    0x73, 0x74, 0x6F, 0x72, 0x61, 0x67, 0x65, 0x02, 0x01, 0xEC, 0x07, 0x03, 0x70, 0x6F, 0x73, 0x08,
    0x02, 0x01, 0xED, 0x07, 0x03, 0x70, 0x6F, 0x73, 0x08, 0x0E, 0x00, 0x03, 0x03, 0x70, 0x6F, 0x73,
    0x08, 0x0E, 0x00, 0x03, 0x09, 0x64, 0x69, 0x6D, 0x65, 0x6E, 0x73, 0x69, 0x6F, 0x6E, 0x29, 0x12,
    0x01, 0xEE, 0x07, 0x06, 0x74, 0x61, 0x72, 0x67, 0x65, 0x74, 0x1F, 0x00, 0x14, 0x6D, 0x69, 0x6E,
    0x65, 0x63, 0x72, 0x61, 0x66, 0x74, 0x3A, 0x61, 0x73, 0x6B, 0x5F, 0x73, 0x65, 0x72, 0x76, 0x65,
    0x72, 0x02, 0x01, 0xEF, 0x07, 0x05, 0x73, 0x74, 0x61, 0x72, 0x74, 0x08, 0x0E, 0x00, 0x03, 0x08,
    0x65, 0x6E, 0x74, 0x69, 0x74, 0x69, 0x65, 0x73, 0x06, 0x00, 0x0E, 0x00, 0x03, 0x09, 0x70, 0x72,
    0x65, 0x64, 0x69, 0x63, 0x61, 0x74, 0x65, 0x35, 0x1A, 0x00, 0x03, 0x04, 0x6E, 0x61, 0x6D, 0x65,
    0x25, 0x14, 0x6D, 0x69, 0x6E, 0x65, 0x63, 0x72, 0x61, 0x66, 0x74, 0x3A, 0x61, 0x73, 0x6B, 0x5F,
    0x73, 0x65, 0x72, 0x76, 0x65, 0x72, 0x01, 0x01, 0xF0, 0x07, 0x06, 0x65, 0x6E, 0x74, 0x69, 0x74,
    0x79, 0x01, 0x01, 0xF1, 0x07, 0x05, 0x62, 0x6C, 0x6F, 0x63, 0x6B, 0x12, 0x01, 0xF2, 0x07, 0x02,
    0x69, 0x64, 0x24, 0x14, 0x6D, 0x69, 0x6E, 0x65, 0x63, 0x72, 0x61, 0x66, 0x74, 0x3A, 0x61, 0x73,
    0x6B, 0x5F, 0x73, 0x65, 0x72, 0x76, 0x65, 0x72, 0x01, 0x01, 0xF3, 0x07, 0x06, 0x65, 0x6E, 0x74,
    0x69, 0x74, 0x79, 0x01, 0x01, 0xF4, 0x07, 0x05, 0x62, 0x6C, 0x6F, 0x63, 0x6B, 0x01, 0x01, 0xF5,
    0x07, 0x07, 0x73, 0x74, 0x6F, 0x72, 0x61, 0x67, 0x65, 0x01, 0x01, 0xF6, 0x07, 0x05, 0x73, 0x63,
    0x6F, 0x72, 0x65, 0x01, 0x01, 0xF7, 0x07, 0x07, 0x62, 0x6F, 0x73, 0x73, 0x62, 0x61, 0x72, 0x01,
    0x01, 0xF8, 0x07, 0x06, 0x65, 0x6E, 0x74, 0x69, 0x74, 0x79, 0x01, 0x01, 0xF9, 0x07, 0x05, 0x62,
    0x6C, 0x6F, 0x63, 0x6B, 0x01, 0x01, 0xFA, 0x07, 0x07, 0x73, 0x74, 0x6F, 0x72, 0x61, 0x67, 0x65,
    0x01, 0x01, 0xFB, 0x07, 0x05, 0x73, 0x63, 0x6F, 0x72, 0x65, 0x01, 0x01, 0xFC, 0x07, 0x07, 0x62,
    0x6F, 0x73, 0x73, 0x62, 0x61, 0x72, 0x01, 0x01, 0xFD, 0x07, 0x06, 0x65, 0x6E, 0x74, 0x69, 0x74,
    0x79, 0x01, 0x01, 0xFE, 0x07, 0x05, 0x62, 0x6C, 0x6F, 0x63, 0x6B, 0x01, 0x01, 0xFF, 0x07, 0x07,
    0x73, 0x74, 0x6F, 0x72, 0x61, 0x67, 0x65, 0x0A, 0x00, 0x03, 0x07, 0x74, 0x61, 0x72, 0x67, 0x65,
    0x74, 0x73, 0x06, 0x00, 0x0A, 0x00, 0x03, 0x09, 0x68, 0x65, 0x69, 0x67, 0x68, 0x74, 0x6D, 0x61,
    0x70, 0x33, 0x0A, 0x00, 0x03, 0x07, 0x74, 0x61, 0x72, 0x67, 0x65, 0x74, 0x73, 0x06, 0x00, 0x02,
    0x01, 0x80, 0x08, 0x07, 0x74, 0x61, 0x72, 0x67, 0x65, 0x74, 0x73, 0x06, 0x00, 0x06, 0x00, 0x04,
    0x6E, 0x61, 0x6D, 0x65, 0x12, 0x01, 0x01, 0x81, 0x08, 0x04, 0x6E, 0x61, 0x6D, 0x65, 0x01, 0x07,
    0x82, 0x08, 0x83, 0x08, 0x84, 0x08, 0x85, 0x08, 0x86, 0x08, 0x87, 0x08, 0x88, 0x08, 0x05, 0x63,
    0x6F, 0x6C, 0x6F, 0x72, 0x01, 0x05, 0x89, 0x08, 0x8A, 0x08, 0x8B, 0x08, 0x8C, 0x08, 0x8D, 0x08,
    0x05, 0x73, 0x74, 0x79, 0x6C, 0x65, 0x01, 0x01, 0x8E, 0x08, 0x05, 0x76, 0x61, 0x6C, 0x75, 0x65,
    0x01, 0x01, 0x8F, 0x08, 0x03, 0x6D, 0x61, 0x78, 0x01, 0x01, 0x90, 0x08, 0x07, 0x76, 0x69, 0x73,
    0x69, 0x62, 0x6C, 0x65, 0x05, 0x01, 0x91, 0x08, 0x07, 0x70, 0x6C, 0x61, 0x79, 0x65, 0x72, 0x73,
    0x05, 0x00, 0x05, 0x76, 0x61, 0x6C, 0x75, 0x65, 0x05, 0x00, 0x03, 0x6D, 0x61, 0x78, 0x05, 0x00,
    0x07, 0x76, 0x69, 0x73, 0x69, 0x62, 0x6C, 0x65, 0x05, 0x00, 0x07, 0x70, 0x6C, 0x61, 0x79, 0x65,
    0x72, 0x73, 0x06, 0x00, 0x08, 0x6D, 0x61, 0x78, 0x43, 0x6F, 0x75, 0x6E, 0x74, 0x03, 0x01, 0x00,
    0x00, 0x00, 0x00, 0x06, 0x04, 0x92, 0x08, 0x93, 0x08, 0x94, 0x08, 0x95, 0x08, 0x0B, 0x64, 0x65,
    0x73, 0x74, 0x69, 0x6E, 0x61, 0x74, 0x69, 0x6F, 0x6E, 0x08, 0x01, 0x01, 0x96, 0x08, 0x02, 0x74,
    0x6F, 0x02, 0x01, 0x97, 0x08, 0x05, 0x62, 0x65, 0x67, 0x69, 0x6E, 0x08, 0x06, 0x02, 0x98, 0x08,
    0x99, 0x08, 0x0A, 0x64, 0x61, 0x6D, 0x61, 0x67, 0x65, 0x54, 0x79, 0x70, 0x65, 0x2E, 0x15, 0x6D,
    0x69, 0x6E, 0x65, 0x63, 0x72, 0x61, 0x66, 0x74, 0x3A, 0x64, 0x61, 0x6D, 0x61, 0x67, 0x65, 0x5F,
    0x74, 0x79, 0x70, 0x65, 0x02, 0x01, 0x9A, 0x08, 0x06, 0x74, 0x61, 0x72, 0x67, 0x65, 0x74, 0x06,
    0x01, 0x02, 0x01, 0x9B, 0x08, 0x09, 0x74, 0x61, 0x72, 0x67, 0x65, 0x74, 0x50, 0x6F, 0x73, 0x08,
    0x12, 0x01, 0x9C, 0x08, 0x06, 0x74, 0x61, 0x72, 0x67, 0x65, 0x74, 0x24, 0x14, 0x6D, 0x69, 0x6E,
    0x65, 0x63, 0x72, 0x61, 0x66, 0x74, 0x3A, 0x61, 0x73, 0x6B, 0x5F, 0x73, 0x65, 0x72, 0x76, 0x65,
    0x72, 0x06, 0x01, 0x9D, 0x08, 0x06, 0x74, 0x61, 0x72, 0x67, 0x65, 0x74, 0x06, 0x01, 0x06, 0x01,
    0x9E, 0x08, 0x09, 0x74, 0x61, 0x72, 0x67, 0x65, 0x74, 0x50, 0x6F, 0x73, 0x08, 0x16, 0x01, 0x9F,
    0x08, 0x06, 0x74, 0x61, 0x72, 0x67, 0x65, 0x74, 0x24, 0x14, 0x6D, 0x69, 0x6E, 0x65, 0x63, 0x72,
    0x61, 0x66, 0x74, 0x3A, 0x61, 0x73, 0x6B, 0x5F, 0x73, 0x65, 0x72, 0x76, 0x65, 0x72, 0x02, 0x01,
    0xA0, 0x08, 0x06, 0x74, 0x61, 0x72, 0x67, 0x65, 0x74, 0x06, 0x01, 0x02, 0x01, 0xA1, 0x08, 0x09,
    0x74, 0x61, 0x72, 0x67, 0x65, 0x74, 0x50, 0x6F, 0x73, 0x08, 0x12, 0x01, 0xA2, 0x08, 0x06, 0x74,
    0x61, 0x72, 0x67, 0x65, 0x74, 0x24, 0x14, 0x6D, 0x69, 0x6E, 0x65, 0x63, 0x72, 0x61, 0x66, 0x74,
    0x3A, 0x61, 0x73, 0x6B, 0x5F, 0x73, 0x65, 0x72, 0x76, 0x65, 0x72, 0x02, 0x01, 0xA3, 0x08, 0x06,
    0x74, 0x61, 0x72, 0x67, 0x65, 0x74, 0x06, 0x01, 0x02, 0x01, 0xA4, 0x08, 0x09, 0x74, 0x61, 0x72,
    0x67, 0x65, 0x74, 0x50, 0x6F, 0x73, 0x08, 0x12, 0x01, 0xA5, 0x08, 0x06, 0x74, 0x61, 0x72, 0x67,
    0x65, 0x74, 0x24, 0x14, 0x6D, 0x69, 0x6E, 0x65, 0x63, 0x72, 0x61, 0x66, 0x74, 0x3A, 0x61, 0x73,
    0x6B, 0x5F, 0x73, 0x65, 0x72, 0x76, 0x65, 0x72, 0x01, 0x01, 0xA6, 0x08, 0x05, 0x61, 0x66, 0x74,
    0x65, 0x72, 0x01, 0x01, 0xA7, 0x08, 0x06, 0x62, 0x65, 0x66, 0x6F, 0x72, 0x65, 0x05, 0x00, 0x04,
    0x6C, 0x61, 0x73, 0x74, 0x05, 0x00, 0x05, 0x66, 0x69, 0x72, 0x73, 0x74, 0x06, 0x00, 0x0B, 0x64,
    0x65, 0x73, 0x63, 0x72, 0x69, 0x70, 0x74, 0x69, 0x6F, 0x6E, 0x12, 0x06, 0x00, 0x06, 0x64, 0x69,
    0x61, 0x6C, 0x6F, 0x67, 0x37, 0x06, 0x00, 0x06, 0x65, 0x66, 0x66, 0x65, 0x63, 0x74, 0x2E, 0x14,
    0x6D, 0x69, 0x6E, 0x65, 0x63, 0x72, 0x61, 0x66, 0x74, 0x3A, 0x6D, 0x6F, 0x62, 0x5F, 0x65, 0x66,
    0x66, 0x65, 0x63, 0x74, 0x06, 0x02, 0xA8, 0x08, 0xA9, 0x08, 0x06, 0x65, 0x66, 0x66, 0x65, 0x63,
    0x74, 0x2E, 0x14, 0x6D, 0x69, 0x6E, 0x65, 0x63, 0x72, 0x61, 0x66, 0x74, 0x3A, 0x6D, 0x6F, 0x62,
    0x5F, 0x65, 0x66, 0x66, 0x65, 0x63, 0x74, 0x06, 0x00, 0x05, 0x6C, 0x65, 0x76, 0x65, 0x6C, 0x03,
    0x01, 0x00, 0x00, 0x00, 0x00, 0x06, 0x02, 0xAA, 0x08, 0xAB, 0x08, 0x06, 0x61, 0x6D, 0x6F, 0x75,
    0x6E, 0x74, 0x03, 0x00, 0x06, 0x02, 0xAC, 0x08, 0xAD, 0x08, 0x06, 0x61, 0x6D, 0x6F, 0x75, 0x6E,
    0x74, 0x03, 0x01, 0x00, 0x00, 0x00, 0x00, 0x05, 0x00, 0x06, 0x70, 0x6F, 0x69, 0x6E, 0x74, 0x73,
    0x05, 0x00, 0x06, 0x6C, 0x65, 0x76, 0x65, 0x6C, 0x73, 0x06, 0x06, 0xAE, 0x08, 0xAF, 0x08, 0xB0,
    0x08, 0xB1, 0x08, 0xB2, 0x08, 0xB3, 0x08, 0x05, 0x62, 0x6C, 0x6F, 0x63, 0x6B, 0x0C, 0x06, 0x01,
    0xB4, 0x08, 0x05, 0x62, 0x69, 0x6F, 0x6D, 0x65, 0x2E, 0x18, 0x6D, 0x69, 0x6E, 0x65, 0x63, 0x72,
    0x61, 0x66, 0x74, 0x3A, 0x77, 0x6F, 0x72, 0x6C, 0x64, 0x67, 0x65, 0x6E, 0x2F, 0x62, 0x69, 0x6F,
    0x6D, 0x65, 0x06, 0x00, 0x02, 0x74, 0x6F, 0x09, 0x06, 0x00, 0x02, 0x74, 0x6F, 0x09, 0x01, 0x01,
    0xB5, 0x08, 0x06, 0x65, 0x6E, 0x74, 0x69, 0x74, 0x79, 0x01, 0x01, 0xB6, 0x08, 0x05, 0x62, 0x6C,
    0x6F, 0x63, 0x6B, 0x01, 0x01, 0xB7, 0x08, 0x07, 0x73, 0x74, 0x6F, 0x72, 0x61, 0x67, 0x65, 0x06,
    0x00, 0x05, 0x63, 0x6F, 0x75, 0x6E, 0x74, 0x03, 0x01, 0x00, 0x00, 0x00, 0x01, 0x02, 0x01, 0xB8,
    0x08, 0x03, 0x70, 0x6F, 0x73, 0x08, 0x02, 0x01, 0xB9, 0x08, 0x07, 0x74, 0x61, 0x72, 0x67, 0x65,
    0x74, 0x73, 0x06, 0x00, 0x02, 0x01, 0xBA, 0x08, 0x03, 0x70, 0x6F, 0x73, 0x08, 0x02, 0x01, 0xBB,
    0x08, 0x07, 0x74, 0x61, 0x72, 0x67, 0x65, 0x74, 0x73, 0x06, 0x00, 0x02, 0x01, 0xBC, 0x08, 0x08,
    0x65, 0x6E, 0x74, 0x69, 0x74, 0x69, 0x65, 0x73, 0x06, 0x00, 0x02, 0x01, 0xBD, 0x08, 0x09, 0x74,
    0x61, 0x72, 0x67, 0x65, 0x74, 0x50, 0x6F, 0x73, 0x08, 0x01, 0x01, 0xBE, 0x08, 0x04, 0x66, 0x69,
    0x73, 0x68, 0x01, 0x01, 0xBF, 0x08, 0x04, 0x6C, 0x6F, 0x6F, 0x74, 0x01, 0x01, 0xC0, 0x08, 0x04,
    0x6B, 0x69, 0x6C, 0x6C, 0x01, 0x01, 0xC1, 0x08, 0x04, 0x6D, 0x69, 0x6E, 0x65, 0x01, 0x01, 0xC2,
    0x08, 0x04, 0x66, 0x69, 0x73, 0x68, 0x01, 0x01, 0xC3, 0x08, 0x04, 0x6C, 0x6F, 0x6F, 0x74, 0x01,
    0x01, 0xC4, 0x08, 0x04, 0x6B, 0x69, 0x6C, 0x6C, 0x01, 0x01, 0xC5, 0x08, 0x04, 0x6D, 0x69, 0x6E,
    0x65, 0x01, 0x01, 0xC6, 0x08, 0x04, 0x66, 0x69, 0x73, 0x68, 0x01, 0x01, 0xC7, 0x08, 0x04, 0x6C,
    0x6F, 0x6F, 0x74, 0x01, 0x01, 0xC8, 0x08, 0x04, 0x6B, 0x69, 0x6C, 0x6C, 0x01, 0x01, 0xC9, 0x08,
    0x04, 0x6D, 0x69, 0x6E, 0x65, 0x02, 0x01, 0xCA, 0x08, 0x05, 0x64, 0x65, 0x6C, 0x74, 0x61, 0x0A,
    0x06, 0x00, 0x03, 0x70, 0x6F, 0x73, 0x08, 0x02, 0x01, 0xCB, 0x08, 0x06, 0x74, 0x61, 0x72, 0x67,
    0x65, 0x74, 0x24, 0x06, 0x00, 0x03, 0x70, 0x6F, 0x73, 0x08, 0x06, 0x01, 0xCC, 0x08, 0x03, 0x70,
    0x6F, 0x73, 0x08, 0x06, 0x01, 0xCD, 0x08, 0x07, 0x74, 0x61, 0x72, 0x67, 0x65, 0x74, 0x73, 0x06,
    0x02, 0x06, 0x01, 0xCE, 0x08, 0x07, 0x74, 0x61, 0x72, 0x67, 0x65, 0x74, 0x73, 0x06, 0x02, 0x06,
    0x01, 0xCF, 0x08, 0x07, 0x74, 0x61, 0x72, 0x67, 0x65, 0x74, 0x73, 0x06, 0x02, 0x06, 0x01, 0xD0,
    0x08, 0x07, 0x74, 0x61, 0x72, 0x67, 0x65, 0x74, 0x73, 0x06, 0x02, 0x06, 0x01, 0xD1, 0x08, 0x07,
    0x74, 0x61, 0x72, 0x67, 0x65, 0x74, 0x73, 0x06, 0x02, 0x06, 0x01, 0xD2, 0x08, 0x07, 0x74, 0x61,
    0x72, 0x67, 0x65, 0x74, 0x73, 0x06, 0x02, 0x06, 0x01, 0xD3, 0x08, 0x07, 0x74, 0x61, 0x72, 0x67,
    0x65, 0x74, 0x73, 0x06, 0x02, 0x06, 0x01, 0xD4, 0x08, 0x07, 0x74, 0x61, 0x72, 0x67, 0x65, 0x74,
    0x73, 0x06, 0x02, 0x06, 0x01, 0xD5, 0x08, 0x07, 0x74, 0x61, 0x72, 0x67, 0x65, 0x74, 0x73, 0x06,
    0x02, 0x06, 0x01, 0xD6, 0x08, 0x07, 0x74, 0x61, 0x72, 0x67, 0x65, 0x74, 0x73, 0x06, 0x02, 0x06,
    0x01, 0xD7, 0x08, 0x07, 0x74, 0x61, 0x72, 0x67, 0x65, 0x74, 0x73, 0x06, 0x02, 0x36, 0x00, 0x08,
    0x73, 0x65, 0x71, 0x75, 0x65, 0x6E, 0x63, 0x65, 0x24, 0x14, 0x6D, 0x69, 0x6E, 0x65, 0x63, 0x72,
    0x61, 0x66, 0x74, 0x3A, 0x61, 0x73, 0x6B, 0x5F, 0x73, 0x65, 0x72, 0x76, 0x65, 0x72, 0x36, 0x00,
    0x08, 0x73, 0x65, 0x71, 0x75, 0x65, 0x6E, 0x63, 0x65, 0x24, 0x14, 0x6D, 0x69, 0x6E, 0x65, 0x63,
    0x72, 0x61, 0x66, 0x74, 0x3A, 0x61, 0x73, 0x6B, 0x5F, 0x73, 0x65, 0x72, 0x76, 0x65, 0x72, 0x06,
    0x01, 0xD8, 0x08, 0x04, 0x73, 0x65, 0x65, 0x64, 0x03, 0x00, 0x06, 0x01, 0xD9, 0x08, 0x04, 0x73,
    0x65, 0x65, 0x64, 0x03, 0x00, 0x06, 0x00, 0x06, 0x72, 0x65, 0x63, 0x69, 0x70, 0x65, 0x2F, 0x10,
    0x6D, 0x69, 0x6E, 0x65, 0x63, 0x72, 0x61, 0x66, 0x74, 0x3A, 0x72, 0x65, 0x63, 0x69, 0x70, 0x65,
    0x05, 0x00, 0x01, 0x2A, 0x06, 0x00, 0x06, 0x72, 0x65, 0x63, 0x69, 0x70, 0x65, 0x2F, 0x10, 0x6D,
    0x69, 0x6E, 0x65, 0x63, 0x72, 0x61, 0x66, 0x74, 0x3A, 0x72, 0x65, 0x63, 0x69, 0x70, 0x65, 0x05,
    0x00, 0x01, 0x2A, 0x06, 0x00, 0x07, 0x76, 0x65, 0x68, 0x69, 0x63, 0x6C, 0x65, 0x06, 0x01, 0x01,
    0x01, 0xDA, 0x08, 0x06, 0x65, 0x6E, 0x74, 0x69, 0x74, 0x79, 0x06, 0x00, 0x0E, 0x66, 0x61, 0x63,
    0x69, 0x6E, 0x67, 0x4C, 0x6F, 0x63, 0x61, 0x74, 0x69, 0x6F, 0x6E, 0x0A, 0x06, 0x02, 0xDB, 0x08,
    0xDC, 0x08, 0x04, 0x74, 0x69, 0x6D, 0x65, 0x2B, 0x00, 0x00, 0x00, 0x00, 0x02, 0x01, 0xDD, 0x08,
    0x09, 0x6F, 0x62, 0x6A, 0x65, 0x63, 0x74, 0x69, 0x76, 0x65, 0x05, 0x00, 0x02, 0x04, 0xDE, 0x08,
    0xDF, 0x08, 0xE0, 0x08, 0xE1, 0x08, 0x09, 0x6F, 0x62, 0x6A, 0x65, 0x63, 0x74, 0x69, 0x76, 0x65,
    0x18, 0x06, 0x00, 0x09, 0x6F, 0x62, 0x6A, 0x65, 0x63, 0x74, 0x69, 0x76, 0x65, 0x18, 0x06, 0x01,
    0xE2, 0x08, 0x04, 0x73, 0x6C, 0x6F, 0x74, 0x1E, 0x16, 0x00, 0x06, 0x74, 0x61, 0x72, 0x67, 0x65,
    0x74, 0x1F, 0x00, 0x14, 0x6D, 0x69, 0x6E, 0x65, 0x63, 0x72, 0x61, 0x66, 0x74, 0x3A, 0x61, 0x73,
    0x6B, 0x5F, 0x73, 0x65, 0x72, 0x76, 0x65, 0x72, 0x12, 0x01, 0xE3, 0x08, 0x07, 0x74, 0x61, 0x72,
    0x67, 0x65, 0x74, 0x73, 0x1F, 0x01, 0x14, 0x6D, 0x69, 0x6E, 0x65, 0x63, 0x72, 0x61, 0x66, 0x74,
    0x3A, 0x61, 0x73, 0x6B, 0x5F, 0x73, 0x65, 0x72, 0x76, 0x65, 0x72, 0x12, 0x01, 0xE4, 0x08, 0x06,
    0x74, 0x61, 0x72, 0x67, 0x65, 0x74, 0x1F, 0x00, 0x14, 0x6D, 0x69, 0x6E, 0x65, 0x63, 0x72, 0x61,
    0x66, 0x74, 0x3A, 0x61, 0x73, 0x6B, 0x5F, 0x73, 0x65, 0x72, 0x76, 0x65, 0x72, 0x12, 0x01, 0xE5,
    0x08, 0x07, 0x74, 0x61, 0x72, 0x67, 0x65, 0x74, 0x73, 0x1F, 0x01, 0x14, 0x6D, 0x69, 0x6E, 0x65,
    0x63, 0x72, 0x61, 0x66, 0x74, 0x3A, 0x61, 0x73, 0x6B, 0x5F, 0x73, 0x65, 0x72, 0x76, 0x65, 0x72,
    0x12, 0x01, 0xE6, 0x08, 0x07, 0x74, 0x61, 0x72, 0x67, 0x65, 0x74, 0x73, 0x1F, 0x01, 0x14, 0x6D,
    0x69, 0x6E, 0x65, 0x63, 0x72, 0x61, 0x66, 0x74, 0x3A, 0x61, 0x73, 0x6B, 0x5F, 0x73, 0x65, 0x72,
    0x76, 0x65, 0x72, 0x16, 0x01, 0xE7, 0x08, 0x07, 0x74, 0x61, 0x72, 0x67, 0x65, 0x74, 0x73, 0x1F,
    0x01, 0x14, 0x6D, 0x69, 0x6E, 0x65, 0x63, 0x72, 0x61, 0x66, 0x74, 0x3A, 0x61, 0x73, 0x6B, 0x5F,
    0x73, 0x65, 0x72, 0x76, 0x65, 0x72, 0x12, 0x01, 0xE8, 0x08, 0x07, 0x74, 0x61, 0x72, 0x67, 0x65,
    0x74, 0x73, 0x1F, 0x01, 0x14, 0x6D, 0x69, 0x6E, 0x65, 0x63, 0x72, 0x61, 0x66, 0x74, 0x3A, 0x61,
    0x73, 0x6B, 0x5F, 0x73, 0x65, 0x72, 0x76, 0x65, 0x72, 0x01, 0x01, 0xE9, 0x08, 0x04, 0x6E, 0x61,
    0x6D, 0x65, 0x01, 0x01, 0xEA, 0x08, 0x0C, 0x6E, 0x75, 0x6D, 0x62, 0x65, 0x72, 0x66, 0x6F, 0x72,
    0x6D, 0x61, 0x74, 0x12, 0x01, 0xEB, 0x08, 0x07, 0x74, 0x61, 0x72, 0x67, 0x65, 0x74, 0x73, 0x1F,
    0x01, 0x14, 0x6D, 0x69, 0x6E, 0x65, 0x63, 0x72, 0x61, 0x66, 0x74, 0x3A, 0x61, 0x73, 0x6B, 0x5F,
    0x73, 0x65, 0x72, 0x76, 0x65, 0x72, 0x05, 0x00, 0x07, 0x64, 0x65, 0x73, 0x74, 0x72, 0x6F, 0x79,
    0x05, 0x00, 0x04, 0x6B, 0x65, 0x65, 0x70, 0x05, 0x00, 0x07, 0x72, 0x65, 0x70, 0x6C, 0x61, 0x63,
    0x65, 0x05, 0x00, 0x06, 0x73, 0x74, 0x72, 0x69, 0x63, 0x74, 0x06, 0x00, 0x08, 0x72, 0x6F, 0x74,
    0x61, 0x74, 0x69, 0x6F, 0x6E, 0x1D, 0x02, 0x02, 0xEC, 0x08, 0xED, 0x08, 0x08, 0x6D, 0x61, 0x78,
    0x52, 0x61, 0x6E, 0x67, 0x65, 0x01, 0x01, 0x3F, 0x80, 0x00, 0x00, 0x16, 0x00, 0x05, 0x73, 0x6F,
    0x75, 0x6E, 0x64, 0x24, 0x1A, 0x6D, 0x69, 0x6E, 0x65, 0x63, 0x72, 0x61, 0x66, 0x74, 0x3A, 0x61,
    0x76, 0x61, 0x69, 0x6C, 0x61, 0x62, 0x6C, 0x65, 0x5F, 0x73, 0x6F, 0x75, 0x6E, 0x64, 0x73, 0x16,
    0x00, 0x05, 0x73, 0x6F, 0x75, 0x6E, 0x64, 0x24, 0x1A, 0x6D, 0x69, 0x6E, 0x65, 0x63, 0x72, 0x61,
    0x66, 0x74, 0x3A, 0x61, 0x76, 0x61, 0x69, 0x6C, 0x61, 0x62, 0x6C, 0x65, 0x5F, 0x73, 0x6F, 0x75,
    0x6E, 0x64, 0x73, 0x16, 0x00, 0x05, 0x73, 0x6F, 0x75, 0x6E, 0x64, 0x24, 0x1A, 0x6D, 0x69, 0x6E,
    0x65, 0x63, 0x72, 0x61, 0x66, 0x74, 0x3A, 0x61, 0x76, 0x61, 0x69, 0x6C, 0x61, 0x62, 0x6C, 0x65,
    0x5F, 0x73, 0x6F, 0x75, 0x6E, 0x64, 0x73, 0x16, 0x00, 0x05, 0x73, 0x6F, 0x75, 0x6E, 0x64, 0x24,
    0x1A, 0x6D, 0x69, 0x6E, 0x65, 0x63, 0x72, 0x61, 0x66, 0x74, 0x3A, 0x61, 0x76, 0x61, 0x69, 0x6C,
    0x61, 0x62, 0x6C, 0x65, 0x5F, 0x73, 0x6F, 0x75, 0x6E, 0x64, 0x73, 0x16, 0x00, 0x05, 0x73, 0x6F,
    0x75, 0x6E, 0x64, 0x24, 0x1A, 0x6D, 0x69, 0x6E, 0x65, 0x63, 0x72, 0x61, 0x66, 0x74, 0x3A, 0x61,
    0x76, 0x61, 0x69, 0x6C, 0x61, 0x62, 0x6C, 0x65, 0x5F, 0x73, 0x6F, 0x75, 0x6E, 0x64, 0x73, 0x16,
    0x00, 0x05, 0x73, 0x6F, 0x75, 0x6E, 0x64, 0x24, 0x1A, 0x6D, 0x69, 0x6E, 0x65, 0x63, 0x72, 0x61,
    0x66, 0x74, 0x3A, 0x61, 0x76, 0x61, 0x69, 0x6C, 0x61, 0x62, 0x6C, 0x65, 0x5F, 0x73, 0x6F, 0x75,
    0x6E, 0x64, 0x73, 0x16, 0x00, 0x05, 0x73, 0x6F, 0x75, 0x6E, 0x64, 0x24, 0x1A, 0x6D, 0x69, 0x6E,
    0x65, 0x63, 0x72, 0x61, 0x66, 0x74, 0x3A, 0x61, 0x76, 0x61, 0x69, 0x6C, 0x61, 0x62, 0x6C, 0x65,
    0x5F, 0x73, 0x6F, 0x75, 0x6E, 0x64, 0x73, 0x16, 0x00, 0x05, 0x73, 0x6F, 0x75, 0x6E, 0x64, 0x24,
    0x1A, 0x6D, 0x69, 0x6E, 0x65, 0x63, 0x72, 0x61, 0x66, 0x74, 0x3A, 0x61, 0x76, 0x61, 0x69, 0x6C,
    0x61, 0x62, 0x6C, 0x65, 0x5F, 0x73, 0x6F, 0x75, 0x6E, 0x64, 0x73, 0x16, 0x00, 0x05, 0x73, 0x6F,
    0x75, 0x6E, 0x64, 0x24, 0x1A, 0x6D, 0x69, 0x6E, 0x65, 0x63, 0x72, 0x61, 0x66, 0x74, 0x3A, 0x61,
    0x76, 0x61, 0x69, 0x6C, 0x61, 0x62, 0x6C, 0x65, 0x5F, 0x73, 0x6F, 0x75, 0x6E, 0x64, 0x73, 0x16,
    0x00, 0x05, 0x73, 0x6F, 0x75, 0x6E, 0x64, 0x24, 0x1A, 0x6D, 0x69, 0x6E, 0x65, 0x63, 0x72, 0x61,
    0x66, 0x74, 0x3A, 0x61, 0x76, 0x61, 0x69, 0x6C, 0x61, 0x62, 0x6C, 0x65, 0x5F, 0x73, 0x6F, 0x75,
    0x6E, 0x64, 0x73, 0x16, 0x00, 0x05, 0x73, 0x6F, 0x75, 0x6E, 0x64, 0x24, 0x1A, 0x6D, 0x69, 0x6E,
    0x65, 0x63, 0x72, 0x61, 0x66, 0x74, 0x3A, 0x61, 0x76, 0x61, 0x69, 0x6C, 0x61, 0x62, 0x6C, 0x65,
    0x5F, 0x73, 0x6F, 0x75, 0x6E, 0x64, 0x73, 0x16, 0x00, 0x05, 0x73, 0x6F, 0x75, 0x6E, 0x64, 0x24,
    0x1A, 0x6D, 0x69, 0x6E, 0x65, 0x63, 0x72, 0x61, 0x66, 0x74, 0x3A, 0x61, 0x76, 0x61, 0x69, 0x6C,
    0x61, 0x62, 0x6C, 0x65, 0x5F, 0x73, 0x6F, 0x75, 0x6E, 0x64, 0x73, 0x06, 0x00, 0x05, 0x73, 0x63,
    0x61, 0x6C, 0x65, 0x02, 0x00, 0x06, 0x00, 0x03, 0x6E, 0x62, 0x74, 0x15, 0x06, 0x00, 0x04, 0x6E,
    0x61, 0x6D, 0x65, 0x05, 0x00, 0x16, 0x00, 0x04, 0x6E, 0x61, 0x6D, 0x65, 0x05, 0x00, 0x14, 0x6D,
    0x69, 0x6E, 0x65, 0x63, 0x72, 0x61, 0x66, 0x74, 0x3A, 0x61, 0x73, 0x6B, 0x5F, 0x73, 0x65, 0x72,
    0x76, 0x65, 0x72, 0x06, 0x00, 0x0B, 0x64, 0x69, 0x73, 0x70, 0x6C, 0x61, 0x79, 0x4E, 0x61, 0x6D,
    0x65, 0x12, 0x16, 0x00, 0x07, 0x6D, 0x65, 0x6D, 0x62, 0x65, 0x72, 0x73, 0x1F, 0x01, 0x14, 0x6D,
    0x69, 0x6E, 0x65, 0x63, 0x72, 0x61, 0x66, 0x74, 0x3A, 0x61, 0x73, 0x6B, 0x5F, 0x73, 0x65, 0x72,
    0x76, 0x65, 0x72, 0x01, 0x01, 0xEE, 0x08, 0x0B, 0x64, 0x69, 0x73, 0x70, 0x6C, 0x61, 0x79, 0x4E,
    0x61, 0x6D, 0x65, 0x01, 0x01, 0xEF, 0x08, 0x05, 0x63, 0x6F, 0x6C, 0x6F, 0x72, 0x01, 0x01, 0xF0,
    0x08, 0x0C, 0x66, 0x72, 0x69, 0x65, 0x6E, 0x64, 0x6C, 0x79, 0x46, 0x69, 0x72, 0x65, 0x01, 0x01,
    0xF1, 0x08, 0x15, 0x73, 0x65, 0x65, 0x46, 0x72, 0x69, 0x65, 0x6E, 0x64, 0x6C, 0x79, 0x49, 0x6E,
    0x76, 0x69, 0x73, 0x69, 0x62, 0x6C, 0x65, 0x73, 0x01, 0x04, 0xF2, 0x08, 0xF3, 0x08, 0xF4, 0x08,
    0xF5, 0x08, 0x11, 0x6E, 0x61, 0x6D, 0x65, 0x74, 0x61, 0x67, 0x56, 0x69, 0x73, 0x69, 0x62, 0x69,
    0x6C, 0x69, 0x74, 0x79, 0x01, 0x04, 0xF6, 0x08, 0xF7, 0x08, 0xF8, 0x08, 0xF9, 0x08, 0x16, 0x64,
    0x65, 0x61, 0x74, 0x68, 0x4D, 0x65, 0x73, 0x73, 0x61, 0x67, 0x65, 0x56, 0x69, 0x73, 0x69, 0x62,
    0x69, 0x6C, 0x69, 0x74, 0x79, 0x01, 0x04, 0xFA, 0x08, 0xFB, 0x08, 0xFC, 0x08, 0xFD, 0x08, 0x0D,
    0x63, 0x6F, 0x6C, 0x6C, 0x69, 0x73, 0x69, 0x6F, 0x6E, 0x52, 0x75, 0x6C, 0x65, 0x01, 0x01, 0xFE,
    0x08, 0x06, 0x70, 0x72, 0x65, 0x66, 0x69, 0x78, 0x01, 0x01, 0xFF, 0x08, 0x06, 0x73, 0x75, 0x66,
    0x66, 0x69, 0x78, 0x06, 0x00, 0x08, 0x72, 0x6F, 0x74, 0x61, 0x74, 0x69, 0x6F, 0x6E, 0x1D, 0x01,
    0x02, 0x80, 0x09, 0x81, 0x09, 0x06, 0x66, 0x61, 0x63, 0x69, 0x6E, 0x67, 0x06, 0x01, 0x82, 0x09,
    0x0D, 0x6E, 0x75, 0x6D, 0x62, 0x65, 0x72, 0x4F, 0x66, 0x54, 0x69, 0x6D, 0x65, 0x73, 0x03, 0x01,
    0x00, 0x00, 0x00, 0x00, 0x06, 0x00, 0x06, 0x61, 0x6D, 0x6F, 0x75, 0x6E, 0x74, 0x03, 0x00, 0x06,
    0x00, 0x0B, 0x75, 0x6E, 0x74, 0x69, 0x6C, 0x46, 0x61, 0x69, 0x6C, 0x65, 0x64, 0x00, 0x06, 0x00,
    0x0B, 0x75, 0x6E, 0x74, 0x69, 0x6C, 0x46, 0x61, 0x69, 0x6C, 0x65, 0x64, 0x00, 0x06, 0x00, 0x0B,
    0x75, 0x6E, 0x74, 0x69, 0x6C, 0x46, 0x61, 0x69, 0x6C, 0x65, 0x64, 0x00, 0x06, 0x01, 0x83, 0x09,
    0x0D, 0x6E, 0x75, 0x6D, 0x62, 0x65, 0x72, 0x4F, 0x66, 0x54, 0x69, 0x6D, 0x65, 0x73, 0x03, 0x01,
    0x00, 0x00, 0x00, 0x00, 0x06, 0x01, 0x84, 0x09, 0x0B, 0x75, 0x6E, 0x74, 0x69, 0x6C, 0x46, 0x61,
    0x69, 0x6C, 0x65, 0x64, 0x00, 0x06, 0x01, 0x85, 0x09, 0x05, 0x77, 0x69, 0x64, 0x74, 0x68, 0x03,
    0x00, 0x05, 0x00, 0x0A, 0x72, 0x65, 0x70, 0x65, 0x74, 0x69, 0x74, 0x69, 0x6F, 0x6E, 0x01, 0x02,
    0x86, 0x09, 0x87, 0x09, 0x03, 0x73, 0x65, 0x74, 0x01, 0x01, 0x88, 0x09, 0x03, 0x61, 0x64, 0x64,
    0x05, 0x00, 0x05, 0x70, 0x61, 0x75, 0x73, 0x65, 0x05, 0x00, 0x06, 0x72, 0x65, 0x73, 0x75, 0x6D,
    0x65, 0x01, 0x01, 0x89, 0x09, 0x04, 0x72, 0x61, 0x74, 0x65, 0x01, 0x02, 0x8A, 0x09, 0x8B, 0x09,
    0x05, 0x71, 0x75, 0x65, 0x72, 0x79, 0x06, 0x00, 0x05, 0x74, 0x69, 0x74, 0x6C, 0x65, 0x12, 0x06,
    0x00, 0x05, 0x74, 0x69, 0x74, 0x6C, 0x65, 0x12, 0x06, 0x00, 0x05, 0x74, 0x69, 0x74, 0x6C, 0x65,
    0x12, 0x02, 0x01, 0x8C, 0x09, 0x06, 0x66, 0x61, 0x64, 0x65, 0x49, 0x6E, 0x2B, 0x00, 0x00, 0x00,
    0x00, 0x06, 0x00, 0x05, 0x76, 0x61, 0x6C, 0x75, 0x65, 0x03, 0x00, 0x06, 0x00, 0x05, 0x76, 0x61,
    0x6C, 0x75, 0x65, 0x03, 0x00, 0x01, 0x03, 0x8D, 0x09, 0x8E, 0x09, 0x8F, 0x09, 0x05, 0x63, 0x6F,
    0x6C, 0x6F, 0x72, 0x01, 0x02, 0x90, 0x09, 0x91, 0x09, 0x05, 0x73, 0x74, 0x79, 0x6C, 0x65, 0x06,
    0x00, 0x04, 0x74, 0x69, 0x6D, 0x65, 0x2B, 0x00, 0x00, 0x00, 0x00, 0x06, 0x00, 0x04, 0x74, 0x69,
    0x6D, 0x65, 0x2B, 0x00, 0x00, 0x00, 0x00, 0x06, 0x00, 0x0E, 0x64, 0x61, 0x6D, 0x61, 0x67, 0x65,
    0x50, 0x65, 0x72, 0x42, 0x6C, 0x6F, 0x63, 0x6B, 0x01, 0x01, 0x00, 0x00, 0x00, 0x00, 0x06, 0x00,
    0x08, 0x64, 0x69, 0x73, 0x74, 0x61, 0x6E, 0x63, 0x65, 0x01, 0x01, 0x00, 0x00, 0x00, 0x00, 0x06,
    0x00, 0x08, 0x64, 0x69, 0x73, 0x74, 0x61, 0x6E, 0x63, 0x65, 0x03, 0x01, 0x00, 0x00, 0x00, 0x00,
    0x06, 0x00, 0x04, 0x74, 0x69, 0x6D, 0x65, 0x2B, 0x00, 0x00, 0x00, 0x00, 0x06, 0x00, 0x07, 0x70,
    0x6C, 0x61, 0x79, 0x65, 0x72, 0x73, 0x06, 0x02, 0x06, 0x01, 0x92, 0x09, 0x0B, 0x61, 0x64, 0x76,
    0x61, 0x6E, 0x63, 0x65, 0x6D, 0x65, 0x6E, 0x74, 0x2F, 0x15, 0x6D, 0x69, 0x6E, 0x65, 0x63, 0x72,
    0x61, 0x66, 0x74, 0x3A, 0x61, 0x64, 0x76, 0x61, 0x6E, 0x63, 0x65, 0x6D, 0x65, 0x6E, 0x74, 0x06,
    0x00, 0x0B, 0x61, 0x64, 0x76, 0x61, 0x6E, 0x63, 0x65, 0x6D, 0x65, 0x6E, 0x74, 0x2F, 0x15, 0x6D,
    0x69, 0x6E, 0x65, 0x63, 0x72, 0x61, 0x66, 0x74, 0x3A, 0x61, 0x64, 0x76, 0x61, 0x6E, 0x63, 0x65,
    0x6D, 0x65, 0x6E, 0x74, 0x06, 0x00, 0x0B, 0x61, 0x64, 0x76, 0x61, 0x6E, 0x63, 0x65, 0x6D, 0x65,
    0x6E, 0x74, 0x2F, 0x15, 0x6D, 0x69, 0x6E, 0x65, 0x63, 0x72, 0x61, 0x66, 0x74, 0x3A, 0x61, 0x64,
    0x76, 0x61, 0x6E, 0x63, 0x65, 0x6D, 0x65, 0x6E, 0x74, 0x06, 0x00, 0x0B, 0x61, 0x64, 0x76, 0x61,
    0x6E, 0x63, 0x65, 0x6D, 0x65, 0x6E, 0x74, 0x2F, 0x15, 0x6D, 0x69, 0x6E, 0x65, 0x63, 0x72, 0x61,
    0x66, 0x74, 0x3A, 0x61, 0x64, 0x76, 0x61, 0x6E, 0x63, 0x65, 0x6D, 0x65, 0x6E, 0x74, 0x06, 0x01,
    0x93, 0x09, 0x0B, 0x61, 0x64, 0x76, 0x61, 0x6E, 0x63, 0x65, 0x6D, 0x65, 0x6E, 0x74, 0x2F, 0x15,
    0x6D, 0x69, 0x6E, 0x65, 0x63, 0x72, 0x61, 0x66, 0x74, 0x3A, 0x61, 0x64, 0x76, 0x61, 0x6E, 0x63,
    0x65, 0x6D, 0x65, 0x6E, 0x74, 0x06, 0x00, 0x0B, 0x61, 0x64, 0x76, 0x61, 0x6E, 0x63, 0x65, 0x6D,
    0x65, 0x6E, 0x74, 0x2F, 0x15, 0x6D, 0x69, 0x6E, 0x65, 0x63, 0x72, 0x61, 0x66, 0x74, 0x3A, 0x61,
    0x64, 0x76, 0x61, 0x6E, 0x63, 0x65, 0x6D, 0x65, 0x6E, 0x74, 0x06, 0x00, 0x0B, 0x61, 0x64, 0x76,
    0x61, 0x6E, 0x63, 0x65, 0x6D, 0x65, 0x6E, 0x74, 0x2F, 0x15, 0x6D, 0x69, 0x6E, 0x65, 0x63, 0x72,
    0x61, 0x66, 0x74, 0x3A, 0x61, 0x64, 0x76, 0x61, 0x6E, 0x63, 0x65, 0x6D, 0x65, 0x6E, 0x74, 0x06,
    0x00, 0x0B, 0x61, 0x64, 0x76, 0x61, 0x6E, 0x63, 0x65, 0x6D, 0x65, 0x6E, 0x74, 0x2F, 0x15, 0x6D,
    0x69, 0x6E, 0x65, 0x63, 0x72, 0x61, 0x66, 0x74, 0x3A, 0x61, 0x64, 0x76, 0x61, 0x6E, 0x63, 0x65,
    0x6D, 0x65, 0x6E, 0x74, 0x06, 0x00, 0x05, 0x73, 0x63, 0x61, 0x6C, 0x65, 0x02, 0x00, 0x01, 0x01,
    0x94, 0x09, 0x03, 0x73, 0x65, 0x74, 0x05, 0x01, 0x95, 0x09, 0x03, 0x67, 0x65, 0x74, 0x05, 0x00,
    0x05, 0x72, 0x65, 0x73, 0x65, 0x74, 0x01, 0x01, 0x96, 0x09, 0x03, 0x61, 0x64, 0x64, 0x01, 0x01,
    0x97, 0x09, 0x06, 0x72, 0x65, 0x6D, 0x6F, 0x76, 0x65, 0x01, 0x01, 0x98, 0x09, 0x05, 0x76, 0x61,
    0x6C, 0x75, 0x65, 0x0E, 0x00, 0x03, 0x05, 0x62, 0x6C, 0x6F, 0x63, 0x6B, 0x0D, 0x0E, 0x00, 0x03,
    0x05, 0x62, 0x69, 0x6F, 0x6D, 0x65, 0x2C, 0x18, 0x6D, 0x69, 0x6E, 0x65, 0x63, 0x72, 0x61, 0x66,
    0x74, 0x3A, 0x77, 0x6F, 0x72, 0x6C, 0x64, 0x67, 0x65, 0x6E, 0x2F, 0x62, 0x69, 0x6F, 0x6D, 0x65,
    0x02, 0x06, 0x99, 0x09, 0x9A, 0x09, 0x9B, 0x09, 0x9C, 0x09, 0x9D, 0x09, 0x9E, 0x09, 0x0F, 0x74,
    0x61, 0x72, 0x67, 0x65, 0x74, 0x4F, 0x62, 0x6A, 0x65, 0x63, 0x74, 0x69, 0x76, 0x65, 0x18, 0x02,
    0x01, 0x9F, 0x09, 0x03, 0x65, 0x6E, 0x64, 0x08, 0x02, 0x01, 0xA0, 0x09, 0x08, 0x65, 0x6E, 0x74,
    0x69, 0x74, 0x69, 0x65, 0x73, 0x06, 0x00, 0x02, 0x01, 0xA1, 0x09, 0x03, 0x70, 0x6F, 0x73, 0x08,
    0x0E, 0x00, 0x03, 0x05, 0x72, 0x61, 0x6E, 0x67, 0x65, 0x28, 0x02, 0x01, 0xA2, 0x09, 0x06, 0x73,
    0x6F, 0x75, 0x72, 0x63, 0x65, 0x06, 0x01, 0x02, 0x01, 0xA3, 0x09, 0x09, 0x73, 0x6F, 0x75, 0x72,
    0x63, 0x65, 0x50, 0x6F, 0x73, 0x08, 0x12, 0x01, 0xA4, 0x09, 0x06, 0x73, 0x6F, 0x75, 0x72, 0x63,
    0x65, 0x24, 0x14, 0x6D, 0x69, 0x6E, 0x65, 0x63, 0x72, 0x61, 0x66, 0x74, 0x3A, 0x61, 0x73, 0x6B,
    0x5F, 0x73, 0x65, 0x72, 0x76, 0x65, 0x72, 0x0E, 0x00, 0x03, 0x05, 0x62, 0x6C, 0x6F, 0x63, 0x6B,
    0x0D, 0x0E, 0x00, 0x03, 0x05, 0x62, 0x69, 0x6F, 0x6D, 0x65, 0x2C, 0x18, 0x6D, 0x69, 0x6E, 0x65,
    0x63, 0x72, 0x61, 0x66, 0x74, 0x3A, 0x77, 0x6F, 0x72, 0x6C, 0x64, 0x67, 0x65, 0x6E, 0x2F, 0x62,
    0x69, 0x6F, 0x6D, 0x65, 0x02, 0x06, 0xA5, 0x09, 0xA6, 0x09, 0xA7, 0x09, 0xA8, 0x09, 0xA9, 0x09,
    0xAA, 0x09, 0x0F, 0x74, 0x61, 0x72, 0x67, 0x65, 0x74, 0x4F, 0x62, 0x6A, 0x65, 0x63, 0x74, 0x69,
    0x76, 0x65, 0x18, 0x02, 0x01, 0xAB, 0x09, 0x03, 0x65, 0x6E, 0x64, 0x08, 0x02, 0x01, 0xAC, 0x09,
    0x08, 0x65, 0x6E, 0x74, 0x69, 0x74, 0x69, 0x65, 0x73, 0x06, 0x00, 0x02, 0x01, 0xAD, 0x09, 0x03,
    0x70, 0x6F, 0x73, 0x08, 0x0E, 0x00, 0x03, 0x05, 0x72, 0x61, 0x6E, 0x67, 0x65, 0x28, 0x02, 0x01,
    0xAE, 0x09, 0x06, 0x73, 0x6F, 0x75, 0x72, 0x63, 0x65, 0x06, 0x01, 0x02, 0x01, 0xAF, 0x09, 0x09,
    0x73, 0x6F, 0x75, 0x72, 0x63, 0x65, 0x50, 0x6F, 0x73, 0x08, 0x12, 0x01, 0xB0, 0x09, 0x06, 0x73,
    0x6F, 0x75, 0x72, 0x63, 0x65, 0x24, 0x14, 0x6D, 0x69, 0x6E, 0x65, 0x63, 0x72, 0x61, 0x66, 0x74,
    0x3A, 0x61, 0x73, 0x6B, 0x5F, 0x73, 0x65, 0x72, 0x76, 0x65, 0x72, 0x12, 0x01, 0xB1, 0x09, 0x07,
    0x74, 0x61, 0x72, 0x67, 0x65, 0x74, 0x73, 0x1F, 0x01, 0x14, 0x6D, 0x69, 0x6E, 0x65, 0x63, 0x72,
    0x61, 0x66, 0x74, 0x3A, 0x61, 0x73, 0x6B, 0x5F, 0x73, 0x65, 0x72, 0x76, 0x65, 0x72, 0x12, 0x02,
    0xB2, 0x09, 0xB3, 0x09, 0x02, 0x69, 0x64, 0x24, 0x14, 0x6D, 0x69, 0x6E, 0x65, 0x63, 0x72, 0x61,
    0x66, 0x74, 0x3A, 0x61, 0x73, 0x6B, 0x5F, 0x73, 0x65, 0x72, 0x76, 0x65, 0x72, 0x02, 0x01, 0xB4,
    0x09, 0x06, 0x74, 0x61, 0x72, 0x67, 0x65, 0x74, 0x06, 0x01, 0x02, 0x01, 0xB5, 0x09, 0x09, 0x74,
    0x61, 0x72, 0x67, 0x65, 0x74, 0x50, 0x6F, 0x73, 0x08, 0x12, 0x01, 0xB6, 0x09, 0x06, 0x74, 0x61,
    0x72, 0x67, 0x65, 0x74, 0x24, 0x14, 0x6D, 0x69, 0x6E, 0x65, 0x63, 0x72, 0x61, 0x66, 0x74, 0x3A,
    0x61, 0x73, 0x6B, 0x5F, 0x73, 0x65, 0x72, 0x76, 0x65, 0x72, 0x12, 0x01, 0xB7, 0x09, 0x07, 0x74,
    0x61, 0x72, 0x67, 0x65, 0x74, 0x73, 0x1F, 0x01, 0x14, 0x6D, 0x69, 0x6E, 0x65, 0x63, 0x72, 0x61,
    0x66, 0x74, 0x3A, 0x61, 0x73, 0x6B, 0x5F, 0x73, 0x65, 0x72, 0x76, 0x65, 0x72, 0x12, 0x02, 0xB2,
    0x09, 0xB3, 0x09, 0x02, 0x69, 0x64, 0x24, 0x14, 0x6D, 0x69, 0x6E, 0x65, 0x63, 0x72, 0x61, 0x66,
    0x74, 0x3A, 0x61, 0x73, 0x6B, 0x5F, 0x73, 0x65, 0x72, 0x76, 0x65, 0x72, 0x02, 0x01, 0xB8, 0x09,
    0x06, 0x74, 0x61, 0x72, 0x67, 0x65, 0x74, 0x06, 0x01, 0x02, 0x01, 0xB9, 0x09, 0x09, 0x74, 0x61,
    0x72, 0x67, 0x65, 0x74, 0x50, 0x6F, 0x73, 0x08, 0x12, 0x01, 0xBA, 0x09, 0x06, 0x74, 0x61, 0x72,
    0x67, 0x65, 0x74, 0x24, 0x14, 0x6D, 0x69, 0x6E, 0x65, 0x63, 0x72, 0x61, 0x66, 0x74, 0x3A, 0x61,
    0x73, 0x6B, 0x5F, 0x73, 0x65, 0x72, 0x76, 0x65, 0x72, 0x0A, 0x00, 0x03, 0x06, 0x61, 0x6E, 0x63,
    0x68, 0x6F, 0x72, 0x26, 0x06, 0x00, 0x04, 0x6E, 0x61, 0x6D, 0x65, 0x12, 0x05, 0x00, 0x04, 0x70,
    0x69, 0x6E, 0x6B, 0x05, 0x00, 0x04, 0x62, 0x6C, 0x75, 0x65, 0x05, 0x00, 0x03, 0x72, 0x65, 0x64,
    0x05, 0x00, 0x05, 0x67, 0x72, 0x65, 0x65, 0x6E, 0x05, 0x00, 0x06, 0x79, 0x65, 0x6C, 0x6C, 0x6F,
    0x77, 0x05, 0x00, 0x06, 0x70, 0x75, 0x72, 0x70, 0x6C, 0x65, 0x05, 0x00, 0x05, 0x77, 0x68, 0x69,
    0x74, 0x65, 0x05, 0x00, 0x08, 0x70, 0x72, 0x6F, 0x67, 0x72, 0x65, 0x73, 0x73, 0x05, 0x00, 0x09,
    0x6E, 0x6F, 0x74, 0x63, 0x68, 0x65, 0x64, 0x5F, 0x36, 0x05, 0x00, 0x0A, 0x6E, 0x6F, 0x74, 0x63,
    0x68, 0x65, 0x64, 0x5F, 0x31, 0x30, 0x05, 0x00, 0x0A, 0x6E, 0x6F, 0x74, 0x63, 0x68, 0x65, 0x64,
    0x5F, 0x31, 0x32, 0x05, 0x00, 0x0A, 0x6E, 0x6F, 0x74, 0x63, 0x68, 0x65, 0x64, 0x5F, 0x32, 0x30,
    0x06, 0x00, 0x05, 0x76, 0x61, 0x6C, 0x75, 0x65, 0x03, 0x01, 0x00, 0x00, 0x00, 0x00, 0x06, 0x00,
    0x03, 0x6D, 0x61, 0x78, 0x03, 0x01, 0x00, 0x00, 0x00, 0x01, 0x06, 0x00, 0x07, 0x76, 0x69, 0x73,
    0x69, 0x62, 0x6C, 0x65, 0x00, 0x06, 0x00, 0x07, 0x74, 0x61, 0x72, 0x67, 0x65, 0x74, 0x73, 0x06,
    0x02, 0x05, 0x03, 0xBB, 0x09, 0xBC, 0x09, 0xBD, 0x09, 0x07, 0x72, 0x65, 0x70, 0x6C, 0x61, 0x63,
    0x65, 0x05, 0x03, 0xBE, 0x09, 0xBF, 0x09, 0xC0, 0x09, 0x06, 0x6D, 0x61, 0x73, 0x6B, 0x65, 0x64,
    0x01, 0x01, 0xC1, 0x09, 0x08, 0x66, 0x69, 0x6C, 0x74, 0x65, 0x72, 0x65, 0x64, 0x05, 0x03, 0xC2,
    0x09, 0xC3, 0x09, 0xC4, 0x09, 0x06, 0x73, 0x74, 0x72, 0x69, 0x63, 0x74, 0x02, 0x01, 0xC5, 0x09,
    0x0F, 0x74, 0x61, 0x72, 0x67, 0x65, 0x74, 0x44, 0x69, 0x6D, 0x65, 0x6E, 0x73, 0x69, 0x6F, 0x6E,
    0x29, 0x02, 0x02, 0xC6, 0x09, 0xC7, 0x09, 0x03, 0x65, 0x6E, 0x64, 0x08, 0x01, 0x01, 0xC8, 0x09,
    0x02, 0x61, 0x74, 0x01, 0x01, 0xC9, 0x09, 0x02, 0x62, 0x79, 0x06, 0x00, 0x03, 0x6E, 0x62, 0x74,
    0x15, 0x06, 0x00, 0x03, 0x6E, 0x62, 0x74, 0x15, 0x06, 0x00, 0x03, 0x6E, 0x62, 0x74, 0x15, 0x06,
    0x01, 0xCA, 0x09, 0x04, 0x70, 0x61, 0x74, 0x68, 0x17, 0x06, 0x01, 0xCB, 0x09, 0x04, 0x70, 0x61,
    0x74, 0x68, 0x17, 0x06, 0x01, 0xCC, 0x09, 0x04, 0x70, 0x61, 0x74, 0x68, 0x17, 0x06, 0x00, 0x04,
    0x70, 0x61, 0x74, 0x68, 0x17, 0x06, 0x00, 0x04, 0x70, 0x61, 0x74, 0x68, 0x17, 0x06, 0x00, 0x04,
    0x70, 0x61, 0x74, 0x68, 0x17, 0x02, 0x05, 0xCD, 0x09, 0xCE, 0x09, 0xCF, 0x09, 0xD0, 0x09, 0xD1,
    0x09, 0x0A, 0x74, 0x61, 0x72, 0x67, 0x65, 0x74, 0x50, 0x61, 0x74, 0x68, 0x17, 0x02, 0x05, 0xD2,
    0x09, 0xD3, 0x09, 0xD4, 0x09, 0xD5, 0x09, 0xD6, 0x09, 0x0A, 0x74, 0x61, 0x72, 0x67, 0x65, 0x74,
    0x50, 0x61, 0x74, 0x68, 0x17, 0x02, 0x05, 0xD7, 0x09, 0xD8, 0x09, 0xD9, 0x09, 0xDA, 0x09, 0xDB,
    0x09, 0x0A, 0x74, 0x61, 0x72, 0x67, 0x65, 0x74, 0x50, 0x61, 0x74, 0x68, 0x17, 0x16, 0x00, 0x08,
    0x65, 0x78, 0x69, 0x73, 0x74, 0x69, 0x6E, 0x67, 0x05, 0x01, 0x14, 0x6D, 0x69, 0x6E, 0x65, 0x63,
    0x72, 0x61, 0x66, 0x74, 0x3A, 0x61, 0x73, 0x6B, 0x5F, 0x73, 0x65, 0x72, 0x76, 0x65, 0x72, 0x16,
    0x00, 0x08, 0x65, 0x78, 0x69, 0x73, 0x74, 0x69, 0x6E, 0x67, 0x05, 0x01, 0x14, 0x6D, 0x69, 0x6E,
    0x65, 0x63, 0x72, 0x61, 0x66, 0x74, 0x3A, 0x61, 0x73, 0x6B, 0x5F, 0x73, 0x65, 0x72, 0x76, 0x65,
    0x72, 0x06, 0x01, 0xDC, 0x09, 0x07, 0x73, 0x65, 0x63, 0x6F, 0x6E, 0x64, 0x73, 0x03, 0x03, 0x00,
    0x00, 0x00, 0x01, 0x00, 0x0F, 0x42, 0x40, 0x05, 0x01, 0xDD, 0x09, 0x08, 0x69, 0x6E, 0x66, 0x69,
    0x6E, 0x69, 0x74, 0x65, 0x05, 0x00, 0x06, 0x70, 0x6F, 0x69, 0x6E, 0x74, 0x73, 0x05, 0x00, 0x06,
    0x6C, 0x65, 0x76, 0x65, 0x6C, 0x73, 0x05, 0x00, 0x06, 0x70, 0x6F, 0x69, 0x6E, 0x74, 0x73, 0x05,
    0x00, 0x06, 0x6C, 0x65, 0x76, 0x65, 0x6C, 0x73, 0x05, 0x00, 0x07, 0x6F, 0x75, 0x74, 0x6C, 0x69,
    0x6E, 0x65, 0x05, 0x00, 0x06, 0x68, 0x6F, 0x6C, 0x6C, 0x6F, 0x77, 0x05, 0x00, 0x07, 0x64, 0x65,
    0x73, 0x74, 0x72, 0x6F, 0x79, 0x05, 0x00, 0x06, 0x73, 0x74, 0x72, 0x69, 0x63, 0x74, 0x05, 0x01,
    0xDE, 0x09, 0x07, 0x72, 0x65, 0x70, 0x6C, 0x61, 0x63, 0x65, 0x05, 0x00, 0x04, 0x6B, 0x65, 0x65,
    0x70, 0x01, 0x01, 0xDF, 0x09, 0x07, 0x72, 0x65, 0x70, 0x6C, 0x61, 0x63, 0x65, 0x06, 0x01, 0xE0,
    0x09, 0x06, 0x73, 0x6F, 0x75, 0x72, 0x63, 0x65, 0x06, 0x01, 0x06, 0x01, 0xE1, 0x09, 0x09, 0x73,
    0x6F, 0x75, 0x72, 0x63, 0x65, 0x50, 0x6F, 0x73, 0x08, 0x16, 0x01, 0xE2, 0x09, 0x06, 0x73, 0x6F,
    0x75, 0x72, 0x63, 0x65, 0x24, 0x14, 0x6D, 0x69, 0x6E, 0x65, 0x63, 0x72, 0x61, 0x66, 0x74, 0x3A,
    0x61, 0x73, 0x6B, 0x5F, 0x73, 0x65, 0x72, 0x76, 0x65, 0x72, 0x02, 0x02, 0xE3, 0x09, 0xE4, 0x09,
    0x04, 0x73, 0x6C, 0x6F, 0x74, 0x22, 0x02, 0x02, 0xE5, 0x09, 0xE6, 0x09, 0x04, 0x73, 0x6C, 0x6F,
    0x74, 0x22, 0x02, 0x01, 0xE7, 0x09, 0x04, 0x73, 0x6C, 0x6F, 0x74, 0x22, 0x02, 0x01, 0xE8, 0x09,
    0x04, 0x73, 0x6C, 0x6F, 0x74, 0x22, 0x02, 0x05, 0xE9, 0x09, 0xEA, 0x09, 0xEB, 0x09, 0xEC, 0x09,
    0xED, 0x09, 0x04, 0x73, 0x6C, 0x6F, 0x74, 0x22, 0x02, 0x05, 0xEE, 0x09, 0xEF, 0x09, 0xF0, 0x09,
    0xF1, 0x09, 0xF2, 0x09, 0x04, 0x73, 0x6C, 0x6F, 0x74, 0x22, 0x02, 0x01, 0xF3, 0x09, 0x0A, 0x6C,
    0x6F, 0x6F, 0x74, 0x5F, 0x74, 0x61, 0x62, 0x6C, 0x65, 0x34, 0x06, 0x00, 0x0A, 0x6C, 0x6F, 0x6F,
    0x74, 0x5F, 0x74, 0x61, 0x62, 0x6C, 0x65, 0x34, 0x06, 0x00, 0x06, 0x74, 0x61, 0x72, 0x67, 0x65,
    0x74, 0x06, 0x01, 0x06, 0x03, 0xF4, 0x09, 0xF5, 0x09, 0xF6, 0x09, 0x03, 0x70, 0x6F, 0x73, 0x08,
    0x02, 0x01, 0xF7, 0x09, 0x0A, 0x6C, 0x6F, 0x6F, 0x74, 0x5F, 0x74, 0x61, 0x62, 0x6C, 0x65, 0x34,
    0x06, 0x00, 0x0A, 0x6C, 0x6F, 0x6F, 0x74, 0x5F, 0x74, 0x61, 0x62, 0x6C, 0x65, 0x34, 0x06, 0x00,
    0x06, 0x74, 0x61, 0x72, 0x67, 0x65, 0x74, 0x06, 0x01, 0x06, 0x03, 0xF8, 0x09, 0xF9, 0x09, 0xFA,
    0x09, 0x03, 0x70, 0x6F, 0x73, 0x08, 0x02, 0x01, 0xFB, 0x09, 0x0A, 0x6C, 0x6F, 0x6F, 0x74, 0x5F,
    0x74, 0x61, 0x62, 0x6C, 0x65, 0x34, 0x06, 0x00, 0x0A, 0x6C, 0x6F, 0x6F, 0x74, 0x5F, 0x74, 0x61,
    0x62, 0x6C, 0x65, 0x34, 0x06, 0x00, 0x06, 0x74, 0x61, 0x72, 0x67, 0x65, 0x74, 0x06, 0x01, 0x06,
    0x03, 0xFC, 0x09, 0xFD, 0x09, 0xFE, 0x09, 0x03, 0x70, 0x6F, 0x73, 0x08, 0x02, 0x01, 0xFF, 0x09,
    0x05, 0x73, 0x70, 0x65, 0x65, 0x64, 0x01, 0x01, 0x00, 0x00, 0x00, 0x00, 0x06, 0x01, 0x80, 0x0A,
    0x09, 0x6D, 0x61, 0x78, 0x5F, 0x64, 0x65, 0x70, 0x74, 0x68, 0x03, 0x03, 0x00, 0x00, 0x00, 0x01,
    0x00, 0x00, 0x00, 0x14, 0x06, 0x01, 0x81, 0x0A, 0x08, 0x72, 0x6F, 0x74, 0x61, 0x74, 0x69, 0x6F,
    0x6E, 0x32, 0x06, 0x01, 0x82, 0x0A, 0x03, 0x70, 0x6F, 0x73, 0x0A, 0x06, 0x01, 0x83, 0x0A, 0x03,
    0x70, 0x6F, 0x73, 0x0A, 0x06, 0x01, 0x84, 0x0A, 0x03, 0x70, 0x6F, 0x73, 0x0A, 0x06, 0x01, 0x85,
    0x0A, 0x03, 0x70, 0x6F, 0x73, 0x0A, 0x06, 0x01, 0x86, 0x0A, 0x03, 0x70, 0x6F, 0x73, 0x0A, 0x06,
    0x01, 0x87, 0x0A, 0x03, 0x70, 0x6F, 0x73, 0x0A, 0x06, 0x01, 0x88, 0x0A, 0x03, 0x70, 0x6F, 0x73,
    0x0A, 0x06, 0x01, 0x89, 0x0A, 0x03, 0x70, 0x6F, 0x73, 0x0A, 0x06, 0x01, 0x8A, 0x0A, 0x03, 0x70,
    0x6F, 0x73, 0x0A, 0x06, 0x01, 0x8B, 0x0A, 0x03, 0x70, 0x6F, 0x73, 0x0A, 0x06, 0x01, 0x8C, 0x0A,
    0x03, 0x70, 0x6F, 0x73, 0x0A, 0x06, 0x01, 0x8D, 0x0A, 0x10, 0x69, 0x6E, 0x63, 0x6C, 0x75, 0x64,
    0x65, 0x57, 0x6F, 0x72, 0x6C, 0x64, 0x53, 0x65, 0x65, 0x64, 0x00, 0x06, 0x01, 0x8E, 0x0A, 0x10,
    0x69, 0x6E, 0x63, 0x6C, 0x75, 0x64, 0x65, 0x57, 0x6F, 0x72, 0x6C, 0x64, 0x53, 0x65, 0x65, 0x64,
    0x00, 0x06, 0x01, 0x8F, 0x0A, 0x0C, 0x66, 0x61, 0x63, 0x69, 0x6E, 0x67, 0x45, 0x6E, 0x74, 0x69,
    0x74, 0x79, 0x06, 0x01, 0x05, 0x00, 0x06, 0x61, 0x70, 0x70, 0x65, 0x6E, 0x64, 0x05, 0x00, 0x07,
    0x72, 0x65, 0x70, 0x6C, 0x61, 0x63, 0x65, 0x06, 0x01, 0x90, 0x0A, 0x08, 0x63, 0x72, 0x69, 0x74,
    0x65, 0x72, 0x69, 0x61, 0x19, 0x01, 0x01, 0x91, 0x0A, 0x0B, 0x64, 0x69, 0x73, 0x70, 0x6C, 0x61,
    0x79, 0x6E, 0x61, 0x6D, 0x65, 0x01, 0x02, 0x92, 0x0A, 0x93, 0x0A, 0x0A, 0x72, 0x65, 0x6E, 0x64,
    0x65, 0x72, 0x74, 0x79, 0x70, 0x65, 0x01, 0x01, 0x94, 0x0A, 0x11, 0x64, 0x69, 0x73, 0x70, 0x6C,
    0x61, 0x79, 0x61, 0x75, 0x74, 0x6F, 0x75, 0x70, 0x64, 0x61, 0x74, 0x65, 0x05, 0x03, 0x95, 0x0A,
    0x96, 0x0A, 0x97, 0x0A, 0x0C, 0x6E, 0x75, 0x6D, 0x62, 0x65, 0x72, 0x66, 0x6F, 0x72, 0x6D, 0x61,
    0x74, 0x06, 0x00, 0x09, 0x6F, 0x62, 0x6A, 0x65, 0x63, 0x74, 0x69, 0x76, 0x65, 0x18, 0x02, 0x01,
    0x98, 0x0A, 0x09, 0x6F, 0x62, 0x6A, 0x65, 0x63, 0x74, 0x69, 0x76, 0x65, 0x18, 0x06, 0x00, 0x09,
    0x6F, 0x62, 0x6A, 0x65, 0x63, 0x74, 0x69, 0x76, 0x65, 0x18, 0x02, 0x01, 0x99, 0x0A, 0x09, 0x6F,
    0x62, 0x6A, 0x65, 0x63, 0x74, 0x69, 0x76, 0x65, 0x18, 0x02, 0x01, 0x9A, 0x0A, 0x09, 0x6F, 0x62,
    0x6A, 0x65, 0x63, 0x74, 0x69, 0x76, 0x65, 0x18, 0x06, 0x00, 0x09, 0x6F, 0x62, 0x6A, 0x65, 0x63,
    0x74, 0x69, 0x76, 0x65, 0x18, 0x16, 0x00, 0x09, 0x6F, 0x62, 0x6A, 0x65, 0x63, 0x74, 0x69, 0x76,
    0x65, 0x18, 0x14, 0x6D, 0x69, 0x6E, 0x65, 0x63, 0x72, 0x61, 0x66, 0x74, 0x3A, 0x61, 0x73, 0x6B,
    0x5F, 0x73, 0x65, 0x72, 0x76, 0x65, 0x72, 0x12, 0x01, 0x9B, 0x0A, 0x07, 0x74, 0x61, 0x72, 0x67,
    0x65, 0x74, 0x73, 0x1F, 0x01, 0x14, 0x6D, 0x69, 0x6E, 0x65, 0x63, 0x72, 0x61, 0x66, 0x74, 0x3A,
    0x61, 0x73, 0x6B, 0x5F, 0x73, 0x65, 0x72, 0x76, 0x65, 0x72, 0x12, 0x01, 0x9C, 0x0A, 0x07, 0x74,
    0x61, 0x72, 0x67, 0x65, 0x74, 0x73, 0x1F, 0x01, 0x14, 0x6D, 0x69, 0x6E, 0x65, 0x63, 0x72, 0x61,
    0x66, 0x74, 0x3A, 0x61, 0x73, 0x6B, 0x5F, 0x73, 0x65, 0x72, 0x76, 0x65, 0x72, 0x02, 0x01, 0x9D,
    0x0A, 0x0F, 0x74, 0x61, 0x72, 0x67, 0x65, 0x74, 0x4F, 0x62, 0x6A, 0x65, 0x63, 0x74, 0x69, 0x76,
    0x65, 0x18, 0x02, 0x01, 0x9E, 0x0A, 0x0C, 0x72, 0x65, 0x73, 0x70, 0x65, 0x63, 0x74, 0x54, 0x65,
    0x61, 0x6D, 0x73, 0x00, 0x01, 0x01, 0x9F, 0x0A, 0x05, 0x75, 0x6E, 0x64, 0x65, 0x72, 0x06, 0x00,
    0x0B, 0x64, 0x69, 0x73, 0x70, 0x6C, 0x61, 0x79, 0x4E, 0x61, 0x6D, 0x65, 0x12, 0x06, 0x00, 0x05,
    0x76, 0x61, 0x6C, 0x75, 0x65, 0x10, 0x06, 0x00, 0x07, 0x61, 0x6C, 0x6C, 0x6F, 0x77, 0x65, 0x64,
    0x00, 0x06, 0x00, 0x07, 0x61, 0x6C, 0x6C, 0x6F, 0x77, 0x65, 0x64, 0x00, 0x05, 0x00, 0x05, 0x6E,
    0x65, 0x76, 0x65, 0x72, 0x05, 0x00, 0x11, 0x68, 0x69, 0x64, 0x65, 0x46, 0x6F, 0x72, 0x4F, 0x74,
    0x68, 0x65, 0x72, 0x54, 0x65, 0x61, 0x6D, 0x73, 0x05, 0x00, 0x0E, 0x68, 0x69, 0x64, 0x65, 0x46,
    0x6F, 0x72, 0x4F, 0x77, 0x6E, 0x54, 0x65, 0x61, 0x6D, 0x05, 0x00, 0x06, 0x61, 0x6C, 0x77, 0x61,
    0x79, 0x73, 0x05, 0x00, 0x05, 0x6E, 0x65, 0x76, 0x65, 0x72, 0x05, 0x00, 0x11, 0x68, 0x69, 0x64,
    0x65, 0x46, 0x6F, 0x72, 0x4F, 0x74, 0x68, 0x65, 0x72, 0x54, 0x65, 0x61, 0x6D, 0x73, 0x05, 0x00,
    0x0E, 0x68, 0x69, 0x64, 0x65, 0x46, 0x6F, 0x72, 0x4F, 0x77, 0x6E, 0x54, 0x65, 0x61, 0x6D, 0x05,
    0x00, 0x06, 0x61, 0x6C, 0x77, 0x61, 0x79, 0x73, 0x05, 0x00, 0x05, 0x6E, 0x65, 0x76, 0x65, 0x72,
    0x05, 0x00, 0x0B, 0x70, 0x75, 0x73, 0x68, 0x4F, 0x77, 0x6E, 0x54, 0x65, 0x61, 0x6D, 0x05, 0x00,
    0x0E, 0x70, 0x75, 0x73, 0x68, 0x4F, 0x74, 0x68, 0x65, 0x72, 0x54, 0x65, 0x61, 0x6D, 0x73, 0x05,
    0x00, 0x06, 0x61, 0x6C, 0x77, 0x61, 0x79, 0x73, 0x06, 0x00, 0x06, 0x70, 0x72, 0x65, 0x66, 0x69,
    0x78, 0x12, 0x06, 0x00, 0x06, 0x73, 0x75, 0x66, 0x66, 0x69, 0x78, 0x12, 0x01, 0x01, 0xA0, 0x0A,
    0x06, 0x65, 0x6E, 0x74, 0x69, 0x74, 0x79, 0x06, 0x00, 0x0E, 0x66, 0x61, 0x63, 0x69, 0x6E, 0x67,
    0x4C, 0x6F, 0x63, 0x61, 0x74, 0x69, 0x6F, 0x6E, 0x0A, 0x06, 0x01, 0xA1, 0x0A, 0x0B, 0x75, 0x6E,
    0x74, 0x69, 0x6C, 0x46, 0x61, 0x69, 0x6C, 0x65, 0x64, 0x00, 0x06, 0x01, 0xA2, 0x0A, 0x0B, 0x75,
    0x6E, 0x74, 0x69, 0x6C, 0x46, 0x61, 0x69, 0x6C, 0x65, 0x64, 0x00, 0x06, 0x01, 0xA3, 0x0A, 0x0D,
    0x72, 0x6F, 0x74, 0x61, 0x74, 0x69, 0x6F, 0x6E, 0x53, 0x74, 0x65, 0x70, 0x73, 0x03, 0x00, 0x02,
    0x01, 0xA4, 0x0A, 0x06, 0x68, 0x65, 0x69, 0x67, 0x68, 0x74, 0x03, 0x00, 0x06, 0x00, 0x04, 0x74,
    0x69, 0x6D, 0x65, 0x2B, 0x00, 0x00, 0x00, 0x00, 0x16, 0x00, 0x0A, 0x74, 0x69, 0x6D, 0x65, 0x6D,
    0x61, 0x72, 0x6B, 0x65, 0x72, 0x24, 0x14, 0x6D, 0x69, 0x6E, 0x65, 0x63, 0x72, 0x61, 0x66, 0x74,
    0x3A, 0x61, 0x73, 0x6B, 0x5F, 0x73, 0x65, 0x72, 0x76, 0x65, 0x72, 0x06, 0x00, 0x04, 0x74, 0x69,
    0x6D, 0x65, 0x2B, 0x80, 0x00, 0x00, 0x00, 0x06, 0x00, 0x04, 0x72, 0x61, 0x74, 0x65, 0x01, 0x03,
    0x37, 0x27, 0xC5, 0xAC, 0x44, 0x7A, 0x00, 0x00, 0x05, 0x00, 0x04, 0x74, 0x69, 0x6D, 0x65, 0x16,
    0x01, 0xA5, 0x0A, 0x08, 0x74, 0x69, 0x6D, 0x65, 0x6C, 0x69, 0x6E, 0x65, 0x2E, 0x12, 0x6D, 0x69,
    0x6E, 0x65, 0x63, 0x72, 0x61, 0x66, 0x74, 0x3A, 0x74, 0x69, 0x6D, 0x65, 0x6C, 0x69, 0x6E, 0x65,
    0x14, 0x6D, 0x69, 0x6E, 0x65, 0x63, 0x72, 0x61, 0x66, 0x74, 0x3A, 0x61, 0x73, 0x6B, 0x5F, 0x73,
    0x65, 0x72, 0x76, 0x65, 0x72, 0x02, 0x01, 0xA6, 0x0A, 0x04, 0x73, 0x74, 0x61, 0x79, 0x2B, 0x00,
    0x00, 0x00, 0x00, 0x06, 0x00, 0x05, 0x63, 0x6F, 0x6C, 0x6F, 0x72, 0x10, 0x01, 0x01, 0xA7, 0x0A,
    0x03, 0x68, 0x65, 0x78, 0x05, 0x00, 0x05, 0x72, 0x65, 0x73, 0x65, 0x74, 0x05, 0x00, 0x05, 0x72,
    0x65, 0x73, 0x65, 0x74, 0x01, 0x01, 0xA8, 0x0A, 0x03, 0x73, 0x65, 0x74, 0x16, 0x00, 0x09, 0x63,
    0x72, 0x69, 0x74, 0x65, 0x72, 0x69, 0x6F, 0x6E, 0x05, 0x02, 0x14, 0x6D, 0x69, 0x6E, 0x65, 0x63,
    0x72, 0x61, 0x66, 0x74, 0x3A, 0x61, 0x73, 0x6B, 0x5F, 0x73, 0x65, 0x72, 0x76, 0x65, 0x72, 0x16,
    0x00, 0x09, 0x63, 0x72, 0x69, 0x74, 0x65, 0x72, 0x69, 0x6F, 0x6E, 0x05, 0x02, 0x14, 0x6D, 0x69,
    0x6E, 0x65, 0x63, 0x72, 0x61, 0x66, 0x74, 0x3A, 0x61, 0x73, 0x6B, 0x5F, 0x73, 0x65, 0x72, 0x76,
    0x65, 0x72, 0x06, 0x00, 0x05, 0x76, 0x61, 0x6C, 0x75, 0x65, 0x02, 0x00, 0x06, 0x00, 0x05, 0x73,
    0x63, 0x61, 0x6C, 0x65, 0x02, 0x00, 0x02, 0x01, 0xA9, 0x0A, 0x02, 0x69, 0x64, 0x24, 0x16, 0x00,
    0x02, 0x69, 0x64, 0x24, 0x14, 0x6D, 0x69, 0x6E, 0x65, 0x63, 0x72, 0x61, 0x66, 0x74, 0x3A, 0x61,
    0x73, 0x6B, 0x5F, 0x73, 0x65, 0x72, 0x76, 0x65, 0x72, 0x01, 0x01, 0xAA, 0x0A, 0x03, 0x67, 0x65,
    0x74, 0x01, 0x01, 0xAB, 0x0A, 0x01, 0x3D, 0x01, 0x01, 0xAC, 0x0A, 0x01, 0x3C, 0x01, 0x01, 0xAD,
    0x0A, 0x02, 0x3C, 0x3D, 0x01, 0x01, 0xAE, 0x0A, 0x01, 0x3E, 0x01, 0x01, 0xAF, 0x0A, 0x02, 0x3E,
    0x3D, 0x01, 0x01, 0xB0, 0x0A, 0x07, 0x6D, 0x61, 0x74, 0x63, 0x68, 0x65, 0x73, 0x02, 0x02, 0xB1,
    0x0A, 0xB2, 0x0A, 0x0B, 0x64, 0x65, 0x73, 0x74, 0x69, 0x6E, 0x61, 0x74, 0x69, 0x6F, 0x6E, 0x08,
    0x02, 0x01, 0xB3, 0x0A, 0x05, 0x73, 0x6C, 0x6F, 0x74, 0x73, 0x23, 0x02, 0x01, 0xB4, 0x0A, 0x05,
    0x73, 0x6C, 0x6F, 0x74, 0x73, 0x23, 0x0E, 0x00, 0x03, 0x04, 0x70, 0x61, 0x74, 0x68, 0x17, 0x0E,
    0x00, 0x03, 0x04, 0x70, 0x61, 0x74, 0x68, 0x17, 0x0E, 0x00, 0x03, 0x04, 0x70, 0x61, 0x74, 0x68,
    0x17, 0x01, 0x01, 0xB5, 0x0A, 0x01, 0x3D, 0x01, 0x01, 0xB6, 0x0A, 0x01, 0x3C, 0x01, 0x01, 0xB7,
    0x0A, 0x02, 0x3C, 0x3D, 0x01, 0x01, 0xB8, 0x0A, 0x01, 0x3E, 0x01, 0x01, 0xB9, 0x0A, 0x02, 0x3E,
    0x3D, 0x01, 0x01, 0xBA, 0x0A, 0x07, 0x6D, 0x61, 0x74, 0x63, 0x68, 0x65, 0x73, 0x02, 0x02, 0xBB,
    0x0A, 0xBC, 0x0A, 0x0B, 0x64, 0x65, 0x73, 0x74, 0x69, 0x6E, 0x61, 0x74, 0x69, 0x6F, 0x6E, 0x08,
    0x02, 0x01, 0xBD, 0x0A, 0x05, 0x73, 0x6C, 0x6F, 0x74, 0x73, 0x23, 0x02, 0x01, 0xBE, 0x0A, 0x05,
    0x73, 0x6C, 0x6F, 0x74, 0x73, 0x23, 0x0E, 0x00, 0x03, 0x04, 0x70, 0x61, 0x74, 0x68, 0x17, 0x0E,
    0x00, 0x03, 0x04, 0x70, 0x61, 0x74, 0x68, 0x17, 0x0E, 0x00, 0x03, 0x04, 0x70, 0x61, 0x74, 0x68,
    0x17, 0x0A, 0x00, 0x03, 0x09, 0x6F, 0x62, 0x6A, 0x65, 0x63, 0x74, 0x69, 0x76, 0x65, 0x18, 0x09,
    0x00, 0x03, 0x05, 0x76, 0x61, 0x6C, 0x75, 0x65, 0x09, 0x00, 0x03, 0x03, 0x6D, 0x61, 0x78, 0x02,
    0x06, 0xBF, 0x0A, 0xC0, 0x0A, 0xC1, 0x0A, 0xC2, 0x0A, 0xC3, 0x0A, 0xC4, 0x0A, 0x04, 0x70, 0x61,
    0x74, 0x68, 0x17, 0x02, 0x06, 0xBF, 0x0A, 0xC0, 0x0A, 0xC1, 0x0A, 0xC2, 0x0A, 0xC3, 0x0A, 0xC4,
    0x0A, 0x04, 0x70, 0x61, 0x74, 0x68, 0x17, 0x02, 0x06, 0xBF, 0x0A, 0xC0, 0x0A, 0xC1, 0x0A, 0xC2,
    0x0A, 0xC3, 0x0A, 0xC4, 0x0A, 0x04, 0x70, 0x61, 0x74, 0x68, 0x17, 0x0A, 0x00, 0x03, 0x09, 0x6F,
    0x62, 0x6A, 0x65, 0x63, 0x74, 0x69, 0x76, 0x65, 0x18, 0x02, 0x06, 0xBF, 0x0A, 0xC0, 0x0A, 0xC1,
    0x0A, 0xC2, 0x0A, 0xC3, 0x0A, 0xC4, 0x0A, 0x04, 0x70, 0x61, 0x74, 0x68, 0x17, 0x02, 0x06, 0xBF,
    0x0A, 0xC0, 0x0A, 0xC1, 0x0A, 0xC2, 0x0A, 0xC3, 0x0A, 0xC4, 0x0A, 0x04, 0x70, 0x61, 0x74, 0x68,
    0x17, 0x02, 0x06, 0xBF, 0x0A, 0xC0, 0x0A, 0xC1, 0x0A, 0xC2, 0x0A, 0xC3, 0x0A, 0xC4, 0x0A, 0x04,
    0x70, 0x61, 0x74, 0x68, 0x17, 0x05, 0x00, 0x05, 0x66, 0x6F, 0x72, 0x63, 0x65, 0x05, 0x00, 0x04,
    0x6D, 0x6F, 0x76, 0x65, 0x05, 0x00, 0x06, 0x6E, 0x6F, 0x72, 0x6D, 0x61, 0x6C, 0x05, 0x00, 0x05,
    0x66, 0x6F, 0x72, 0x63, 0x65, 0x05, 0x00, 0x04, 0x6D, 0x6F, 0x76, 0x65, 0x05, 0x00, 0x06, 0x6E,
    0x6F, 0x72, 0x6D, 0x61, 0x6C, 0x06, 0x03, 0xC5, 0x0A, 0xC6, 0x0A, 0xC7, 0x0A, 0x06, 0x66, 0x69,
    0x6C, 0x74, 0x65, 0x72, 0x0D, 0x05, 0x03, 0xC8, 0x0A, 0xC9, 0x0A, 0xCA, 0x0A, 0x07, 0x72, 0x65,
    0x70, 0x6C, 0x61, 0x63, 0x65, 0x05, 0x03, 0xCB, 0x0A, 0xCC, 0x0A, 0xCD, 0x0A, 0x06, 0x6D, 0x61,
    0x73, 0x6B, 0x65, 0x64, 0x01, 0x01, 0xCE, 0x0A, 0x08, 0x66, 0x69, 0x6C, 0x74, 0x65, 0x72, 0x65,
    0x64, 0x06, 0x04, 0xCF, 0x0A, 0xD0, 0x0A, 0xD1, 0x0A, 0xD2, 0x0A, 0x0B, 0x64, 0x65, 0x73, 0x74,
    0x69, 0x6E, 0x61, 0x74, 0x69, 0x6F, 0x6E, 0x08, 0x06, 0x04, 0xD3, 0x0A, 0xD4, 0x0A, 0xD5, 0x0A,
    0xD6, 0x0A, 0x0B, 0x64, 0x65, 0x73, 0x74, 0x69, 0x6E, 0x61, 0x74, 0x69, 0x6F, 0x6E, 0x08, 0x01,
    0x01, 0xD7, 0x0A, 0x02, 0x74, 0x6F, 0x06, 0x00, 0x08, 0x6C, 0x6F, 0x63, 0x61, 0x74, 0x69, 0x6F,
    0x6E, 0x0A, 0x06, 0x01, 0xD8, 0x0A, 0x06, 0x65, 0x6E, 0x74, 0x69, 0x74, 0x79, 0x06, 0x01, 0x06,
    0x00, 0x05, 0x73, 0x63, 0x61, 0x6C, 0x65, 0x02, 0x00, 0x06, 0x00, 0x05, 0x73, 0x63, 0x61, 0x6C,
    0x65, 0x02, 0x00, 0x06, 0x00, 0x05, 0x73, 0x63, 0x61, 0x6C, 0x65, 0x02, 0x00, 0x01, 0x01, 0xD9,
    0x0A, 0x06, 0x69, 0x6E, 0x73, 0x65, 0x72, 0x74, 0x01, 0x03, 0xDA, 0x0A, 0xDB, 0x0A, 0xDC, 0x0A,
    0x07, 0x70, 0x72, 0x65, 0x70, 0x65, 0x6E, 0x64, 0x01, 0x03, 0xDD, 0x0A, 0xDE, 0x0A, 0xDF, 0x0A,
    0x06, 0x61, 0x70, 0x70, 0x65, 0x6E, 0x64, 0x01, 0x03, 0xE0, 0x0A, 0xE1, 0x0A, 0xE2, 0x0A, 0x03,
    0x73, 0x65, 0x74, 0x01, 0x03, 0xE3, 0x0A, 0xE4, 0x0A, 0xE5, 0x0A, 0x05, 0x6D, 0x65, 0x72, 0x67,
    0x65, 0x01, 0x01, 0xE6, 0x0A, 0x06, 0x69, 0x6E, 0x73, 0x65, 0x72, 0x74, 0x01, 0x03, 0xE7, 0x0A,
    0xE8, 0x0A, 0xE9, 0x0A, 0x07, 0x70, 0x72, 0x65, 0x70, 0x65, 0x6E, 0x64, 0x01, 0x03, 0xEA, 0x0A,
    0xEB, 0x0A, 0xEC, 0x0A, 0x06, 0x61, 0x70, 0x70, 0x65, 0x6E, 0x64, 0x01, 0x03, 0xED, 0x0A, 0xEE,
    0x0A, 0xEF, 0x0A, 0x03, 0x73, 0x65, 0x74, 0x01, 0x03, 0xF0, 0x0A, 0xF1, 0x0A, 0xF2, 0x0A, 0x05,
    0x6D, 0x65, 0x72, 0x67, 0x65, 0x01, 0x01, 0xF3, 0x0A, 0x06, 0x69, 0x6E, 0x73, 0x65, 0x72, 0x74,
    0x01, 0x03, 0xF4, 0x0A, 0xF5, 0x0A, 0xF6, 0x0A, 0x07, 0x70, 0x72, 0x65, 0x70, 0x65, 0x6E, 0x64,
    0x01, 0x03, 0xF7, 0x0A, 0xF8, 0x0A, 0xF9, 0x0A, 0x06, 0x61, 0x70, 0x70, 0x65, 0x6E, 0x64, 0x01,
    0x03, 0xFA, 0x0A, 0xFB, 0x0A, 0xFC, 0x0A, 0x03, 0x73, 0x65, 0x74, 0x01, 0x03, 0xFD, 0x0A, 0xFE,
    0x0A, 0xFF, 0x0A, 0x05, 0x6D, 0x65, 0x72, 0x67, 0x65, 0x06, 0x01, 0x80, 0x0B, 0x09, 0x61, 0x6D,
    0x70, 0x6C, 0x69, 0x66, 0x69, 0x65, 0x72, 0x03, 0x03, 0x00, 0x00, 0x00, 0x00, 0x00, 0x00, 0x00,
    0xFF, 0x06, 0x01, 0x81, 0x0B, 0x09, 0x61, 0x6D, 0x70, 0x6C, 0x69, 0x66, 0x69, 0x65, 0x72, 0x03,
    0x03, 0x00, 0x00, 0x00, 0x00, 0x00, 0x00, 0x00, 0xFF, 0x06, 0x04, 0x82, 0x0B, 0x83, 0x0B, 0x84,
    0x0B, 0x85, 0x0B, 0x06, 0x66, 0x69, 0x6C, 0x74, 0x65, 0x72, 0x0D, 0x06, 0x00, 0x06, 0x66, 0x69,
    0x6C, 0x74, 0x65, 0x72, 0x2C, 0x18, 0x6D, 0x69, 0x6E, 0x65, 0x63, 0x72, 0x61, 0x66, 0x74, 0x3A,
    0x77, 0x6F, 0x72, 0x6C, 0x64, 0x67, 0x65, 0x6E, 0x2F, 0x62, 0x69, 0x6F, 0x6D, 0x65, 0x06, 0x00,
    0x04, 0x70, 0x61, 0x74, 0x68, 0x17, 0x06, 0x00, 0x04, 0x70, 0x61, 0x74, 0x68, 0x17, 0x06, 0x00,
    0x04, 0x70, 0x61, 0x74, 0x68, 0x17, 0x01, 0x01, 0x86, 0x0B, 0x04, 0x77, 0x69, 0x74, 0x68, 0x01,
    0x02, 0x87, 0x0B, 0x88, 0x0B, 0x04, 0x66, 0x72, 0x6F, 0x6D, 0x01, 0x01, 0x89, 0x0B, 0x04, 0x77,
    0x69, 0x74, 0x68, 0x01, 0x02, 0x8A, 0x0B, 0x8B, 0x0B, 0x04, 0x66, 0x72, 0x6F, 0x6D, 0x06, 0x00,
    0x08, 0x6D, 0x6F, 0x64, 0x69, 0x66, 0x69, 0x65, 0x72, 0x36, 0x06, 0x00, 0x08, 0x6D, 0x6F, 0x64,
    0x69, 0x66, 0x69, 0x65, 0x72, 0x36, 0x01, 0x01, 0x8C, 0x0B, 0x04, 0x66, 0x69, 0x73, 0x68, 0x01,
    0x01, 0x8D, 0x0B, 0x04, 0x6C, 0x6F, 0x6F, 0x74, 0x01, 0x01, 0x8E, 0x0B, 0x04, 0x6B, 0x69, 0x6C,
    0x6C, 0x01, 0x01, 0x8F, 0x0B, 0x04, 0x6D, 0x69, 0x6E, 0x65, 0x02, 0x04, 0x90, 0x0B, 0x91, 0x0B,
    0x92, 0x0B, 0x93, 0x0B, 0x05, 0x63, 0x6F, 0x75, 0x6E, 0x74, 0x03, 0x01, 0x00, 0x00, 0x00, 0x00,
    0x01, 0x01, 0x94, 0x0B, 0x04, 0x66, 0x69, 0x73, 0x68, 0x01, 0x01, 0x95, 0x0B, 0x04, 0x6C, 0x6F,
    0x6F, 0x74, 0x01, 0x01, 0x96, 0x0B, 0x04, 0x6B, 0x69, 0x6C, 0x6C, 0x01, 0x01, 0x97, 0x0B, 0x04,
    0x6D, 0x69, 0x6E, 0x65, 0x02, 0x04, 0x98, 0x0B, 0x99, 0x0B, 0x9A, 0x0B, 0x9B, 0x0B, 0x05, 0x63,
    0x6F, 0x75, 0x6E, 0x74, 0x03, 0x01, 0x00, 0x00, 0x00, 0x00, 0x06, 0x03, 0x9C, 0x0B, 0x9D, 0x0B,
    0x9E, 0x0B, 0x03, 0x70, 0x6F, 0x73, 0x08, 0x06, 0x00, 0x04, 0x74, 0x6F, 0x6F, 0x6C, 0x0E, 0x05,
    0x00, 0x08, 0x6D, 0x61, 0x69, 0x6E, 0x68, 0x61, 0x6E, 0x64, 0x05, 0x00, 0x07, 0x6F, 0x66, 0x66,
    0x68, 0x61, 0x6E, 0x64, 0x06, 0x03, 0x9F, 0x0B, 0xA0, 0x0B, 0xA1, 0x0B, 0x03, 0x70, 0x6F, 0x73,
    0x08, 0x06, 0x00, 0x04, 0x74, 0x6F, 0x6F, 0x6C, 0x0E, 0x05, 0x00, 0x08, 0x6D, 0x61, 0x69, 0x6E,
    0x68, 0x61, 0x6E, 0x64, 0x05, 0x00, 0x07, 0x6F, 0x66, 0x66, 0x68, 0x61, 0x6E, 0x64, 0x06, 0x03,
    0xA2, 0x0B, 0xA3, 0x0B, 0xA4, 0x0B, 0x03, 0x70, 0x6F, 0x73, 0x08, 0x06, 0x00, 0x04, 0x74, 0x6F,
    0x6F, 0x6C, 0x0E, 0x05, 0x00, 0x08, 0x6D, 0x61, 0x69, 0x6E, 0x68, 0x61, 0x6E, 0x64, 0x05, 0x00,
    0x07, 0x6F, 0x66, 0x66, 0x68, 0x61, 0x6E, 0x64, 0x06, 0x02, 0xA5, 0x0B, 0xA6, 0x0B, 0x05, 0x63,
    0x6F, 0x75, 0x6E, 0x74, 0x03, 0x01, 0x00, 0x00, 0x00, 0x00, 0x06, 0x00, 0x08, 0x70, 0x6F, 0x73,
    0x69, 0x74, 0x69, 0x6F, 0x6E, 0x08, 0x06, 0x01, 0xA7, 0x0B, 0x06, 0x6D, 0x69, 0x72, 0x72, 0x6F,
    0x72, 0x31, 0x06, 0x01, 0xA8, 0x0B, 0x06, 0x76, 0x6F, 0x6C, 0x75, 0x6D, 0x65, 0x01, 0x01, 0x00,
    0x00, 0x00, 0x00, 0x06, 0x01, 0xA9, 0x0B, 0x06, 0x76, 0x6F, 0x6C, 0x75, 0x6D, 0x65, 0x01, 0x01,
    0x00, 0x00, 0x00, 0x00, 0x06, 0x01, 0xAA, 0x0B, 0x06, 0x76, 0x6F, 0x6C, 0x75, 0x6D, 0x65, 0x01,
    0x01, 0x00, 0x00, 0x00, 0x00, 0x06, 0x01, 0xAB, 0x0B, 0x06, 0x76, 0x6F, 0x6C, 0x75, 0x6D, 0x65,
    0x01, 0x01, 0x00, 0x00, 0x00, 0x00, 0x06, 0x01, 0xAC, 0x0B, 0x06, 0x76, 0x6F, 0x6C, 0x75, 0x6D,
    0x65, 0x01, 0x01, 0x00, 0x00, 0x00, 0x00, 0x06, 0x01, 0xAD, 0x0B, 0x06, 0x76, 0x6F, 0x6C, 0x75,
    0x6D, 0x65, 0x01, 0x01, 0x00, 0x00, 0x00, 0x00, 0x06, 0x01, 0xAE, 0x0B, 0x06, 0x76, 0x6F, 0x6C,
    0x75, 0x6D, 0x65, 0x01, 0x01, 0x00, 0x00, 0x00, 0x00, 0x06, 0x01, 0xAF, 0x0B, 0x06, 0x76, 0x6F,
    0x6C, 0x75, 0x6D, 0x65, 0x01, 0x01, 0x00, 0x00, 0x00, 0x00, 0x06, 0x01, 0xB0, 0x0B, 0x06, 0x76,
    0x6F, 0x6C, 0x75, 0x6D, 0x65, 0x01, 0x01, 0x00, 0x00, 0x00, 0x00, 0x06, 0x01, 0xB1, 0x0B, 0x06,
    0x76, 0x6F, 0x6C, 0x75, 0x6D, 0x65, 0x01, 0x01, 0x00, 0x00, 0x00, 0x00, 0x06, 0x01, 0xB2, 0x0B,
    0x06, 0x76, 0x6F, 0x6C, 0x75, 0x6D, 0x65, 0x01, 0x01, 0x00, 0x00, 0x00, 0x00, 0x06, 0x00, 0x11,
    0x69, 0x6E, 0x63, 0x6C, 0x75, 0x64, 0x65, 0x53, 0x65, 0x71, 0x75, 0x65, 0x6E, 0x63, 0x65, 0x49,
    0x64, 0x00, 0x06, 0x00, 0x11, 0x69, 0x6E, 0x63, 0x6C, 0x75, 0x64, 0x65, 0x53, 0x65, 0x71, 0x75,
    0x65, 0x6E, 0x63, 0x65, 0x49, 0x64, 0x00, 0x06, 0x00, 0x0C, 0x66, 0x61, 0x63, 0x69, 0x6E, 0x67,
    0x41, 0x6E, 0x63, 0x68, 0x6F, 0x72, 0x26, 0x06, 0x00, 0x0B, 0x64, 0x69, 0x73, 0x70, 0x6C, 0x61,
    0x79, 0x4E, 0x61, 0x6D, 0x65, 0x12, 0x06, 0x00, 0x0B, 0x64, 0x69, 0x73, 0x70, 0x6C, 0x61, 0x79,
    0x4E, 0x61, 0x6D, 0x65, 0x12, 0x05, 0x00, 0x07, 0x69, 0x6E, 0x74, 0x65, 0x67, 0x65, 0x72, 0x05,
    0x00, 0x06, 0x68, 0x65, 0x61, 0x72, 0x74, 0x73, 0x06, 0x00, 0x05, 0x76, 0x61, 0x6C, 0x75, 0x65,
    0x00, 0x05, 0x00, 0x05, 0x62, 0x6C, 0x61, 0x6E, 0x6B, 0x01, 0x01, 0xB3, 0x0B, 0x05, 0x66, 0x69,
    0x78, 0x65, 0x64, 0x01, 0x01, 0xB4, 0x0B, 0x06, 0x73, 0x74, 0x79, 0x6C, 0x65, 0x64, 0x06, 0x00,
    0x05, 0x73, 0x63, 0x6F, 0x72, 0x65, 0x03, 0x00, 0x06, 0x00, 0x05, 0x73, 0x63, 0x6F, 0x72, 0x65,
    0x03, 0x01, 0x00, 0x00, 0x00, 0x00, 0x06, 0x00, 0x05, 0x73, 0x63, 0x6F, 0x72, 0x65, 0x03, 0x01,
    0x00, 0x00, 0x00, 0x00, 0x06, 0x01, 0xB5, 0x0B, 0x09, 0x6F, 0x62, 0x6A, 0x65, 0x63, 0x74, 0x69,
    0x76, 0x65, 0x18, 0x06, 0x03, 0xB6, 0x0B, 0xB7, 0x0B, 0xB8, 0x0B, 0x09, 0x6F, 0x62, 0x6A, 0x65,
    0x63, 0x74, 0x69, 0x76, 0x65, 0x18, 0x02, 0x01, 0xB9, 0x0B, 0x09, 0x6F, 0x70, 0x65, 0x72, 0x61,
    0x74, 0x69, 0x6F, 0x6E, 0x1A, 0x06, 0x00, 0x07, 0x74, 0x61, 0x72, 0x67, 0x65, 0x74, 0x73, 0x06,
    0x00, 0x02, 0x01, 0xBA, 0x0B, 0x09, 0x6D, 0x61, 0x78, 0x48, 0x65, 0x69, 0x67, 0x68, 0x74, 0x03,
    0x00, 0x06, 0x01, 0xBB, 0x0B, 0x0C, 0x66, 0x61, 0x63, 0x69, 0x6E, 0x67, 0x45, 0x6E, 0x74, 0x69,
    0x74, 0x79, 0x06, 0x01, 0x06, 0x01, 0xBC, 0x0B, 0x0D, 0x72, 0x6F, 0x74, 0x61, 0x74, 0x69, 0x6F,
    0x6E, 0x53, 0x74, 0x65, 0x70, 0x73, 0x03, 0x00, 0x06, 0x01, 0xBD, 0x0B, 0x0D, 0x72, 0x6F, 0x74,
    0x61, 0x74, 0x69, 0x6F, 0x6E, 0x53, 0x74, 0x65, 0x70, 0x73, 0x03, 0x00, 0x06, 0x00, 0x0B, 0x74,
    0x65, 0x73, 0x74, 0x73, 0x50, 0x65, 0x72, 0x52, 0x6F, 0x77, 0x03, 0x00, 0x06, 0x00, 0x05, 0x64,
    0x65, 0x70, 0x74, 0x68, 0x03, 0x00, 0x05, 0x00, 0x0A, 0x72, 0x65, 0x70, 0x65, 0x74, 0x69, 0x74,
    0x69, 0x6F, 0x6E, 0x06, 0x00, 0x07, 0x66, 0x61, 0x64, 0x65, 0x4F, 0x75, 0x74, 0x2B, 0x00, 0x00,
    0x00, 0x00, 0x06, 0x00, 0x05, 0x63, 0x6F, 0x6C, 0x6F, 0x72, 0x11, 0x06, 0x00, 0x05, 0x73, 0x74,
    0x79, 0x6C, 0x65, 0x24, 0x02, 0x03, 0xBE, 0x0B, 0xBF, 0x0B, 0xC0, 0x0B, 0x05, 0x76, 0x61, 0x6C,
    0x75, 0x65, 0x02, 0x00, 0x16, 0x01, 0xC1, 0x0B, 0x02, 0x69, 0x64, 0x24, 0x14, 0x6D, 0x69, 0x6E,
    0x65, 0x63, 0x72, 0x61, 0x66, 0x74, 0x3A, 0x61, 0x73, 0x6B, 0x5F, 0x73, 0x65, 0x72, 0x76, 0x65,
    0x72, 0x12, 0x01, 0xC2, 0x0B, 0x06, 0x73, 0x6F, 0x75, 0x72, 0x63, 0x65, 0x1F, 0x00, 0x14, 0x6D,
    0x69, 0x6E, 0x65, 0x63, 0x72, 0x61, 0x66, 0x74, 0x3A, 0x61, 0x73, 0x6B, 0x5F, 0x73, 0x65, 0x72,
    0x76, 0x65, 0x72, 0x12, 0x01, 0xC3, 0x0B, 0x06, 0x73, 0x6F, 0x75, 0x72, 0x63, 0x65, 0x1F, 0x00,
    0x14, 0x6D, 0x69, 0x6E, 0x65, 0x63, 0x72, 0x61, 0x66, 0x74, 0x3A, 0x61, 0x73, 0x6B, 0x5F, 0x73,
    0x65, 0x72, 0x76, 0x65, 0x72, 0x12, 0x01, 0xC4, 0x0B, 0x06, 0x73, 0x6F, 0x75, 0x72, 0x63, 0x65,
    0x1F, 0x00, 0x14, 0x6D, 0x69, 0x6E, 0x65, 0x63, 0x72, 0x61, 0x66, 0x74, 0x3A, 0x61, 0x73, 0x6B,
    0x5F, 0x73, 0x65, 0x72, 0x76, 0x65, 0x72, 0x12, 0x01, 0xC5, 0x0B, 0x06, 0x73, 0x6F, 0x75, 0x72,
    0x63, 0x65, 0x1F, 0x00, 0x14, 0x6D, 0x69, 0x6E, 0x65, 0x63, 0x72, 0x61, 0x66, 0x74, 0x3A, 0x61,
    0x73, 0x6B, 0x5F, 0x73, 0x65, 0x72, 0x76, 0x65, 0x72, 0x12, 0x01, 0xC6, 0x0B, 0x06, 0x73, 0x6F,
    0x75, 0x72, 0x63, 0x65, 0x1F, 0x00, 0x14, 0x6D, 0x69, 0x6E, 0x65, 0x63, 0x72, 0x61, 0x66, 0x74,
    0x3A, 0x61, 0x73, 0x6B, 0x5F, 0x73, 0x65, 0x72, 0x76, 0x65, 0x72, 0x0E, 0x00, 0x03, 0x05, 0x72,
    0x61, 0x6E, 0x67, 0x65, 0x27, 0x0D, 0x00, 0x03, 0x03, 0x61, 0x6C, 0x6C, 0x0D, 0x00, 0x03, 0x06,
    0x6D, 0x61, 0x73, 0x6B, 0x65, 0x64, 0x0E, 0x00, 0x03, 0x0E, 0x69, 0x74, 0x65, 0x6D, 0x5F, 0x70,
    0x72, 0x65, 0x64, 0x69, 0x63, 0x61, 0x74, 0x65, 0x0F, 0x0E, 0x00, 0x03, 0x0E, 0x69, 0x74, 0x65,
    0x6D, 0x5F, 0x70, 0x72, 0x65, 0x64, 0x69, 0x63, 0x61, 0x74, 0x65, 0x0F, 0x12, 0x01, 0xC7, 0x0B,
    0x06, 0x73, 0x6F, 0x75, 0x72, 0x63, 0x65, 0x1F, 0x00, 0x14, 0x6D, 0x69, 0x6E, 0x65, 0x63, 0x72,
    0x61, 0x66, 0x74, 0x3A, 0x61, 0x73, 0x6B, 0x5F, 0x73, 0x65, 0x72, 0x76, 0x65, 0x72, 0x12, 0x01,
    0xC8, 0x0B, 0x06, 0x73, 0x6F, 0x75, 0x72, 0x63, 0x65, 0x1F, 0x00, 0x14, 0x6D, 0x69, 0x6E, 0x65,
    0x63, 0x72, 0x61, 0x66, 0x74, 0x3A, 0x61, 0x73, 0x6B, 0x5F, 0x73, 0x65, 0x72, 0x76, 0x65, 0x72,
    0x12, 0x01, 0xC9, 0x0B, 0x06, 0x73, 0x6F, 0x75, 0x72, 0x63, 0x65, 0x1F, 0x00, 0x14, 0x6D, 0x69,
    0x6E, 0x65, 0x63, 0x72, 0x61, 0x66, 0x74, 0x3A, 0x61, 0x73, 0x6B, 0x5F, 0x73, 0x65, 0x72, 0x76,
    0x65, 0x72, 0x12, 0x01, 0xCA, 0x0B, 0x06, 0x73, 0x6F, 0x75, 0x72, 0x63, 0x65, 0x1F, 0x00, 0x14,
    0x6D, 0x69, 0x6E, 0x65, 0x63, 0x72, 0x61, 0x66, 0x74, 0x3A, 0x61, 0x73, 0x6B, 0x5F, 0x73, 0x65,
    0x72, 0x76, 0x65, 0x72, 0x12, 0x01, 0xCB, 0x0B, 0x06, 0x73, 0x6F, 0x75, 0x72, 0x63, 0x65, 0x1F,
    0x00, 0x14, 0x6D, 0x69, 0x6E, 0x65, 0x63, 0x72, 0x61, 0x66, 0x74, 0x3A, 0x61, 0x73, 0x6B, 0x5F,
    0x73, 0x65, 0x72, 0x76, 0x65, 0x72, 0x0E, 0x00, 0x03, 0x05, 0x72, 0x61, 0x6E, 0x67, 0x65, 0x27,
    0x0D, 0x00, 0x03, 0x03, 0x61, 0x6C, 0x6C, 0x0D, 0x00, 0x03, 0x06, 0x6D, 0x61, 0x73, 0x6B, 0x65,
    0x64, 0x0E, 0x00, 0x03, 0x0E, 0x69, 0x74, 0x65, 0x6D, 0x5F, 0x70, 0x72, 0x65, 0x64, 0x69, 0x63,
    0x61, 0x74, 0x65, 0x0F, 0x0E, 0x00, 0x03, 0x0E, 0x69, 0x74, 0x65, 0x6D, 0x5F, 0x70, 0x72, 0x65,
    0x64, 0x69, 0x63, 0x61, 0x74, 0x65, 0x0F, 0x01, 0x01, 0xCC, 0x0B, 0x03, 0x69, 0x6E, 0x74, 0x01,
    0x01, 0xCC, 0x0B, 0x05, 0x66, 0x6C, 0x6F, 0x61, 0x74, 0x01, 0x01, 0xCC, 0x0B, 0x05, 0x73, 0x68,
    0x6F, 0x72, 0x74, 0x01, 0x01, 0xCC, 0x0B, 0x04, 0x6C, 0x6F, 0x6E, 0x67, 0x01, 0x01, 0xCC, 0x0B,
    0x06, 0x64, 0x6F, 0x75, 0x62, 0x6C, 0x65, 0x01, 0x01, 0xCC, 0x0B, 0x04, 0x62, 0x79, 0x74, 0x65,
    0x05, 0x00, 0x05, 0x66, 0x6F, 0x72, 0x63, 0x65, 0x05, 0x00, 0x04, 0x6D, 0x6F, 0x76, 0x65, 0x05,
    0x00, 0x06, 0x6E, 0x6F, 0x72, 0x6D, 0x61, 0x6C, 0x05, 0x00, 0x05, 0x66, 0x6F, 0x72, 0x63, 0x65,
    0x05, 0x00, 0x04, 0x6D, 0x6F, 0x76, 0x65, 0x05, 0x00, 0x06, 0x6E, 0x6F, 0x72, 0x6D, 0x61, 0x6C,
    0x05, 0x00, 0x05, 0x66, 0x6F, 0x72, 0x63, 0x65, 0x05, 0x00, 0x04, 0x6D, 0x6F, 0x76, 0x65, 0x05,
    0x00, 0x06, 0x6E, 0x6F, 0x72, 0x6D, 0x61, 0x6C, 0x06, 0x03, 0xCD, 0x0B, 0xCE, 0x0B, 0xCF, 0x0B,
    0x06, 0x66, 0x69, 0x6C, 0x74, 0x65, 0x72, 0x0D, 0x05, 0x03, 0xD0, 0x0B, 0xD1, 0x0B, 0xD2, 0x0B,
    0x07, 0x72, 0x65, 0x70, 0x6C, 0x61, 0x63, 0x65, 0x05, 0x03, 0xD3, 0x0B, 0xD4, 0x0B, 0xD5, 0x0B,
    0x06, 0x6D, 0x61, 0x73, 0x6B, 0x65, 0x64, 0x01, 0x01, 0xD6, 0x0B, 0x08, 0x66, 0x69, 0x6C, 0x74,
    0x65, 0x72, 0x65, 0x64, 0x05, 0x03, 0xD7, 0x0B, 0xD8, 0x0B, 0xD9, 0x0B, 0x06, 0x73, 0x74, 0x72,
    0x69, 0x63, 0x74, 0x05, 0x03, 0xDA, 0x0B, 0xDB, 0x0B, 0xDC, 0x0B, 0x07, 0x72, 0x65, 0x70, 0x6C,
    0x61, 0x63, 0x65, 0x05, 0x03, 0xDD, 0x0B, 0xDE, 0x0B, 0xDF, 0x0B, 0x06, 0x6D, 0x61, 0x73, 0x6B,
    0x65, 0x64, 0x01, 0x01, 0xE0, 0x0B, 0x08, 0x66, 0x69, 0x6C, 0x74, 0x65, 0x72, 0x65, 0x64, 0x05,
    0x03, 0xE1, 0x0B, 0xE2, 0x0B, 0xE3, 0x0B, 0x06, 0x73, 0x74, 0x72, 0x69, 0x63, 0x74, 0x02, 0x01,
    0xE4, 0x0B, 0x0F, 0x74, 0x61, 0x72, 0x67, 0x65, 0x74, 0x44, 0x69, 0x6D, 0x65, 0x6E, 0x73, 0x69,
    0x6F, 0x6E, 0x29, 0x01, 0x01, 0xE5, 0x0B, 0x04, 0x66, 0x72, 0x6F, 0x6D, 0x02, 0x03, 0xE6, 0x0B,
    0xE7, 0x0B, 0xE8, 0x0B, 0x05, 0x69, 0x6E, 0x64, 0x65, 0x78, 0x03, 0x00, 0x01, 0x03, 0xE9, 0x0B,
    0xEA, 0x0B, 0xEB, 0x0B, 0x04, 0x66, 0x72, 0x6F, 0x6D, 0x01, 0x03, 0xEC, 0x0B, 0xED, 0x0B, 0xEE,
    0x0B, 0x06, 0x73, 0x74, 0x72, 0x69, 0x6E, 0x67, 0x01, 0x01, 0xEF, 0x0B, 0x05, 0x76, 0x61, 0x6C,
    0x75, 0x65, 0x01, 0x03, 0xF0, 0x0B, 0xF1, 0x0B, 0xF2, 0x0B, 0x04, 0x66, 0x72, 0x6F, 0x6D, 0x01,
    0x03, 0xF3, 0x0B, 0xF4, 0x0B, 0xF5, 0x0B, 0x06, 0x73, 0x74, 0x72, 0x69, 0x6E, 0x67, 0x01, 0x01,
    0xF6, 0x0B, 0x05, 0x76, 0x61, 0x6C, 0x75, 0x65, 0x01, 0x03, 0xF7, 0x0B, 0xF8, 0x0B, 0xF9, 0x0B,
    0x04, 0x66, 0x72, 0x6F, 0x6D, 0x01, 0x03, 0xFA, 0x0B, 0xFB, 0x0B, 0xFC, 0x0B, 0x06, 0x73, 0x74,
    0x72, 0x69, 0x6E, 0x67, 0x01, 0x01, 0xFD, 0x0B, 0x05, 0x76, 0x61, 0x6C, 0x75, 0x65, 0x01, 0x03,
    0xFE, 0x0B, 0xFF, 0x0B, 0x80, 0x0C, 0x04, 0x66, 0x72, 0x6F, 0x6D, 0x01, 0x03, 0x81, 0x0C, 0x82,
    0x0C, 0x83, 0x0C, 0x06, 0x73, 0x74, 0x72, 0x69, 0x6E, 0x67, 0x01, 0x01, 0x84, 0x0C, 0x05, 0x76,
    0x61, 0x6C, 0x75, 0x65, 0x02, 0x03, 0x85, 0x0C, 0x86, 0x0C, 0x87, 0x0C, 0x05, 0x69, 0x6E, 0x64,
    0x65, 0x78, 0x03, 0x00, 0x01, 0x03, 0x88, 0x0C, 0x89, 0x0C, 0x8A, 0x0C, 0x04, 0x66, 0x72, 0x6F,
    0x6D, 0x01, 0x03, 0x8B, 0x0C, 0x8C, 0x0C, 0x8D, 0x0C, 0x06, 0x73, 0x74, 0x72, 0x69, 0x6E, 0x67,
    0x01, 0x01, 0x8E, 0x0C, 0x05, 0x76, 0x61, 0x6C, 0x75, 0x65, 0x01, 0x03, 0x8F, 0x0C, 0x90, 0x0C,
    0x91, 0x0C, 0x04, 0x66, 0x72, 0x6F, 0x6D, 0x01, 0x03, 0x92, 0x0C, 0x93, 0x0C, 0x94, 0x0C, 0x06,
    0x73, 0x74, 0x72, 0x69, 0x6E, 0x67, 0x01, 0x01, 0x95, 0x0C, 0x05, 0x76, 0x61, 0x6C, 0x75, 0x65,
    0x01, 0x03, 0x96, 0x0C, 0x97, 0x0C, 0x98, 0x0C, 0x04, 0x66, 0x72, 0x6F, 0x6D, 0x01, 0x03, 0x99,
    0x0C, 0x9A, 0x0C, 0x9B, 0x0C, 0x06, 0x73, 0x74, 0x72, 0x69, 0x6E, 0x67, 0x01, 0x01, 0x9C, 0x0C,
    0x05, 0x76, 0x61, 0x6C, 0x75, 0x65, 0x01, 0x03, 0x9D, 0x0C, 0x9E, 0x0C, 0x9F, 0x0C, 0x04, 0x66,
    0x72, 0x6F, 0x6D, 0x01, 0x03, 0xA0, 0x0C, 0xA1, 0x0C, 0xA2, 0x0C, 0x06, 0x73, 0x74, 0x72, 0x69,
    0x6E, 0x67, 0x01, 0x01, 0xA3, 0x0C, 0x05, 0x76, 0x61, 0x6C, 0x75, 0x65, 0x02, 0x03, 0xA4, 0x0C,
    0xA5, 0x0C, 0xA6, 0x0C, 0x05, 0x69, 0x6E, 0x64, 0x65, 0x78, 0x03, 0x00, 0x01, 0x03, 0xA7, 0x0C,
    0xA8, 0x0C, 0xA9, 0x0C, 0x04, 0x66, 0x72, 0x6F, 0x6D, 0x01, 0x03, 0xAA, 0x0C, 0xAB, 0x0C, 0xAC,
    0x0C, 0x06, 0x73, 0x74, 0x72, 0x69, 0x6E, 0x67, 0x01, 0x01, 0xAD, 0x0C, 0x05, 0x76, 0x61, 0x6C,
    0x75, 0x65, 0x01, 0x03, 0xAE, 0x0C, 0xAF, 0x0C, 0xB0, 0x0C, 0x04, 0x66, 0x72, 0x6F, 0x6D, 0x01,
    0x03, 0xB1, 0x0C, 0xB2, 0x0C, 0xB3, 0x0C, 0x06, 0x73, 0x74, 0x72, 0x69, 0x6E, 0x67, 0x01, 0x01,
    0xB4, 0x0C, 0x05, 0x76, 0x61, 0x6C, 0x75, 0x65, 0x01, 0x03, 0xB5, 0x0C, 0xB6, 0x0C, 0xB7, 0x0C,
    0x04, 0x66, 0x72, 0x6F, 0x6D, 0x01, 0x03, 0xB8, 0x0C, 0xB9, 0x0C, 0xBA, 0x0C, 0x06, 0x73, 0x74,
    0x72, 0x69, 0x6E, 0x67, 0x01, 0x01, 0xBB, 0x0C, 0x05, 0x76, 0x61, 0x6C, 0x75, 0x65, 0x01, 0x03,
    0xBC, 0x0C, 0xBD, 0x0C, 0xBE, 0x0C, 0x04, 0x66, 0x72, 0x6F, 0x6D, 0x01, 0x03, 0xBF, 0x0C, 0xC0,
    0x0C, 0xC1, 0x0C, 0x06, 0x73, 0x74, 0x72, 0x69, 0x6E, 0x67, 0x01, 0x01, 0xC2, 0x0C, 0x05, 0x76,
    0x61, 0x6C, 0x75, 0x65, 0x06, 0x00, 0x0D, 0x68, 0x69, 0x64, 0x65, 0x50, 0x61, 0x72, 0x74, 0x69,
    0x63, 0x6C, 0x65, 0x73, 0x00, 0x06, 0x00, 0x0D, 0x68, 0x69, 0x64, 0x65, 0x50, 0x61, 0x72, 0x74,
    0x69, 0x63, 0x6C, 0x65, 0x73, 0x00, 0x05, 0x00, 0x07, 0x6F, 0x75, 0x74, 0x6C, 0x69, 0x6E, 0x65,
    0x05, 0x00, 0x06, 0x68, 0x6F, 0x6C, 0x6C, 0x6F, 0x77, 0x05, 0x00, 0x07, 0x64, 0x65, 0x73, 0x74,
    0x72, 0x6F, 0x79, 0x05, 0x00, 0x06, 0x73, 0x74, 0x72, 0x69, 0x63, 0x74, 0x06, 0x01, 0xC3, 0x0C,
    0x04, 0x69, 0x74, 0x65, 0x6D, 0x0E, 0x01, 0x01, 0xC4, 0x0C, 0x05, 0x62, 0x6C, 0x6F, 0x63, 0x6B,
    0x01, 0x01, 0xC5, 0x0C, 0x06, 0x65, 0x6E, 0x74, 0x69, 0x74, 0x79, 0x06, 0x01, 0xC6, 0x0C, 0x04,
    0x69, 0x74, 0x65, 0x6D, 0x0E, 0x01, 0x01, 0xC7, 0x0C, 0x05, 0x62, 0x6C, 0x6F, 0x63, 0x6B, 0x01,
    0x01, 0xC8, 0x0C, 0x06, 0x65, 0x6E, 0x74, 0x69, 0x74, 0x79, 0x02, 0x01, 0xC9, 0x0C, 0x0A, 0x6C,
    0x6F, 0x6F, 0x74, 0x5F, 0x74, 0x61, 0x62, 0x6C, 0x65, 0x34, 0x06, 0x00, 0x0A, 0x6C, 0x6F, 0x6F,
    0x74, 0x5F, 0x74, 0x61, 0x62, 0x6C, 0x65, 0x34, 0x06, 0x00, 0x06, 0x74, 0x61, 0x72, 0x67, 0x65,
    0x74, 0x06, 0x01, 0x06, 0x03, 0xCA, 0x0C, 0xCB, 0x0C, 0xCC, 0x0C, 0x03, 0x70, 0x6F, 0x73, 0x08,
    0x01, 0x01, 0xCD, 0x0C, 0x04, 0x66, 0x69, 0x73, 0x68, 0x01, 0x01, 0xCE, 0x0C, 0x04, 0x6C, 0x6F,
    0x6F, 0x74, 0x01, 0x01, 0xCF, 0x0C, 0x04, 0x6B, 0x69, 0x6C, 0x6C, 0x01, 0x01, 0xD0, 0x0C, 0x04,
    0x6D, 0x69, 0x6E, 0x65, 0x02, 0x01, 0xD1, 0x0C, 0x0A, 0x6C, 0x6F, 0x6F, 0x74, 0x5F, 0x74, 0x61,
    0x62, 0x6C, 0x65, 0x34, 0x06, 0x00, 0x0A, 0x6C, 0x6F, 0x6F, 0x74, 0x5F, 0x74, 0x61, 0x62, 0x6C,
    0x65, 0x34, 0x06, 0x00, 0x06, 0x74, 0x61, 0x72, 0x67, 0x65, 0x74, 0x06, 0x01, 0x06, 0x03, 0xD2,
    0x0C, 0xD3, 0x0C, 0xD4, 0x0C, 0x03, 0x70, 0x6F, 0x73, 0x08, 0x01, 0x01, 0xD5, 0x0C, 0x04, 0x66,
    0x69, 0x73, 0x68, 0x01, 0x01, 0xD6, 0x0C, 0x04, 0x6C, 0x6F, 0x6F, 0x74, 0x01, 0x01, 0xD7, 0x0C,
    0x04, 0x6B, 0x69, 0x6C, 0x6C, 0x01, 0x01, 0xD8, 0x0C, 0x04, 0x6D, 0x69, 0x6E, 0x65, 0x06, 0x00,
    0x04, 0x74, 0x6F, 0x6F, 0x6C, 0x0E, 0x05, 0x00, 0x08, 0x6D, 0x61, 0x69, 0x6E, 0x68, 0x61, 0x6E,
    0x64, 0x05, 0x00, 0x07, 0x6F, 0x66, 0x66, 0x68, 0x61, 0x6E, 0x64, 0x06, 0x00, 0x04, 0x74, 0x6F,
    0x6F, 0x6C, 0x0E, 0x05, 0x00, 0x08, 0x6D, 0x61, 0x69, 0x6E, 0x68, 0x61, 0x6E, 0x64, 0x05, 0x00,
    0x07, 0x6F, 0x66, 0x66, 0x68, 0x61, 0x6E, 0x64, 0x06, 0x00, 0x04, 0x74, 0x6F, 0x6F, 0x6C, 0x0E,
    0x05, 0x00, 0x08, 0x6D, 0x61, 0x69, 0x6E, 0x68, 0x61, 0x6E, 0x64, 0x05, 0x00, 0x07, 0x6F, 0x66,
    0x66, 0x68, 0x61, 0x6E, 0x64, 0x05, 0x01, 0xD9, 0x0C, 0x05, 0x66, 0x6F, 0x72, 0x63, 0x65, 0x05,
    0x01, 0xDA, 0x0C, 0x06, 0x6E, 0x6F, 0x72, 0x6D, 0x61, 0x6C, 0x06, 0x01, 0xDB, 0x0C, 0x09, 0x69,
    0x6E, 0x74, 0x65, 0x67, 0x72, 0x69, 0x74, 0x79, 0x01, 0x03, 0x00, 0x00, 0x00, 0x00, 0x3F, 0x80,
    0x00, 0x00, 0x06, 0x01, 0xDC, 0x0C, 0x05, 0x70, 0x69, 0x74, 0x63, 0x68, 0x01, 0x03, 0x00, 0x00,
    0x00, 0x00, 0x40, 0x00, 0x00, 0x00, 0x06, 0x01, 0xDD, 0x0C, 0x05, 0x70, 0x69, 0x74, 0x63, 0x68,
    0x01, 0x03, 0x00, 0x00, 0x00, 0x00, 0x40, 0x00, 0x00, 0x00, 0x06, 0x01, 0xDE, 0x0C, 0x05, 0x70,
    0x69, 0x74, 0x63, 0x68, 0x01, 0x03, 0x00, 0x00, 0x00, 0x00, 0x40, 0x00, 0x00, 0x00, 0x06, 0x01,
    0xDF, 0x0C, 0x05, 0x70, 0x69, 0x74, 0x63, 0x68, 0x01, 0x03, 0x00, 0x00, 0x00, 0x00, 0x40, 0x00,
    0x00, 0x00, 0x06, 0x01, 0xE0, 0x0C, 0x05, 0x70, 0x69, 0x74, 0x63, 0x68, 0x01, 0x03, 0x00, 0x00,
    0x00, 0x00, 0x40, 0x00, 0x00, 0x00, 0x06, 0x01, 0xE1, 0x0C, 0x05, 0x70, 0x69, 0x74, 0x63, 0x68,
    0x01, 0x03, 0x00, 0x00, 0x00, 0x00, 0x40, 0x00, 0x00, 0x00, 0x06, 0x01, 0xE2, 0x0C, 0x05, 0x70,
    0x69, 0x74, 0x63, 0x68, 0x01, 0x03, 0x00, 0x00, 0x00, 0x00, 0x40, 0x00, 0x00, 0x00, 0x06, 0x01,
    0xE3, 0x0C, 0x05, 0x70, 0x69, 0x74, 0x63, 0x68, 0x01, 0x03, 0x00, 0x00, 0x00, 0x00, 0x40, 0x00,
    0x00, 0x00, 0x06, 0x01, 0xE4, 0x0C, 0x05, 0x70, 0x69, 0x74, 0x63, 0x68, 0x01, 0x03, 0x00, 0x00,
    0x00, 0x00, 0x40, 0x00, 0x00, 0x00, 0x06, 0x01, 0xE5, 0x0C, 0x05, 0x70, 0x69, 0x74, 0x63, 0x68,
    0x01, 0x03, 0x00, 0x00, 0x00, 0x00, 0x40, 0x00, 0x00, 0x00, 0x06, 0x01, 0xE6, 0x0C, 0x05, 0x70,
    0x69, 0x74, 0x63, 0x68, 0x01, 0x03, 0x00, 0x00, 0x00, 0x00, 0x40, 0x00, 0x00, 0x00, 0x06, 0x00,
    0x08, 0x63, 0x6F, 0x6E, 0x74, 0x65, 0x6E, 0x74, 0x73, 0x12, 0x06, 0x00, 0x05, 0x73, 0x74, 0x79,
    0x6C, 0x65, 0x13, 0x06, 0x00, 0x04, 0x6E, 0x61, 0x6D, 0x65, 0x12, 0x05, 0x00, 0x05, 0x62, 0x6C,
    0x61, 0x6E, 0x6B, 0x01, 0x01, 0xE7, 0x0C, 0x05, 0x66, 0x69, 0x78, 0x65, 0x64, 0x01, 0x01, 0xE8,
    0x0C, 0x06, 0x73, 0x74, 0x79, 0x6C, 0x65, 0x64, 0x12, 0x01, 0xE9, 0x0C, 0x06, 0x73, 0x6F, 0x75,
    0x72, 0x63, 0x65, 0x1F, 0x01, 0x14, 0x6D, 0x69, 0x6E, 0x65, 0x63, 0x72, 0x61, 0x66, 0x74, 0x3A,
    0x61, 0x73, 0x6B, 0x5F, 0x73, 0x65, 0x72, 0x76, 0x65, 0x72, 0x02, 0x01, 0xEA, 0x0C, 0x0C, 0x72,
    0x65, 0x73, 0x70, 0x65, 0x63, 0x74, 0x54, 0x65, 0x61, 0x6D, 0x73, 0x00, 0x06, 0x00, 0x0C, 0x66,
    0x61, 0x63, 0x69, 0x6E, 0x67, 0x41, 0x6E, 0x63, 0x68, 0x6F, 0x72, 0x26, 0x06, 0x00, 0x0B, 0x74,
    0x65, 0x73, 0x74, 0x73, 0x50, 0x65, 0x72, 0x52, 0x6F, 0x77, 0x03, 0x00, 0x06, 0x00, 0x0B, 0x74,
    0x65, 0x73, 0x74, 0x73, 0x50, 0x65, 0x72, 0x52, 0x6F, 0x77, 0x03, 0x00, 0x05, 0x00, 0x09, 0x61,
    0x64, 0x64, 0x5F, 0x76, 0x61, 0x6C, 0x75, 0x65, 0x05, 0x00, 0x13, 0x61, 0x64, 0x64, 0x5F, 0x6D,
    0x75, 0x6C, 0x74, 0x69, 0x70, 0x6C, 0x69, 0x65, 0x64, 0x5F, 0x62, 0x61, 0x73, 0x65, 0x05, 0x00,
    0x14, 0x61, 0x64, 0x64, 0x5F, 0x6D, 0x75, 0x6C, 0x74, 0x69, 0x70, 0x6C, 0x69, 0x65, 0x64, 0x5F,
    0x74, 0x6F, 0x74, 0x61, 0x6C, 0x06, 0x00, 0x05, 0x73, 0x63, 0x61, 0x6C, 0x65, 0x02, 0x00, 0x0E,
    0x00, 0x03, 0x0F, 0x73, 0x6F, 0x75, 0x72, 0x63, 0x65, 0x4F, 0x62, 0x6A, 0x65, 0x63, 0x74, 0x69,
    0x76, 0x65, 0x18, 0x0E, 0x00, 0x03, 0x0F, 0x73, 0x6F, 0x75, 0x72, 0x63, 0x65, 0x4F, 0x62, 0x6A,
    0x65, 0x63, 0x74, 0x69, 0x76, 0x65, 0x18, 0x0E, 0x00, 0x03, 0x0F, 0x73, 0x6F, 0x75, 0x72, 0x63,
    0x65, 0x4F, 0x62, 0x6A, 0x65, 0x63, 0x74, 0x69, 0x76, 0x65, 0x18, 0x0E, 0x00, 0x03, 0x0F, 0x73,
    0x6F, 0x75, 0x72, 0x63, 0x65, 0x4F, 0x62, 0x6A, 0x65, 0x63, 0x74, 0x69, 0x76, 0x65, 0x18, 0x0E,
    0x00, 0x03, 0x0F, 0x73, 0x6F, 0x75, 0x72, 0x63, 0x65, 0x4F, 0x62, 0x6A, 0x65, 0x63, 0x74, 0x69,
    0x76, 0x65, 0x18, 0x0E, 0x00, 0x03, 0x0F, 0x73, 0x6F, 0x75, 0x72, 0x63, 0x65, 0x4F, 0x62, 0x6A,
    0x65, 0x63, 0x74, 0x69, 0x76, 0x65, 0x18, 0x0E, 0x00, 0x03, 0x0F, 0x73, 0x6F, 0x75, 0x72, 0x63,
    0x65, 0x4F, 0x62, 0x6A, 0x65, 0x63, 0x74, 0x69, 0x76, 0x65, 0x18, 0x0E, 0x00, 0x03, 0x0F, 0x73,
    0x6F, 0x75, 0x72, 0x63, 0x65, 0x4F, 0x62, 0x6A, 0x65, 0x63, 0x74, 0x69, 0x76, 0x65, 0x18, 0x0E,
    0x00, 0x03, 0x0F, 0x73, 0x6F, 0x75, 0x72, 0x63, 0x65, 0x4F, 0x62, 0x6A, 0x65, 0x63, 0x74, 0x69,
    0x76, 0x65, 0x18, 0x0E, 0x00, 0x03, 0x0F, 0x73, 0x6F, 0x75, 0x72, 0x63, 0x65, 0x4F, 0x62, 0x6A,
    0x65, 0x63, 0x74, 0x69, 0x76, 0x65, 0x18, 0x0A, 0x00, 0x03, 0x05, 0x73, 0x63, 0x61, 0x6C, 0x65,
    0x02, 0x00, 0x05, 0x00, 0x05, 0x66, 0x6F, 0x72, 0x63, 0x65, 0x05, 0x00, 0x04, 0x6D, 0x6F, 0x76,
    0x65, 0x05, 0x00, 0x06, 0x6E, 0x6F, 0x72, 0x6D, 0x61, 0x6C, 0x05, 0x00, 0x05, 0x66, 0x6F, 0x72,
    0x63, 0x65, 0x05, 0x00, 0x04, 0x6D, 0x6F, 0x76, 0x65, 0x05, 0x00, 0x06, 0x6E, 0x6F, 0x72, 0x6D,
    0x61, 0x6C, 0x05, 0x00, 0x05, 0x66, 0x6F, 0x72, 0x63, 0x65, 0x05, 0x00, 0x04, 0x6D, 0x6F, 0x76,
    0x65, 0x05, 0x00, 0x06, 0x6E, 0x6F, 0x72, 0x6D, 0x61, 0x6C, 0x06, 0x03, 0xEB, 0x0C, 0xEC, 0x0C,
    0xED, 0x0C, 0x06, 0x66, 0x69, 0x6C, 0x74, 0x65, 0x72, 0x0D, 0x05, 0x03, 0xEE, 0x0C, 0xEF, 0x0C,
    0xF0, 0x0C, 0x07, 0x72, 0x65, 0x70, 0x6C, 0x61, 0x63, 0x65, 0x05, 0x03, 0xF1, 0x0C, 0xF2, 0x0C,
    0xF3, 0x0C, 0x06, 0x6D, 0x61, 0x73, 0x6B, 0x65, 0x64, 0x01, 0x01, 0xF4, 0x0C, 0x08, 0x66, 0x69,
    0x6C, 0x74, 0x65, 0x72, 0x65, 0x64, 0x05, 0x00, 0x05, 0x66, 0x6F, 0x72, 0x63, 0x65, 0x05, 0x00,
    0x04, 0x6D, 0x6F, 0x76, 0x65, 0x05, 0x00, 0x06, 0x6E, 0x6F, 0x72, 0x6D, 0x61, 0x6C, 0x05, 0x00,
    0x05, 0x66, 0x6F, 0x72, 0x63, 0x65, 0x05, 0x00, 0x04, 0x6D, 0x6F, 0x76, 0x65, 0x05, 0x00, 0x06,
    0x6E, 0x6F, 0x72, 0x6D, 0x61, 0x6C, 0x06, 0x03, 0xF5, 0x0C, 0xF6, 0x0C, 0xF7, 0x0C, 0x06, 0x66,
    0x69, 0x6C, 0x74, 0x65, 0x72, 0x0D, 0x05, 0x03, 0xF8, 0x0C, 0xF9, 0x0C, 0xFA, 0x0C, 0x07, 0x72,
    0x65, 0x70, 0x6C, 0x61, 0x63, 0x65, 0x05, 0x03, 0xFB, 0x0C, 0xFC, 0x0C, 0xFD, 0x0C, 0x06, 0x6D,
    0x61, 0x73, 0x6B, 0x65, 0x64, 0x01, 0x01, 0xFE, 0x0C, 0x08, 0x66, 0x69, 0x6C, 0x74, 0x65, 0x72,
    0x65, 0x64, 0x06, 0x04, 0xFF, 0x0C, 0x80, 0x0D, 0x81, 0x0D, 0x82, 0x0D, 0x0B, 0x64, 0x65, 0x73,
    0x74, 0x69, 0x6E, 0x61, 0x74, 0x69, 0x6F, 0x6E, 0x08, 0x06, 0x00, 0x05, 0x63, 0x61, 0x75, 0x73,
    0x65, 0x06, 0x01, 0x01, 0x03, 0x83, 0x0D, 0x84, 0x0D, 0x85, 0x0D, 0x04, 0x66, 0x72, 0x6F, 0x6D,
    0x01, 0x03, 0x86, 0x0D, 0x87, 0x0D, 0x88, 0x0D, 0x06, 0x73, 0x74, 0x72, 0x69, 0x6E, 0x67, 0x01,
    0x01, 0x89, 0x0D, 0x05, 0x76, 0x61, 0x6C, 0x75, 0x65, 0x01, 0x01, 0x8A, 0x0D, 0x06, 0x65, 0x6E,
    0x74, 0x69, 0x74, 0x79, 0x01, 0x01, 0x8B, 0x0D, 0x05, 0x62, 0x6C, 0x6F, 0x63, 0x6B, 0x01, 0x01,
    0x8C, 0x0D, 0x07, 0x73, 0x74, 0x6F, 0x72, 0x61, 0x67, 0x65, 0x01, 0x01, 0x8D, 0x0D, 0x06, 0x65,
    0x6E, 0x74, 0x69, 0x74, 0x79, 0x01, 0x01, 0x8E, 0x0D, 0x05, 0x62, 0x6C, 0x6F, 0x63, 0x6B, 0x01,
    0x01, 0x8F, 0x0D, 0x07, 0x73, 0x74, 0x6F, 0x72, 0x61, 0x67, 0x65, 0x06, 0x00, 0x05, 0x76, 0x61,
    0x6C, 0x75, 0x65, 0x16, 0x01, 0x01, 0x90, 0x0D, 0x06, 0x65, 0x6E, 0x74, 0x69, 0x74, 0x79, 0x01,
    0x01, 0x91, 0x0D, 0x05, 0x62, 0x6C, 0x6F, 0x63, 0x6B, 0x01, 0x01, 0x92, 0x0D, 0x07, 0x73, 0x74,
    0x6F, 0x72, 0x61, 0x67, 0x65, 0x01, 0x01, 0x93, 0x0D, 0x06, 0x65, 0x6E, 0x74, 0x69, 0x74, 0x79,
    0x01, 0x01, 0x94, 0x0D, 0x05, 0x62, 0x6C, 0x6F, 0x63, 0x6B, 0x01, 0x01, 0x95, 0x0D, 0x07, 0x73,
    0x74, 0x6F, 0x72, 0x61, 0x67, 0x65, 0x06, 0x00, 0x05, 0x76, 0x61, 0x6C, 0x75, 0x65, 0x16, 0x01,
    0x01, 0x96, 0x0D, 0x06, 0x65, 0x6E, 0x74, 0x69, 0x74, 0x79, 0x01, 0x01, 0x97, 0x0D, 0x05, 0x62,
    0x6C, 0x6F, 0x63, 0x6B, 0x01, 0x01, 0x98, 0x0D, 0x07, 0x73, 0x74, 0x6F, 0x72, 0x61, 0x67, 0x65,
    0x01, 0x01, 0x99, 0x0D, 0x06, 0x65, 0x6E, 0x74, 0x69, 0x74, 0x79, 0x01, 0x01, 0x9A, 0x0D, 0x05,
    0x62, 0x6C, 0x6F, 0x63, 0x6B, 0x01, 0x01, 0x9B, 0x0D, 0x07, 0x73, 0x74, 0x6F, 0x72, 0x61, 0x67,
    0x65, 0x06, 0x00, 0x05, 0x76, 0x61, 0x6C, 0x75, 0x65, 0x16, 0x01, 0x01, 0x9C, 0x0D, 0x06, 0x65,
    0x6E, 0x74, 0x69, 0x74, 0x79, 0x01, 0x01, 0x9D, 0x0D, 0x05, 0x62, 0x6C, 0x6F, 0x63, 0x6B, 0x01,
    0x01, 0x9E, 0x0D, 0x07, 0x73, 0x74, 0x6F, 0x72, 0x61, 0x67, 0x65, 0x01, 0x01, 0x9F, 0x0D, 0x06,
    0x65, 0x6E, 0x74, 0x69, 0x74, 0x79, 0x01, 0x01, 0xA0, 0x0D, 0x05, 0x62, 0x6C, 0x6F, 0x63, 0x6B,
    0x01, 0x01, 0xA1, 0x0D, 0x07, 0x73, 0x74, 0x6F, 0x72, 0x61, 0x67, 0x65, 0x06, 0x00, 0x05, 0x76,
    0x61, 0x6C, 0x75, 0x65, 0x16, 0x01, 0x03, 0xA2, 0x0D, 0xA3, 0x0D, 0xA4, 0x0D, 0x04, 0x66, 0x72,
    0x6F, 0x6D, 0x01, 0x03, 0xA5, 0x0D, 0xA6, 0x0D, 0xA7, 0x0D, 0x06, 0x73, 0x74, 0x72, 0x69, 0x6E,
    0x67, 0x01, 0x01, 0xA8, 0x0D, 0x05, 0x76, 0x61, 0x6C, 0x75, 0x65, 0x01, 0x01, 0xA9, 0x0D, 0x06,
    0x65, 0x6E, 0x74, 0x69, 0x74, 0x79, 0x01, 0x01, 0xAA, 0x0D, 0x05, 0x62, 0x6C, 0x6F, 0x63, 0x6B,
    0x01, 0x01, 0xAB, 0x0D, 0x07, 0x73, 0x74, 0x6F, 0x72, 0x61, 0x67, 0x65, 0x01, 0x01, 0xAC, 0x0D,
    0x06, 0x65, 0x6E, 0x74, 0x69, 0x74, 0x79, 0x01, 0x01, 0xAD, 0x0D, 0x05, 0x62, 0x6C, 0x6F, 0x63,
    0x6B, 0x01, 0x01, 0xAE, 0x0D, 0x07, 0x73, 0x74, 0x6F, 0x72, 0x61, 0x67, 0x65, 0x06, 0x00, 0x05,
    0x76, 0x61, 0x6C, 0x75, 0x65, 0x16, 0x01, 0x01, 0xAF, 0x0D, 0x06, 0x65, 0x6E, 0x74, 0x69, 0x74,
    0x79, 0x01, 0x01, 0xB0, 0x0D, 0x05, 0x62, 0x6C, 0x6F, 0x63, 0x6B, 0x01, 0x01, 0xB1, 0x0D, 0x07,
    0x73, 0x74, 0x6F, 0x72, 0x61, 0x67, 0x65, 0x01, 0x01, 0xB2, 0x0D, 0x06, 0x65, 0x6E, 0x74, 0x69,
    0x74, 0x79, 0x01, 0x01, 0xB3, 0x0D, 0x05, 0x62, 0x6C, 0x6F, 0x63, 0x6B, 0x01, 0x01, 0xB4, 0x0D,
    0x07, 0x73, 0x74, 0x6F, 0x72, 0x61, 0x67, 0x65, 0x06, 0x00, 0x05, 0x76, 0x61, 0x6C, 0x75, 0x65,
    0x16, 0x01, 0x01, 0xB5, 0x0D, 0x06, 0x65, 0x6E, 0x74, 0x69, 0x74, 0x79, 0x01, 0x01, 0xB6, 0x0D,
    0x05, 0x62, 0x6C, 0x6F, 0x63, 0x6B, 0x01, 0x01, 0xB7, 0x0D, 0x07, 0x73, 0x74, 0x6F, 0x72, 0x61,
    0x67, 0x65, 0x01, 0x01, 0xB8, 0x0D, 0x06, 0x65, 0x6E, 0x74, 0x69, 0x74, 0x79, 0x01, 0x01, 0xB9,
    0x0D, 0x05, 0x62, 0x6C, 0x6F, 0x63, 0x6B, 0x01, 0x01, 0xBA, 0x0D, 0x07, 0x73, 0x74, 0x6F, 0x72,
    0x61, 0x67, 0x65, 0x06, 0x00, 0x05, 0x76, 0x61, 0x6C, 0x75, 0x65, 0x16, 0x01, 0x01, 0xBB, 0x0D,
    0x06, 0x65, 0x6E, 0x74, 0x69, 0x74, 0x79, 0x01, 0x01, 0xBC, 0x0D, 0x05, 0x62, 0x6C, 0x6F, 0x63,
    0x6B, 0x01, 0x01, 0xBD, 0x0D, 0x07, 0x73, 0x74, 0x6F, 0x72, 0x61, 0x67, 0x65, 0x01, 0x01, 0xBE,
    0x0D, 0x06, 0x65, 0x6E, 0x74, 0x69, 0x74, 0x79, 0x01, 0x01, 0xBF, 0x0D, 0x05, 0x62, 0x6C, 0x6F,
    0x63, 0x6B, 0x01, 0x01, 0xC0, 0x0D, 0x07, 0x73, 0x74, 0x6F, 0x72, 0x61, 0x67, 0x65, 0x06, 0x00,
    0x05, 0x76, 0x61, 0x6C, 0x75, 0x65, 0x16, 0x01, 0x03, 0xC1, 0x0D, 0xC2, 0x0D, 0xC3, 0x0D, 0x04,
    0x66, 0x72, 0x6F, 0x6D, 0x01, 0x03, 0xC4, 0x0D, 0xC5, 0x0D, 0xC6, 0x0D, 0x06, 0x73, 0x74, 0x72,
    0x69, 0x6E, 0x67, 0x01, 0x01, 0xC7, 0x0D, 0x05, 0x76, 0x61, 0x6C, 0x75, 0x65, 0x01, 0x01, 0xC8,
    0x0D, 0x06, 0x65, 0x6E, 0x74, 0x69, 0x74, 0x79, 0x01, 0x01, 0xC9, 0x0D, 0x05, 0x62, 0x6C, 0x6F,
    0x63, 0x6B, 0x01, 0x01, 0xCA, 0x0D, 0x07, 0x73, 0x74, 0x6F, 0x72, 0x61, 0x67, 0x65, 0x01, 0x01,
    0xCB, 0x0D, 0x06, 0x65, 0x6E, 0x74, 0x69, 0x74, 0x79, 0x01, 0x01, 0xCC, 0x0D, 0x05, 0x62, 0x6C,
    0x6F, 0x63, 0x6B, 0x01, 0x01, 0xCD, 0x0D, 0x07, 0x73, 0x74, 0x6F, 0x72, 0x61, 0x67, 0x65, 0x06,
    0x00, 0x05, 0x76, 0x61, 0x6C, 0x75, 0x65, 0x16, 0x01, 0x01, 0xCE, 0x0D, 0x06, 0x65, 0x6E, 0x74,
    0x69, 0x74, 0x79, 0x01, 0x01, 0xCF, 0x0D, 0x05, 0x62, 0x6C, 0x6F, 0x63, 0x6B, 0x01, 0x01, 0xD0,
    0x0D, 0x07, 0x73, 0x74, 0x6F, 0x72, 0x61, 0x67, 0x65, 0x01, 0x01, 0xD1, 0x0D, 0x06, 0x65, 0x6E,
    0x74, 0x69, 0x74, 0x79, 0x01, 0x01, 0xD2, 0x0D, 0x05, 0x62, 0x6C, 0x6F, 0x63, 0x6B, 0x01, 0x01,
    0xD3, 0x0D, 0x07, 0x73, 0x74, 0x6F, 0x72, 0x61, 0x67, 0x65, 0x06, 0x00, 0x05, 0x76, 0x61, 0x6C,
    0x75, 0x65, 0x16, 0x01, 0x01, 0xD4, 0x0D, 0x06, 0x65, 0x6E, 0x74, 0x69, 0x74, 0x79, 0x01, 0x01,
    0xD5, 0x0D, 0x05, 0x62, 0x6C, 0x6F, 0x63, 0x6B, 0x01, 0x01, 0xD6, 0x0D, 0x07, 0x73, 0x74, 0x6F,
    0x72, 0x61, 0x67, 0x65, 0x01, 0x01, 0xD7, 0x0D, 0x06, 0x65, 0x6E, 0x74, 0x69, 0x74, 0x79, 0x01,
    0x01, 0xD8, 0x0D, 0x05, 0x62, 0x6C, 0x6F, 0x63, 0x6B, 0x01, 0x01, 0xD9, 0x0D, 0x07, 0x73, 0x74,
    0x6F, 0x72, 0x61, 0x67, 0x65, 0x06, 0x00, 0x05, 0x76, 0x61, 0x6C, 0x75, 0x65, 0x16, 0x01, 0x01,
    0xDA, 0x0D, 0x06, 0x65, 0x6E, 0x74, 0x69, 0x74, 0x79, 0x01, 0x01, 0xDB, 0x0D, 0x05, 0x62, 0x6C,
    0x6F, 0x63, 0x6B, 0x01, 0x01, 0xDC, 0x0D, 0x07, 0x73, 0x74, 0x6F, 0x72, 0x61, 0x67, 0x65, 0x01,
    0x01, 0xDD, 0x0D, 0x06, 0x65, 0x6E, 0x74, 0x69, 0x74, 0x79, 0x01, 0x01, 0xDE, 0x0D, 0x05, 0x62,
    0x6C, 0x6F, 0x63, 0x6B, 0x01, 0x01, 0xDF, 0x0D, 0x07, 0x73, 0x74, 0x6F, 0x72, 0x61, 0x67, 0x65,
    0x06, 0x00, 0x05, 0x76, 0x61, 0x6C, 0x75, 0x65, 0x16, 0x06, 0x00, 0x05, 0x63, 0x6F, 0x75, 0x6E,
    0x74, 0x03, 0x03, 0x00, 0x00, 0x00, 0x01, 0x00, 0x00, 0x00, 0x63, 0x02, 0x01, 0xE0, 0x0D, 0x06,
    0x73, 0x6F, 0x75, 0x72, 0x63, 0x65, 0x08, 0x02, 0x01, 0xE1, 0x0D, 0x06, 0x73, 0x6F, 0x75, 0x72,
    0x63, 0x65, 0x06, 0x01, 0x06, 0x00, 0x05, 0x63, 0x6F, 0x75, 0x6E, 0x74, 0x03, 0x03, 0x00, 0x00,
    0x00, 0x01, 0x00, 0x00, 0x00, 0x63, 0x02, 0x01, 0xE2, 0x0D, 0x06, 0x73, 0x6F, 0x75, 0x72, 0x63,
    0x65, 0x08, 0x02, 0x01, 0xE3, 0x0D, 0x06, 0x73, 0x6F, 0x75, 0x72, 0x63, 0x65, 0x06, 0x01, 0x06,
    0x03, 0xE4, 0x0D, 0xE5, 0x0D, 0xE6, 0x0D, 0x03, 0x70, 0x6F, 0x73, 0x08, 0x06, 0x00, 0x04, 0x74,
    0x6F, 0x6F, 0x6C, 0x0E, 0x05, 0x00, 0x08, 0x6D, 0x61, 0x69, 0x6E, 0x68, 0x61, 0x6E, 0x64, 0x05,
    0x00, 0x07, 0x6F, 0x66, 0x66, 0x68, 0x61, 0x6E, 0x64, 0x02, 0x01, 0xE7, 0x0D, 0x0A, 0x6C, 0x6F,
    0x6F, 0x74, 0x5F, 0x74, 0x61, 0x62, 0x6C, 0x65, 0x34, 0x06, 0x00, 0x0A, 0x6C, 0x6F, 0x6F, 0x74,
    0x5F, 0x74, 0x61, 0x62, 0x6C, 0x65, 0x34, 0x06, 0x00, 0x06, 0x74, 0x61, 0x72, 0x67, 0x65, 0x74,
    0x06, 0x01, 0x06, 0x03, 0xE8, 0x0D, 0xE9, 0x0D, 0xEA, 0x0D, 0x03, 0x70, 0x6F, 0x73, 0x08, 0x06,
    0x03, 0xEB, 0x0D, 0xEC, 0x0D, 0xED, 0x0D, 0x03, 0x70, 0x6F, 0x73, 0x08, 0x06, 0x00, 0x04, 0x74,
    0x6F, 0x6F, 0x6C, 0x0E, 0x05, 0x00, 0x08, 0x6D, 0x61, 0x69, 0x6E, 0x68, 0x61, 0x6E, 0x64, 0x05,
    0x00, 0x07, 0x6F, 0x66, 0x66, 0x68, 0x61, 0x6E, 0x64, 0x02, 0x01, 0xEE, 0x0D, 0x0A, 0x6C, 0x6F,
    0x6F, 0x74, 0x5F, 0x74, 0x61, 0x62, 0x6C, 0x65, 0x34, 0x06, 0x00, 0x0A, 0x6C, 0x6F, 0x6F, 0x74,
    0x5F, 0x74, 0x61, 0x62, 0x6C, 0x65, 0x34, 0x06, 0x00, 0x06, 0x74, 0x61, 0x72, 0x67, 0x65, 0x74,
    0x06, 0x01, 0x06, 0x03, 0xEF, 0x0D, 0xF0, 0x0D, 0xF1, 0x0D, 0x03, 0x70, 0x6F, 0x73, 0x08, 0x06,
    0x00, 0x07, 0x76, 0x69, 0x65, 0x77, 0x65, 0x72, 0x73, 0x06, 0x02, 0x06, 0x00, 0x07, 0x76, 0x69,
    0x65, 0x77, 0x65, 0x72, 0x73, 0x06, 0x02, 0x06, 0x01, 0xF2, 0x0D, 0x04, 0x73, 0x65, 0x65, 0x64,
    0x03, 0x00, 0x06, 0x00, 0x09, 0x6D, 0x69, 0x6E, 0x56, 0x6F, 0x6C, 0x75, 0x6D, 0x65, 0x01, 0x03,
    0x00, 0x00, 0x00, 0x00, 0x3F, 0x80, 0x00, 0x00, 0x06, 0x00, 0x09, 0x6D, 0x69, 0x6E, 0x56, 0x6F,
    0x6C, 0x75, 0x6D, 0x65, 0x01, 0x03, 0x00, 0x00, 0x00, 0x00, 0x3F, 0x80, 0x00, 0x00, 0x06, 0x00,
    0x09, 0x6D, 0x69, 0x6E, 0x56, 0x6F, 0x6C, 0x75, 0x6D, 0x65, 0x01, 0x03, 0x00, 0x00, 0x00, 0x00,
    0x3F, 0x80, 0x00, 0x00, 0x06, 0x00, 0x09, 0x6D, 0x69, 0x6E, 0x56, 0x6F, 0x6C, 0x75, 0x6D, 0x65,
    0x01, 0x03, 0x00, 0x00, 0x00, 0x00, 0x3F, 0x80, 0x00, 0x00, 0x06, 0x00, 0x09, 0x6D, 0x69, 0x6E,
    0x56, 0x6F, 0x6C, 0x75, 0x6D, 0x65, 0x01, 0x03, 0x00, 0x00, 0x00, 0x00, 0x3F, 0x80, 0x00, 0x00,
    0x06, 0x00, 0x09, 0x6D, 0x69, 0x6E, 0x56, 0x6F, 0x6C, 0x75, 0x6D, 0x65, 0x01, 0x03, 0x00, 0x00,
    0x00, 0x00, 0x3F, 0x80, 0x00, 0x00, 0x06, 0x00, 0x09, 0x6D, 0x69, 0x6E, 0x56, 0x6F, 0x6C, 0x75,
    0x6D, 0x65, 0x01, 0x03, 0x00, 0x00, 0x00, 0x00, 0x3F, 0x80, 0x00, 0x00, 0x06, 0x00, 0x09, 0x6D,
    0x69, 0x6E, 0x56, 0x6F, 0x6C, 0x75, 0x6D, 0x65, 0x01, 0x03, 0x00, 0x00, 0x00, 0x00, 0x3F, 0x80,
    0x00, 0x00, 0x06, 0x00, 0x09, 0x6D, 0x69, 0x6E, 0x56, 0x6F, 0x6C, 0x75, 0x6D, 0x65, 0x01, 0x03,
    0x00, 0x00, 0x00, 0x00, 0x3F, 0x80, 0x00, 0x00, 0x06, 0x00, 0x09, 0x6D, 0x69, 0x6E, 0x56, 0x6F,
    0x6C, 0x75, 0x6D, 0x65, 0x01, 0x03, 0x00, 0x00, 0x00, 0x00, 0x3F, 0x80, 0x00, 0x00, 0x06, 0x00,
    0x09, 0x6D, 0x69, 0x6E, 0x56, 0x6F, 0x6C, 0x75, 0x6D, 0x65, 0x01, 0x03, 0x00, 0x00, 0x00, 0x00,
    0x3F, 0x80, 0x00, 0x00, 0x06, 0x00, 0x08, 0x63, 0x6F, 0x6E, 0x74, 0x65, 0x6E, 0x74, 0x73, 0x12,
    0x06, 0x00, 0x05, 0x73, 0x74, 0x79, 0x6C, 0x65, 0x13, 0x06, 0x00, 0x0F, 0x73, 0x6F, 0x75, 0x72,
    0x63, 0x65, 0x4F, 0x62, 0x6A, 0x65, 0x63, 0x74, 0x69, 0x76, 0x65, 0x18, 0x06, 0x00, 0x07, 0x74,
    0x61, 0x72, 0x67, 0x65, 0x74, 0x73, 0x06, 0x00, 0x05, 0x00, 0x05, 0x66, 0x6F, 0x72, 0x63, 0x65,
    0x05, 0x00, 0x04, 0x6D, 0x6F, 0x76, 0x65, 0x05, 0x00, 0x06, 0x6E, 0x6F, 0x72, 0x6D, 0x61, 0x6C,
    0x05, 0x00, 0x05, 0x66, 0x6F, 0x72, 0x63, 0x65, 0x05, 0x00, 0x04, 0x6D, 0x6F, 0x76, 0x65, 0x05,
    0x00, 0x06, 0x6E, 0x6F, 0x72, 0x6D, 0x61, 0x6C, 0x05, 0x00, 0x05, 0x66, 0x6F, 0x72, 0x63, 0x65,
    0x05, 0x00, 0x04, 0x6D, 0x6F, 0x76, 0x65, 0x05, 0x00, 0x06, 0x6E, 0x6F, 0x72, 0x6D, 0x61, 0x6C,
    0x06, 0x03, 0xF3, 0x0D, 0xF4, 0x0D, 0xF5, 0x0D, 0x06, 0x66, 0x69, 0x6C, 0x74, 0x65, 0x72, 0x0D,
    0x05, 0x00, 0x05, 0x66, 0x6F, 0x72, 0x63, 0x65, 0x05, 0x00, 0x04, 0x6D, 0x6F, 0x76, 0x65, 0x05,
    0x00, 0x06, 0x6E, 0x6F, 0x72, 0x6D, 0x61, 0x6C, 0x05, 0x00, 0x05, 0x66, 0x6F, 0x72, 0x63, 0x65,
    0x05, 0x00, 0x04, 0x6D, 0x6F, 0x76, 0x65, 0x05, 0x00, 0x06, 0x6E, 0x6F, 0x72, 0x6D, 0x61, 0x6C,
    0x05, 0x00, 0x05, 0x66, 0x6F, 0x72, 0x63, 0x65, 0x05, 0x00, 0x04, 0x6D, 0x6F, 0x76, 0x65, 0x05,
    0x00, 0x06, 0x6E, 0x6F, 0x72, 0x6D, 0x61, 0x6C, 0x06, 0x03, 0xF6, 0x0D, 0xF7, 0x0D, 0xF8, 0x0D,
    0x06, 0x66, 0x69, 0x6C, 0x74, 0x65, 0x72, 0x0D, 0x05, 0x03, 0xF9, 0x0D, 0xFA, 0x0D, 0xFB, 0x0D,
    0x07, 0x72, 0x65, 0x70, 0x6C, 0x61, 0x63, 0x65, 0x05, 0x03, 0xFC, 0x0D, 0xFD, 0x0D, 0xFE, 0x0D,
    0x06, 0x6D, 0x61, 0x73, 0x6B, 0x65, 0x64, 0x01, 0x01, 0xFF, 0x0D, 0x08, 0x66, 0x69, 0x6C, 0x74,
    0x65, 0x72, 0x65, 0x64, 0x05, 0x03, 0x80, 0x0E, 0x81, 0x0E, 0x82, 0x0E, 0x06, 0x73, 0x74, 0x72,
    0x69, 0x63, 0x74, 0x01, 0x01, 0x83, 0x0E, 0x06, 0x65, 0x6E, 0x74, 0x69, 0x74, 0x79, 0x01, 0x01,
    0x84, 0x0E, 0x05, 0x62, 0x6C, 0x6F, 0x63, 0x6B, 0x01, 0x01, 0x85, 0x0E, 0x07, 0x73, 0x74, 0x6F,
    0x72, 0x61, 0x67, 0x65, 0x01, 0x01, 0x86, 0x0E, 0x06, 0x65, 0x6E, 0x74, 0x69, 0x74, 0x79, 0x01,
    0x01, 0x87, 0x0E, 0x05, 0x62, 0x6C, 0x6F, 0x63, 0x6B, 0x01, 0x01, 0x88, 0x0E, 0x07, 0x73, 0x74,
    0x6F, 0x72, 0x61, 0x67, 0x65, 0x06, 0x00, 0x05, 0x76, 0x61, 0x6C, 0x75, 0x65, 0x16, 0x06, 0x01,
    0x89, 0x0E, 0x06, 0x73, 0x6F, 0x75, 0x72, 0x63, 0x65, 0x06, 0x01, 0x06, 0x01, 0x8A, 0x0E, 0x09,
    0x73, 0x6F, 0x75, 0x72, 0x63, 0x65, 0x50, 0x6F, 0x73, 0x08, 0x16, 0x01, 0x8B, 0x0E, 0x06, 0x73,
    0x6F, 0x75, 0x72, 0x63, 0x65, 0x24, 0x14, 0x6D, 0x69, 0x6E, 0x65, 0x63, 0x72, 0x61, 0x66, 0x74,
    0x3A, 0x61, 0x73, 0x6B, 0x5F, 0x73, 0x65, 0x72, 0x76, 0x65, 0x72, 0x06, 0x01, 0x8C, 0x0E, 0x06,
    0x73, 0x6F, 0x75, 0x72, 0x63, 0x65, 0x06, 0x01, 0x06, 0x01, 0x8D, 0x0E, 0x09, 0x73, 0x6F, 0x75,
    0x72, 0x63, 0x65, 0x50, 0x6F, 0x73, 0x08, 0x16, 0x01, 0x8E, 0x0E, 0x06, 0x73, 0x6F, 0x75, 0x72,
    0x63, 0x65, 0x24, 0x14, 0x6D, 0x69, 0x6E, 0x65, 0x63, 0x72, 0x61, 0x66, 0x74, 0x3A, 0x61, 0x73,
    0x6B, 0x5F, 0x73, 0x65, 0x72, 0x76, 0x65, 0x72, 0x06, 0x01, 0x8F, 0x0E, 0x06, 0x73, 0x6F, 0x75,
    0x72, 0x63, 0x65, 0x06, 0x01, 0x06, 0x01, 0x90, 0x0E, 0x09, 0x73, 0x6F, 0x75, 0x72, 0x63, 0x65,
    0x50, 0x6F, 0x73, 0x08, 0x16, 0x01, 0x91, 0x0E, 0x06, 0x73, 0x6F, 0x75, 0x72, 0x63, 0x65, 0x24,
    0x14, 0x6D, 0x69, 0x6E, 0x65, 0x63, 0x72, 0x61, 0x66, 0x74, 0x3A, 0x61, 0x73, 0x6B, 0x5F, 0x73,
    0x65, 0x72, 0x76, 0x65, 0x72, 0x06, 0x01, 0x92, 0x0E, 0x06, 0x73, 0x6F, 0x75, 0x72, 0x63, 0x65,
    0x06, 0x01, 0x06, 0x01, 0x93, 0x0E, 0x09, 0x73, 0x6F, 0x75, 0x72, 0x63, 0x65, 0x50, 0x6F, 0x73,
    0x08, 0x16, 0x01, 0x94, 0x0E, 0x06, 0x73, 0x6F, 0x75, 0x72, 0x63, 0x65, 0x24, 0x14, 0x6D, 0x69,
    0x6E, 0x65, 0x63, 0x72, 0x61, 0x66, 0x74, 0x3A, 0x61, 0x73, 0x6B, 0x5F, 0x73, 0x65, 0x72, 0x76,
    0x65, 0x72, 0x06, 0x01, 0x95, 0x0E, 0x06, 0x73, 0x6F, 0x75, 0x72, 0x63, 0x65, 0x06, 0x01, 0x06,
    0x01, 0x96, 0x0E, 0x09, 0x73, 0x6F, 0x75, 0x72, 0x63, 0x65, 0x50, 0x6F, 0x73, 0x08, 0x16, 0x01,
    0x97, 0x0E, 0x06, 0x73, 0x6F, 0x75, 0x72, 0x63, 0x65, 0x24, 0x14, 0x6D, 0x69, 0x6E, 0x65, 0x63,
    0x72, 0x61, 0x66, 0x74, 0x3A, 0x61, 0x73, 0x6B, 0x5F, 0x73, 0x65, 0x72, 0x76, 0x65, 0x72, 0x06,
    0x01, 0x98, 0x0E, 0x06, 0x73, 0x6F, 0x75, 0x72, 0x63, 0x65, 0x06, 0x01, 0x06, 0x01, 0x99, 0x0E,
    0x09, 0x73, 0x6F, 0x75, 0x72, 0x63, 0x65, 0x50, 0x6F, 0x73, 0x08, 0x16, 0x01, 0x9A, 0x0E, 0x06,
    0x73, 0x6F, 0x75, 0x72, 0x63, 0x65, 0x24, 0x14, 0x6D, 0x69, 0x6E, 0x65, 0x63, 0x72, 0x61, 0x66,
    0x74, 0x3A, 0x61, 0x73, 0x6B, 0x5F, 0x73, 0x65, 0x72, 0x76, 0x65, 0x72, 0x06, 0x01, 0x9B, 0x0E,
    0x06, 0x73, 0x6F, 0x75, 0x72, 0x63, 0x65, 0x06, 0x01, 0x06, 0x01, 0x9C, 0x0E, 0x09, 0x73, 0x6F,
    0x75, 0x72, 0x63, 0x65, 0x50, 0x6F, 0x73, 0x08, 0x16, 0x01, 0x9D, 0x0E, 0x06, 0x73, 0x6F, 0x75,
    0x72, 0x63, 0x65, 0x24, 0x14, 0x6D, 0x69, 0x6E, 0x65, 0x63, 0x72, 0x61, 0x66, 0x74, 0x3A, 0x61,
    0x73, 0x6B, 0x5F, 0x73, 0x65, 0x72, 0x76, 0x65, 0x72, 0x06, 0x01, 0x9E, 0x0E, 0x06, 0x73, 0x6F,
    0x75, 0x72, 0x63, 0x65, 0x06, 0x01, 0x06, 0x01, 0x9F, 0x0E, 0x09, 0x73, 0x6F, 0x75, 0x72, 0x63,
    0x65, 0x50, 0x6F, 0x73, 0x08, 0x16, 0x01, 0xA0, 0x0E, 0x06, 0x73, 0x6F, 0x75, 0x72, 0x63, 0x65,
    0x24, 0x14, 0x6D, 0x69, 0x6E, 0x65, 0x63, 0x72, 0x61, 0x66, 0x74, 0x3A, 0x61, 0x73, 0x6B, 0x5F,
    0x73, 0x65, 0x72, 0x76, 0x65, 0x72, 0x01, 0x01, 0xA1, 0x0E, 0x06, 0x65, 0x6E, 0x74, 0x69, 0x74,
    0x79, 0x01, 0x01, 0xA2, 0x0E, 0x05, 0x62, 0x6C, 0x6F, 0x63, 0x6B, 0x01, 0x01, 0xA3, 0x0E, 0x07,
    0x73, 0x74, 0x6F, 0x72, 0x61, 0x67, 0x65, 0x01, 0x01, 0xA4, 0x0E, 0x06, 0x65, 0x6E, 0x74, 0x69,
    0x74, 0x79, 0x01, 0x01, 0xA5, 0x0E, 0x05, 0x62, 0x6C, 0x6F, 0x63, 0x6B, 0x01, 0x01, 0xA6, 0x0E,
    0x07, 0x73, 0x74, 0x6F, 0x72, 0x61, 0x67, 0x65, 0x06, 0x00, 0x05, 0x76, 0x61, 0x6C, 0x75, 0x65,
    0x16, 0x06, 0x01, 0xA7, 0x0E, 0x06, 0x73, 0x6F, 0x75, 0x72, 0x63, 0x65, 0x06, 0x01, 0x06, 0x01,
    0xA8, 0x0E, 0x09, 0x73, 0x6F, 0x75, 0x72, 0x63, 0x65, 0x50, 0x6F, 0x73, 0x08, 0x16, 0x01, 0xA9,
    0x0E, 0x06, 0x73, 0x6F, 0x75, 0x72, 0x63, 0x65, 0x24, 0x14, 0x6D, 0x69, 0x6E, 0x65, 0x63, 0x72,
    0x61, 0x66, 0x74, 0x3A, 0x61, 0x73, 0x6B, 0x5F, 0x73, 0x65, 0x72, 0x76, 0x65, 0x72, 0x06, 0x01,
    0xAA, 0x0E, 0x06, 0x73, 0x6F, 0x75, 0x72, 0x63, 0x65, 0x06, 0x01, 0x06, 0x01, 0xAB, 0x0E, 0x09,
    0x73, 0x6F, 0x75, 0x72, 0x63, 0x65, 0x50, 0x6F, 0x73, 0x08, 0x16, 0x01, 0xAC, 0x0E, 0x06, 0x73,
    0x6F, 0x75, 0x72, 0x63, 0x65, 0x24, 0x14, 0x6D, 0x69, 0x6E, 0x65, 0x63, 0x72, 0x61, 0x66, 0x74,
    0x3A, 0x61, 0x73, 0x6B, 0x5F, 0x73, 0x65, 0x72, 0x76, 0x65, 0x72, 0x06, 0x01, 0xAD, 0x0E, 0x06,
    0x73, 0x6F, 0x75, 0x72, 0x63, 0x65, 0x06, 0x01, 0x06, 0x01, 0xAE, 0x0E, 0x09, 0x73, 0x6F, 0x75,
    0x72, 0x63, 0x65, 0x50, 0x6F, 0x73, 0x08, 0x16, 0x01, 0xAF, 0x0E, 0x06, 0x73, 0x6F, 0x75, 0x72,
    0x63, 0x65, 0x24, 0x14, 0x6D, 0x69, 0x6E, 0x65, 0x63, 0x72, 0x61, 0x66, 0x74, 0x3A, 0x61, 0x73,
    0x6B, 0x5F, 0x73, 0x65, 0x72, 0x76, 0x65, 0x72, 0x06, 0x01, 0xB0, 0x0E, 0x06, 0x73, 0x6F, 0x75,
    0x72, 0x63, 0x65, 0x06, 0x01, 0x06, 0x01, 0xB1, 0x0E, 0x09, 0x73, 0x6F, 0x75, 0x72, 0x63, 0x65,
    0x50, 0x6F, 0x73, 0x08, 0x16, 0x01, 0xB2, 0x0E, 0x06, 0x73, 0x6F, 0x75, 0x72, 0x63, 0x65, 0x24,
    0x14, 0x6D, 0x69, 0x6E, 0x65, 0x63, 0x72, 0x61, 0x66, 0x74, 0x3A, 0x61, 0x73, 0x6B, 0x5F, 0x73,
    0x65, 0x72, 0x76, 0x65, 0x72, 0x06, 0x01, 0xB3, 0x0E, 0x06, 0x73, 0x6F, 0x75, 0x72, 0x63, 0x65,
    0x06, 0x01, 0x06, 0x01, 0xB4, 0x0E, 0x09, 0x73, 0x6F, 0x75, 0x72, 0x63, 0x65, 0x50, 0x6F, 0x73,
    0x08, 0x16, 0x01, 0xB5, 0x0E, 0x06, 0x73, 0x6F, 0x75, 0x72, 0x63, 0x65, 0x24, 0x14, 0x6D, 0x69,
    0x6E, 0x65, 0x63, 0x72, 0x61, 0x66, 0x74, 0x3A, 0x61, 0x73, 0x6B, 0x5F, 0x73, 0x65, 0x72, 0x76,
    0x65, 0x72, 0x06, 0x01, 0xB6, 0x0E, 0x06, 0x73, 0x6F, 0x75, 0x72, 0x63, 0x65, 0x06, 0x01, 0x06,
    0x01, 0xB7, 0x0E, 0x09, 0x73, 0x6F, 0x75, 0x72, 0x63, 0x65, 0x50, 0x6F, 0x73, 0x08, 0x16, 0x01,
    0xB8, 0x0E, 0x06, 0x73, 0x6F, 0x75, 0x72, 0x63, 0x65, 0x24, 0x14, 0x6D, 0x69, 0x6E, 0x65, 0x63,
    0x72, 0x61, 0x66, 0x74, 0x3A, 0x61, 0x73, 0x6B, 0x5F, 0x73, 0x65, 0x72, 0x76, 0x65, 0x72, 0x06,
    0x01, 0xB9, 0x0E, 0x06, 0x73, 0x6F, 0x75, 0x72, 0x63, 0x65, 0x06, 0x01, 0x06, 0x01, 0xBA, 0x0E,
    0x09, 0x73, 0x6F, 0x75, 0x72, 0x63, 0x65, 0x50, 0x6F, 0x73, 0x08, 0x16, 0x01, 0xBB, 0x0E, 0x06,
    0x73, 0x6F, 0x75, 0x72, 0x63, 0x65, 0x24, 0x14, 0x6D, 0x69, 0x6E, 0x65, 0x63, 0x72, 0x61, 0x66,
    0x74, 0x3A, 0x61, 0x73, 0x6B, 0x5F, 0x73, 0x65, 0x72, 0x76, 0x65, 0x72, 0x06, 0x01, 0xBC, 0x0E,
    0x06, 0x73, 0x6F, 0x75, 0x72, 0x63, 0x65, 0x06, 0x01, 0x06, 0x01, 0xBD, 0x0E, 0x09, 0x73, 0x6F,
    0x75, 0x72, 0x63, 0x65, 0x50, 0x6F, 0x73, 0x08, 0x16, 0x01, 0xBE, 0x0E, 0x06, 0x73, 0x6F, 0x75,
    0x72, 0x63, 0x65, 0x24, 0x14, 0x6D, 0x69, 0x6E, 0x65, 0x63, 0x72, 0x61, 0x66, 0x74, 0x3A, 0x61,
    0x73, 0x6B, 0x5F, 0x73, 0x65, 0x72, 0x76, 0x65, 0x72, 0x01, 0x01, 0xBF, 0x0E, 0x06, 0x65, 0x6E,
    0x74, 0x69, 0x74, 0x79, 0x01, 0x01, 0xC0, 0x0E, 0x05, 0x62, 0x6C, 0x6F, 0x63, 0x6B, 0x01, 0x01,
    0xC1, 0x0E, 0x07, 0x73, 0x74, 0x6F, 0x72, 0x61, 0x67, 0x65, 0x01, 0x01, 0xC2, 0x0E, 0x06, 0x65,
    0x6E, 0x74, 0x69, 0x74, 0x79, 0x01, 0x01, 0xC3, 0x0E, 0x05, 0x62, 0x6C, 0x6F, 0x63, 0x6B, 0x01,
    0x01, 0xC4, 0x0E, 0x07, 0x73, 0x74, 0x6F, 0x72, 0x61, 0x67, 0x65, 0x06, 0x00, 0x05, 0x76, 0x61,
    0x6C, 0x75, 0x65, 0x16, 0x06, 0x01, 0xC5, 0x0E, 0x06, 0x73, 0x6F, 0x75, 0x72, 0x63, 0x65, 0x06,
    0x01, 0x06, 0x01, 0xC6, 0x0E, 0x09, 0x73, 0x6F, 0x75, 0x72, 0x63, 0x65, 0x50, 0x6F, 0x73, 0x08,
    0x16, 0x01, 0xC7, 0x0E, 0x06, 0x73, 0x6F, 0x75, 0x72, 0x63, 0x65, 0x24, 0x14, 0x6D, 0x69, 0x6E,
    0x65, 0x63, 0x72, 0x61, 0x66, 0x74, 0x3A, 0x61, 0x73, 0x6B, 0x5F, 0x73, 0x65, 0x72, 0x76, 0x65,
    0x72, 0x06, 0x01, 0xC8, 0x0E, 0x06, 0x73, 0x6F, 0x75, 0x72, 0x63, 0x65, 0x06, 0x01, 0x06, 0x01,
    0xC9, 0x0E, 0x09, 0x73, 0x6F, 0x75, 0x72, 0x63, 0x65, 0x50, 0x6F, 0x73, 0x08, 0x16, 0x01, 0xCA,
    0x0E, 0x06, 0x73, 0x6F, 0x75, 0x72, 0x63, 0x65, 0x24, 0x14, 0x6D, 0x69, 0x6E, 0x65, 0x63, 0x72,
    0x61, 0x66, 0x74, 0x3A, 0x61, 0x73, 0x6B, 0x5F, 0x73, 0x65, 0x72, 0x76, 0x65, 0x72, 0x06, 0x01,
    0xCB, 0x0E, 0x06, 0x73, 0x6F, 0x75, 0x72, 0x63, 0x65, 0x06, 0x01, 0x06, 0x01, 0xCC, 0x0E, 0x09,
    0x73, 0x6F, 0x75, 0x72, 0x63, 0x65, 0x50, 0x6F, 0x73, 0x08, 0x16, 0x01, 0xCD, 0x0E, 0x06, 0x73,
    0x6F, 0x75, 0x72, 0x63, 0x65, 0x24, 0x14, 0x6D, 0x69, 0x6E, 0x65, 0x63, 0x72, 0x61, 0x66, 0x74,
    0x3A, 0x61, 0x73, 0x6B, 0x5F, 0x73, 0x65, 0x72, 0x76, 0x65, 0x72, 0x06, 0x01, 0xCE, 0x0E, 0x06,
    0x73, 0x6F, 0x75, 0x72, 0x63, 0x65, 0x06, 0x01, 0x06, 0x01, 0xCF, 0x0E, 0x09, 0x73, 0x6F, 0x75,
    0x72, 0x63, 0x65, 0x50, 0x6F, 0x73, 0x08, 0x16, 0x01, 0xD0, 0x0E, 0x06, 0x73, 0x6F, 0x75, 0x72,
    0x63, 0x65, 0x24, 0x14, 0x6D, 0x69, 0x6E, 0x65, 0x63, 0x72, 0x61, 0x66, 0x74, 0x3A, 0x61, 0x73,
    0x6B, 0x5F, 0x73, 0x65, 0x72, 0x76, 0x65, 0x72, 0x06, 0x01, 0xD1, 0x0E, 0x06, 0x73, 0x6F, 0x75,
    0x72, 0x63, 0x65, 0x06, 0x01, 0x06, 0x01, 0xD2, 0x0E, 0x09, 0x73, 0x6F, 0x75, 0x72, 0x63, 0x65,
    0x50, 0x6F, 0x73, 0x08, 0x16, 0x01, 0xD3, 0x0E, 0x06, 0x73, 0x6F, 0x75, 0x72, 0x63, 0x65, 0x24,
    0x14, 0x6D, 0x69, 0x6E, 0x65, 0x63, 0x72, 0x61, 0x66, 0x74, 0x3A, 0x61, 0x73, 0x6B, 0x5F, 0x73,
    0x65, 0x72, 0x76, 0x65, 0x72, 0x06, 0x01, 0xD4, 0x0E, 0x06, 0x73, 0x6F, 0x75, 0x72, 0x63, 0x65,
    0x06, 0x01, 0x06, 0x01, 0xD5, 0x0E, 0x09, 0x73, 0x6F, 0x75, 0x72, 0x63, 0x65, 0x50, 0x6F, 0x73,
    0x08, 0x16, 0x01, 0xD6, 0x0E, 0x06, 0x73, 0x6F, 0x75, 0x72, 0x63, 0x65, 0x24, 0x14, 0x6D, 0x69,
    0x6E, 0x65, 0x63, 0x72, 0x61, 0x66, 0x74, 0x3A, 0x61, 0x73, 0x6B, 0x5F, 0x73, 0x65, 0x72, 0x76,
    0x65, 0x72, 0x06, 0x01, 0xD7, 0x0E, 0x06, 0x73, 0x6F, 0x75, 0x72, 0x63, 0x65, 0x06, 0x01, 0x06,
    0x01, 0xD8, 0x0E, 0x09, 0x73, 0x6F, 0x75, 0x72, 0x63, 0x65, 0x50, 0x6F, 0x73, 0x08, 0x16, 0x01,
    0xD9, 0x0E, 0x06, 0x73, 0x6F, 0x75, 0x72, 0x63, 0x65, 0x24, 0x14, 0x6D, 0x69, 0x6E, 0x65, 0x63,
    0x72, 0x61, 0x66, 0x74, 0x3A, 0x61, 0x73, 0x6B, 0x5F, 0x73, 0x65, 0x72, 0x76, 0x65, 0x72, 0x06,
    0x01, 0xDA, 0x0E, 0x06, 0x73, 0x6F, 0x75, 0x72, 0x63, 0x65, 0x06, 0x01, 0x06, 0x01, 0xDB, 0x0E,
    0x09, 0x73, 0x6F, 0x75, 0x72, 0x63, 0x65, 0x50, 0x6F, 0x73, 0x08, 0x16, 0x01, 0xDC, 0x0E, 0x06,
    0x73, 0x6F, 0x75, 0x72, 0x63, 0x65, 0x24, 0x14, 0x6D, 0x69, 0x6E, 0x65, 0x63, 0x72, 0x61, 0x66,
    0x74, 0x3A, 0x61, 0x73, 0x6B, 0x5F, 0x73, 0x65, 0x72, 0x76, 0x65, 0x72, 0x06, 0x01, 0xDD, 0x0E,
    0x0A, 0x73, 0x6F, 0x75, 0x72, 0x63, 0x65, 0x53, 0x6C, 0x6F, 0x74, 0x22, 0x06, 0x01, 0xDE, 0x0E,
    0x0A, 0x73, 0x6F, 0x75, 0x72, 0x63, 0x65, 0x53, 0x6C, 0x6F, 0x74, 0x22, 0x06, 0x01, 0xDF, 0x0E,
    0x0A, 0x73, 0x6F, 0x75, 0x72, 0x63, 0x65, 0x53, 0x6C, 0x6F, 0x74, 0x22, 0x06, 0x01, 0xE0, 0x0E,
    0x0A, 0x73, 0x6F, 0x75, 0x72, 0x63, 0x65, 0x53, 0x6C, 0x6F, 0x74, 0x22, 0x06, 0x00, 0x04, 0x74,
    0x6F, 0x6F, 0x6C, 0x0E, 0x05, 0x00, 0x08, 0x6D, 0x61, 0x69, 0x6E, 0x68, 0x61, 0x6E, 0x64, 0x05,
    0x00, 0x07, 0x6F, 0x66, 0x66, 0x68, 0x61, 0x6E, 0x64, 0x06, 0x03, 0xE1, 0x0E, 0xE2, 0x0E, 0xE3,
    0x0E, 0x03, 0x70, 0x6F, 0x73, 0x08, 0x06, 0x00, 0x04, 0x74, 0x6F, 0x6F, 0x6C, 0x0E, 0x05, 0x00,
    0x08, 0x6D, 0x61, 0x69, 0x6E, 0x68, 0x61, 0x6E, 0x64, 0x05, 0x00, 0x07, 0x6F, 0x66, 0x66, 0x68,
    0x61, 0x6E, 0x64, 0x06, 0x00, 0x04, 0x74, 0x6F, 0x6F, 0x6C, 0x0E, 0x05, 0x00, 0x08, 0x6D, 0x61,
    0x69, 0x6E, 0x68, 0x61, 0x6E, 0x64, 0x05, 0x00, 0x07, 0x6F, 0x66, 0x66, 0x68, 0x61, 0x6E, 0x64,
    0x06, 0x03, 0xE4, 0x0E, 0xE5, 0x0E, 0xE6, 0x0E, 0x03, 0x70, 0x6F, 0x73, 0x08, 0x06, 0x00, 0x04,
    0x74, 0x6F, 0x6F, 0x6C, 0x0E, 0x05, 0x00, 0x08, 0x6D, 0x61, 0x69, 0x6E, 0x68, 0x61, 0x6E, 0x64,
    0x05, 0x00, 0x07, 0x6F, 0x66, 0x66, 0x68, 0x61, 0x6E, 0x64, 0x05, 0x00, 0x06, 0x73, 0x74, 0x72,
    0x69, 0x63, 0x74, 0x05, 0x00, 0x05, 0x66, 0x6F, 0x72, 0x63, 0x65, 0x05, 0x00, 0x04, 0x6D, 0x6F,
    0x76, 0x65, 0x05, 0x00, 0x06, 0x6E, 0x6F, 0x72, 0x6D, 0x61, 0x6C, 0x05, 0x00, 0x05, 0x66, 0x6F,
    0x72, 0x63, 0x65, 0x05, 0x00, 0x04, 0x6D, 0x6F, 0x76, 0x65, 0x05, 0x00, 0x06, 0x6E, 0x6F, 0x72,
    0x6D, 0x61, 0x6C, 0x05, 0x00, 0x05, 0x66, 0x6F, 0x72, 0x63, 0x65, 0x05, 0x00, 0x04, 0x6D, 0x6F,
    0x76, 0x65, 0x05, 0x00, 0x06, 0x6E, 0x6F, 0x72, 0x6D, 0x61, 0x6C, 0x05, 0x00, 0x05, 0x66, 0x6F,
    0x72, 0x63, 0x65, 0x05, 0x00, 0x04, 0x6D, 0x6F, 0x76, 0x65, 0x05, 0x00, 0x06, 0x6E, 0x6F, 0x72,
    0x6D, 0x61, 0x6C, 0x06, 0x03, 0xE7, 0x0E, 0xE8, 0x0E, 0xE9, 0x0E, 0x06, 0x66, 0x69, 0x6C, 0x74,
    0x65, 0x72, 0x0D, 0x05, 0x03, 0xEA, 0x0E, 0xEB, 0x0E, 0xEC, 0x0E, 0x07, 0x72, 0x65, 0x70, 0x6C,
    0x61, 0x63, 0x65, 0x05, 0x03, 0xED, 0x0E, 0xEE, 0x0E, 0xEF, 0x0E, 0x06, 0x6D, 0x61, 0x73, 0x6B,
    0x65, 0x64, 0x01, 0x01, 0xF0, 0x0E, 0x08, 0x66, 0x69, 0x6C, 0x74, 0x65, 0x72, 0x65, 0x64, 0x06,
    0x01, 0xF1, 0x0E, 0x06, 0x73, 0x6F, 0x75, 0x72, 0x63, 0x65, 0x06, 0x01, 0x06, 0x01, 0xF2, 0x0E,
    0x09, 0x73, 0x6F, 0x75, 0x72, 0x63, 0x65, 0x50, 0x6F, 0x73, 0x08, 0x16, 0x01, 0xF3, 0x0E, 0x06,
    0x73, 0x6F, 0x75, 0x72, 0x63, 0x65, 0x24, 0x14, 0x6D, 0x69, 0x6E, 0x65, 0x63, 0x72, 0x61, 0x66,
    0x74, 0x3A, 0x61, 0x73, 0x6B, 0x5F, 0x73, 0x65, 0x72, 0x76, 0x65, 0x72, 0x06, 0x01, 0xF4, 0x0E,
    0x06, 0x73, 0x6F, 0x75, 0x72, 0x63, 0x65, 0x06, 0x01, 0x06, 0x01, 0xF5, 0x0E, 0x09, 0x73, 0x6F,
    0x75, 0x72, 0x63, 0x65, 0x50, 0x6F, 0x73, 0x08, 0x16, 0x01, 0xF6, 0x0E, 0x06, 0x73, 0x6F, 0x75,
    0x72, 0x63, 0x65, 0x24, 0x14, 0x6D, 0x69, 0x6E, 0x65, 0x63, 0x72, 0x61, 0x66, 0x74, 0x3A, 0x61,
    0x73, 0x6B, 0x5F, 0x73, 0x65, 0x72, 0x76, 0x65, 0x72, 0x06, 0x00, 0x0A, 0x73, 0x6F, 0x75, 0x72,
    0x63, 0x65, 0x50, 0x61, 0x74, 0x68, 0x17, 0x06, 0x00, 0x0A, 0x73, 0x6F, 0x75, 0x72, 0x63, 0x65,
    0x50, 0x61, 0x74, 0x68, 0x17, 0x06, 0x00, 0x0A, 0x73, 0x6F, 0x75, 0x72, 0x63, 0x65, 0x50, 0x61,
    0x74, 0x68, 0x17, 0x06, 0x01, 0xF7, 0x0E, 0x0A, 0x73, 0x6F, 0x75, 0x72, 0x63, 0x65, 0x50, 0x61,
    0x74, 0x68, 0x17, 0x06, 0x01, 0xF8, 0x0E, 0x0A, 0x73, 0x6F, 0x75, 0x72, 0x63, 0x65, 0x50, 0x61,
    0x74, 0x68, 0x17, 0x06, 0x01, 0xF9, 0x0E, 0x0A, 0x73, 0x6F, 0x75, 0x72, 0x63, 0x65, 0x50, 0x61,
    0x74, 0x68, 0x17, 0x06, 0x00, 0x0A, 0x73, 0x6F, 0x75, 0x72, 0x63, 0x65, 0x50, 0x61, 0x74, 0x68,
    0x17, 0x06, 0x00, 0x0A, 0x73, 0x6F, 0x75, 0x72, 0x63, 0x65, 0x50, 0x61, 0x74, 0x68, 0x17, 0x06,
    0x00, 0x0A, 0x73, 0x6F, 0x75, 0x72, 0x63, 0x65, 0x50, 0x61, 0x74, 0x68, 0x17, 0x06, 0x01, 0xFA,
    0x0E, 0x0A, 0x73, 0x6F, 0x75, 0x72, 0x63, 0x65, 0x50, 0x61, 0x74, 0x68, 0x17, 0x06, 0x01, 0xFB,
    0x0E, 0x0A, 0x73, 0x6F, 0x75, 0x72, 0x63, 0x65, 0x50, 0x61, 0x74, 0x68, 0x17, 0x06, 0x01, 0xFC,
    0x0E, 0x0A, 0x73, 0x6F, 0x75, 0x72, 0x63, 0x65, 0x50, 0x61, 0x74, 0x68, 0x17, 0x06, 0x00, 0x0A,
    0x73, 0x6F, 0x75, 0x72, 0x63, 0x65, 0x50, 0x61, 0x74, 0x68, 0x17, 0x06, 0x00, 0x0A, 0x73, 0x6F,
    0x75, 0x72, 0x63, 0x65, 0x50, 0x61, 0x74, 0x68, 0x17, 0x06, 0x00, 0x0A, 0x73, 0x6F, 0x75, 0x72,
    0x63, 0x65, 0x50, 0x61, 0x74, 0x68, 0x17, 0x06, 0x01, 0xFD, 0x0E, 0x0A, 0x73, 0x6F, 0x75, 0x72,
    0x63, 0x65, 0x50, 0x61, 0x74, 0x68, 0x17, 0x06, 0x01, 0xFE, 0x0E, 0x0A, 0x73, 0x6F, 0x75, 0x72,
    0x63, 0x65, 0x50, 0x61, 0x74, 0x68, 0x17, 0x06, 0x01, 0xFF, 0x0E, 0x0A, 0x73, 0x6F, 0x75, 0x72,
    0x63, 0x65, 0x50, 0x61, 0x74, 0x68, 0x17, 0x06, 0x00, 0x0A, 0x73, 0x6F, 0x75, 0x72, 0x63, 0x65,
    0x50, 0x61, 0x74, 0x68, 0x17, 0x06, 0x00, 0x0A, 0x73, 0x6F, 0x75, 0x72, 0x63, 0x65, 0x50, 0x61,
    0x74, 0x68, 0x17, 0x06, 0x00, 0x0A, 0x73, 0x6F, 0x75, 0x72, 0x63, 0x65, 0x50, 0x61, 0x74, 0x68,
    0x17, 0x06, 0x01, 0x80, 0x0F, 0x0A, 0x73, 0x6F, 0x75, 0x72, 0x63, 0x65, 0x50, 0x61, 0x74, 0x68,
    0x17, 0x06, 0x01, 0x81, 0x0F, 0x0A, 0x73, 0x6F, 0x75, 0x72, 0x63, 0x65, 0x50, 0x61, 0x74, 0x68,
    0x17, 0x06, 0x01, 0x82, 0x0F, 0x0A, 0x73, 0x6F, 0x75, 0x72, 0x63, 0x65, 0x50, 0x61, 0x74, 0x68,
    0x17, 0x06, 0x01, 0x83, 0x0F, 0x06, 0x73, 0x6F, 0x75, 0x72, 0x63, 0x65, 0x06, 0x01, 0x06, 0x01,
    0x84, 0x0F, 0x09, 0x73, 0x6F, 0x75, 0x72, 0x63, 0x65, 0x50, 0x6F, 0x73, 0x08, 0x16, 0x01, 0x85,
    0x0F, 0x06, 0x73, 0x6F, 0x75, 0x72, 0x63, 0x65, 0x24, 0x14, 0x6D, 0x69, 0x6E, 0x65, 0x63, 0x72,
    0x61, 0x66, 0x74, 0x3A, 0x61, 0x73, 0x6B, 0x5F, 0x73, 0x65, 0x72, 0x76, 0x65, 0x72, 0x06, 0x01,
    0x86, 0x0F, 0x06, 0x73, 0x6F, 0x75, 0x72, 0x63, 0x65, 0x06, 0x01, 0x06, 0x01, 0x87, 0x0F, 0x09,
    0x73, 0x6F, 0x75, 0x72, 0x63, 0x65, 0x50, 0x6F, 0x73, 0x08, 0x16, 0x01, 0x88, 0x0F, 0x06, 0x73,
    0x6F, 0x75, 0x72, 0x63, 0x65, 0x24, 0x14, 0x6D, 0x69, 0x6E, 0x65, 0x63, 0x72, 0x61, 0x66, 0x74,
    0x3A, 0x61, 0x73, 0x6B, 0x5F, 0x73, 0x65, 0x72, 0x76, 0x65, 0x72, 0x06, 0x00, 0x0A, 0x73, 0x6F,
    0x75, 0x72, 0x63, 0x65, 0x50, 0x61, 0x74, 0x68, 0x17, 0x06, 0x00, 0x0A, 0x73, 0x6F, 0x75, 0x72,
    0x63, 0x65, 0x50, 0x61, 0x74, 0x68, 0x17, 0x06, 0x00, 0x0A, 0x73, 0x6F, 0x75, 0x72, 0x63, 0x65,
    0x50, 0x61, 0x74, 0x68, 0x17, 0x06, 0x01, 0x89, 0x0F, 0x0A, 0x73, 0x6F, 0x75, 0x72, 0x63, 0x65,
    0x50, 0x61, 0x74, 0x68, 0x17, 0x06, 0x01, 0x8A, 0x0F, 0x0A, 0x73, 0x6F, 0x75, 0x72, 0x63, 0x65,
    0x50, 0x61, 0x74, 0x68, 0x17, 0x06, 0x01, 0x8B, 0x0F, 0x0A, 0x73, 0x6F, 0x75, 0x72, 0x63, 0x65,
    0x50, 0x61, 0x74, 0x68, 0x17, 0x06, 0x00, 0x0A, 0x73, 0x6F, 0x75, 0x72, 0x63, 0x65, 0x50, 0x61,
    0x74, 0x68, 0x17, 0x06, 0x00, 0x0A, 0x73, 0x6F, 0x75, 0x72, 0x63, 0x65, 0x50, 0x61, 0x74, 0x68,
    0x17, 0x06, 0x00, 0x0A, 0x73, 0x6F, 0x75, 0x72, 0x63, 0x65, 0x50, 0x61, 0x74, 0x68, 0x17, 0x06,
    0x01, 0x8C, 0x0F, 0x0A, 0x73, 0x6F, 0x75, 0x72, 0x63, 0x65, 0x50, 0x61, 0x74, 0x68, 0x17, 0x06,
    0x01, 0x8D, 0x0F, 0x0A, 0x73, 0x6F, 0x75, 0x72, 0x63, 0x65, 0x50, 0x61, 0x74, 0x68, 0x17, 0x06,
    0x01, 0x8E, 0x0F, 0x0A, 0x73, 0x6F, 0x75, 0x72, 0x63, 0x65, 0x50, 0x61, 0x74, 0x68, 0x17, 0x06,
    0x00, 0x0A, 0x73, 0x6F, 0x75, 0x72, 0x63, 0x65, 0x50, 0x61, 0x74, 0x68, 0x17, 0x06, 0x00, 0x0A,
    0x73, 0x6F, 0x75, 0x72, 0x63, 0x65, 0x50, 0x61, 0x74, 0x68, 0x17, 0x06, 0x00, 0x0A, 0x73, 0x6F,
    0x75, 0x72, 0x63, 0x65, 0x50, 0x61, 0x74, 0x68, 0x17, 0x06, 0x01, 0x8F, 0x0F, 0x0A, 0x73, 0x6F,
    0x75, 0x72, 0x63, 0x65, 0x50, 0x61, 0x74, 0x68, 0x17, 0x06, 0x01, 0x90, 0x0F, 0x0A, 0x73, 0x6F,
    0x75, 0x72, 0x63, 0x65, 0x50, 0x61, 0x74, 0x68, 0x17, 0x06, 0x01, 0x91, 0x0F, 0x0A, 0x73, 0x6F,
    0x75, 0x72, 0x63, 0x65, 0x50, 0x61, 0x74, 0x68, 0x17, 0x06, 0x00, 0x0A, 0x73, 0x6F, 0x75, 0x72,
    0x63, 0x65, 0x50, 0x61, 0x74, 0x68, 0x17, 0x06, 0x00, 0x0A, 0x73, 0x6F, 0x75, 0x72, 0x63, 0x65,
    0x50, 0x61, 0x74, 0x68, 0x17, 0x06, 0x00, 0x0A, 0x73, 0x6F, 0x75, 0x72, 0x63, 0x65, 0x50, 0x61,
    0x74, 0x68, 0x17, 0x06, 0x01, 0x92, 0x0F, 0x0A, 0x73, 0x6F, 0x75, 0x72, 0x63, 0x65, 0x50, 0x61,
    0x74, 0x68, 0x17, 0x06, 0x01, 0x93, 0x0F, 0x0A, 0x73, 0x6F, 0x75, 0x72, 0x63, 0x65, 0x50, 0x61,
    0x74, 0x68, 0x17, 0x06, 0x01, 0x94, 0x0F, 0x0A, 0x73, 0x6F, 0x75, 0x72, 0x63, 0x65, 0x50, 0x61,
    0x74, 0x68, 0x17, 0x06, 0x01, 0x95, 0x0F, 0x06, 0x73, 0x6F, 0x75, 0x72, 0x63, 0x65, 0x06, 0x01,
    0x06, 0x01, 0x96, 0x0F, 0x09, 0x73, 0x6F, 0x75, 0x72, 0x63, 0x65, 0x50, 0x6F, 0x73, 0x08, 0x16,
    0x01, 0x97, 0x0F, 0x06, 0x73, 0x6F, 0x75, 0x72, 0x63, 0x65, 0x24, 0x14, 0x6D, 0x69, 0x6E, 0x65,
    0x63, 0x72, 0x61, 0x66, 0x74, 0x3A, 0x61, 0x73, 0x6B, 0x5F, 0x73, 0x65, 0x72, 0x76, 0x65, 0x72,
    0x06, 0x01, 0x98, 0x0F, 0x06, 0x73, 0x6F, 0x75, 0x72, 0x63, 0x65, 0x06, 0x01, 0x06, 0x01, 0x99,
    0x0F, 0x09, 0x73, 0x6F, 0x75, 0x72, 0x63, 0x65, 0x50, 0x6F, 0x73, 0x08, 0x16, 0x01, 0x9A, 0x0F,
    0x06, 0x73, 0x6F, 0x75, 0x72, 0x63, 0x65, 0x24, 0x14, 0x6D, 0x69, 0x6E, 0x65, 0x63, 0x72, 0x61,
    0x66, 0x74, 0x3A, 0x61, 0x73, 0x6B, 0x5F, 0x73, 0x65, 0x72, 0x76, 0x65, 0x72, 0x06, 0x00, 0x0A,
    0x73, 0x6F, 0x75, 0x72, 0x63, 0x65, 0x50, 0x61, 0x74, 0x68, 0x17, 0x06, 0x00, 0x0A, 0x73, 0x6F,
    0x75, 0x72, 0x63, 0x65, 0x50, 0x61, 0x74, 0x68, 0x17, 0x06, 0x00, 0x0A, 0x73, 0x6F, 0x75, 0x72,
    0x63, 0x65, 0x50, 0x61, 0x74, 0x68, 0x17, 0x06, 0x01, 0x9B, 0x0F, 0x0A, 0x73, 0x6F, 0x75, 0x72,
    0x63, 0x65, 0x50, 0x61, 0x74, 0x68, 0x17, 0x06, 0x01, 0x9C, 0x0F, 0x0A, 0x73, 0x6F, 0x75, 0x72,
    0x63, 0x65, 0x50, 0x61, 0x74, 0x68, 0x17, 0x06, 0x01, 0x9D, 0x0F, 0x0A, 0x73, 0x6F, 0x75, 0x72,
    0x63, 0x65, 0x50, 0x61, 0x74, 0x68, 0x17, 0x06, 0x00, 0x0A, 0x73, 0x6F, 0x75, 0x72, 0x63, 0x65,
    0x50, 0x61, 0x74, 0x68, 0x17, 0x06, 0x00, 0x0A, 0x73, 0x6F, 0x75, 0x72, 0x63, 0x65, 0x50, 0x61,
    0x74, 0x68, 0x17, 0x06, 0x00, 0x0A, 0x73, 0x6F, 0x75, 0x72, 0x63, 0x65, 0x50, 0x61, 0x74, 0x68,
    0x17, 0x06, 0x01, 0x9E, 0x0F, 0x0A, 0x73, 0x6F, 0x75, 0x72, 0x63, 0x65, 0x50, 0x61, 0x74, 0x68,
    0x17, 0x06, 0x01, 0x9F, 0x0F, 0x0A, 0x73, 0x6F, 0x75, 0x72, 0x63, 0x65, 0x50, 0x61, 0x74, 0x68,
    0x17, 0x06, 0x01, 0xA0, 0x0F, 0x0A, 0x73, 0x6F, 0x75, 0x72, 0x63, 0x65, 0x50, 0x61, 0x74, 0x68,
    0x17, 0x06, 0x00, 0x0A, 0x73, 0x6F, 0x75, 0x72, 0x63, 0x65, 0x50, 0x61, 0x74, 0x68, 0x17, 0x06,
    0x00, 0x0A, 0x73, 0x6F, 0x75, 0x72, 0x63, 0x65, 0x50, 0x61, 0x74, 0x68, 0x17, 0x06, 0x00, 0x0A,
    0x73, 0x6F, 0x75, 0x72, 0x63, 0x65, 0x50, 0x61, 0x74, 0x68, 0x17, 0x06, 0x01, 0xA1, 0x0F, 0x0A,
    0x73, 0x6F, 0x75, 0x72, 0x63, 0x65, 0x50, 0x61, 0x74, 0x68, 0x17, 0x06, 0x01, 0xA2, 0x0F, 0x0A,
    0x73, 0x6F, 0x75, 0x72, 0x63, 0x65, 0x50, 0x61, 0x74, 0x68, 0x17, 0x06, 0x01, 0xA3, 0x0F, 0x0A,
    0x73, 0x6F, 0x75, 0x72, 0x63, 0x65, 0x50, 0x61, 0x74, 0x68, 0x17, 0x06, 0x00, 0x0A, 0x73, 0x6F,
    0x75, 0x72, 0x63, 0x65, 0x50, 0x61, 0x74, 0x68, 0x17, 0x06, 0x00, 0x0A, 0x73, 0x6F, 0x75, 0x72,
    0x63, 0x65, 0x50, 0x61, 0x74, 0x68, 0x17, 0x06, 0x00, 0x0A, 0x73, 0x6F, 0x75, 0x72, 0x63, 0x65,
    0x50, 0x61, 0x74, 0x68, 0x17, 0x06, 0x01, 0xA4, 0x0F, 0x0A, 0x73, 0x6F, 0x75, 0x72, 0x63, 0x65,
    0x50, 0x61, 0x74, 0x68, 0x17, 0x06, 0x01, 0xA5, 0x0F, 0x0A, 0x73, 0x6F, 0x75, 0x72, 0x63, 0x65,
    0x50, 0x61, 0x74, 0x68, 0x17, 0x06, 0x01, 0xA6, 0x0F, 0x0A, 0x73, 0x6F, 0x75, 0x72, 0x63, 0x65,
    0x50, 0x61, 0x74, 0x68, 0x17, 0x06, 0x00, 0x08, 0x6D, 0x6F, 0x64, 0x69, 0x66, 0x69, 0x65, 0x72,
    0x36, 0x06, 0x00, 0x08, 0x6D, 0x6F, 0x64, 0x69, 0x66, 0x69, 0x65, 0x72, 0x36, 0x06, 0x00, 0x08,
    0x6D, 0x6F, 0x64, 0x69, 0x66, 0x69, 0x65, 0x72, 0x36, 0x06, 0x00, 0x08, 0x6D, 0x6F, 0x64, 0x69,
    0x66, 0x69, 0x65, 0x72, 0x36, 0x06, 0x00, 0x04, 0x74, 0x6F, 0x6F, 0x6C, 0x0E, 0x05, 0x00, 0x08,
    0x6D, 0x61, 0x69, 0x6E, 0x68, 0x61, 0x6E, 0x64, 0x05, 0x00, 0x07, 0x6F, 0x66, 0x66, 0x68, 0x61,
    0x6E, 0x64, 0x06, 0x00, 0x04, 0x74, 0x6F, 0x6F, 0x6C, 0x0E, 0x05, 0x00, 0x08, 0x6D, 0x61, 0x69,
    0x6E, 0x68, 0x61, 0x6E, 0x64, 0x05, 0x00, 0x07, 0x6F, 0x66, 0x66, 0x68, 0x61, 0x6E, 0x64, 0x05,
    0x00, 0x05, 0x66, 0x6F, 0x72, 0x63, 0x65, 0x05, 0x00, 0x04, 0x6D, 0x6F, 0x76, 0x65, 0x05, 0x00,
    0x06, 0x6E, 0x6F, 0x72, 0x6D, 0x61, 0x6C, 0x05, 0x00, 0x05, 0x66, 0x6F, 0x72, 0x63, 0x65, 0x05,
    0x00, 0x04, 0x6D, 0x6F, 0x76, 0x65, 0x05, 0x00, 0x06, 0x6E, 0x6F, 0x72, 0x6D, 0x61, 0x6C, 0x05,
    0x00, 0x05, 0x66, 0x6F, 0x72, 0x63, 0x65, 0x05, 0x00, 0x04, 0x6D, 0x6F, 0x76, 0x65, 0x05, 0x00,
    0x06, 0x6E, 0x6F, 0x72, 0x6D, 0x61, 0x6C, 0x06, 0x03, 0xA7, 0x0F, 0xA8, 0x0F, 0xA9, 0x0F, 0x06,
    0x66, 0x69, 0x6C, 0x74, 0x65, 0x72, 0x0D, 0x06, 0x00, 0x0A, 0x73, 0x6F, 0x75, 0x72, 0x63, 0x65,
    0x50, 0x61, 0x74, 0x68, 0x17, 0x06, 0x00, 0x0A, 0x73, 0x6F, 0x75, 0x72, 0x63, 0x65, 0x50, 0x61,
    0x74, 0x68, 0x17, 0x06, 0x00, 0x0A, 0x73, 0x6F, 0x75, 0x72, 0x63, 0x65, 0x50, 0x61, 0x74, 0x68,
    0x17, 0x06, 0x01, 0xAA, 0x0F, 0x0A, 0x73, 0x6F, 0x75, 0x72, 0x63, 0x65, 0x50, 0x61, 0x74, 0x68,
    0x17, 0x06, 0x01, 0xAB, 0x0F, 0x0A, 0x73, 0x6F, 0x75, 0x72, 0x63, 0x65, 0x50, 0x61, 0x74, 0x68,
    0x17, 0x06, 0x01, 0xAC, 0x0F, 0x0A, 0x73, 0x6F, 0x75, 0x72, 0x63, 0x65, 0x50, 0x61, 0x74, 0x68,
    0x17, 0x06, 0x01, 0xAD, 0x0F, 0x05, 0x73, 0x74, 0x61, 0x72, 0x74, 0x03, 0x00, 0x06, 0x01, 0xAE,
    0x0F, 0x05, 0x73, 0x74, 0x61, 0x72, 0x74, 0x03, 0x00, 0x06, 0x01, 0xAF, 0x0F, 0x05, 0x73, 0x74,
    0x61, 0x72, 0x74, 0x03, 0x00, 0x06, 0x01, 0xB0, 0x0F, 0x05, 0x73, 0x74, 0x61, 0x72, 0x74, 0x03,
    0x00, 0x06, 0x01, 0xB1, 0x0F, 0x05, 0x73, 0x74, 0x61, 0x72, 0x74, 0x03, 0x00, 0x06, 0x01, 0xB2,
    0x0F, 0x05, 0x73, 0x74, 0x61, 0x72, 0x74, 0x03, 0x00, 0x06, 0x01, 0xB3, 0x0F, 0x05, 0x73, 0x74,
    0x61, 0x72, 0x74, 0x03, 0x00, 0x06, 0x01, 0xB4, 0x0F, 0x05, 0x73, 0x74, 0x61, 0x72, 0x74, 0x03,
    0x00, 0x06, 0x01, 0xB5, 0x0F, 0x05, 0x73, 0x74, 0x61, 0x72, 0x74, 0x03, 0x00, 0x06, 0x01, 0xB6,
    0x0F, 0x05, 0x73, 0x74, 0x61, 0x72, 0x74, 0x03, 0x00, 0x06, 0x01, 0xB7, 0x0F, 0x05, 0x73, 0x74,
    0x61, 0x72, 0x74, 0x03, 0x00, 0x06, 0x01, 0xB8, 0x0F, 0x05, 0x73, 0x74, 0x61, 0x72, 0x74, 0x03,
    0x00, 0x06, 0x00, 0x0A, 0x73, 0x6F, 0x75, 0x72, 0x63, 0x65, 0x50, 0x61, 0x74, 0x68, 0x17, 0x06,
    0x00, 0x0A, 0x73, 0x6F, 0x75, 0x72, 0x63, 0x65, 0x50, 0x61, 0x74, 0x68, 0x17, 0x06, 0x00, 0x0A,
    0x73, 0x6F, 0x75, 0x72, 0x63, 0x65, 0x50, 0x61, 0x74, 0x68, 0x17, 0x06, 0x01, 0xB9, 0x0F, 0x0A,
    0x73, 0x6F, 0x75, 0x72, 0x63, 0x65, 0x50, 0x61, 0x74, 0x68, 0x17, 0x06, 0x01, 0xBA, 0x0F, 0x0A,
    0x73, 0x6F, 0x75, 0x72, 0x63, 0x65, 0x50, 0x61, 0x74, 0x68, 0x17, 0x06, 0x01, 0xBB, 0x0F, 0x0A,
    0x73, 0x6F, 0x75, 0x72, 0x63, 0x65, 0x50, 0x61, 0x74, 0x68, 0x17, 0x06, 0x01, 0xBC, 0x0F, 0x05,
    0x73, 0x74, 0x61, 0x72, 0x74, 0x03, 0x00, 0x06, 0x01, 0xBD, 0x0F, 0x05, 0x73, 0x74, 0x61, 0x72,
    0x74, 0x03, 0x00, 0x06, 0x01, 0xBE, 0x0F, 0x05, 0x73, 0x74, 0x61, 0x72, 0x74, 0x03, 0x00, 0x06,
    0x01, 0xBF, 0x0F, 0x05, 0x73, 0x74, 0x61, 0x72, 0x74, 0x03, 0x00, 0x06, 0x01, 0xC0, 0x0F, 0x05,
    0x73, 0x74, 0x61, 0x72, 0x74, 0x03, 0x00, 0x06, 0x01, 0xC1, 0x0F, 0x05, 0x73, 0x74, 0x61, 0x72,
    0x74, 0x03, 0x00, 0x06, 0x01, 0xC2, 0x0F, 0x05, 0x73, 0x74, 0x61, 0x72, 0x74, 0x03, 0x00, 0x06,
    0x01, 0xC3, 0x0F, 0x05, 0x73, 0x74, 0x61, 0x72, 0x74, 0x03, 0x00, 0x06, 0x01, 0xC4, 0x0F, 0x05,
    0x73, 0x74, 0x61, 0x72, 0x74, 0x03, 0x00, 0x06, 0x01, 0xC5, 0x0F, 0x05, 0x73, 0x74, 0x61, 0x72,
    0x74, 0x03, 0x00, 0x06, 0x01, 0xC6, 0x0F, 0x05, 0x73, 0x74, 0x61, 0x72, 0x74, 0x03, 0x00, 0x06,
    0x01, 0xC7, 0x0F, 0x05, 0x73, 0x74, 0x61, 0x72, 0x74, 0x03, 0x00, 0x06, 0x00, 0x0A, 0x73, 0x6F,
    0x75, 0x72, 0x63, 0x65, 0x50, 0x61, 0x74, 0x68, 0x17, 0x06, 0x00, 0x0A, 0x73, 0x6F, 0x75, 0x72,
    0x63, 0x65, 0x50, 0x61, 0x74, 0x68, 0x17, 0x06, 0x00, 0x0A, 0x73, 0x6F, 0x75, 0x72, 0x63, 0x65,
    0x50, 0x61, 0x74, 0x68, 0x17, 0x06, 0x01, 0xC8, 0x0F, 0x0A, 0x73, 0x6F, 0x75, 0x72, 0x63, 0x65,
    0x50, 0x61, 0x74, 0x68, 0x17, 0x06, 0x01, 0xC9, 0x0F, 0x0A, 0x73, 0x6F, 0x75, 0x72, 0x63, 0x65,
    0x50, 0x61, 0x74, 0x68, 0x17, 0x06, 0x01, 0xCA, 0x0F, 0x0A, 0x73, 0x6F, 0x75, 0x72, 0x63, 0x65,
    0x50, 0x61, 0x74, 0x68, 0x17, 0x06, 0x01, 0xCB, 0x0F, 0x05, 0x73, 0x74, 0x61, 0x72, 0x74, 0x03,
    0x00, 0x06, 0x01, 0xCC, 0x0F, 0x05, 0x73, 0x74, 0x61, 0x72, 0x74, 0x03, 0x00, 0x06, 0x01, 0xCD,
    0x0F, 0x05, 0x73, 0x74, 0x61, 0x72, 0x74, 0x03, 0x00, 0x06, 0x01, 0xCE, 0x0F, 0x05, 0x73, 0x74,
    0x61, 0x72, 0x74, 0x03, 0x00, 0x06, 0x01, 0xCF, 0x0F, 0x05, 0x73, 0x74, 0x61, 0x72, 0x74, 0x03,
    0x00, 0x06, 0x01, 0xD0, 0x0F, 0x05, 0x73, 0x74, 0x61, 0x72, 0x74, 0x03, 0x00, 0x06, 0x01, 0xD1,
    0x0F, 0x05, 0x73, 0x74, 0x61, 0x72, 0x74, 0x03, 0x00, 0x06, 0x01, 0xD2, 0x0F, 0x05, 0x73, 0x74,
    0x61, 0x72, 0x74, 0x03, 0x00, 0x06, 0x01, 0xD3, 0x0F, 0x05, 0x73, 0x74, 0x61, 0x72, 0x74, 0x03,
    0x00, 0x06, 0x01, 0xD4, 0x0F, 0x05, 0x73, 0x74, 0x61, 0x72, 0x74, 0x03, 0x00, 0x06, 0x01, 0xD5,
    0x0F, 0x05, 0x73, 0x74, 0x61, 0x72, 0x74, 0x03, 0x00, 0x06, 0x01, 0xD6, 0x0F, 0x05, 0x73, 0x74,
    0x61, 0x72, 0x74, 0x03, 0x00, 0x05, 0x00, 0x05, 0x66, 0x6F, 0x72, 0x63, 0x65, 0x05, 0x00, 0x04,
    0x6D, 0x6F, 0x76, 0x65, 0x05, 0x00, 0x06, 0x6E, 0x6F, 0x72, 0x6D, 0x61, 0x6C, 0x06, 0x01, 0xD7,
    0x0F, 0x05, 0x73, 0x74, 0x61, 0x72, 0x74, 0x03, 0x00, 0x06, 0x01, 0xD8, 0x0F, 0x05, 0x73, 0x74,
    0x61, 0x72, 0x74, 0x03, 0x00, 0x06, 0x01, 0xD9, 0x0F, 0x05, 0x73, 0x74, 0x61, 0x72, 0x74, 0x03,
    0x00, 0x06, 0x00, 0x03, 0x65, 0x6E, 0x64, 0x03, 0x00, 0x06, 0x00, 0x03, 0x65, 0x6E, 0x64, 0x03,
    0x00, 0x06, 0x00, 0x03, 0x65, 0x6E, 0x64, 0x03, 0x00, 0x06, 0x00, 0x03, 0x65, 0x6E, 0x64, 0x03,
    0x00, 0x06, 0x00, 0x03, 0x65, 0x6E, 0x64, 0x03, 0x00, 0x06, 0x00, 0x03, 0x65, 0x6E, 0x64, 0x03,
    0x00, 0x06, 0x00, 0x03, 0x65, 0x6E, 0x64, 0x03, 0x00, 0x06, 0x00, 0x03, 0x65, 0x6E, 0x64, 0x03,
    0x00, 0x06, 0x00, 0x03, 0x65, 0x6E, 0x64, 0x03, 0x00, 0x06, 0x00, 0x03, 0x65, 0x6E, 0x64, 0x03,
    0x00, 0x06, 0x00, 0x03, 0x65, 0x6E, 0x64, 0x03, 0x00, 0x06, 0x00, 0x03, 0x65, 0x6E, 0x64, 0x03,
    0x00, 0x06, 0x01, 0xDA, 0x0F, 0x05, 0x73, 0x74, 0x61, 0x72, 0x74, 0x03, 0x00, 0x06, 0x01, 0xDB,
    0x0F, 0x05, 0x73, 0x74, 0x61, 0x72, 0x74, 0x03, 0x00, 0x06, 0x01, 0xDC, 0x0F, 0x05, 0x73, 0x74,
    0x61, 0x72, 0x74, 0x03, 0x00, 0x06, 0x00, 0x03, 0x65, 0x6E, 0x64, 0x03, 0x00, 0x06, 0x00, 0x03,
    0x65, 0x6E, 0x64, 0x03, 0x00, 0x06, 0x00, 0x03, 0x65, 0x6E, 0x64, 0x03, 0x00, 0x06, 0x00, 0x03,
    0x65, 0x6E, 0x64, 0x03, 0x00, 0x06, 0x00, 0x03, 0x65, 0x6E, 0x64, 0x03, 0x00, 0x06, 0x00, 0x03,
    0x65, 0x6E, 0x64, 0x03, 0x00, 0x06, 0x00, 0x03, 0x65, 0x6E, 0x64, 0x03, 0x00, 0x06, 0x00, 0x03,
    0x65, 0x6E, 0x64, 0x03, 0x00, 0x06, 0x00, 0x03, 0x65, 0x6E, 0x64, 0x03, 0x00, 0x06, 0x00, 0x03,
    0x65, 0x6E, 0x64, 0x03, 0x00, 0x06, 0x00, 0x03, 0x65, 0x6E, 0x64, 0x03, 0x00, 0x06, 0x00, 0x03,
    0x65, 0x6E, 0x64, 0x03, 0x00, 0x06, 0x01, 0xDD, 0x0F, 0x05, 0x73, 0x74, 0x61, 0x72, 0x74, 0x03,
    0x00, 0x06, 0x01, 0xDE, 0x0F, 0x05, 0x73, 0x74, 0x61, 0x72, 0x74, 0x03, 0x00, 0x06, 0x01, 0xDF,
    0x0F, 0x05, 0x73, 0x74, 0x61, 0x72, 0x74, 0x03, 0x00, 0x06, 0x00, 0x03, 0x65, 0x6E, 0x64, 0x03,
    0x00, 0x06, 0x00, 0x03, 0x65, 0x6E, 0x64, 0x03, 0x00, 0x06, 0x00, 0x03, 0x65, 0x6E, 0x64, 0x03,
    0x00, 0x06, 0x00, 0x03, 0x65, 0x6E, 0x64, 0x03, 0x00, 0x06, 0x00, 0x03, 0x65, 0x6E, 0x64, 0x03,
    0x00, 0x06, 0x00, 0x03, 0x65, 0x6E, 0x64, 0x03, 0x00, 0x06, 0x00, 0x03, 0x65, 0x6E, 0x64, 0x03,
    0x00, 0x06, 0x00, 0x03, 0x65, 0x6E, 0x64, 0x03, 0x00, 0x06, 0x00, 0x03, 0x65, 0x6E, 0x64, 0x03,
    0x00, 0x06, 0x00, 0x03, 0x65, 0x6E, 0x64, 0x03, 0x00, 0x06, 0x00, 0x03, 0x65, 0x6E, 0x64, 0x03,
    0x00, 0x06, 0x00, 0x03, 0x65, 0x6E, 0x64, 0x03, 0x00, 0x06, 0x00, 0x03, 0x65, 0x6E, 0x64, 0x03,
    0x00, 0x06, 0x00, 0x03, 0x65, 0x6E, 0x64, 0x03, 0x00, 0x06, 0x00, 0x03, 0x65, 0x6E, 0x64, 0x03,
    0x00, 0x06, 0x00, 0x03, 0x65, 0x6E, 0x64, 0x03, 0x00, 0x06, 0x00, 0x03, 0x65, 0x6E, 0x64, 0x03,
    0x00, 0x06, 0x00, 0x03, 0x65, 0x6E, 0x64, 0x03, 0x00, 0x06, 0x00, 0x03, 0x65, 0x6E, 0x64, 0x03,
    0x00, 0x06, 0x00, 0x03, 0x65, 0x6E, 0x64, 0x03, 0x00, 0x06, 0x00, 0x03, 0x65, 0x6E, 0x64, 0x03,
    0x00, 0x00
};

alignas(4) inline constexpr uint8_t play_packet_007[10] = {
    0x09, 0x4C, 0x00, 0x00, 0x00, 0x00, 0x00, 0x00, 0x00, 0x00
};

alignas(4) inline constexpr uint8_t play_packet_008[169] = {
    0xA7, 0x01, 0x4A, 0x01, 0xA5, 0x02, 0x01, 0x02, 0x02, 0x04, 0x06, 0x10, 0x6D, 0x69, 0x6E, 0x65,
    0x63, 0x72, 0x61, 0x66, 0x74, 0x3A, 0x70, 0x6C, 0x61, 0x6E, 0x6B, 0x73, 0x06, 0x10, 0x6D, 0x69,
    0x6E, 0x65, 0x63, 0x72, 0x61, 0x66, 0x74, 0x3A, 0x70, 0x6C, 0x61, 0x6E, 0x6B, 0x73, 0x06, 0x10,
    0x6D, 0x69, 0x6E, 0x65, 0x63, 0x72, 0x61, 0x66, 0x74, 0x3A, 0x70, 0x6C, 0x61, 0x6E, 0x6B, 0x73,
    0x06, 0x10, 0x6D, 0x69, 0x6E, 0x65, 0x63, 0x72, 0x61, 0x66, 0x74, 0x3A, 0x70, 0x6C, 0x61, 0x6E,
    0x6B, 0x73, 0x05, 0xCD, 0x02, 0x01, 0x00, 0x00, 0x04, 0xCD, 0x02, 0x00, 0x03, 0x01, 0x04, 0x00,
    0x10, 0x6D, 0x69, 0x6E, 0x65, 0x63, 0x72, 0x61, 0x66, 0x74, 0x3A, 0x70, 0x6C, 0x61, 0x6E, 0x6B,
    0x73, 0x00, 0x10, 0x6D, 0x69, 0x6E, 0x65, 0x63, 0x72, 0x61, 0x66, 0x74, 0x3A, 0x70, 0x6C, 0x61,
    0x6E, 0x6B, 0x73, 0x00, 0x10, 0x6D, 0x69, 0x6E, 0x65, 0x63, 0x72, 0x61, 0x66, 0x74, 0x3A, 0x70,
    0x6C, 0x61, 0x6E, 0x6B, 0x73, 0x00, 0x10, 0x6D, 0x69, 0x6E, 0x65, 0x63, 0x72, 0x61, 0x66, 0x74,
    0x3A, 0x70, 0x6C, 0x61, 0x6E, 0x6B, 0x73, 0x02, 0x01
};

alignas(4) inline constexpr uint8_t play_packet_009[63] = {
    0x3E, 0x48, 0x01, 0xC0, 0x0C, 0x00, 0x00, 0x00, 0x00, 0x00, 0x00, 0x40, 0x5F, 0x00, 0x00, 0x00,
    0x00, 0x00, 0x00, 0x40, 0x23, 0x00, 0x00, 0x00, 0x00, 0x00, 0x00, 0x00, 0x00, 0x00, 0x00, 0x00,
    0x00, 0x00, 0x00, 0x00, 0x00, 0x00, 0x00, 0x00, 0x00, 0x00, 0x00, 0x00, 0x00, 0x00, 0x00, 0x00,
    0x00, 0x00, 0x00, 0x00, 0x00, 0x00, 0x00, 0x00, 0x00, 0x00, 0x00, 0x00, 0x00, 0x00, 0x00
};

alignas(4) inline constexpr uint8_t play_packet_010[24] = {
    0x17, 0x56, 0x08, 0x00, 0x12, 0x41, 0x20, 0x4D, 0x69, 0x6E, 0x65, 0x63, 0x72, 0x61, 0x66, 0x74,
    0x20, 0x53, 0x65, 0x72, 0x76, 0x65, 0x72, 0x00
};

alignas(4) inline constexpr uint8_t play_packet_011[4] = {
    0x03, 0x46, 0xFF, 0x00
};

alignas(4) inline constexpr uint8_t play_packet_012[34] = {
    0x21, 0x46, 0xFF, 0x01, 0x56, 0x27, 0xDD, 0x98, 0xE6, 0xBE, 0x3C, 0x21, 0xB8, 0xA8, 0xE9, 0x23,
    0x44, 0x18, 0x36, 0x41, 0x05, 0x53, 0x74, 0x65, 0x76, 0x65, 0x00, 0x00, 0x00, 0x01, 0x00, 0x00,
    0x00, 0x00
};

alignas(4) inline constexpr uint8_t play_packet_013[42] = {
    0x29, 0x2B, 0x00, 0x00, 0x00, 0x00, 0x00, 0x00, 0x00, 0x00, 0x00, 0x00, 0x00, 0x00, 0x00, 0x00,
    0x00, 0x00, 0x41, 0x8C, 0x9C, 0x37, 0x00, 0x00, 0x00, 0x00, 0x41, 0x8C, 0x9C, 0x37, 0x00, 0x00,
    0x00, 0x00, 0x00, 0xF0, 0x86, 0xA7, 0x0E, 0x05, 0xAC, 0x02
};

alignas(4) inline constexpr uint8_t play_packet_014[33] = {
    0x20, 0x71, 0x00, 0x00, 0x00, 0x00, 0x00, 0x00, 0x10, 0x4A, 0x02, 0x00, 0xCA, 0x20, 0x00, 0x00,
    0x00, 0x00, 0x3F, 0x80, 0x00, 0x00, 0x01, 0xCA, 0x20, 0x00, 0x00, 0x00, 0x00, 0x3F, 0x80, 0x00,
    0x00
};

alignas(4) inline constexpr uint8_t play_packet_015[38] = {
    0x25, 0x61, 0x13, 0x6D, 0x69, 0x6E, 0x65, 0x63, 0x72, 0x61, 0x66, 0x74, 0x3A, 0x6F, 0x76, 0x65,
    0x72, 0x77, 0x6F, 0x72, 0x6C, 0x64, 0x00, 0x00, 0x00, 0x00, 0x00, 0x00, 0x00, 0x7C, 0x00, 0x00,
    0x00, 0x00, 0x00, 0x00, 0x00, 0x00
};

alignas(4) inline constexpr uint8_t play_packet_016[7] = {
    0x06, 0x26, 0x0D, 0x00, 0x00, 0x00, 0x00
};

alignas(4) inline constexpr uint8_t play_packet_017[7] = {
    0x06, 0x7F, 0x41, 0xA0, 0x00, 0x00, 0x00
};

alignas(4) inline constexpr uint8_t play_packet_018[4] = {
    0x03, 0x80, 0x01, 0x00
};

alignas(4) inline constexpr uint8_t play_packet_019[8] = {
    0x07, 0x5E, 0xFF, 0xFF, 0xFF, 0xFF, 0x0F, 0x00
};

alignas(4) inline constexpr uint8_t play_packet_020[52] = {
    0x33, 0x12, 0x00, 0x01, 0x2E, 0x00, 0x00, 0x00, 0x00, 0x00, 0x00, 0x00, 0x00, 0x00, 0x00, 0x00,
    0x00, 0x00, 0x00, 0x00, 0x00, 0x00, 0x00, 0x00, 0x00, 0x00, 0x00, 0x00, 0x00, 0x00, 0x00, 0x00,
    0x00, 0x00, 0x00, 0x00, 0x00, 0x00, 0x00, 0x00, 0x00, 0x00, 0x00, 0x00, 0x00, 0x00, 0x00, 0x00,
    0x00, 0x00, 0x00, 0x00
};

alignas(4) inline constexpr uint8_t play_packet_021[11] = {
    0x0A, 0x71, 0x00, 0x00, 0x00, 0x00, 0x00, 0x00, 0x10, 0x4A, 0x00
};

alignas(4) inline constexpr uint8_t play_packet_022[10] = {
    0x09, 0x63, 0x4F, 0x09, 0x03, 0x41, 0xA0, 0x00, 0x00, 0xFF
};

alignas(4) inline constexpr uint8_t play_packet_023[35] = {
    0x22, 0x83, 0x01, 0x4F, 0x03, 0x16, 0x3F, 0xB9, 0x99, 0x99, 0xA0, 0x00, 0x00, 0x00, 0x00, 0x0A,
    0x40, 0x08, 0x00, 0x00, 0x00, 0x00, 0x00, 0x00, 0x00, 0x06, 0x40, 0x12, 0x00, 0x00, 0x00, 0x00,
    0x00, 0x00, 0x00
};

alignas(4) inline constexpr uint8_t play_packet_024[279] = {
    0x95, 0x02, 0x82, 0x01, 0x01, 0x02, 0x2C, 0x6D, 0x69, 0x6E, 0x65, 0x63, 0x72, 0x61, 0x66, 0x74,
    0x3A, 0x72, 0x65, 0x63, 0x69, 0x70, 0x65, 0x73, 0x2F, 0x64, 0x65, 0x63, 0x6F, 0x72, 0x61, 0x74,
    0x69, 0x6F, 0x6E, 0x73, 0x2F, 0x63, 0x72, 0x61, 0x66, 0x74, 0x69, 0x6E, 0x67, 0x5F, 0x74, 0x61,
    0x62, 0x6C, 0x65, 0x01, 0x16, 0x6D, 0x69, 0x6E, 0x65, 0x63, 0x72, 0x61, 0x66, 0x74, 0x3A, 0x72,
    0x65, 0x63, 0x69, 0x70, 0x65, 0x73, 0x2F, 0x72, 0x6F, 0x6F, 0x74, 0x00, 0x01, 0x02, 0x0E, 0x68,
    0x61, 0x73, 0x5F, 0x74, 0x68, 0x65, 0x5F, 0x72, 0x65, 0x63, 0x69, 0x70, 0x65, 0x11, 0x75, 0x6E,
    0x6C, 0x6F, 0x63, 0x6B, 0x5F, 0x72, 0x69, 0x67, 0x68, 0x74, 0x5F, 0x61, 0x77, 0x61, 0x79, 0x00,
    0x16, 0x6D, 0x69, 0x6E, 0x65, 0x63, 0x72, 0x61, 0x66, 0x74, 0x3A, 0x72, 0x65, 0x63, 0x69, 0x70,
    0x65, 0x73, 0x2F, 0x72, 0x6F, 0x6F, 0x74, 0x00, 0x00, 0x01, 0x01, 0x0A, 0x69, 0x6D, 0x70, 0x6F,
    0x73, 0x73, 0x69, 0x62, 0x6C, 0x65, 0x00, 0x00, 0x02, 0x16, 0x6D, 0x69, 0x6E, 0x65, 0x63, 0x72,
    0x61, 0x66, 0x74, 0x3A, 0x72, 0x65, 0x63, 0x69, 0x70, 0x65, 0x73, 0x2F, 0x72, 0x6F, 0x6F, 0x74,
    0x01, 0x0A, 0x69, 0x6D, 0x70, 0x6F, 0x73, 0x73, 0x69, 0x62, 0x6C, 0x65, 0x00, 0x2C, 0x6D, 0x69,
    0x6E, 0x65, 0x63, 0x72, 0x61, 0x66, 0x74, 0x3A, 0x72, 0x65, 0x63, 0x69, 0x70, 0x65, 0x73, 0x2F,
    0x64, 0x65, 0x63, 0x6F, 0x72, 0x61, 0x74, 0x69, 0x6F, 0x6E, 0x73, 0x2F, 0x63, 0x72, 0x61, 0x66,
    0x74, 0x69, 0x6E, 0x67, 0x5F, 0x74, 0x61, 0x62, 0x6C, 0x65, 0x02, 0x0E, 0x68, 0x61, 0x73, 0x5F,
    0x74, 0x68, 0x65, 0x5F, 0x72, 0x65, 0x63, 0x69, 0x70, 0x65, 0x00, 0x11, 0x75, 0x6E, 0x6C, 0x6F,
    0x63, 0x6B, 0x5F, 0x72, 0x69, 0x67, 0x68, 0x74, 0x5F, 0x61, 0x77, 0x61, 0x79, 0x01, 0x00, 0x00,
    0x01, 0x9E, 0xDF, 0xBC, 0xAD, 0xE8, 0x01
};

alignas(4) inline constexpr uint8_t play_packet_025[11] = {
    0x0A, 0x68, 0x41, 0xA0, 0x00, 0x00, 0x14, 0x40, 0xA0, 0x00, 0x00
};

alignas(4) inline constexpr uint8_t play_packet_026[8] = {
    0x07, 0x67, 0x00, 0x00, 0x00, 0x00, 0x00, 0x00
};

alignas(4) inline constexpr uint8_t play_packet_027[2] = {
    0x01, 0x0C
};

alignas(4) inline constexpr uint8_t play_packet_037[3] = {
    0x02, 0x0B, 0x19
};

inline constexpr size_t NUM_PLAY_PACKETS = 54;

inline constexpr PacketBlob PLAY_PACKETS[NUM_PLAY_PACKETS] = {
    { play_packet_000, 111 },
    { play_packet_001, 4 },
    { play_packet_002, 11 },
    { play_packet_003, 3 },
    { play_packet_004, 2988 },
    { play_packet_005, 7 },
    { play_packet_006, 30242 },
    { play_packet_007, 10 },
    { play_packet_008, 169 },
    { play_packet_009, 63 },
    { play_packet_010, 24 },
    { play_packet_011, 4 },
    { play_packet_012, 34 },
    { play_packet_013, 42 },
    { play_packet_014, 33 },
    { play_packet_015, 38 },
    { play_packet_016, 7 },
    { play_packet_017, 7 },
    { play_packet_018, 4 },
    { play_packet_019, 8 },
    { play_packet_020, 52 },
    { play_packet_021, 11 },
    { play_packet_022, 10 },
    { play_packet_023, 35 },
    { play_packet_024, 279 },
    { play_packet_025, 11 },
    { play_packet_026, 8 },
    { play_packet_027, 2 },
    LOBBY_CHUNKS[0],
    LOBBY_CHUNKS[1],
    LOBBY_CHUNKS[2],
    LOBBY_CHUNKS[3],
    LOBBY_CHUNKS[4],
    LOBBY_CHUNKS[5],
    LOBBY_CHUNKS[6],
    LOBBY_CHUNKS[7],
    LOBBY_CHUNKS[8],
    LOBBY_CHUNKS[9],
    LOBBY_CHUNKS[10],
    LOBBY_CHUNKS[11],
    LOBBY_CHUNKS[12],
    LOBBY_CHUNKS[13],
    LOBBY_CHUNKS[14],
    LOBBY_CHUNKS[15],
    LOBBY_CHUNKS[16],
    LOBBY_CHUNKS[17],
    LOBBY_CHUNKS[18],
    LOBBY_CHUNKS[19],
    LOBBY_CHUNKS[20],
    LOBBY_CHUNKS[21],
    LOBBY_CHUNKS[22],
    LOBBY_CHUNKS[23],
    LOBBY_CHUNKS[24],
    { play_packet_037, 3 },
};

} // namespace waiting_server
